reason,dataset_id,dataset_name,platform,species,tissue,data_access_link,original_publication,original_publication_link
access link 404s,starmap_starmap,STARmap,STARmap,mouse,visual cortex,https://www.starmapresources.com/data,,
access link 404s,human_gastric_ca2025_he_only,human gastric cancer signet-ring cells H&E image,H&E only,Human,Gastric cancer,https://upenn.box.com/s/nazcbustyepbf7dsv0ih8enxw3wr04x6,Designing smart spatial omics experiments with S2Omics,https://doi.org/10.1101/2025.09.21.677634
access link 404s,human_kidney_cos2025_cosmx,human kidney CosMx data,CosMx,Human,Kidney (T2D and normal),https://upenn.box.com/s/5zjynedjrachn1p8c4y1us1vonhgqm3d,Designing smart spatial omics experiments with S2Omics,https://doi.org/10.1101/2025.09.21.677634
access link blocked to automated checks (needs a browser),10x_visium_mouse2022_visium,10X Visium mouse brain data,Visium,mouse,brain- anterior,https://support.10xgenomics.com/spatial-gene-expression/datasets,Nonnegative spatial factorization applied to spatial genomics,https://doi.org/10.1038/s41592-022-01687-w
access link blocked to automated checks (needs a browser),10x_visium_mouse_visium,10X Visium mouse brain serial section 1 (sagittal-anterior),10x Visium,Mouse,Anterior brain (sagittal),https://support.10xgenomics.com/spatial-gene-expression/datasets/1.1.0/V1_Breast_Cancer_Block_A_Section_1,,
access link blocked to automated checks (needs a browser),10x_genomics_vis2023_visium,"10x Genomics Visium Spatial Gene Expression demonstration datasets (10 tissues: mouse brain, human brain, mouse kidney, human breast cancer, human heart, human lymph node)",10x Genomics Visium,Homo sapiens and Mus musculus,"Multiple tissues (mouse brain, human brain, mouse kidney, human breast cancer, human heart, human lymph node)",https://support.10xgenomics.com/spatial-gene-expression/datasets/,GNTD: reconstructing spatial transcriptomes with graph-guided neural tensor decomposition informed by spatial and functional relations,https://doi.org/10.1038/s41467-023-44017-0
access link blocked to automated checks (needs a browser),song2022_visium,10x-hBC,Visium,Human,Breast cancer tissues,https://support.10xgenomics.com/spatial-gene-expression/datasets/1.1.0/V1_Breast_Cancer_Block_A_Section_1,"Song et al., Detecting spatially co-expressed gene clusters with functional coherence by graph-regularized convolutional neural network, Bioinformatics (2022)",https://doi.org/10.1093/bioinformatics/btab812
access link blocked to automated checks (needs a browser),her2_er_and_pr_b_visium,"HER2+, ER+ and PR- breast cancer",10x Visium,Human,Invasive ductal carcinoma,https://support.10xgenomics.com/spatial-gene-expression/datasets/,,
access link blocked to automated checks (needs a browser),xu2024_visium,Human Breast Cancer (HBC-10x) dataset,10× Visium,Human,Breast,https://support.10xgenomics.com/spatial-gene-expression/datasets/1.1.0/V1_Breast_Cancer_Block_A_Section_1,"Xu et al., Unsupervised spatially embedded deep representation of spatial transcriptomics, Genome Med (2024)",https://doi.org/10.1101/2021.06.15.448542
access link blocked to automated checks (needs a browser),ji2020_xenium,Human Breast Cancer (HBC-Xenium) dataset,10x Xenium,human,breast cancer,https://www.10xgenomics.com/products/xenium in-situ/preview-dataset-human-breast/,"Ji et al., Multimodal analysis of composition and spatial architecture in human squamous cell carcinoma, Cell (2020)",https://doi.org/10.1016/j.cell.2020.08.043
access link blocked to automated checks (needs a browser),hallal2024_visium,Human Glioblastoma,10x Visium,human,glioblastoma,https://support.10xgenomics.com/spatial-gene-expression/datasets,"Hallal et al., Glioblastoma biomarkers in urinary extracellular vesicles reveal the potential for a ‘liquid gold’ biopsy, Br J Cancer (2024)",https://doi.org/10.1038/s41416-023-02548-9
access link blocked to automated checks (needs a browser),human_breast_can_visium,Human breast cancer dataset (IDC),10x Visium,Human,Breast cancer (invasive ductal carcinoma),https://support.10xgenomics.com/spatial-gene-expression/datasets,,
access link blocked to automated checks (needs a browser),human_breast_can2025_visium,"Human breast cancer dataset (invasive ductal carcinoma, IDC)",10X Visium,Human,breast cancer,https://support.10xgenomics.com/spatial-gene-expression/datasets,"Denoising spatially resolved transcriptomics with consistency of heterogeneous spatial coordinates, transcription, and morphology",https://doi.org/10.1093/bib/bbaf528
access link blocked to automated checks (needs a browser),wu2023_stereo,LC5-M human liver cancer Stereo-seq dataset,Stereo-seq,human,liver cancer,https://db.cngb.org/search/project/CNP0002199/,"Wu et al., An invasive zone in human liver cancer identified by Stereo-seq promotes hepatocyte–tumor cell crosstalk, local immunosuppression and tumor progression, Cell Res (2023)",https://doi.org/10.1038/s41422-023-00831-1
access link blocked to automated checks (needs a browser),klughammer2024_codex,Metastatic Breast Cancer Dataset,CODEX,human,liver and breast tissue,https://singlecell.broadinstitute.org/single_cell/study/SCP2702/htapp–mbc,"Klughammer et al., A multi-modal single-cell and spatial expression map of metastatic breast cancer biopsies across clinicopathological features, Nature Medicine (2024)",
access link blocked to automated checks (needs a browser),mouse_brain_coro_visium,Mouse brain coronal data,10x Visium,mouse,brain,https://support.10xgenomics.com/spatial-gene-expression/datasets,,
access link blocked to automated checks (needs a browser),mouse_brain_coro2025_visium,Mouse brain coronal data,10x Visium,mouse,brain,https://support.10xgenomics.com/spatial-gene-expression/datasets,STCC enhances spatial domain detection through consensus clustering of spatial transcriptomics data,https://doi.org/10.1101/gr.280031.124
access link blocked to automated checks (needs a browser),mouse_brain_spat2022_visium,Mouse brain spatial transcriptomics Visium data,Visium,mouse,brain,https://support.10xgenomics.com/spatial-gene-expression/datasets/1.1.0/V1_Adult_Mouse_Brain_Coronal_Section_2,Cell type identification in spatial transcriptomics data can be improved by leveraging cell-type-informative paired tissue images using a Bayesian probabilistic model,https://doi.org/10.1093/nar/gkac320
access link blocked to automated checks (needs a browser),mouse_brain_tiss_visium,Mouse brain tissue sections dataset,10× Visium,human,breast cancer,https://support.10xgenomics.com/spatial-gene-expression/datasets,,
access link blocked to automated checks (needs a browser),buache2011_visium,Mouse breast cancer dataset sections 1 and 2 (batch integration),10x Genomics Visium,human,breast cancer tissue,https://support.10xgenomics.com/spatial-gene-expression/datasets/1.1.0/V1_Breast_Cancer_Block_A_Section_1,"Buache et al., Deficiency in trefoil factor 1 (TFF1) increases tumorigenicity of human breast cancer cells and mammary tumor development in TFF1-knockout mice, Oncogene (2011)",https://doi.org/10.1038/onc.2011.41
access link blocked to automated checks (needs a browser),mouse_posterior_2025_visium,Mouse posterior brain section,10x Visium,Mouse,Coronal Mouse brain section,https://support.10xgenomics.com/spatial-gene-expression/datasets,STMGraph: spatial-context-aware of transcriptomes via a dual-remasked dynamic graph attention model,https://doi.org/10.1093/bib/bbae685
access link blocked to automated checks (needs a browser),liu2022_visium,Orchid flower-buds slide_1,10x Visium,Orchid flower,Orchid flower,https://academic.oup.com/nar/article/50/17/9724/6696353#supplementary-data,"Liu et al., A spatiotemporal atlas of organogenesis in the development of orchid flowers, Nucleic Acids Res (2022)",https://doi.org/10.1093/nar/gkac773
access link blocked to automated checks (needs a browser),visium_breast_ca2021_visium,Visium breast cancer spatial gene-expression data (Block A Section 1),10x Genomics Visium spatial RNA-sequencing,Human,Breast cancer,https://support.10xgenomics.com/spatial-gene-expression/datasets/1.1.0/V1_Breast_Cancer_Block_A_Section_1,Assessing heterogeneity in spatial data using the HTA index with applications to spatial transcriptomics and imaging,https://doi.org/10.1093/bioinformatics/btab569
access link blocked to automated checks (needs a browser),visium_mouse_bra_visium,Visium mouse brain dataset,Visium,mouse,brain,https://support.10xgenomics.com/spatial-gene-expression/datasets,,
access link blocked to automated checks (needs a browser),zhao2021_visium,breast cancer sample with invasive ductal carcinoma (IDC),10x Visium,Human,Breast cancer,https://support.10xgenomics.com/spatial-gene-expression/datasets,"Zhao et al., Spatial transcriptomics at subspot resolution with BayesSpace, Nat Biotechnol (2021)",https://doi.org/10.1038/s41587-021-00935-2
access link blocked to automated checks (needs a browser),steinhart2021_st,high-grade serous carcinoma (HGSOC) dataset,Vectra-Polaris multi-spectral immunohistochemistry (IHC),,ovary,http://juliawrobel.com/MI_tutorial/MI_Data.html,"Steinhart et al., The spatial context of tumor-infiltrating immune cells associates with improved ovarian cancer survival, Molecular Cancer Research (2021)",https://doi.org/10.1158/1541-7786.c.6545670.v1
access link blocked to automated checks (needs a browser),mouse_bone_marro_visium,mouse bone marrow tissue dataset,10X Visium,mouse,brain,https://support.10xgenomics.com/spatial-gene-expression/datasets,,
access link blocked to automated checks (needs a browser),johnson2021_st,non-small cell lung cancer dataset,multiplexed immunohistochemistry,human,non-small cell lung cancer,http://juliawrobel.com/MI_tutorial/MI_Data.html,"Johnson et al., Cancer cell-specific major histocompatibility complex ii expression as a determinant of the immune infiltrate organization and function in the nsclc tumor microenvironment, Journal of Thoracic Oncology (2021)",https://doi.org/10.1016/j.jtho.2021.05.004
access link blocked to automated checks (needs a browser),lohoff2021_seqfish,seqFISH mouse embryo dataset (embryo1),seqFISH,mouse,embryo / spinal cord,https://marionilab.cruk.cam.ac.uk/SpatialMouseAtlas/,"Lohoff et al., Integration of spatial and single-cell transcriptomic data elucidates mouse organogenesis, Nat Biotechnol (2021)",https://doi.org/10.1038/s41587-021-01006-2
access link failed: zenodo record has no files,xenium_gvhd2024_xenium,Xenium-GVHD,Xenium,human,salivary gland / tissue microarray,https://zenodo.org/records/11397609,Spatial Deconvolution of Cell Types and Cell States at Scale Utilizing TACIT,https://doi.org/10.21203/rs.3.rs-4536158/v1
download URL dead (probe failed),fu2024_xenium,DCIS xenium image,Xenium,,breast cancer,https://doi.org/10.5281/zenodo.16809537,"Fu et al., Bidcell: Biologically-informed self-supervised learning for segmentation of subcellular spatial transcriptomics data, Nat. Commun. (2024)",https://doi.org/10.1038/s41467-023-44560-w
download URL dead (probe failed),qiu2022_stereo,Stereo-seq mouse adult coronal hemibrain dataset,Stereo-seq,mouse,brain,https://www.dropbox.com/s/c5tu4drxda01m0u/mousebrain_bin60.h5ad?dl=0,"Qiu et al., Spateo: multidimensional spatiotemporal modeling of single-cell spatial transcriptomics (2022)",
"free-text description, not a resolvable link",rat_kidney_st_se2022_visium,Rat kidney ST-seq and scRNA-seq dataset,Visium (10x Genomics) and Chromium Single Cell,rat,kidney,DRA012650,Spatial and single-cell transcriptome analysis reveals changes in gene expression in response to drug perturbation in rat kidney,https://doi.org/10.1093/dnares/dsac007
landing page or accession only - no direct file URL resolved,10x_chromium_scr2024_10x_chromium,10X Chromium scRNA-seq dataset,10X Chromium,mouse,cortex,PRJNA952594,Integrating single-cell and spatially resolved transcriptomic strategies to survey the astrocyte response to stroke in male mice,https://doi.org/10.1038/s41467-024-45821-y
landing page or accession only - no direct file URL resolved,10x_cytassist_sp_st,10X CytAssist Spatial Gene Expression mouse brain coronal section 1 FFPE,10X CytAssist Spatial Gene Expression (V2 Chemistry),mouse,brain,https://www.10xgenomics.com/resources/datasets/mouse-brain-coronal-section-1-ffpe-2-standard,,
landing page or accession only - no direct file URL resolved,yao2021_10x_genomics,10X Genomics and SMART-seq2 (Mouse Brain),10X Genomics / SMART-seq2,Mouse,Brain / Cortex and Hippocampus,https://portal.brain-map.org/atlases-and-data/rnaseq/mouse-whole-cortex-and-hippocampus-10x,"Yao et al., A taxonomy of transcriptomic cell types across the isocortex and hippocampal formation, Cell (2021)",https://doi.org/10.1101/2020.03.30.015214
landing page or accession only - no direct file URL resolved,wu2022_visium,10X Visium colorectal cancer data,10X Visium,human,colorectal cancer,http://www.cancerdiversity.asia/scCRLM,"Wu et al., Spatiotemporal immune landscape of colorectal cancer liver metastasis at single-cell level, Cancer Discov. (2022)",https://doi.org/10.1158/2159-8290.22540411.v1
landing page or accession only - no direct file URL resolved,10x_visium_human_visium,10X Visium human breast cancer FFPE,10X Visium,mouse,brain,https://www.10xgenomics.com/resources/datasets/adult-mouse-brain-ffpe-1-standard-1-3-0,,
landing page or accession only - no direct file URL resolved,xu2022_visium,10x Genomics Visium breast cancer sample,Visium,human,breast cancer (invasive ductal carcinoma),https://www.10xgenomics.com/products/spatial-gene-expression,"Xu et al., DeepST: identifying spatial domains in spatial transcriptomics by deep learning, Nucleic Acids Res (2022)",https://doi.org/10.1093/nar/gkac901
landing page or accession only - no direct file URL resolved,garciaalonso2021_visium_3,10x Genomics Visium full thickness uterus datasets,10x Genomics Visium,human,endometrium/uterus,E-MTAB-9260,"Garcia-Alonso et al., Mapping the temporal and spatial dynamics of the human endometrium in vivo and in vitro, Nat. Genet. (2021)",
landing page or accession only - no direct file URL resolved,garciaalonso2021_visium_2,10x Genomics Visium human endometrium dataset,10x Genomics Visium,human,endometrium,E-MTAB-9260,"Garcia-Alonso et al., Mapping the temporal and spatial dynamics of the human endometrium in vivo and in vitro, Nat Genet (2021)",
landing page or accession only - no direct file URL resolved,garciaalonso2021_visium_4,10x Genomics Visium spatial transcriptomics (full thickness uterus samples),Visium,human,endometrium,E-MTAB-9260,"Garcia-Alonso et al., Mapping the temporal and spatial dynamics of the human endometrium in vivo and in vitro, Nat. Genet. (2021)",
landing page or accession only - no direct file URL resolved,10x_genomics_fre_visium,10x Genomics fresh frozen breast tissue dataset,10x Visium,human,breast tissue (ductal carcinoma in situ and invasive carcinoma),https://www.10xgenomics.com/resources/datasets/human-breast-cancer-ductal-carcinoma-in-situ-invasive-carcinoma-ffpe-1-standard-1-3-0,,
landing page or accession only - no direct file URL resolved,10x_visium_ffpe_2025_visium,10x Visium FFPE prostate adenocarcinoma dataset,10x Visium,mouse,olfactory bulb,GSM4656181,STForte: tissue context-specific encoding and consistency-aware spatial imputation for spatially resolved transcriptomics,https://doi.org/10.1093/bib/bbaf174
landing page or accession only - no direct file URL resolved,oliveira2025_visiumhd,10x Visium HD Human Colorectal Cancer (HCRC),VisiumHD,,colorectal cancer,www.10xgenomics.com/datasets/visium-hd-human-crc,"Oliveira et al., High-definition spatial transcriptomic profiling of immune cell populations in colorectal cancer, Nat. Genet. (2025)",https://doi.org/10.1038/s41588-025-02193-3
landing page or accession only - no direct file URL resolved,wu2021_visium_2,10x Visium breast cancer ST data / 10x Visium human breast cancer / human breast cancer dataset,Visium (10X Genomics),human,breast cancer,Broad Institute and Zenodo,"Wu et al., A single-cell and spatially resolved atlas of human breast cancers, Nat Genet (2021)",
landing page or accession only - no direct file URL resolved,fu2021_visium,10x Visium human breast cancer,10x Genomics Visium,human,breast cancer,https://support.10xgenomics.com/spatial-gene-expression/datasets/1.0.0/V1_Breast_Cancer_Block_A_Section_1,"Fu et al., Unsupervised spatially embedded deep representation of spatial transcriptomics (2021)",https://doi.org/10.1101/2021.06.15.448542
landing page or accession only - no direct file URL resolved,zhang2024_visium,10x Visium human fetal limb dataset,10x Visium,Human,Embryonic hindlimb,https://cellxgene.cziscience.com/collections/4fefa187-5d14-4f1e-915b-c892ed320aab,"Zhang et al., A human embryonic limb cell atlas resolved in space and time, Nature (2024)",https://doi.org/10.6019/s-biad2364
landing page or accession only - no direct file URL resolved,lebrigand2023_visium,10x Visium olfactory bulb dataset,10x Visium,,olfactory bulb,https://www.10xgenomics.com/resources/datasets,"Lebrigand et al., The spatial landscape of gene expression isoforms in tissue sections, Nucleic Acids Res. (2023)",https://doi.org/10.1093/nar/gkad169
landing page or accession only - no direct file URL resolved,guilliams2022_visium,10x Visium with highly multiplexed protein data and CITE-seq data of mouse liver,10X Visium,mouse,liver,Scott Lab & Guilliams Lab Liver Cell Atlas Mouse-StSt,"Guilliams et al., Spatial proteogenomics reveals distinct and evolutionarily conserved hepatic macrophage niches, Cell (2022)",https://doi.org/10.1016/j.cell.2021.12.018
landing page or accession only - no direct file URL resolved,janesick2023_xenium,10x Xenium breast cancer dataset (IDC and ILC) / Human BRCA Xenium dataset,10x Xenium,Human,breast cancer,GSM7780153,"Janesick et al., High resolution mapping of the tumor microenvironment using integrated single-cell, spatial and in situ analysis, Nat Commun (2023)",https://doi.org/10.1038/s41467-023-43458-x
landing page or accession only - no direct file URL resolved,yao2023_xenium,10x Xenium mouse cortex dataset,10x Xenium,mouse,brain / cortex,https://www.10xgenomics.com/datasets/fresh-frozen-mouse-brain-for-xenium-explorer-demo-1-standard,"Yao et al., A high-resolution transcriptomic and spatial atlas of cell types in the whole mouse brain, Nature (2023)",https://doi.org/10.1111/jnc.70406/v1/review1
landing page or accession only - no direct file URL resolved,zeisel2018_visium,10x_MB(S-P),10X Visium,mouse,brain coronal section,https://www.10xgenomics.com/resources/datasets/,"Zeisel et al., Molecular architecture of the mouse nervous system, Cell (2018)",
landing page or accession only - no direct file URL resolved,garridotrigo2023_cosmx,30 human lung samples (Fov1 to Fov30),CosMx Spatially Molecular Imaging (SMI),human,lung,GSM7473683,"Garrido-Trigo et al., Macrophage and neutrophil heterogeneity at single-cell spatial resolution in human inflammatory bowel disease, Nat Commun (2023)",https://doi.org/10.1101/2022.11.28.518139
landing page or accession only - no direct file URL resolved,wang2022_stereo_2,3D Drosophila embryonic and larval Stereo-seq dataset,Stereo-seq,Drosophila,Embryos and larvae,STDS0000060,"Wang et al., High-resolution 3D spatiotemporal transcriptomic maps of developing Drosophila embryos and larvae, Dev Cell (2022)",https://doi.org/10.1016/j.devcel.2022.04.006
landing page or accession only - no direct file URL resolved,gut2018_4i,4i datasets,4i,,,https://github.com/scverse/squidpy,"Gut et al., Multiplexed protein maps link subcellular organization to cellular states, Science (2018)",https://doi.org/10.3410/f.733753838.793549113
landing page or accession only - no direct file URL resolved,miyoshi2024_visium,5xFAD Mouse 10x Visium,10x Visium,Mouse,Brain cortex,GSE233208,"Miyoshi et al., Spatial and single-nucleus transcriptomic analysis of genetic and sporadic forms of Alzheimer’s disease, Nat. Genet. (2024)",https://doi.org/10.1101/2023.07.24.550282
landing page or accession only - no direct file URL resolved,damond2019map,A map of human type 1 diabetes progression by imaging mass cytometry,IMC,human,,https://data.mendeley.com/datasets/cydmwsfztj/1,A map of human type 1 diabetes progression by imaging mass cytometry,https://www.cell.com/cell-metabolism/fulltext/S1550-4131(18)30691-0
landing page or accession only - no direct file URL resolved,tang2024_unknown,AD/HC spatial data,,mouse,brain,https://singlecell.broadinstitute.org/single_cell/study/SCP1375/integrative-in-situ-mapping-of-single-cell-transcriptional-states-and-tissue-histopathology-in-an-alzheimer-disease-model#study-download,"Tang et al., Search and match across spatial omics samples at single-cell resolution, Nature Methods (2024)",https://doi.org/10.1038/s41592-024-02410-7
landing page or accession only - no direct file URL resolved,ad_hc_spatial_da2025_unknown,AD/HC spatial data,,mouse,brain,https://singlecell.broadinstitute.org/single_cell/study/SCP1375/integrative-in-situ-mapping-of-single-cell-transcriptional-states-and-tissue-histopathology-in-an-alzheimer-disease-model#study-download,VISTA Uncovers Missing Gene Expression and Spatial-induced Information for Spatial Transcriptomic Data Analysis,https://doi.org/10.1101/2024.08.26.609718
landing page or accession only - no direct file URL resolved,aibs_merfish_dat2023_vizgen_mersc,AIBS MERFISH dataset,Vizgen MERSCOPE platform,mouse,whole adult mouse brain,https://doi.org/10.35077/g.610,A high-resolution transcriptomic and spatial atlas of cell types in the whole mouse brain,https://doi.org/10.1101/2023.03.06.531121
landing page or accession only - no direct file URL resolved,additional_patie_visium,Additional Patient Sample (Visium ST),Visium and PhenoCycler,Human,Soft palate OPSCC tumor and healthy paired sample,https://doi.org/10.48610/698bb9e,,
landing page or accession only - no direct file URL resolved,zeisel2018_singlecell_r_2,Adolescent mouse brain single-cell RNA sequencing reference,Single-cell RNA sequencing,Mouse,Mouse nervous system,http://mousebrain.org/adolescent/downloads.html,"Zeisel et al., Molecular architecture of the mouse nervous system, Cell (2018)",
landing page or accession only - no direct file URL resolved,zheng2017_10x_scrnaseq,Adult Mouse Brain (FFPE) dataset,10x scRNA-seq platform,mouse,brain,https://www.10xgenomics.com/resources/datasets/adult-mouse-brain-ffpe-1standard-1-3-0,"Zheng et al., Massively parallel digital transcriptional profiling of single cells, Nat Commun (2017)",https://doi.org/10.3410/f.727212325.793533466
landing page or accession only - no direct file URL resolved,adult_mouse_brai_spatial_tran,Adult Mouse Brain Section 2 (Coronal),Spatial Transcriptomics,Human,breast cancer,https://www.10xgenomics.com/resources/datasets/,,
landing page or accession only - no direct file URL resolved,hu2021_visium_2,Adult mouse brain coronal section dataset,10x Visium,mouse,brain coronal section,https://support.10xgenomics.com/spatial-gene-expression/datasets/1.1.0/V1_Adult_Mouse_Brain,"Hu et al., SpaGCN: integrating gene expression, spatial location and histology to identify spatial domains and spatially variable genes by graph convolutional network, Nat Methods (2021)",
landing page or accession only - no direct file URL resolved,lein2007_in_situ_hybr,Allen Brain Atlas (ABA) in situ hybridization reference data,in situ hybridization,mouse,brain,https://github.com/brainglobe/brainrender,"Lein et al., Genome-wide atlas of gene expression in the adult mouse brain, Nature (2007)",https://doi.org/10.3410/f.1057954.519771
landing page or accession only - no direct file URL resolved,yao2023_merfish,Allen Brain Cell Atlas (ABC Atlas),MERFISH,Mouse,Brain,638850,"Yao et al., A high-resolution transcriptomic and spatial atlas of cell types in the whole mouse brain, Nature (2023)",https://doi.org/10.1111/jnc.70406/v1/review1
landing page or accession only - no direct file URL resolved,yao2023_vizgen_mersc,Allen Brain Cell Atlas dataset (Yao et al. 2023 / 641 mouse brain sections dataset),Vizgen MERSCOPE,mouse,brain,https://portal.brain-map.org/atlases-and-data/bkp/abc-atlas,"Yao et al., A high-resolution transcriptomic and spatial atlas of cell types in the whole mouse brain, Nature (2023)",https://doi.org/10.1111/jnc.70406/v1/review1
landing page or accession only - no direct file URL resolved,moffitt2018_smfish,Allen smFISH,smFISH,mouse,preoptic region of the hypothalamus,https://datadryad.org/stash/dataset/doi:10.5061/dryad.8t8s248,"Moffitt et al., Molecular, spatial, and functional single-cell profiling of the hypothalamic preoptic region, Science (2018)",https://doi.org/10.3410/f.734323419.793574573
landing page or accession only - no direct file URL resolved,navarro2020_spatial_tran,Alzheimer disease mouse brain mitochondrial stress dataset,Spatial Transcriptomics,Mouse,brain,https://doi.org/10.17632/6s959w2zyr.1y,"Navarro et al., Spatial Transcriptomics Reveals Genes Associated with Dysregulated Mitochondrial Functions and Stress Signaling in Alzheimer Disease, iScience. (2020)",https://doi.org/10.1016/j.isci.2020.101556
landing page or accession only - no direct file URL resolved,li2021_scatacseq,Atlas of gene regulatory elements in adult mouse cerebrum,scATAC-seq,Mouse,Cerebrum,http://catlas.org/mousebrain/#!/downloads,"Li et al., An atlas of gene regulatory elements in adult mouse cerebrum, Nature (2021)",https://doi.org/10.1242/prelights.22481
landing page or accession only - no direct file URL resolved,rumberger2025automated,Automated classification of cellular expression in multiplexed imaging data with Nimbus,MIBI,human,breast,https://huggingface.co/datasets/JLrumberger/Pan-Multiplex/tree/main,Automated classification of cellular expression in multiplexed imaging data with Nimbus,https://www.nature.com/articles/s41592-025-02826-9
landing page or accession only - no direct file URL resolved,lust2022_stereo,Axolotl Telencephalon Stereo-seq,Stereo-seq,Axolotl,Telencephalon,https://db.cngb.org/stomics/artista/,"Lust et al., Single-cell analyses of axolotl telencephalon organization, neurogenesis, and regeneration, Science (2022)",https://doi.org/10.1126/science.abp9262
landing page or accession only - no direct file URL resolved,ni2022_10x_genomics,BCDC,10x Genomics,human,breast cancer: ductal carcinoma in situ,https://www.10xgenomics.com/datasets/human-breast-cancer-ductal-carcinoma-in-situ-invasive-carcinoma-ffpe-1-standard-1-3-0,"Ni et al., Spotclean adjusts for spot swapping in spatial transcriptomics data, Nat Commun (2022)",https://doi.org/10.1038/s41467-022-30587-y
landing page or accession only - no direct file URL resolved,moffitt2018_3d_gene_expr,BDTNP dataset,3D gene expression (BDTNP),Drosophila,Embryo,GSE113576,"Moffitt et al., Molecular, spatial, and functional cell typing of the mammalian central nervous system through sequential fluorescence in situ hybridization, Science (2018)",
landing page or accession only - no direct file URL resolved,chen2022_st,BGI STOmics mouse brain dataset,BGI STOmics,Mus musculus,Brain,10.26036/CNP0001543,"Chen et al., Spatiotemporal transcriptomic atlas of mouse organogenesis using DNA nanoball-patterned arrays, Cell (2022)",https://doi.org/10.3410/f.742107472.793593483
landing page or accession only - no direct file URL resolved,xu2024_10x_genomics,BRCA,10x Genomics,human,breast cancer,https://www.10xgenomics.com/datasets/human-breast-cancer-block-a-section-1-1-standard-1-1-0,"Xu et al., SEDR: unsupervised spatially embedded deep representation of spatial transcriptomics, Gen Med (2024)",
landing page or accession only - no direct file URL resolved,brca_dataset_10x_genomics,BRCA dataset,10x Genomics,human,breast cancer,https://support.10xgenomics.com/spatialgene-expression/datasets,,
landing page or accession only - no direct file URL resolved,baristaseq_st,BaristaSeq,BaristaSeq,mouse,primary visual cortex (VISp),https://github.com/spacetx-spacejam/data,,
landing page or accession only - no direct file URL resolved,brbi2022_codex,Barrett's oesophagus dataset,CODEX,Human,Barrett's oesophagus,https://datadryad.org/stash/share/1OQtxew0Unh3iAdP-ELew-ctwuPTBz6Oy8uuyxqliZk,"Brbić et al., Annotation of spatially resolved single-cell data with STELLAR, Nat. Methods (2022)",https://doi.org/10.1038/s41592-022-01651-8
landing page or accession only - no direct file URL resolved,braun2023_scrnaseq,"Braun et al., 2023 dataset",scRNA-seq,human,brain,https://github.com/linnarsson-lab/developing-human-brain/,"Braun et al., Comprehensive cell atlas of the first-trimester developing human brain, Science (2023)",https://doi.org/10.1126/science.adf1226
landing page or accession only - no direct file URL resolved,andersson2021_visium,"Breast Cancer Dataset (HER2 Breast Cancer samples A3, B3, B6, D1, D2, D3, D5, E1)",Visium,human,breast tumor,github.com/almaan/her2st,"Andersson et al., Spatial deconvolution of HER2-positive breast cancer delineates tumor-associated cell type interactions, Nat Commun (2021)",https://doi.org/10.1038/s41467-021-26271-2
landing page or accession only - no direct file URL resolved,breast_cancer_br2024_visium,Breast cancer (BRCA) dataset (10x Genomics Visium),10x Genomics Visium,human,breast cancer,https://10xgenomics.com/resources/datasets/human-ovarian-cancer-whole-transcriptome-analysis-stains-dapi-anti-pan-ck-anti-cd-45-1-standard-1-2-0,SpaTopic: A statistical learning framework for exploring tumor spatial architecture from spatially resolved transcriptomic data,https://doi.org/10.1126/sciadv.adp4942
landing page or accession only - no direct file URL resolved,breast_cancer_bl2022_visium,Breast cancer block A section 1 (10x Genomics),Visium,Human,Breast cancer,https://www.10xgenomics.com/resources/datasets,TIST: Transcriptome and Histopathological Image Integrative Analysis for Spatial Transcriptomics,https://doi.org/10.1016/j.gpb.2022.11.012
landing page or accession only - no direct file URL resolved,he2020_st,Breast cancer cohort 1,ST,,breast cancer,https://data.mendeley.com/datasets/29ntw7sh4r/5,"He et al., Integrating spatial gene expression and breast tumour morphology via deep learning, Nature Biomedical Engineering (2020)",https://doi.org/10.1038/s41551-020-0578-x
landing page or accession only - no direct file URL resolved,andersson2020_spatial_tran,Breast cancer spatial transcriptomics slides,spatial transcriptomics,human,breast cancer,https://github.com/almaan/her2st,"Andersson et al., Single-cell and spatial transcriptomics enables probabilistic inference of cell type topography, Commun. Biol. (2020)",https://doi.org/10.1038/s42003-020-01247-y
landing page or accession only - no direct file URL resolved,breastcancerilc__xenium,BreastCancerILC and BreastCancerIDC,Xenium,Human,Breast,https://www.10xgenomics.com/datasets/ffpe-human-breast-with-pre-designed-panel-1-standard/,,
landing page or accession only - no direct file URL resolved,brugia_malayi_mi_visium,Brugia malayi miniature-ST dataset,Visium Spatial Gene Expression (10X Genomics),Brugia malayi,"Posterior region of adult female worms (ovary, early embryos/uterus, digestive tract, body wall)",NCBI SRA PRJNA870734; Mendeley Data 10.17632/8f62vydg3z.1,,
landing page or accession only - no direct file URL resolved,klepikova2016_rnaseq,Bulk RNA-seq developmental transcriptome,RNA-seq,Arabidopsis thaliana,Developmental stages/mature floral organs,PRJNA314076,"Klepikova et al., A high resolution map of the Arabidopsis thaliana developmental transcriptome based on RNA-seq profiling, Plant J. (2016)",https://doi.org/10.3410/f.726666866.793559922
landing page or accession only - no direct file URL resolved,bckdahl2021_visium,Bäckdahl et al. spatial transcriptomics dataset,Visium,human,subcutaneous white adipose tissue,https://doi.org/10.17632/3bs5f8mvbs.1,"Bäckdahl et al., Spatial mapping reveals human adipocyte subpopulations with distinct sensitivities to insulin, Cell Metabolism (2021)",https://doi.org/10.1016/j.cmet.2021.10.012
landing page or accession only - no direct file URL resolved,bray2017_cell_paintin,CDRP dataset,Cell Painting,,U2OS cell line,https://github.com/gigascience/paper-bray2017/blob/master/download_cil_images.sh,"Bray et al., A dataset of images and morphological profiles of 30,000 small-molecule treatments using the cell painting assay, Gigascience (2017)",https://doi.org/10.1093/gigascience/giw014
landing page or accession only - no direct file URL resolved,cho_k1_and_mpc_1_mass_spectro,CHO-K1 and MPC-11 spatial proteomics datasets,Mass Spectrometry (LOPIT-DC / TMT),Cricetulus griseus / Mus musculus,,PXD029115,,
landing page or accession only - no direct file URL resolved,welch2022_visium,CK-p25 mouse coronal brain data set,10x Genomics Visium Spatial Proteogenomics (SPG),mouse,coronal brain tissue,https://www.10xgenomics.com/resources/datasets/,"Welch et al., Neurons burdened by DNA double-strand breaks incite microglia activation through antiviral-like signaling in neurodegeneration, Sci Adv (2022)",https://doi.org/10.1126/sciadv.abo4662
landing page or accession only - no direct file URL resolved,codex_codex,CODEX,CODEX,human,bone marrow,https://plus.figshare.com/collections/_/7174914,,
landing page or accession only - no direct file URL resolved,black2021_codex,CODEX data,CODEX,human,bone marrow,https://plus.figshare.com/collections/_/7174914,"Black et al., CODEX multiplexed fluorescence in situ hybridization, Nat. Protoc. (2021)",
landing page or accession only - no direct file URL resolved,codex_dataset_codex,CODEX dataset,CODEX,human,"colon adenocarcinoma, hepatocellular carcinoma, ovarian cancer",https://ngdc.cncb.ac.cn/gsa-human/browse/HRA011129,,
landing page or accession only - no direct file URL resolved,hickey2023_codex,CODEX human healthy intestine dataset,CODEX,Human,Intestine,https://datadryad.org/stash/dataset/doi:10.5061/dryad.pk0p2ngrf,"Hickey et al., Organization of the human intestine at single-cell resolution, Nature (2023)",
landing page or accession only - no direct file URL resolved,goltsev2018_codex,CODEX human spleen datasets,CODEX,mouse,spleen,https://data.mendeley.com/datasets/zjnpwh8m5b/1,"Goltsev et al., Deep Profiling of Mouse Splenic Architecture with CODEX Multiplexed Imaging, Cell (2018)",https://doi.org/10.3410/f.733725075.793569398
landing page or accession only - no direct file URL resolved,codex_imaging_da2022_codex,CODEX imaging dataset,CODEX multiplexed tissue imaging,Human,Kidney biopsy,DOI: 10.48698/z30t-0a62,A reference tissue atlas for the human kidney,https://doi.org/10.1126/sciadv.abn4965
landing page or accession only - no direct file URL resolved,hickey2023_codex_2,CODEX melanoma spatial proteomics dataset,CODEX,human,melanoma / tumor tissue,https://datadryad.org/dataset/doi:10.5061/dryad.k0p2ngfcc,"Hickey et al., T cell-mediated curation and restructuring of tumor tissue coordinates an effective immune response, Cell Rep (2023)",https://doi.org/10.1016/j.celrep.2023.113494
landing page or accession only - no direct file URL resolved,hickey2023_codex_3,CODEX multiplexed imaging dataset of the human intestine,CODEX,human,intestine,https://doi.org/10.5061/dryad.pk0p2ngrf,"Hickey et al., Organization of the human intestine at single-cell resolution, Nature (2023)",
landing page or accession only - no direct file URL resolved,hickey2023_codex_4,CODEX multiplexed imaging dataset of the human intestine,CODEX,human,intestine,https://doi.org/10.5061/dryad.pk0p2ngrf,"Hickey et al., Organization of the human intestine at single-cell resolution, Nature (2023)",
landing page or accession only - no direct file URL resolved,oliveira2025_visium,"CRC pair (Visium CytAssist V2, Sample P2 CRC; Xenium In Situ, Sample P2 CRC; Chromium Single Cell Flex)",10x Genomics Xenium / Visium,Human,colorectal cancer,https://www.10xgenomics.com/products/visium-hd-spatial-gene-expression/dataset-human-crc,"Oliveira et al., High-definition spatial transcriptomic profiling of immune cell populations in colorectal cancer, Nat Genet (2025)",https://doi.org/10.1038/s41588-025-02193-3
landing page or accession only - no direct file URL resolved,cacao_transcript2024_quantseq_3_l,"Cacao Transcriptome Atlas (Developmental, Drought and Diurnal, Meristem, Seed, Leaf Development, and Leaf Infection Atlases)",QuantSeq 3' (Lexogen) and TruSeq (Illumina),Theobroma cacao L.,"123 different tissues and stages of development across major organs (seeds, meristems, leaves, stems, roots, fruits, flowers)",10.5061/dryad.0k6djhb59,The cacao gene atlas: a transcriptome developmental atlas reveals highly tissue-specific and dynamically-regulated gene networks in  Theobroma cacao  L,https://doi.org/10.1186/s12870-024-05171-9
landing page or accession only - no direct file URL resolved,cancer_transcrip_geomx,"Cancer Transcriptomic Atlas RNA panel dataset (DLE, LP, psoriasis, and control skin)",GeoMx,human,"skin (DLE, LP, psoriasis, control skin)",https://data.mendeley.com/datasets/bv5rph7w9h/1,,
landing page or accession only - no direct file URL resolved,clark2024_fluorescence,Cell Maps 4 Artificial Intelligence / Bridge2AI perturbation dataset (MDA-MB-468),Fluorescence microscopy,Human,MDA-MB-468 breast cancer cell line,https://dataverse.lib.virginia.edu/dataset.xhtml?persistentId=doi:10.18130/V3/DXWOS5,"Clark et al., Cell Maps for Artificial Intelligence: AI-Ready Maps of Human Cell Architecture from Disease-Relevant Cell Lines, BioRxiv Prepr. Serv. Biol. (2024)",https://doi.org/10.1101/2024.05.21.589311
landing page or accession only - no direct file URL resolved,chick_fetal_hear2025_seeker_curio,Chick Fetal Heart Single-Cell and Spatial Transcriptomics Atlas (Seeker / Curio and Split-seq),Seeker (Curio) and Parse Split-seq,Chicken (Gallus gallus),Fetal heart,GSE311835,"Spatiotemporal Atlas of Heart Development Reveals Blood-Flow-Dependent Cellular, Structural, Metabolic, and Spatial Remodeling",https://doi.org/10.64898/2025.12.09.693024
landing page or accession only - no direct file URL resolved,de2025_chromium,Chromium_HumanColon_Oliveira,Chromium,human,colorectal cancer,https://doi.org/10.1038/s41588-025-02193-3,"de Oliveira et al., High-definition spatial transcriptomic profiling of immune cell populations in colorectal cancer, Nature Genetics (2025)",https://doi.org/10.1038/s41588-025-02193-3
landing page or accession only - no direct file URL resolved,colorectal_adeno_st,Colorectal adenoma FFPE spatial proteomics dataset,Deep Visual Proteomics (DVP) / timsTOF mass spectrometry,Human,Colorectal adenoma (FFPE tissue),PXD046999,,
landing page or accession only - no direct file URL resolved,lee2020_visium,Colorectal cancer (CRC) fresh-frozen specimen,10x Visium,Homo sapiens,Colorectal cancer,https://www.10xgenomics.com/spatial-transcriptomics/,"Lee et al., Lineage-dependent gene expression programs influence the immune landscape of colorectal cancer, Nat. Genet. (2020)",
landing page or accession only - no direct file URL resolved,zhang2023_stereo,Colorectal cancer Stereo-seq data P19 and P36,Stereo-seq,human,colorectal,CNP0002432,"Zhang et al., Spatial transcriptome unveils a discontinuous inflammatory pattern in proficient mismatch repair colorectal adenocarcinoma, Fundamental Research (2023)",https://doi.org/10.1016/j.fmre.2022.01.036
landing page or accession only - no direct file URL resolved,oliveira2024_visiumhd,"Colorectal cancer VisiumHD samples (P1, P2, P5, and normal P3)",Visium-HD,human,colorectal cancer,https://www.10xgenomics.com/products/visium-hd-spatial-gene-expression/dataset-human-crc,"Oliveira et al., Characterization of immune cell populations in the tumor microenvironment of colorectal cancer using high definition spatial profiling, bioRxiv (2024)",https://doi.org/10.1101/2024.06.04.597233
landing page or accession only - no direct file URL resolved,common_marmoset_2025_xenium,Common marmoset basal ganglia spatial transcriptomics dataset,10X Xenium,common marmoset,basal ganglia,https://brain-map.org/consortia/hmba/hmba-release-basal-ganglia,A cross-species spatial transcriptomic atlas of the human and non-human primate basal ganglia,https://doi.org/10.1101/2025.11.22.688128
landing page or accession only - no direct file URL resolved,schurch2020coordinated,Coordinated cellular neighborhoods orchestrate antitumoral immunity at the colorectal cancer invasive front,CODEX,human,colorectal,https://www.cancerimagingarchive.net/collection/crc_ffpe-codex_cellneighs/,Coordinated cellular neighborhoods orchestrate antitumoral immunity at the colorectal cancer invasive front,https://www.sciencedirect.com/science/article/pii/S0092867420308709?via%3Dihub
landing page or accession only - no direct file URL resolved,cosmx_6k_dataset_cosmx,CosMx 6K dataset,CosMx 6K,human,"colon adenocarcinoma, hepatocellular carcinoma, ovarian cancer",https://ngdc.cncb.ac.cn/gsa-human/browse/HRA011129,,
landing page or accession only - no direct file URL resolved,andrews2024_cosmx,CosMx Human Liver,CosMx,Human,Liver,https://nanostring.com/products/cosmx-spatial-molecular-imager/ffpe-dataset/human-liver-rna-ffpe-dataset/,"Andrews et al., Single-cell, single-nucleus, and spatial transcriptomics characterization of the immunological landscape in the healthy and PSC human liver, J. Hepatol. (2024)",https://doi.org/10.1016/j.jhep.2023.12.023
landing page or accession only - no direct file URL resolved,bruker_cosmx_nsclc_ffpe,CosMx NSCLC FFPE dataset,CosMx,human,lung,https://brukerspatialbiology.com/products/cosmx-spatial-molecular-imager/ffpe-dataset/nsclc-ffpe-dataset/,He et al. 2022 Nat Biotechnol,https://doi.org/10.1038/s41587-022-01483-z
landing page or accession only - no direct file URL resolved,he2022_spatial_mole,CosMx SMI human non-small cell lung cancer (NSCLC) dataset (Lung #5-3),Spatial Molecular Imager,Human,Non-small cell lung cancer,https://nanostring.com/products/cosmx-spatial-molecular-imager/nsclc-ffpe-dataset,"He et al., High-plex imaging of RNA and proteins at subcellular resolution in fixed tissue by spatial molecular imaging, Nat. Biotechnol. (2022)",
landing page or accession only - no direct file URL resolved,cosmx_mouse_brai_cosmx,CosMx mouse brain data,CosMx,mouse,brain,https://nanostring.com/products/cosmx-spatial-molecular-imager/ffpe-dataset/cosmx-smi-mouse-brain-ffpe-dataset/,,
landing page or accession only - no direct file URL resolved,cosmx_lung_cosmx,CosMx-Lung,NanoString CosMx,Human,Lung (NSCLC),https://nanostring.com/products/cosmx-spatial-molecular-imager/nsclc-ffpe-dataset/,,
landing page or accession only - no direct file URL resolved,craave_seq_in_vi2025_craaveseq_aa,"CrAAVe-seq in vivo pooled CRISPR screening datasets (M1, M3, and Chaperone libraries)",CrAAVe-seq (AAV episome sequencing / Illumina sequencing),Mouse,Brain,10.5061/dryad.0k6djhb9t,CRISPR screening by AAV episome-sequencing (CrAAVe-seq): a scalable cell-type-specific in vivo platform uncovers neuronal essential genes,https://doi.org/10.1038/s41593-025-02043-9
landing page or accession only - no direct file URL resolved,cytassist_fresh__visium,CytAssist_Fresh_Frozen_Sagittal_Mouse_Brain / external cohort,10x Genomics Visium,mouse,brain,https://cf.10xgenomics.com/samples/spatial-exp/2.1.0/CytAssist_Fresh_Frozen_Sagittal_Mouse_Brain/CytAssist_Fresh_Frozen_Sagittal_Mouse_Brain_web_summary.html,,
landing page or accession only - no direct file URL resolved,risom2022_mibi,DCIS,MIBI,,breast,10.17632/d87vg86zd8.3,"Risom et al., Transition to invasive breast cancer is associated with progressive changes in the structure and composition of tumor stroma, Cell (2022)",https://doi.org/10.1101/2021.01.05.425362
landing page or accession only - no direct file URL resolved,dataset_12026_merfish,Dataset 1,MERFISH,mouse,brain,https://info.vizgen.com/mouse-brain-map,SCALE: unsupervised multiscale domain identification in spatial omics data,https://doi.org/10.1093/nar/gkaf1456
landing page or accession only - no direct file URL resolved,dataset_22026_visiumhd,Dataset 2,VisiumHD,mouse,brain,https://www.10xgenomics.com/datasets/visium-hd-cytassist-gene-expression-libraries-of-mouse-brain-he-v4,SCALE: unsupervised multiscale domain identification in spatial omics data,https://doi.org/10.1093/nar/gkaf1456
landing page or accession only - no direct file URL resolved,dataset_2_lymph_2022_codex,Dataset 2 (lymph node),CODEX,human,lymph node,HBM279.TQRS.775,Membrane marker selection for segmenting single cell spatial proteomics data,https://doi.org/10.1038/s41467-022-29667-w
landing page or accession only - no direct file URL resolved,dataset_32026_xenium,Dataset 3,Xenium,mouse,brain,https://www.10xgenomics.com/datasets/xenium-prime-fresh-frozen-mouse-brain,SCALE: unsupervised multiscale domain identification in spatial omics data,https://doi.org/10.1093/nar/gkaf1456
landing page or accession only - no direct file URL resolved,sultana2025_xenium,Dataset 4,Xenium,human,kidney,https://doi.org/10.1101/2024.12.18.629206,"Sultana et al., Spatiotemporal interaction of immune and renal cells controls glomerular crescent formation in autoimmune kidney disease, Nat Immunol (2025)",https://doi.org/10.1038/s41590-025-02291-8
landing page or accession only - no direct file URL resolved,xiao2018_starmap,Dataset10 / Mouse visual cortex STARmap dataset,STARmap,mouse,visual cortex,https://www.dropbox.com/scl/fo/s95c5nr3zjjhn4oc2nz72/AOqeae5ZwyF2vZcvpXlxH8I/visual_1020/20180505_BY3_1kgenes?rlkey=herdyoo1sggk4rzleiowfwufe&subfolder_nav_tracking=1&dl=0,"Xiao et al., Three-dimensional intact-tissue sequencing of single-cell transcriptional states, Science (2018)",https://doi.org/10.3410/f.733482536.793547704
landing page or accession only - no direct file URL resolved,brann2020_seqfish,Dataset64 (mouse olfactory bulb),seqFISH,mouse,olfactory bulb,https://github.com/CaiGroup/seqFISH-PLUS,"Brann et al., Non-neuronal expression of SARS-CoV-2 entry genes in the olfactory system suggests mechanisms underlying COVID-19-associated anosmia, Sci Adv (2020)",https://doi.org/10.1242/prelights.19681
landing page or accession only - no direct file URL resolved,deep_visual_prot2025_mass_spectro,Deep Visual Proteomics (DVP) spatial proteomics dataset,Mass spectrometry (Deep Visual Proteomics),Human,Fallopian tube and omentum,https://www.ebi.ac.uk/pride/archive/projects/PXD062349,Integration of cell-type resolved spatial proteomics and transcriptomics reveals novel mechanisms in early ovarian cancer,https://doi.org/10.1101/2025.08.25.25333715
landing page or accession only - no direct file URL resolved,deepspacedb_10x_2026_visium,DeepSpaceDB 10X Genomics Visium collection (including DSID000600 and DSID000211/DSID000213),10X Genomics Visium,human and mouse,"various tissues including brain, lung, liver, skin, breast, and kidney","NCBI GEO, the 10X Genomics website, and other data repositories",DeepSpaceDB: a spatial transcriptomics atlas for interactive in-depth analysis of tissues and tissue microenvironments,https://doi.org/10.1093/nar/gkaf1117
landing page or accession only - no direct file URL resolved,castranio2023_visium_2,DeepSpaceDB 10X Genomics Visium collection (mouse brain Alzheimer's model sample DSID000211 and control sample DSID000213),10X Genomics Visium,mouse,brain,"NCBI GEO, 10X Genomics website, other data repositories (Supplementary Table S2)","Castranio et al., Microglial INPP5D limits plaque formation and glial reactivity in the PSAPP mouse model of Alzheimer’s disease, Alzheimer's Dement. (2023)",
landing page or accession only - no direct file URL resolved,castranio2023_visium_3,DeepSpaceDB 10X Genomics Visium samples collection (mouse Alzheimer's disease model brain sample DSID000211 and control brain sample DSID000213),10X Genomics Visium,mouse,brain,"NCBI GEO, the 10X Genomics website, and other data repositories (see Supplementary Table S2)","Castranio et al., Microglial INPP5D limits plaque formation and glial reactivity in the PSAPP mouse model of Alzheimer’s disease, Alzheimer’s Dement. (2023)",
landing page or accession only - no direct file URL resolved,delile2019_unknown,Delile dataset,,mouse,developing mouse spinal cord,E-MTAB-7320,"Delile et al., Single cell transcriptomics reveals spatial and temporal dynamics of gene expression in the developing mouse spinal cord, Development (2019)",https://doi.org/10.1242/prelights.5877
landing page or accession only - no direct file URL resolved,farah2024_developing_heart_merfish,Developing human heart MERFISH,MERFISH,human,heart (developing),https://doi.org/10.5061/dryad.w0vt4b8vp,"Farah et al., Nature 627, 854-864 (2024)",https://doi.org/10.1038/s41586-024-07171-z
landing page or accession only - no direct file URL resolved,asp2019_st,Developing human heart spatial transcriptomics dataset,ST,Human,heart,https://data.mendeley.com/datasets/mbvhhf8m62/2,"Asp et al., A spatiotemporal organ-wide gene expression and cell atlas of the developing human heart, Cell (2019)",https://doi.org/10.3410/f.737069523.793570461
landing page or accession only - no direct file URL resolved,tian2019_rnaseq,Domain-specific shoot apical meristem bulk RNA-seq,RNA-seq,Arabidopsis thaliana,Shoot domains / shoot apical meristem,PRJNA471232,"Tian et al., A gene expression map of shoot domains reveals regulatory mechanisms, Nat. Commun. (2019)",https://doi.org/10.1038/s41467-018-08083-z
landing page or accession only - no direct file URL resolved,langersafer1982_fish,Drosophila Embryo FISH,FISH,Drosophila,Embryo,https://github.com/rajewsky-lab/distmap,"Langer-Safer et al., Immunological method for mapping genes on Drosophila polytene chromosomes, Proceedings of the National Academy of Sciences of the United States of America (1982)",https://doi.org/10.1073/pnas.79.14.4381
landing page or accession only - no direct file URL resolved,karaiskos2017_st,Drosophila embryo spatial and scRNA-seq data,DistMap / spatial imaging,Drosophila,embryo,syn15665609,"Karaiskos et al., The Drosophila embryo at single-cell transcriptome resolution, Science (2017)",
landing page or accession only - no direct file URL resolved,karaiskos2017_in_situ_spat,Drosophila embryo spatial and scRNA-seq data,In situ spatial transcriptomic map integrated via SpaOTsc,Drosophila,Embryo,syn15665609,"Karaiskos et al., The Drosophila embryo at single-cell transcriptome resolution, Science (2017)",
landing page or accession only - no direct file URL resolved,karaiskos2017_in_situ_hybr,Drosophila embryo spatial data,in situ hybridization,Drosophila,embryo,syn15665609,"Karaiskos et al., The Drosophila embryo at single-cell transcriptome resolution, Science (2017)",
landing page or accession only - no direct file URL resolved,duck_50_tissue_t2025_illumina_pol,Duck 50-Tissue Transcriptome Atlas,Illumina (Poly(A) RNA-seq),Duck (Anas platyrhynchos / Nonghua Ma duck),50 distinct tissues covering major physiological systems,PRJCA053183,A 50-tissue transcriptome atlas of the duck for gene network and functional analysis,https://doi.org/10.1016/j.psj.2025.106269
landing page or accession only - no direct file URL resolved,e14tg2a_hyperlop_orbitrap_fus,E14TG2a hyperLOPIT spatial proteome dataset,Orbitrap Fusion (TMT 10-plex / SPS-MS3),Mouse,Embryonic stem cells (E14TG2a) ,PXD001279,,
landing page or accession only - no direct file URL resolved,borm2022_eel_fish,EEL FISH (Mouse 440 gene RNA data),EEL FISH,mouse,sagittal whole-brain slice,http://mousebrain.org/adult/downloads.html,"Borm et al., Scalable in situ single-cell profiling by electrophoretic capture of mRNA using EEL FISH, Nat. Biotechnol. (2022)",https://doi.org/10.1038/s41587-022-01455-3
landing page or accession only - no direct file URL resolved,baldock2003_unknown,EMAGE / e-Mouse Atlas Project (EMAP) database images,,mouse,embryo,http://www.emouseatlas.org/emap/home.html and http://www.emouseatlas.org/emage/home.php,"Baldock et al., EMAP and EMAGE: A framework for understanding spatially organised data, Neuroinformatics (2003)",https://doi.org/10.1385/ni:1:4:309
landing page or accession only - no direct file URL resolved,davis2018_atacseq,ENCODE ATAC-seq (E13.5 mouse embryo),ATAC-seq,Mouse,Embryo brain,https://www.encodeproject.org/search/?type=Experiment&status=released&related_series.@type=OrganismDevelopmentSeries&replicates.library.biosample.organism.scientific_name=Mus+musculus&assay_title=ATAC-seq&life_stage_age=embryonic%2013.5%20days,"Davis et al., The Encyclopedia of DNA Elements (ENCODE) data portal, Nature (2018)",https://doi.org/10.64898/2026.07.06.731365
landing page or accession only - no direct file URL resolved,grubman2019_snrnaseq,ENTI single-nuclei RNA sequencing (snRNA-seq) dataset,snRNA-seq,human,entorhinal cortex,GSE138852,"Grubman et al., A single-cell atlas of entorhinal cortex from individuals with Alzheimer's disease reveals cell-type-specific gene expression regulation, Nat Neurosci (2019)",https://doi.org/10.1038/s41593-019-0539-4
landing page or accession only - no direct file URL resolved,embryonic_mouse__stereo,Embryonic mouse brain coronal sections,Stereo-seq,Mouse,Embryonic brain,PRJNA948178,,
landing page or accession only - no direct file URL resolved,embryonic_mouse_2023_stereo,Embryonic mouse brain sections (E14.5),Stereo-seq,Mus musculus,Embryonic brain,PRJNA948178,STellaris: a web server for accurate spatial mapping of single cells based on spatial transcriptomics data,https://doi.org/10.1093/nar/gkad419
landing page or accession only - no direct file URL resolved,exseq_exseq,Exseq,Exseq,,,https://github.com/spacetx-spacejam/data,,
landing page or accession only - no direct file URL resolved,faxp_mouse_and_h_mass_spectro,FAXP mouse and human colorectal cancer datasets,Mass Spectrometry,Mouse and Human,"Liver, kidney, brain, and colorectal cancer FFPE tissues",PXD041412,,
landing page or accession only - no direct file URL resolved,ff_mouse_brain_s_visium,FF Mouse Brain Serial Section 1 (Sagittal-Anterior),10x Visium,human,melanoma,https://www.10xgenomics.com/datasets/human-melanoma-if-stained-ffpe-2-standard,,
landing page or accession only - no direct file URL resolved,familial_ipf_lun_visium,Familial IPF lung spatial and scRNA-seq datasets,Visium,Human,Lung parenchyma (upper and lower lobe),"https://data.sennetconsortium.org/ under identifiers SNT283.VJLG.263, SNT863.DDDW.723, SNT362.WCQB.995, SNT597.VKCR.938, and SNT964.RXQC.298",,
landing page or accession only - no direct file URL resolved,suo2022_visium,Fetal immune system ST samples,10X Visium,human,thymus,https://developmental.cellatlas.io/fetal-immune,"Suo et al., Mapping the developing human immune system across organs, Science (2022)",https://doi.org/10.3410/f.742140369.793593868
landing page or accession only - no direct file URL resolved,fixed_cell_scrna2025_10x_genomics,Fixed-cell scRNA-seq dataset (methanol and ACME fixed),10X Genomics,Hydractinia symbiolongicarpus,Feeding polyps and stolon tissue,PRJNA1263849,An updated and spatially validated somatic single-cell atlas of  Hydractinia symbiolongicarpus,https://doi.org/10.1101/2025.06.03.657738
landing page or accession only - no direct file URL resolved,barrett2012_unknown,GSE159697_GSM4837766,,,Prostate,GSE159697_GSM4837766,"Barrett et al., NCBI GEO: archive for functional genomics data sets–update, Nucleic Acids Res (2012)",https://doi.org/10.1093/nar/gks1193
landing page or accession only - no direct file URL resolved,gse1990662022_visium,GSE199066,Visium Spatial Gene Expression Slides and Reagent Kits (10X Genomics),mouse,brain,https://www.ncbi.nlm.nih.gov/geo/query/acc.cgi?acc=GSE199066,Detection of differentially expressed genes in spatial transcriptomics data by spatial analysis of spatial transcriptomics: A novel method based on spatial statistics,https://doi.org/10.3389/fnins.2022.1086168
landing page or accession only - no direct file URL resolved,buzzi2022_visium,GSM5519054_Visium_MouseBrain,10X Visium,Mouse,Brain,GEO: GSM5519054,"Buzzi et al., Spatial transcriptome analysis defines heme as a hemopexin-targetable inflammatoxin in the brain, Free Radic Biol Med (2022)",https://doi.org/10.1016/j.freeradbiomed.2021.11.011
landing page or accession only - no direct file URL resolved,gsm6177599_spatial_tran,GSM6177599,spatial transcriptomics,Homo sapiens,Breast carcinoma,GSM6177599,,
landing page or accession only - no direct file URL resolved,eraslan2022_snrnaseq,GTEx mammary tissue snRNAseq dataset (GTEX-1R9PN),snRNAseq,human,mammary tissue,https://www.gtexportal.org/home/downloads/adult-gtex/single_cell,"Eraslan et al., Single-nucleus cross-tissue molecular reference maps toward understanding disease gene function, Science (2022)",https://doi.org/10.1126/science.abl4290
landing page or accession only - no direct file URL resolved,shi2021_scrnaseq,Ganglionic eminence scRNA-seq dataset,scRNA-seq,Human and Mouse,Ganglionic eminence,https://ftp.ncbi.nlm.nih.gov/geo/ (or reference source),"Shi et al., Mouse and human share conserved transcriptional programs for interneuron development, Science (2021)",https://doi.org/10.1126/science.abj6641
landing page or accession only - no direct file URL resolved,peng2019_geoseq_2,"Geo-seq mouse embryo E6.5, E7.0, E7.5 dataset",Geo-seq,Mouse,Embryo,GSE120963,"Peng et al., A 3D spatial transcription atlas of the gastrulating mouse embryo, Nature (2019)",
landing page or accession only - no direct file URL resolved,geomx_immune_cel_geomx,GeoMx Immune Cell Profiling panel data,GeoMx DSP,Human,Oesophageal squamous cell carcinoma and metastatic lymph node,PRJCA017168,,
landing page or accession only - no direct file URL resolved,duhamel2022_maldimsi_lc,Glioblastoma patient cohort spatial omics dataset,MALDI-MSI / LC-MS/MS,Human,Glioblastoma,PXD016165,"Duhamel et al., Spatial analysis of the glioblastoma proteome reveals specific molecular signatures and markers of survival, Nat. Commun. (2022)",https://doi.org/10.1038/s41467-022-34208-6
landing page or accession only - no direct file URL resolved,hbc_xenium,HBC,Xenium,Human,Breast cancer,https://www.10xgenomics.com/datasets/ffpe-human-pancreas-with-xenium-multimodal-cell-segmentation-1-standard,,
landing page or accession only - no direct file URL resolved,hbchd_visiumhd,HBCHD,Visium HD,Mouse,Brain,https://www.10xgenomics.com/datasets/visium-hd-cytassist-gene-expression-human-breast-cancer-fresh-frozen,,
landing page or accession only - no direct file URL resolved,liu2023_visium,HCC ST dataset (Liu et al.),10× Visium,Human,Hepatocellular carcinoma,Mendeley Data: https://data.mendeley.com/datasets/skrx2fz79n/1,"Liu et al., Identification of a tumour immune barrier in the HCC microenvironment that determines the efficacy of immunotherapy, J. Hepatol. (2023)",https://doi.org/10.1016/j.jhep.2023.01.011
landing page or accession only - no direct file URL resolved,liu2023_unknown,HCC spatial data,,,Hepatocellular carcinoma,skrx2fz79n,"Liu et al., Identification of a tumour immune barrier in the HCC microenvironment that determines the efficacy of immunotherapy, J Hepatol (2023)",https://doi.org/10.1016/j.jhep.2023.01.011
landing page or accession only - no direct file URL resolved,vickovic2019_hdst,HDST primary breast cancer frozen tissue section H&E images,High-definition spatial transcriptomics (HDST),mouse,olfactory bulb,Broad Institute's single-cell repository with ID SCP420,"Vickovic et al., High-definition spatial transcriptomics for in situ tissue profiling, Nat Methods (2019)",https://doi.org/10.3410/f.736580626.793579537
landing page or accession only - no direct file URL resolved,andersson2021_10x_genomics,HER2+,10X Genomics,human,breast cancer,https://github.com/almaan/her2st/,"Andersson et al., Spatial deconvolution of HER2-positive breast cancer delineates tumor-associated cell type interactions, Nat Commun (2021)",https://doi.org/10.1038/s41467-021-26271-2
landing page or accession only - no direct file URL resolved,xun2023_visium,HER2-Amplified Invasive Ductal Carcinoma (IDC),10x Visium,Human,Breast Cancer,www.10xgenomics.com/datasets/human-breast-cancer-IDC,"Xun et al., Reconstruction of the tumor spatial microenvironment along the malignant-boundary-nonmalignant axis, Nat Commun (2023)",https://doi.org/10.1038/s41467-023-36560-7
landing page or accession only - no direct file URL resolved,andersson2021_unknown,HER2-positive breast tumors,,human,breast cancer,EGA: EGAD00001008031,"Andersson et al., Spatial deconvolution of her2-positive breast cancer delineates tumor-associated cell type interactions, Nature Communications (2021)",https://doi.org/10.1038/s41467-021-26271-2
landing page or accession only - no direct file URL resolved,jaume2024_visiumhd,HEST-1k,Visium / Xenium / Visium HD,Homo sapiens / Mus musculus,various,https://openreview.net/forum?id=mlhFJE7PKo,"Jaume et al., HEST-1k: A dataset for spatial transcriptomics and histology image analysis, The Thirty-eight Conference on Neural Information Processing Systems Datasets and Benchmarks Track (2024)",https://doi.org/10.52202/079017-1704
landing page or accession only - no direct file URL resolved,nelson2024_visium,HPC,10x Genomics Visium,human,hippocampus,http://biorxiv.org/lookup/doi/10.1101/2024.04.26.590643,"Nelson et al., An integrated single-nucleus and spatial transcriptomics atlas reveals the molecular landscape of the human hippocampus (2024)",https://doi.org/10.1101/2024.04.26.590643
landing page or accession only - no direct file URL resolved,klughammer2024_slideseq,"HTAPP breast cancer liver metastases data (HTAPP-895-SMP-7359, HTAPP-944-SMP-7479, HTAPP-878-SMP-7149, HTAPP-880-SMP-7179)",Slide-seq,Human,Breast cancer liver metastases,https://www.ncbi.nlm.nih.gov/projects/gap/cgi-bin/study.cgi?study_id=phs002371.v6.p1,"Klughammer et al., A multi-modal single-cell and spatial expression map of metastatic breast cancer biopsies across clinicopathological features, Nat Med (2024)",
landing page or accession only - no direct file URL resolved,haber2017_scrnaseq_2,Haber 2017 scRNA-seq,scRNA-seq,Mouse,Small intestinal epithelium,GSE103345,"Haber et al., A single-cell survey of the small intestinal epithelium, Nature (2017)",
landing page or accession only - no direct file URL resolved,habermann2020_10x_genomics,Habermann scRNA-seq transcriptomics dataset,10x Genomics Chromium,Human,Lung,GSE135893,"Habermann et al., Single-Cell RNA Sequencing Reveals Profibrotic Roles of Distinct Epithelial and Mesenchymal Lineages in Pulmonary Fibrosis, Sci. Adv. (2020)",
landing page or accession only - no direct file URL resolved,hring2018_c1_fluidigm,Haring dataset,C1 Fluidigm,mouse,postnatal mouse spinal cord,GSE103840,"Häring et al., Neuronal atlas of the dorsal horn defines its architecture and links sensory input to transcriptional cell types, Nat. Neurosci. (2018)",https://doi.org/10.1038/s41593-018-0141-1
landing page or accession only - no direct file URL resolved,he2020_spatial_tran,He et al. breast cancer dataset,Spatial Transcriptomics,,Breast cancer,https://data.mendeley.com/datasets/29ntw7sh4r/5,"He et al., Integrating spatial gene expression and breast tumour morphology via deep learning, Nat. Biomed. Eng. (2020)",https://doi.org/10.1038/s41551-020-0578-x
landing page or accession only - no direct file URL resolved,hela_cytoplasmic_quantitative,"HeLa cytoplasmic, nuclear, and nucleolar proteome turnover and localization dataset",Quantitative mass spectrometry and SILAC,Human,HeLa cells,http://www.lamondlab.com/turnover/,,
landing page or accession only - no direct file URL resolved,du2014_rnaseq,Hepatocyte differentiation RNA-seq,RNA-seq,human,hepatocytes and human embryonic fibroblasts,GSE54066,"Du et al., Human hepatocytes with drug metabolic function induced from fibroblasts by lineage reprogramming, Cell Stem Cell (2014)",https://doi.org/10.3410/f.718293835.793492173
landing page or accession only - no direct file URL resolved,halpern2017_singlecell_r,Hepatocyte transcriptomic data,single-cell RNA-seq,mouse,liver,GSE84498,"Halpern et al., Single-cell spatial reconstruction reveals global division of labour in the mammalian liver, Nature (2017)",https://doi.org/10.3410/f.727277514.793528807
landing page or accession only - no direct file URL resolved,herrera2022_lcms,Herrera spatial proteomics dataset,LC-MS,Human,Lung,PXD029341,"Herrera et al., The UIP/IPF Fibroblastic Focus Is a Collagen Biosynthesis Factory Embedded in a Distinct Extracellular Matrix, JCI Insight (2022)",https://doi.org/10.1172/jci.insight.156115
landing page or accession only - no direct file URL resolved,hipr_fish_and_162024_hiprfish_and,HiPR-FISH and 16S rRNA sequencing dataset of murine gut microbiota perturbation and recovery,HiPR-FISH and PacBio 16S HiFi sequencing,"Murine (mouse, BALB/c)",Cecum and distal colon,https://figshare.com/articles/dataset/Spatial_recovery_of_the_murine_gut_microbiota_after_antibiotics_perturbation_-_Raw_data/25766280,Spatial recovery of the murine gut microbiota after antibiotics perturbation,https://doi.org/10.1128/mbio.00707-24
landing page or accession only - no direct file URL resolved,lin2023high,High-plex immunofluorescence imaging and traditional histology of the same tissue section for discovering image-based biomarkers,Orion,human,colorectal,https://www.tissue-atlas.org/atlas-datasets/lin-chen-campton-2023/,High-plex immunofluorescence imaging and traditional histology of the same tissue section for discovering image-based biomarkers,https://www.nature.com/articles/s43018-023-00576-1
landing page or accession only - no direct file URL resolved,navarro2020_st,Hippocampus 1,ST,Mouse,Brain (Nervous Tissue),https://data.mendeley.com/datasets/6s959w2zyr/1,"Navarro et al., Spatial Transcriptomics Reveals Genes Associated with Dysregulated Mitochondrial Functions and Stress Signaling in Alzheimer Disease, iScience (2020)",https://doi.org/10.1016/j.isci.2020.101556
landing page or accession only - no direct file URL resolved,honey_bee_brain_2025_merfish,Honey bee brain MERFISH data,MERFISH,honey bee,brain,https://doi.org/10.6084/m9.figshare.16832518,RESCUE: recovery of idiosyncratic expression patterns in spatial transcriptomics,https://doi.org/10.1101/2025.08.11.669542
landing page or accession only - no direct file URL resolved,becker2022_codex,HuBMAP healthy intestine dataset,CODEX,Human,Healthy intestine,https://datadryad.org/stash/share/1OQtxew0Unh3iAdP-ELew-ctwuPTBz6Oy8uuyxqliZk,"Becker et al., Single-cell analyses define a continuum of cell state and composition changes in the malignant transformation of polyps to colorectal cancer, Nat. Genet. (2022)",https://doi.org/10.1038/s41588-022-01088-x
landing page or accession only - no direct file URL resolved,human_breast_can2025_visium_2,Human Breast Cancer (Space Ranger 1.3.0) Spatial Gene Expression Dataset,10x Genomics Visium,human,breast cancer,https://www.10xgenomics.com/datasets/human-breast-cancer-block-a-section-1-1-standard-1-0-0,Deep Learning-Enabled Integration of Histology and Transcriptomics for Tissue Spatial Profile Analysis,https://doi.org/10.34133/research.0568
landing page or accession only - no direct file URL resolved,rahman2023_visium,Human Breast Cancer Ductal Carcinoma (BCDC),10x Visium,Human,Breast Cancer,www.10xgenomics.com/datasets/breast-cancer-FFPE,"Rahman et al., Scribbledom: using scribble-annotated histology images to identify domains in spatial transcriptomics data, Bioinformatics (2023)",https://doi.org/10.1093/bioinformatics/btad594
landing page or accession only - no direct file URL resolved,human_breast_can2023_visium,Human Breast Cancer block 1 sample (HBC1),10X Visium,Human,Breast Cancer,https://github.com/linhuawang/SEAGAL/tree/main/test/data/VisiumData/Human_Breast_Cancer_BAS1,Unravelling spatial gene associations with SEAGAL: a Python package for spatial transcriptomics data analysis and visualization,https://doi.org/10.1093/bioinformatics/btad431
landing page or accession only - no direct file URL resolved,human_breast_can_visium_5,Human Breast Cancer block 1 sample (HBC1),10X Visium,Human,Breast Cancer,https://github.com/linhuawang/SEAGAL,,
landing page or accession only - no direct file URL resolved,human_breast_can_visium_7,"Human Breast Cancer: Ductal Carcinoma In Situ, Invasive Carcinoma (FFPE)",10X Visium,human,breast,V1_Breast_Cancer_Block_A_Section_1,,
landing page or accession only - no direct file URL resolved,che2021_singlecell_r,Human CRC single-cell dataset (Che),single-cell RNA-seq,human,colorectal cancer,GSE178318,"Che et al., A single-cell atlas of liver metastases of colorectal cancer reveals reprogramming of the tumor microenvironment in response to preoperative chemotherapy, Cell Discovery (2021)",https://doi.org/10.21203/rs.3.rs-84915/v1
landing page or accession only - no direct file URL resolved,khaliq2022_singlecell_r,Human CRC single-cell dataset (Khaliq),single-cell RNA-seq,human,colorectal cancer,GSE200997,"Khaliq et al., Correction: Refining colorectal cancer classification and clinical stratification through a single-cell atlas, Genome Biol . (2022)",https://doi.org/10.1186/s13059-022-02724-9
landing page or accession only - no direct file URL resolved,he2020_visium,"Human Cancer Datasets (Melanoma, Breast Cancer, Prostate Cancer, Glioblastoma, Colorectal Cancer, Ovarian Cancer)",10x Visium,human,breast tumor,https://data.mendeley.com/datasets/29ntw7sh4r/5,"He et al., Integrating spatial gene expression and breast tumour morphology via deep learning, Nat Biomed Eng (2020)",https://doi.org/10.1038/s41551-020-0578-x
landing page or accession only - no direct file URL resolved,nagy2020_unknown,Human DLPFC CellDART,,Human,prefrontal cortex,GSE144136,"Nagy et al., Single-nucleus transcriptomics of the prefrontal cortex in major depressive disorder implicates oligodendrocyte precursor cells and excitatory neurons, Nat Neurosci (2020)",https://doi.org/10.3410/f.737829927.793575795
landing page or accession only - no direct file URL resolved,maynard2024_visium,Human DLPFC dataset,Visium,human,dorsolateral prefrontal cortex,http://research.libd.org/spatialLIBD/index.html,"Maynard et al., Transcriptome-scale spatial gene expression in the human dorsolateral prefrontal cortex, Nature Neuroscience (2024)",https://doi.org/10.7490/f1000research.1118079.1
landing page or accession only - no direct file URL resolved,ke2013_iss,Human Middle Temporal Gyrus ISS,ISS,Human,Middle temporal gyrus (MTG),https://github.com/spacetx-spacejam/data,"Ke et al., In situ sequencing for RNA analysis in preserved tissue and cells, Nature Methods (2013)",https://doi.org/10.1038/nmeth.2563
landing page or accession only - no direct file URL resolved,human_organ_atla2025_tomo,Human Organ Atlas datasets,HiP-CT (Hierarchical Phase-Contrast Tomography),human,"brain, colon, heart, kidney, liver, lung, prostate, spleen, testis",human-organ-atlas.esrf.eu,The Human Organ Atlas,https://doi.org/10.1101/2025.07.31.667856
landing page or accession only - no direct file URL resolved,kwon2023_visium_2,Human Ovarian Cancer,10x Visium,Human,Serous papillary carcinoma / high-grade serous ovarian carcinoma (FFPE),GSE192898,"Kwon et al., Single-cell mapping of combinatorial target antigens for CAR switches using logic gates, Nat Biotechnol (2023)",https://doi.org/10.1038/s41587-023-01686-y
landing page or accession only - no direct file URL resolved,human_pdac_tissu_iss,Human PDAC tissue microarray mIHC imaging dataset,mIHC (TissueFAXS),Human,Pancreatic ductal adenocarcinoma (PDAC),https://www.ebi.ac.uk/biostudies/bioimages/studies/S-BIAD1424?query=S-BIAD1424,,
landing page or accession only - no direct file URL resolved,human_reference_2022_visium,Human Reference RNA Dataset,10x Genomics Visium Spatial Gene Expression assay / NextSeq2000,Human,Universal human reference RNA,PRJNA775889,Enabling automated and reproducible spatially resolved transcriptomics at scale,https://doi.org/10.1016/j.heliyon.2022.e09651
landing page or accession only - no direct file URL resolved,human_t2d_pancre_xenium,Human T2D pancreas spatial transcriptomics and proteomics dataset,Xenium and PhenoCycler,Human,Frontal cortex / Brain,HBM524.TBLD.976,,
landing page or accession only - no direct file URL resolved,chen2022_visium,"Human brain dataset (Alzheimer's / 6 samples: 2-3-AD, 2-8-AD, T4857-AD, 2-5, 18-64, 1-1)",10x Visium,Human,middle temporal gyrus,GSE220442,"Chen et al., Spatially resolved transcriptomics reveals genes associated with the vulnerability of middle temporal gyrus in Alzheimer’s disease, Acta Neuropathol Commun (2022)",https://doi.org/10.21203/rs.3.rs-855234/v1
landing page or accession only - no direct file URL resolved,maynard2021_10x_genomics,Human brain sample DLPFC snRNA-seq reference,10x Genomics Chromium,human,dorsolateral prefrontal cortex,http://research.libd.org/spatialLIBD/,"Maynard et al., Transcriptome-scale spatial gene expression in the human dorsolateral prefrontal cortex, Nat. Neurosci. (2021)",https://doi.org/10.7490/f1000research.1118079.1
landing page or accession only - no direct file URL resolved,janesick2022_visium,Human breast cancer Visium data,Visium,Human,Breast cancer,10.1101/2022.10.06.510405,"Janesick et al., High resolution mapping of the breast cancer tumor microenvironment using integrated single cell, spatial and in situ analysis of FFPE tissue, bioRxiv (2022)",https://doi.org/10.1038/s41467-023-43458-x
landing page or accession only - no direct file URL resolved,janesick2023_visium_2,Human breast cancer Xenium and Visium dataset,10x Genomics Xenium and Visium,human,breast cancer,https://www.10xgenomics.com/products/xenium-in-situ/preview-dataset-human-breast,"Janesick et al., High resolution mapping of the breast cancer tumor microenvironment using integrated single cell, spatial and in situ analysis of FFPE tissue, Nat. Commun . (2023)",https://doi.org/10.1038/s41467-023-43458-x
landing page or accession only - no direct file URL resolved,janesick2022_xenium,Human breast cancer Xenium dataset,Xenium,Human,Ductal carcinoma in situ,https://www.10xgenomics.com/products/xenium-in-situ/preview-dataset-human-breast,"Janesick et al., High resolution mapping of the breast cancer tumor microenvironment using integrated single cell, spatial and in situ analysis of FFPE tissue, bioRxiv (2022)",https://doi.org/10.1038/s41467-023-43458-x
landing page or accession only - no direct file URL resolved,bhuva2024_xenium,Human breast cancer Xenium dataset,Xenium,mouse,brain,https://www.bioconductor.org/packages/release/data/experiment/html/SubcellularSpatialData.html,"Bhuva et al., Library size confounds biology in spatial transcriptomics data, Genome Biol (2024)",https://doi.org/10.1186/s13059-024-03241-7
landing page or accession only - no direct file URL resolved,hang2024_visium,Human breast cancer dataset,10X Visium,human,breast cancer,https://support.10xgenomics.com/spatial-gene-expression/datasets/1.1.0,"Hang et al., Unsupervised spatially embedded deep representation of spatial transcriptomics, Genome Med (2024)",https://doi.org/10.1101/2021.06.15.448542
landing page or accession only - no direct file URL resolved,pelka2021_visiumhd,Human colon cancer scRNA-seq reference (GSE178341) / VisiumHD Human Colorectal Cancer data,VisiumHD / 10X Genomics,Human,Colorectal cancer,https://www.ncbi.nlm.nih.gov/geo/query/acc.cgi?acc=GSE178341,"Pelka et al., Spatially organized multicellular immune hubs in human colorectal cancer, Cell (2021)",https://doi.org/10.1136/jitc-2021-sitc2021.641
landing page or accession only - no direct file URL resolved,uzquiano2022_slideseq,Human cortical organoid dataset,Slide-seq V2,Human,Cortical organoid,https://singlecell.broadinstitute.org/single_cell/study/SCP1756/cortical-organoids-atlas,"Uzquiano et al., Proper acquisition of cell class identity in organoids allows definition of fate specification programs of the human cerebral cortex, Cell (2022)",https://doi.org/10.1016/j.cell.2022.09.010
landing page or accession only - no direct file URL resolved,pardo2022_visium,Human dorsolateral pre-frontal cortex (DLPFC) dataset,10X Visium,Human,Dorsolateral pre-frontal cortex,https://github.com/LieberInstitute/spatialLIBD,"Pardo et al., spatialLIBD: an R/Bioconductor package to visualize spatially-resolved transcriptomics data, BMC Genomics (2022)",https://doi.org/10.1186/s12864-022-08601-w
landing page or accession only - no direct file URL resolved,maynard2020_visium,Human dorsolateral prefrontal cortex (DLPFC) serial dissections,Visium,human,dorsolateral prefrontal cortex,https://github.com/LieberInstitute/HumanPilot,"Maynard et al., Transcriptome-scale spatial gene expression in the human dorsolateral prefrontal cortex (2020)",https://doi.org/10.7490/f1000research.1118079.1
landing page or accession only - no direct file URL resolved,maynard2021_dlpfc_visium,Human dorsolateral prefrontal cortex (spatialLIBD),10x Visium,human,prefrontal cortex,http://research.libd.org/spatialLIBD/,"Maynard et al., Nature Neuroscience 24, 425-436 (2021)",https://doi.org/10.1038/s41593-021-00817-5
landing page or accession only - no direct file URL resolved,human_embryonic_2016_illumina_his,Human embryonic organogenesis transcriptomes,Illumina HiSeq2000 or HiSeq2500,human,"15 embryonic tissues and organs (brain, retinal pigmented epithelium, palate, thyroid/parathyroid, lung, stomach, pancreas, liver, tongue, heart/left ventricle, testis, adrenal, kidney, upper limb, lower limb)",E-MTAB-3928,An integrative transcriptomic atlas of organogenesis in human embryos,https://doi.org/10.7554/eLife.15657.024
landing page or accession only - no direct file URL resolved,cebola2015_rnaseq,Human embryonic pancreatic progenitor RNA-seq,RNA-seq,human,pancreas,E-MTAB-3061,"Cebola et al., TEAD and YAP regulate the enhancer network of human embryonic pancreatic progenitors, Nature Cell Biology (2015)",https://doi.org/10.1038/ncb3160
landing page or accession only - no direct file URL resolved,human_fetal_panc2019_in_situ_sequ,Human fetal pancreas in situ sequencing dataset,in situ sequencing,human,fetal pancreas,https://github.com/RuishanLiu/Gene-Spatial,Modeling Spatial Correlation of Transcripts with Application to Developing Pancreas,https://doi.org/10.1038/s41598-019-41951-2
landing page or accession only - no direct file URL resolved,franjic2022_snrnaseq,Human hippocampus (snRNA-seq),snRNA-seq,Human,Hippocampus,https://www.ncbi.nlm.nih.gov/geo/query/acc.cgi?acc=GSE186538,"Franjic et al., Transcriptomic taxonomy and neurogenic trajectories of adult human, macaque, and pig hippocampal and entorhinal cells, Neuron (2022)",https://doi.org/10.1016/j.neuron.2021.10.036
landing page or accession only - no direct file URL resolved,li2022_visium,Human kidney cancer 10x Visium data (tumor core and tumor interface),10x Visium,Human,Kidney cancer,https://data.mendeley.com/datasets/g67bkbnhhg/1,"Li et al., Mapping single-cell transcriptomes in the intra-tumoral and associated territories of kidney cancer, Cancer Cell (2022)",https://doi.org/10.3410/f.742423547.793596813
landing page or accession only - no direct file URL resolved,human_kidney_spa_maldimsi_and,Human kidney spatial top-down proteomics / HuBMAP dataset,MALDI-MSI and LC-MS/MS (UHMR Orbitrap / Orbitrap Fusion Lumos),human,kidney,https://doi.org/10.35079/HBM334.DQWS.354,,
landing page or accession only - no direct file URL resolved,human_live_donor2025_visiumhd,Human live donor and liver pathology spatial transcriptomics dataset,"10x Visium, Visium HD, and MERFISH",Human,Liver,https://zenodo.org/records/14795740,A spatial transcriptomics atlas of live donors reveals unique zonation patterns in the healthy human liver,https://doi.org/10.1101/2025.02.22.639181
landing page or accession only - no direct file URL resolved,salcher2022_visium,Human lung cancer 10x Visium data,10x Visium,Human,Lung cancer,https://www.10xgenomics.com/resources/datasets/human-lung-cancer-ffpe-2-standard,"Salcher et al., High-resolution single-cell atlas reveals diversity and plasticity of tissue-resident neutrophils in non-small cell lung cancer, Cancer Cell (2022)",https://doi.org/10.1101/2022.05.09.491204
landing page or accession only - no direct file URL resolved,smalley2021_scrnaseq,Human melanoma single-cell RNA-seq dataset,scRNA-seq,Human,Metastatic melanoma,GSE174401,"Smalley et al., Single-cell characterization of the immune microenvironment of melanoma brain and leptomeningeal metastases, Clin. Cancer Res. (2021)",https://doi.org/10.1158/1078-0432.c.6530586
landing page or accession only - no direct file URL resolved,fang2022_merfish,Human middle temporal gyrus (MTG) dataset (MERFISH),MERFISH,mouse,visual cortex,10.5061/dryad.x3ffbg7mw,"Fang et al., Conservation and divergence of cortical cell organization in human and mouse revealed by MERFISH, Science (2022)",https://doi.org/10.1126/science.abm1741
landing page or accession only - no direct file URL resolved,kuppe2022_visium,"Human myocardial infarction scRNA-seq, scATAC-seq and 10x Visium data",Visium,human,heart,https://cellxgene.cziscience.com/collections/8191c283-0816-424b-9b61-c3e1d6258a77,"Kuppe et al., Spatial multi-omic map of human myocardial infarction, Nature (2022)",https://doi.org/10.3410/f.742275067.793594761
landing page or accession only - no direct file URL resolved,polioudakis2019_scrnaseq,Human neocortex scRNA-seq dataset,scRNA-seq,Human,Neocortex,http://solo.bmap.ucla.edu/shiny/webapp/,"Polioudakis et al., A Single-Cell Transcriptomic Atlas of Human Neocortical Development during Mid-gestation, Neuron (2019)",https://doi.org/10.1016/j.neuron.2019.06.011
landing page or accession only - no direct file URL resolved,he2022_cosmx_4,Human non-small cell lung cancer (NSCLC) dataset (Lung #5-3),CosMx SMI platform,human,non-small-cell lung cancer (NSCLC),https://nanostring.com/products/cosmx-spatial-molecular-imager/ffpe-dataset/,"He et al., High-plex imaging of RNA and proteins at subcellular resolution in fixed tissue by spatial molecular imaging, Nat. Biotechnol. (2022)",
landing page or accession only - no direct file URL resolved,he2022_cosmx_3,Human non-small-cell lung cancer (NSCLC) dataset,CosMx SMI platform (High-plex spatial molecular imaging),Human,Non-small-cell lung cancer (NSCLC),https://nanostring.com/resources/smi-ffpe-dataset-lung9-rep1-data/,"He et al., High-plex imaging of RNA and proteins at subcellular resolution in fixed tissue by spatial molecular imaging, Nat. Biotechnol. (2022)",
landing page or accession only - no direct file URL resolved,zhang2022_scrnaseq,Human ovarian cancer scRNA-seq data,scRNA-seq,Human,Ovarian cancer tissue,GSE165897,"Zhang et al., Longitudinal single-cell RNA-seq analysis reveals stress-promoted chemoresistance in metastatic ovarian cancer, Sci. Adv. (2022)",
landing page or accession only - no direct file URL resolved,kamath2022_snrnaseq,Human postmortem snRNA-seq data,snRNA-seq,human,caudate nucleus,GSE178265,"Kamath et al., Single-cell genomic profiling of human dopamine neurons identifies a population that selectively degenerates in Parkinson’s disease, Nat. Neurosci. (2022)",https://doi.org/10.3410/f.742115667.793594170
landing page or accession only - no direct file URL resolved,wu2021_visium,"Human primary liver cancer samples (HCC-1N, HCC-1L, HCC-1T, cHC-1N, cHC-1L, cHC-1T, HCC-2N, HCC-2L, HCC-2T, HCC-2P, HCC-3N, HCC-3L, HCC-3T, HCC-4N, HCC-4L, HCC-4T, ICC-1L, HCC-5A, HCC-5B, HCC-5C, HCC-5D)",Visium,human,liver cancer,HRA000437,"Wu et al., Comprehensive analysis of spatial architecture in primary liver cancer, Sci. Adv. (2021)",
landing page or accession only - no direct file URL resolved,wu2021_visium_4,"Human primary liver cancer samples (HCC-1N, HCC-1L, HCC-1T, cHC-1N, cHC-1L, cHC-1T, HCC-2N, HCC-2L, HCC-2T, HCC-2P, HCC-3N, HCC-3L, HCC-3T, HCC-4N, HCC-4L, HCC-4T, ICC-1L, HCC-5A, HCC-5B, HCC-5C, HCC-5D)",10x Visium platform,human,liver cancer,https://ngdc.cncb.ac.cn/gsa-human/browse/HRA000437,"Wu et al., Comprehensive analysis of spatial architecture in primary liver cancer, Sci. Adv. (2021)",
landing page or accession only - no direct file URL resolved,jiang2024_visium,"Human prostate cancer, adenocarcinoma with invasive carcinoma",10x Visium,Human,Prostate cancer tissue,https://www.10xgenomics.com/cn/datasets/human-ovarian-cancer-1-standard,"Jiang et al., iIMPACT: integrating image and molecular profiles for spatial transcriptomics analysis, Genome Biol. (2024)",
landing page or accession only - no direct file URL resolved,ji2022_singlecell_r,Human squamous cell carcinoma (Ji et al.),single-cell RNA-seq,Human,Squamous cell carcinoma,GSE144236,"Ji et al., Single Cell and Spatial Analysis of Human Squamous Cell Carcinoma, NCBI Gene Expression Omnibus (2022)",
landing page or accession only - no direct file URL resolved,deng2022_spatialcutta_2,Human tonsil sample,Spatial-cut&tag,Human,Tonsil,GSM528388,"Deng et al., Spatial profiling of chromatin accessibility in mouse and human tissues, Nature (2022)",https://doi.org/10.3410/f.742285285.793595646
landing page or accession only - no direct file URL resolved,humanprostatecan2023_merfish,HumanProstateCancerPatient1_FOV1013,MERFISH,human,breast cancer,https://vizgen.com/data-release-program/,SRTsim: spatial pattern preserving simulations for spatially resolved transcriptomics,https://doi.org/10.1186/s13059-023-02879-z
landing page or accession only - no direct file URL resolved,hybiss_mouse_and_iss,HybISS mouse and human brain spatial transcriptomics dataset,HybISS,Mouse and Human,Brain (mouse coronal section and human middle temporal gyrus),doi: 10.17045/sthlmuni.12821840,,
landing page or accession only - no direct file URL resolved,la2021_iss,HybISS mouse brain spatial dataset,HybISS,mouse,brain,http://mousebrain.org/development/downloads.html,"La Manno et al., Molecular architecture of the developing mouse brain, Nature (2021)",https://doi.org/10.1101/2020.07.02.184051
landing page or accession only - no direct file URL resolved,hybiss_spatial_t2020_iss,HybISS spatial transcriptomics datasets of mouse brain coronal section and human middle temporal gyrus,HybISS (Hybridization-based in situ sequencing),Mouse and Human,Brain (mouse whole coronal section and human middle temporal gyrus),10.17045/sthlmuni.12821840,Hybridization-based  in situ  sequencing (HybISS) for spatially resolved transcriptomics in human and mouse brain tissue,https://doi.org/10.1093/nar/gkaa792
landing page or accession only - no direct file URL resolved,wenger2013_illumina_and,Hydra vulgaris RNA-Seq transcriptome,Illumina and 454 reads,Hydra vulgaris,,HAAC01000001-HAAC01045269,"Wenger et al., Rnaseq versus genome-predicted transcriptomes: A large population of novel transcripts identified in an illumina-454 hydra transcriptome, BMC Genomics (2013)",https://doi.org/10.1186/1471-2164-14-204
landing page or accession only - no direct file URL resolved,hydractinia_sing2025_10x_genomics,Hydractinia single-cell atlas dataset (integrated live-cell and fixed-cell data),10X Genomics platform (Illumina NovaSeq6000),Hydractinia symbiolongicarpus,feeding polyps and stolon tissue,GCA_030121725.1,An updated and spatially validated somatic single-cell atlas of  Hydractinia symbiolongicarpus,https://doi.org/10.1186/s12864-025-12201-9
landing page or accession only - no direct file URL resolved,schapiro2017_imc,IMC data,IMC,human,breast cancer tissue,https://www.nature.com/articles/nmeth.4391,"Schapiro et al., histoCAT: analysis of cell phenotypes and interactions in multiplex image cytometry data, Nat. Methods (2017)",https://doi.org/10.3410/f.727881445.793535625
landing page or accession only - no direct file URL resolved,damond2019_imc,IMC pancreas dataset,IMC,human,pancreas,http://dx.doi.org/10.17632/cydmwsfztj.2,"Damond et al., A map of human type 1 diabetes progression by imaging mass cytometry, Cell Metab (2019)",https://doi.org/10.1016/j.cmet.2018.11.014
landing page or accession only - no direct file URL resolved,qian2020_iss,ISS of left and right hippocampal area CA1,in situ sequencing (ISS),mouse,hippocampal area CA1,https://tissuumaps.research.it.uu.se/demo/ISS_Qian_et_al.html,"Qian et al., Probabilistic cell typing enables fine mapping of closely related cell types in situ, Nat Methods (2020)",https://doi.org/10.1038/s41592-019-0631-4
landing page or accession only - no direct file URL resolved,xu2022_iss,ISSAAC-seq data of mouse brain cortex,ISSAAC-seq,mouse,brain cortex,https://www.ebi.ac.uk/biostudies/arrayexpress/studies/E-MTAB-11264,"Xu et al., ISSAAC-seq enables sensitive and flexible multimodal profiling of chromatin accessibility and gene expression in single cells, Nat. Methods (2022)",https://doi.org/10.1101/2022.01.16.476488
landing page or accession only - no direct file URL resolved,phillips2021immune,Immune cell topography predicts response to PD-1 blockade in cutaneous T cell lymphoma,CODEX,human,lymphoma,https://immunoatlas.org/NOLN/210920-1,Immune cell topography predicts response to PD-1 blockade in cutaneous T cell lymphoma,https://www.nature.com/articles/s41467-021-26974-6
landing page or accession only - no direct file URL resolved,independent_adul2021_10x_genomics,Independent adult lumbar spinal cord single-nucleus dataset (generated in this study),10x Genomics Chromium Single Cell 3' Kit (v3),mouse,lumbar spinal cord,GSE158380,A harmonized atlas of mouse spinal cord cell types and their spatial organization,https://doi.org/10.1038/s41467-021-25125-1
landing page or accession only - no direct file URL resolved,genomics2019_visium,Invasive ductal carcinoma breast tissue dataset,10x Visium,human,breast,https://www.10xgenomics.com/datasets/human-breast-cancer-block-a-section-1-1-standard-1-0-0,"Genomics et al., Invasive ductal carcinoma breast tissue from human, Spatial Gene Expression Dataset by SpaceRanger (2019)",
landing page or accession only - no direct file URL resolved,chandrasekaran2023_cell_paintin,JUMP dataset,Cell Painting,,U2OS cell line,https://github.com/jump-cellpainting/datasets/,"Chandrasekaran et al., Jump cell painting dataset: morphological impact of 136,000 chemical and genetic perturbations, bioRxiv (2023)",
landing page or accession only - no direct file URL resolved,weber2023_visium,LC,10x Genomics Visium,human,locus coeruleus,https://elifesciences.org/reviewed-preprints/84628,"Weber et al., The gene expression landscape of the human locus coeruleus revealed by single-nucleus and spatially-resolved transcriptomics, eLife (2023)",https://doi.org/10.7554/elife.84628.3.sa1
landing page or accession only - no direct file URL resolved,wang2021_singlecell_r,Liver single-cell RNA sequencing dataset,single-cell RNA sequencing,,liver,https://www.ebi.ac.uk/gxa/sc/experiments/E-MTAB-10553/results/anatomogram,"Wang et al., Single-cell and bulk transcriptomics of the liver reveals potential targets of NASH with fibrosis, Sci. Rep. (2021)",https://doi.org/10.1038/s41598-021-98806-y
landing page or accession only - no direct file URL resolved,zhao2023_stereo,Lung adenosquamous carcinoma Stereo-seq data,Stereo-seq,human,lung,HRA004240,"Zhao et al., Clonal dynamics and Stereo-seq resolve origin and phenotypic plasticity of adenosquamous carcinoma, NPJ Precis Oncol (2023)",https://doi.org/10.1038/s41698-023-00430-8
landing page or accession only - no direct file URL resolved,vieira2019_singlecell_r,Lung single-cell RNA sequencing dataset,single-cell RNA sequencing,,lung,https://www.ebi.ac.uk/gxa/sc/experiments/E-GEOD-130148/results/anatomogram,"Vieira Braga et al., A cellular census of human lungs identifies novel cell states in health and in asthma, Nat. Med. (2019)",https://doi.org/10.3410/f.735998456.793562773
landing page or accession only - no direct file URL resolved,macsima_imaging_2025_st,MACSima imaging data and mass spectrometry proteomics data,MACSima and timsTOF SCP,Human,Tonsil cancer,PRIDE: PXD057118; BioImage Archive: S-BIAD1116,Protocol for spatial proteomic profiling of tonsil cancer microenvironments using multiplexed imaging-powered deep visual proteomics,https://doi.org/10.1016/j.xpro.2025.103901
landing page or accession only - no direct file URL resolved,masp_mouse_brain_lcms,MASP mouse brain dataset,LC-MS,mouse,brain,PXD037041,,
landing page or accession only - no direct file URL resolved,mbc_visium,MBC,Visium,Mouse,Brain (coronal),https://www.10xgenomics.com/datasets/mouse-brain-coronal-section-2-fpe-2-standard,,
landing page or accession only - no direct file URL resolved,mc_additional_da2025_xenium,"MC (additional data), Merscope, Xenium","Molecular Cartography, Merscope, Xenium",human,medulloblastoma cryosections (MBEN),https://www.ebi.ac.uk/biostudies/bioimages/studies/S-BIAD1093?query=S-BIAD1093,Comparison of spatial transcriptomics technologies using tumor cryosections,https://doi.org/10.1186/s13059-025-03624-4
landing page or accession only - no direct file URL resolved,maitra2023_snrnaseq,MDD snRNA-seq atlas dataset,snRNA-seq,human,dorsolateral prefrontal cortex,https://www.nature.com/articles/s41467-023-38530-5,"Maitra et al., Cell type specific transcriptomic differences in depression show similar patterns between males and females but implicate distinct cell types and genes, Nat Commun (2023)",https://doi.org/10.1101/2022.09.23.509254
landing page or accession only - no direct file URL resolved,deng2022_unknown,ME11 H3K27me3 50um,,mouse,,GSM5028434,"Deng et al., Spatial-cut&tag: spatially resolved chromatin modification profiling at the cellular level, Science (2022)",
landing page or accession only - no direct file URL resolved,mokitt2018_merfish,MERFISH,MERFISH,mouse,brain (hypothalamic preoptic region),https://datadryad.org/stash/dataset/doi:10.5061/dryad.pk0p2ngrf,"Mokitt et al., Molecular, spatial, and functional single-cell profiling of the hypothalamic preoptic region, Science (2018)",https://doi.org/10.3410/f.734323419.793574573
landing page or accession only - no direct file URL resolved,merfish_mouse_merfish,MERFISH (mouse),MERFISH,mouse,primary visual cortex (VISp),https://github.com/spacetx-spacejam/data/,,
landing page or accession only - no direct file URL resolved,fang2024_merfish,MERFISH cortex thick tissue,MERFISH,Mouse,Cortex,https://doi.org/10.5061/dryad.8sf7m0cjf,"Fang et al., Three-dimensional single-cell transcriptome imaging of thick tissues, eLife (2024)",https://doi.org/10.7554/elife.90029.2.sa1
landing page or accession only - no direct file URL resolved,moffitt2018_merfish,MERFISH data on the mouse preoptic region of the hypothalamus,MERFISH,mouse,hypothalamic preoptic region,10.5061/dryad.8t8s248,"Moffitt et al., Molecular, spatial, and functional single-cell profiling of the hypothalamic preoptic region, Science (2018)",https://doi.org/10.3410/f.734323419.793574573
landing page or accession only - no direct file URL resolved,merfish_dataset__merfish,MERFISH dataset 2,MERFISH,mouse,whole brain,https://portal.brain-map.org/atlases-and-data/bkp/abc-atlas,,
landing page or accession only - no direct file URL resolved,merfish_dataset_2023_merfish_2,MERFISH dataset 2 (Vizgen MERSCOPE),Vizgen MERSCOPE platform (MERFISH),mouse,whole adult brain,https://portal.brain-map.org/atlases-and-data/bkp/abc-atlas,A high-resolution transcriptomic and spatial atlas of cell types in the whole mouse brain,https://doi.org/10.1038/s41586-023-06812-z
landing page or accession only - no direct file URL resolved,xia2019_merfish_2,MERFISH human osteosarcoma dataset,MERFISH,human,osteosarcoma cells,https://datadryad.org/stash/dataset/doi:10.5061/dryad.8t8s248,"Xia et al., Spatial transcriptome profiling by merfish reveals subcellular rna compartmentalization and cell cycle-dependent gene expression, Proc Natl Acad Sci U S A (2019)",https://doi.org/10.1073/pnas.1912459116
landing page or accession only - no direct file URL resolved,petukhov2022_merfish,MERFISH measurements in the mouse ileum,MERFISH,Mouse,Ileum,10.5061/dryad.jm63xsjb2,"Petukhov et al., Cell segmentation in imaging-based spatial transcriptomics, Nature Biotechnology (2022)",
landing page or accession only - no direct file URL resolved,joung2023_merfish,MERFISH mouse frontal cortex and striatum data,MERFISH,mouse,frontal cortex and striatum,https://cellxgene.cziscience.com/collections/31937775-0602-4e52-a799-b6acdd2bac2e,"Joung et al., A transcription factor atlas of directed differentiation, Cell (2023)",https://doi.org/10.3410/f.742483019.793597816
landing page or accession only - no direct file URL resolved,merfish_mouse_hi_merfish,MERFISH mouse hippocampus dataset,MERFISH,mouse,hippocampus,https://doi.org/10.6084/m9.figshare.14531553,,
landing page or accession only - no direct file URL resolved,chowdhury2025_merfish,MERFISH ovarian cancer dataset (HumanOvarianCancerPatient1),MERFISH,human,ovary,https://console.cloud.google.com/storage/browser/vz-ffpe-showcase/HumanOvarianCancerPatient1,"Chowdhury et al., Learning directed acyclic graphs for ligands and receptors based on spatially resolved transcriptomic data of ovarian cancer, Brief Bioinform. (2025)",https://doi.org/10.1101/2021.08.03.454931
landing page or accession only - no direct file URL resolved,merfish_spatial__merfish,MERFISH spatial atlas of human fetal cortex,MERFISH,Human,Cerebral cortex,https://walshlab.org/research/cortexdevelopment,,
landing page or accession only - no direct file URL resolved,merfish_spatial_2025_merfish_2,MERFISH spatial transcriptomic atlas of the complement system in mouse brains,MERFISH,Mouse,Brain,10.5061/dryad.cnp5hqcbq,A spatial atlas of the complement system uncovers unique expression patterns in postnatal brain development in mice,https://doi.org/10.1038/s41467-025-66048-5
landing page or accession only - no direct file URL resolved,merfish_spatial_2025_merfish,MERFISH spatial transcriptomics dataset,MERFISH,mouse,claustro-insular region,https://doi.org/10.6084/m9.figshare.c.7953965.v1,A spatial single-cell atlas of the claustro-insular region uncovers key regulators of neuronal identity and excitability,https://doi.org/10.1038/s41467-025-63138-2
landing page or accession only - no direct file URL resolved,merfish_whole_mo_merfish,MERFISH whole mouse brain dataset,MERFISH,mouse,whole brain,https://doi.org/10.35077/g.610,,
landing page or accession only - no direct file URL resolved,merscope_breast__merscope,MERSCOPE breast cancer specimen (Vizgen),MERSCOPE,Homo sapiens,Breast cancer,https://vizgen.com/data-release-program/,,
landing page or accession only - no direct file URL resolved,pelka2021_merscope,MERSCOPE human colorectal cancer dataset,MERSCOPE,human,colorectal tumor,https://info.vizgen.com/ffpe-showcase,"Pelka et al., Spatially organized multicellular immune hubs in human colorectal cancer, Cell (2021)",https://doi.org/10.1136/jitc-2021-sitc2021.641
landing page or accession only - no direct file URL resolved,merscope_melanom_vizgen_mersc,MERSCOPE-Melanoma,Vizgen MERSCOPE,Human,Melanoma,https://info.vizgen.com/merscope-ffpe-solution,,
landing page or accession only - no direct file URL resolved,keren2019_mibi,MIBI-TOF breast cancer,MIBI-TOF,,,https://data.mendeley.com/datasets/d87vg86zd8,"Keren et al., MIBI-TOF: a multiplexed imaging platform relates cellular phenotypes and tissue structure, Sci. Adv. (2019)",https://doi.org/10.1126/sciadv.aax5851
landing page or accession only - no direct file URL resolved,jiang2023_misarseq_spa,MISAR-seq dataset,MISAR-seq (spatial ATAC-seq),mouse,embryonic brain,https://figshare.com/articles/dataset/Spatial_genomics_datasets/21623148/5,"Jiang et al., Simultaneous profiling of spatial gene expression and chromatin accessibility during mouse brain development, Nat Methods (2023)",https://doi.org/10.1101/2022.03.22.485333
landing page or accession only - no direct file URL resolved,sthl2016_spatial_barc,MOB,spatial barcoding,,mouse olfactory bulb,https://github.com/xzhoulab/SPARK-Analysis/tree/master/raw_data,"Ståhl et al., Visualization and analysis of gene expression in tissue sections by spatial transcriptomics, Science (2016)",https://doi.org/10.3410/f.726472001.793554182
landing page or accession only - no direct file URL resolved,xiaonan2022_pixelseq,MOB (Pixel-seq),Pixel-seq,mouse,olfactory bulb,https://github.com/GuLABatUW/Pixel-seq,"Xiaonan et al., Polony gels enable amplifiable DNA stamping and spatial transcriptomics of chronic pain, Cell (2022)",https://doi.org/10.1016/j.cell.2022.10.021
landing page or accession only - no direct file URL resolved,most_nissl_datas2025_tomo,MOST-Nissl dataset,micro-optical sectioning tomography (MOST) bright-field imaging,mouse,brain,https://atlas.brainsmatics.cn/STAM/,A mouse brain stereotaxic topographic atlas with isotropic 1-μm resolution,https://doi.org/10.1038/s41586-025-09211-8
landing page or accession only - no direct file URL resolved,micali2023_scrnaseq,Macaque fetal cortex scRNA-seq dataset,scRNA-seq,Macaque,Telencephalon/Cortex,http://resources.sestanlab.org/devmacaquebrain/,"Micali et al., Molecular programs of regional specification and neural stem cell fate progression in macaque telencephalon, Science (2023)",https://doi.org/10.1126/science.adf3786
landing page or accession only - no direct file URL resolved,wang2024_stereo,Maize development ear spatial transcriptome atlas (MDESTA),Stereo-seq,Zea mays,maize ear primordium,https://db.cngb.org/stomics/mdesta/,"Wang et al., A spatial transcriptome map of the developing maize ear, Nat. Plants (2024)",https://doi.org/10.21203/rs.3.rs-3037245/v1
landing page or accession only - no direct file URL resolved,chen2021_slideseq,Mammalian spermatogenesis spatial dataset,Slide-seqV2,Mouse,testicle,https://www.dropbox.com/s/q5djhy006dq1yhw/Human.7z?dl=0,"Chen et al., Dissecting mammalian spermatogenesis using spatial transcriptomics, Cell Rep. (2021)",https://doi.org/10.1242/prelights.26837
landing page or accession only - no direct file URL resolved,mccray2021_visium,"McCray et al., Visium, Prostate organoid",Visium,,,https://www.ncbi.nlm.nih.gov/geo/query/acc.cgi?acc=GSM4837767,"McCray et al., Vitamin D sufficiency enhances differentiation of patient-derived prostate epithelial organoids, iScience (2021)",https://doi.org/10.1101/2020.07.17.208694
landing page or accession only - no direct file URL resolved,thrane2018_spatial_rese,Melanoma,Spatial Research,human,cutaneous malignant melanoma,https://github.com/1alnoman/ScribbleDom,"Thrane et al., Spatially resolved transcriptomics enables dissection of genetic heterogeneity in stage iii cutaneous malignant melanoma, Cancer Res (2018)",https://doi.org/10.1158/0008-5472.can-18-0747
landing page or accession only - no direct file URL resolved,thrane2018_unknown,Melanoma ST dataset,,Human,Cutaneous malignant melanoma,https://www.spatialresearch.org/resources-published-datasets/doi-10-1158-0008-5472-can-18-0747/,"Thrane et al., Spatially Resolved Transcriptomics Enables Dissection of Genetic Heterogeneity in Stage III Cutaneous Malignant Melanoma, Cancer Res. (2018)",https://doi.org/10.1158/0008-5472.can-18-0747
landing page or accession only - no direct file URL resolved,merscope_merscope_v1,Merscope,Merscope V1,Human,Medulloblastoma with extensive nodularity (MBEN) cryosections,https://www.ebi.ac.uk/biostudies/bioimages/studies/S-BIAD1093?query=S-BIAD1093,,
landing page or accession only - no direct file URL resolved,chen2020_visium_2,Mouse AD Visium dataset,10x Visium Spatial Transcriptomics,Mouse,Brain,GEO: GSE152506,"Chen et al., Spatial transcriptomics and in situ sequencing to study Alzheimer’s disease, Cell (2020)",
landing page or accession only - no direct file URL resolved,kirita2020_snrnaseq,Mouse AKI snRNA-seq Dataset,snRNA-seq,Mouse,Kidney,GSE139107,"Kirita et al., Cell profiling of mouse acute kidney injury reveals conserved cellular responses to injury, Proc. Natl. Acad. Sci. (2020)",https://doi.org/10.1073/pnas.2005477117
landing page or accession only - no direct file URL resolved,mouse_brain_sect_visium,Mouse Brain Section 1 (Sagittal-Anterior / Posterior),10x Visium,Mouse,brain,https://support.10xgenomics.com/spatial-geneexpression/datasets,,
landing page or accession only - no direct file URL resolved,renthal2020_unknown,Mouse DRG Dataset,,Mouse,Dorsal root ganglia,GEO: GSE154659,"Renthal et al., TRanscriptional reprogramming of distinct peripheral sensory neuron subtypes after axonal injury, Neuron (2020)",https://doi.org/10.3410/f.738503514.793578280
landing page or accession only - no direct file URL resolved,nelson2023_snrnaseq,Mouse Hippocampus ECS snRNA-seq dataset,snRNA-seq,Mouse,Hippocampus,https://github.com/Erik-D-Nelson/ARG_HPC_snRNAseq/blob/main/processed_data/sce_subset.rda.xz,"Nelson et al., Activity-regulated gene expression across cell types of the mouse hippocampus, Hippocampus (2023)",https://doi.org/10.1002/hipo.23548
landing page or accession only - no direct file URL resolved,vickovic2019_stereo,Mouse Olfactory Bulb (Stereo-seq),Stereo-seq,mouse,olfactory bulb,https://github.com/JinmiaoChenLab/SEDR_analyses,"Vickovic et al., High-definition spatial transcriptomics for in situ tissue profiling, Nat Methods (2019)",https://doi.org/10.3410/f.736580626.793579537
landing page or accession only - no direct file URL resolved,sthl2016_st,Mouse Olfactory Bulb and Breast Cancer data,ST,Mouse,olfactory bulb,https://db.cngb.org/stomics/datasets/STDS0000017,"Ståhl et al., Visualization and analysis of gene expression in tissue sections by spatial transcriptomics, Science (2016)",https://doi.org/10.3410/f.726472001.793554182
landing page or accession only - no direct file URL resolved,mouse_placentati2024_stereo,Mouse Placentation Spatiotemporal Transcriptomic Atlas (MPSTA),Stereo-seq,Mouse,Uterine segments / placenta,https://db.cngb.org/stomics/mpsta/,A spatiotemporal transcriptomic atlas of mouse placentation,https://doi.org/10.1038/s41421-024-00740-6
landing page or accession only - no direct file URL resolved,polonsky2024_seqfish,Mouse Spatial Transcriptomic Dataset,seqFISH+,Mouse,Kidney,12709329,"Polonsky et al., Spatial transcriptomics defines injury specific microenvironments and cellular interactions in kidney regeneration and disease, Nat. Commun. (2024)",https://doi.org/10.1101/2023.11.22.568217
landing page or accession only - no direct file URL resolved,alon2021_exseq,Mouse VISP ExSeq,ExSeq,Mouse,Primary visual cortex (VISp),https://github.com/spacetx-spacejam/data,"Alon et al., Expansion sequencing: Spatially precise in situ transcriptomics in intact biological systems, Science (2021)",https://doi.org/10.1101/2020.05.13.094268
landing page or accession only - no direct file URL resolved,haviv2024_xenium,Mouse brain 10x Xenium ENVI,10x Xenium,Mouse,brain,10712720,"Haviv et al., The covariance environment defines cellular niches for spatial inference, Nat Biotechnol (2024)",https://doi.org/10.1038/s41587-024-02193-4
landing page or accession only - no direct file URL resolved,cellxgene_mouse_brain_merfish_benchmark,Mouse brain MERFISH (cellxgene collection),MERFISH,mouse,brain,https://cellxgene.cziscience.com/collections/0cc8620-8dee-45d0-aef5-23f032a5cf09,to resolve,
landing page or accession only - no direct file URL resolved,mouse_brain_merf2025_merfish,Mouse brain MERFISH slices,MERFISH,mouse,brain,https://info.vizgen.com/mouse-brain-data,Image guided construction of a common coordinate framework for spatial transcriptome data,https://doi.org/10.1038/s41598-025-01862-x
landing page or accession only - no direct file URL resolved,kleshchevnikov2022_unknown,Mouse brain Starfysh,,Mouse,brain,E-MTAB-11114,"Kleshchevnikov et al., Cell2location maps fine-grained cell types in spatial transcriptomics, Nat Biotechnol (2022)",https://doi.org/10.1038/s41587-021-01139-4
landing page or accession only - no direct file URL resolved,gong2024_stereo,Mouse brain Stereo-seq data (sample C04042E3),Stereo-seq,Mouse,Brain (Nervous Tissue),http://116.6.21.110:8090/share/7f5966d8-ca8c-482f-ac43-db5786414897,"Gong et al., SAW: an efficient and accurate data analysis workflow for stereo-seq spatial transcriptomics (2024)",https://doi.org/10.46471/gigabyte.111
landing page or accession only - no direct file URL resolved,yao2023_visiumhd,Mouse brain VisiumHD data and Allen Brain Atlas reference,VisiumHD,Mouse,Brain,https://satijalab.org/seurat/articles/visiumhd_analysis_vignette,"Yao et al., A high-resolution transcriptomic and spatial atlas of cell types in the whole mouse brain, Nature (2023)",https://doi.org/10.1111/jnc.70406/v1/review1
landing page or accession only - no direct file URL resolved,hodge2019_unknown,Mouse brain anterior and posterior,,mouse,Mouse Brain,https://mouse.brain-map.org/static/atlas,"Hodge et al., Conserved cell types with divergent features in human versus mouse cortex, Nature (2019)",https://doi.org/10.3410/f.736463800.793571577
landing page or accession only - no direct file URL resolved,saunders2018_dropseq_2,Mouse brain atlas (Saunders et al.),Drop-seq,Mouse,Adult mouse brain,GSE116470,"Saunders et al., A Single-Cell Atlas of Cell Types, States, and Other Transcriptional Patterns from Nine Regions of the Adult Mouse Brain, NCBI Gene Expression Omnibus (2018)",https://doi.org/10.1101/299081
landing page or accession only - no direct file URL resolved,zeisel2018_scrnaseq,Mouse brain cell atlas / single-cell RNA-seq reference data,scRNA-seq,mouse,brain,http://mousebrain.org/adolescent/downloads.html,"Zeisel et al., Molecular Architecture of the Mouse Nervous System, Cell (2018)",
landing page or accession only - no direct file URL resolved,hu2021_visium,Mouse brain coronal section dataset,10x Visium,Mouse,Brain coronal section,https://support.10xgenomics.com/spatial-gene-expression/datasets/1.1.0/V1_Adult_Mouse_Brain,"Hu et al., SpaGCN: integrating gene expression, spatial location and histology to identify spatial domains and spatially variable genes by graph convolutional network, Nat Methods (2021)",
landing page or accession only - no direct file URL resolved,yao2021_10x_chromium,Mouse brain cortex (Yao et al.),10x Chromium,Mouse,Brain cortex and hippocampal formation,Allen Brain Atlas Mouse-whole-cortex-and-hippocampus-10x,"Yao et al., A taxonomy of transcriptomic cell types across the isocortex and hippocampal formation, Cell (2021)",https://doi.org/10.1101/2020.03.30.015214
landing page or accession only - no direct file URL resolved,palla2022_visium,Mouse brain fluorescence image dataset,Visium,mouse,brain,https://squidpy.readthedocs.io/en/stable/api/squidpy.datasets.visium_hne_adata.html,"Palla et al., Squidpy: a scalable framework for spatial omics analysis, Nat. Methods (2022)",https://doi.org/10.1038/s41592-021-01358-2
landing page or accession only - no direct file URL resolved,tasic2016_visium,Mouse brain sagittal data (anterior + posterior),10X Visium,Mouse,brain,https://www.10xgenomics.com/cn/resources/datasets/mouse-brain-serial-section-1-sagittal-anterior-1-standard-1-0-0,"Tasic et al., Adult mouse cortical cell taxonomy revealed by single cell transcriptomics, Nat Neurosci. (2016)",https://doi.org/10.1038/nn.4216
landing page or accession only - no direct file URL resolved,bartosovic2022_sccuttag,Mouse brain scCUT&Tag H3K27me3 data,scCUT&Tag,Mouse,Brain,https://www.ncbi.nlm.nih.gov/geo/query/acc.cgi?acc=GSM5949205,"Bartosovic et al., Multimodal chromatin profiling using nanobody-based single-cell CUT&Tag, Nat. Biotechnol. (2022)",https://doi.org/10.1038/s41587-022-01535-4
landing page or accession only - no direct file URL resolved,vicari2024_sma,Mouse brain spatial RNA + metabolomics dataset,SMA,mouse,brain,https://data.mendeley.com/datasets/w7nw4km7xd/1,"Vicari et al., Spatial multimodal analysis of transcriptomes and metabolomes in tissues, Nat. Biotechnol. (2024)",https://doi.org/10.1038/s41587-023-01937-y
landing page or accession only - no direct file URL resolved,kozareva2021_10x_chromium,Mouse cerebellar cortex (Kozareva et al.),10x Chromium (v3),Mouse,Cerebellar cortex,GSE165371,"Kozareva et al., A transcriptomic atlas of mouse cerebellar cortex reveals novel cell types, NCBI Gene Expression Omnibus (2021)",https://doi.org/10.1038/s41586-021-03220-z
landing page or accession only - no direct file URL resolved,chen2019_snareseq,Mouse cerebral cortex SNARE-seq data,SNARE-seq,mouse,cerebral cortex,GEO accession: GSE126074,"Chen et al., High-throughput sequencing of the transcriptome and chromatin accessibility in the same cell, Nat. Biotechnol. (2019)",https://doi.org/10.1038/s41587-019-0290-0
landing page or accession only - no direct file URL resolved,luo2017_snmcseq,Mouse cerebral cortex snmC-seq data,snmC-seq,mouse,cerebral cortex,https://brainome.ucsd.edu/annoj/brain_single_nuclei/,"Luo et al., Single-cell methylomes identify neuronal subtypes and regulatory elements in mammalian cortex, Science (2017)",https://doi.org/10.1126/science.aan3351
landing page or accession only - no direct file URL resolved,mayassi2024_unknown,Mouse colon spatial transcriptomic data (DSS-induced colitis),,mouse,colon,SCP2771,"Mayassi et al., Spatially restricted immune and microbiota-driven adaptation of the gut, Nature (2024)",https://doi.org/10.1038/s41586-024-08216-z
landing page or accession only - no direct file URL resolved,wang2018_starmap,"Mouse cortex consecutive sections (BZ5, BZ9, BZ14)",STARmap,Mouse,visual cortex,Drop-box visual_1020,"Wang et al., Three-dimensional intact-tissue sequencing of single-cell transcriptional states, Science (2018)",https://doi.org/10.3410/f.733482536.793547704
landing page or accession only - no direct file URL resolved,nelson2023_10x_genomics,Mouse electroconvulsive stimulation (ECS) snRNA-seq dataset,10x Genomics Chromium single-cell RNA-seq,mouse,hippocampus,https://github.com/Erik-D-Nelson/ARG_HPC_snRNAseq/blob/main/processed_data/sce_subset.rda.xz,"Nelson et al., Activity-regulated gene expression across cell types of the mouse hippocampus, Hippocampus (2023)",https://doi.org/10.1002/hipo.23548
landing page or accession only - no direct file URL resolved,palla2022_seqfish,Mouse embryo 2 (E8.5),SeqFISH,Mouse,Embryo,https://github.com/MarioniLab/SpatialMouseAtlas2020,"Palla et al., Squidpy: a scalable framework for spatial omics analysis, Nature Methods (2022)",https://doi.org/10.1038/s41592-021-01358-2
landing page or accession only - no direct file URL resolved,lohoff2020_seqfish,Mouse embryo dataset,seqFISH,mouse,embryo,https://content.cruk.cam.ac.uk/jmlab/SpatialMouseAtlas2020/,"Lohoff et al., Highly multiplexed spatially resolved gene expression profiling of mouse organogenesis (2020)",https://doi.org/10.1101/2020.11.20.391896
landing page or accession only - no direct file URL resolved,qiu2024_singlecell_r,Mouse embryo single-cell RNA sequencing reference,single-cell RNA sequencing,Mouse,Embryo,https://oncoscape.v3.sttrcancer.org/atlas.gs.washington.edu.mouse.rna/downloads,"Qiu et al., A single-cell time-lapse of mouse prenatal development from gastrula to birth, Nature (2024)",
landing page or accession only - no direct file URL resolved,mouse_hindbrain_2025_allen_brain,Mouse hindbrain coronal slice,Allen Brain Atlas,mouse,hindbrain,http://api.brain-map.org/api/v2/image_download/102118006,Image guided construction of a common coordinate framework for spatial transcriptome data,https://doi.org/10.1038/s41598-025-01862-x
landing page or accession only - no direct file URL resolved,zeisel2018_singlecell_r,Mouse hippocampus (Zeisel et al.),Single-cell RNA-seq,Mouse,Hippocampus,Linarsson Lab Mouse Brain Atlas adolescent,"Zeisel et al., Silver standard - mouse hippocampus, Linarsson Lab Mouse Brain Atlas (2018)",
landing page or accession only - no direct file URL resolved,stickels2021_slideseq,Mouse hippocampus Slide-seq and Slide-seqV2 datasets,Slide-seqV2,mouse,olfactory bulb,Broad single-cell portal SCP815,"Stickels et al., Highly sensitive spatial transcriptomics at near-cellular resolution with Slide-seqV2, Nat Biotechnol. (2021)",https://doi.org/10.3410/f.739166617.793593828
landing page or accession only - no direct file URL resolved,cable2022_slideseq,Mouse hippocampus dataset of Alzheimer's disease (J20 model),Slide-seq V2,Mouse,Hippocampus,https://singlecell.broadinstitute.org/single_cell/study/SCP1663,"Cable et al., Cell type-specific inference of differential expression in spatial transcriptomics, Nat Methods (2022)",https://doi.org/10.1038/s41592-022-01575-3
landing page or accession only - no direct file URL resolved,moffitt2018_merfish_3,Mouse hypothalamic preoptic area dataset,MERFISH,mouse,hypothalamus,https://github.com/zhengli09/BASS-Analysis,"Moffitt et al., Molecular, spatial, and functional organization of the mammalian hypothalamus, Science (2018)",
landing page or accession only - no direct file URL resolved,chen2015_merfish,Mouse hypothalamus MERFISH dataset,MERFISH,Mouse,Hypothalamus,https://info.vizgen.com/mouse-brain-map?submissionGuid=5606514b-5a81-4405-999e-327f908281cc,"Chen et al., RNA imaging. Spatially resolved, highly multiplexed RNA profiling in single cells, Science (2015)",https://doi.org/10.3410/f.725429999.793506309
landing page or accession only - no direct file URL resolved,park2018_scrnaseq_2,Mouse kidney (Park et al.),scRNA-seq,Mouse,Kidney,GSE107585,"Park et al., Comprehensive single cell RNAseq analysis of the kidney reveals novel cell types and unexpected cell plasticity, NCBI Gene Expression Omnibus (2018)",https://doi.org/10.1101/203125
landing page or accession only - no direct file URL resolved,ransick2019_visium,Mouse kidney 10x SRT dataset,Visium v1,Mouse,Kidney,GSE129798,"Ransick et al., Single-cell profiling reveals sex, lineage, and regional diversity in the mouse kidney, Dev Cell (2019)",https://doi.org/10.1016/j.devcel.2019.10.005
landing page or accession only - no direct file URL resolved,tabula2020_visium,Mouse kidney coronal section data,Visium,Mouse,Kidney,https://www.10xgenomics.com/cn/resources/datasets/mouse-kidney-section-coronal-1-standard-1-1-0,"Tabula et al., A single-cell transcriptomic atlas characterizes ageing tissues in the mouse, Nature (2020)",
landing page or accession only - no direct file URL resolved,mouse_kidney_spa2024_stereo,Mouse kidney spatial data (Stereo-seq),Stereo-seq,Mouse,Kidney,"https://doi.org/10.5287/ora-b7ob4g8ba, PRJNA1099448, GSE265819, GSE264321",Multiscale topology classifies cells in subcellular spatial transcriptomics,https://doi.org/10.1038/s41586-024-07563-1
landing page or accession only - no direct file URL resolved,zhao2022_slidednaseq,Mouse liver dataset,slide-DNA-seq and slide-RNA-seq,Mouse,Liver,PRJNA768453,"Zhao et al., Spatial genomics enables multi-modal study of clonal heterogeneity in tissues, Nature (2022)",https://doi.org/10.3410/f.741322092.793591057
landing page or accession only - no direct file URL resolved,chen2022_stereo_2,Mouse olfactory bulb (MOB) dataset (Stereo-seq),Stereo-seq,Mouse,Olfactory bulb (brain),https://db.cngb.org/stomics/mosta/,"Chen et al., Spatiotemporal transcriptomics atlas of mouse organogenesis using DNA nanoball-patterned arrays, Cell (2022)",
landing page or accession only - no direct file URL resolved,sthl2016_spatial_tran,Mouse olfactory bulb (MOB) dataset (replicate eight / spatial transcriptomics platform datasets),Spatial transcriptomics,human,breast tumor,10.17632/29ntw7sh4r.2,"Ståhl et al., Visualization and analysis of gene expression in tissue sections by spatial transcriptomics, Science (2016)",https://doi.org/10.3410/f.726472001.793554182
landing page or accession only - no direct file URL resolved,tepe2018_visium,Mouse olfactory bulb by Visium,Visium,mouse,olfactory bulb,https://www.10xgenomics.com/resources/datasets/adult-mouse-olfactory-bulb-1-standard-1,"Tepe et al., Single-Cell RNA-Seq of Mouse Olfactory Bulb Reveals Cellular Heterogeneity and Activity-Dependent Molecular Census of Adult-Born Neurons, Cell Rep (2018)",https://doi.org/10.1016/j.celrep.2018.11.034
landing page or accession only - no direct file URL resolved,chen2024_stereo,Mouse olfactory bulb dataset,Stereo-seq,mouse,olfactory bulb,https://github.com/JinmiaoChenLab/SEDR_analyses/tree/master/data,"Chen et al., Spatiotemporal transcriptomic atlas of mouse organogenesis using DNA nanoball-patterned arrays, Cell (2024)",https://doi.org/10.3410/f.742107472.793593483
landing page or accession only - no direct file URL resolved,sunkin2012_stereo,Mouse olfactory bulb dataset,Stereo-seq,mouse,olfactory bulb,https://github.com/JinmiaoChenLab/SEDR_analyses,"Sunkin et al., Allen brain atlas: an integrated spatio-temporal portal for exploring the central nervous system, Nucleic Acids Res (2012)",https://doi.org/10.1093/nar/gks1042
landing page or accession only - no direct file URL resolved,stahl2016_spatial_tran,Mouse olfactory bulb spatial transcriptomic dataset,Spatial Transcriptomics (barcoded microarray),Mouse,Olfactory bulb,https://www.spatialresearch.org/resources-published-datasets/,"Stahl et al., Visualization and analysis of gene expression in tissue sections by spatial transcriptomics, Science (2016)",https://doi.org/10.3410/f.726472001.793554182
landing page or accession only - no direct file URL resolved,cao2019_scrnaseq,Mouse organogenesis cell atlas (MOCA) / E13.5 scRNA-seq data,scRNA-seq,mouse,embryo,https://oncoscape.v3.strtcancer.org/atlas.gs.washington.edu.mouse.rna/downloads,"Cao et al., The single-cell transcriptional landscape of mammalian organogenesis, Nature (2019)",https://doi.org/10.1038/s41586-019-0969-x
landing page or accession only - no direct file URL resolved,chen2022_mosta_stereoseq,Mouse organogenesis spatiotemporal atlas (MOSTA),Stereo-seq,mouse,embryo,https://db.cngb.org/stomics/mosta/,"Chen et al., Cell 185, 1777-1792 (2022)",https://doi.org/10.1016/j.cell.2022.04.003
landing page or accession only - no direct file URL resolved,chen2022_stereo,Mouse organogenesis spatiotemporal transcriptomic atlas (MOSTA) dataset / Mouse embryo E9.5 dataset,Stereo-seq,mouse,olfactory bulb,CNGBdb (CNP0001543) / MOSTA,"Chen et al., Spatiotemporal transcriptomic atlas of mouse organogenesis using DNA nanoball-patterned arrays, Cell (2022)",https://doi.org/10.3410/f.742107472.793593483
landing page or accession only - no direct file URL resolved,he2021_starmap,Mouse placenta STARmap data,STARmap,mouse,placenta,10.24433/CO.6072400.v1,"He et al., ClusterMap for multi-scale clustering analysis of spatial gene expression, Nat. Commun. (2021)",
landing page or accession only - no direct file URL resolved,mouse_posterior__visium,Mouse posterior brain dataset,10x Genomics Visium,Mouse,Brain,https://support.10xgenomics.com/spatial-gene-expression/datasets/1.0.0/V1_Mouse_Brain_Sagittal_Posterior,,
landing page or accession only - no direct file URL resolved,chatterjee2018_unknown,Mouse pre-optic region,,Mouse,,GSE113576,"Chatterjee et al., Nontoxic, double-deletion-mutant rabies viral vectors for retrograde targeting of projection neurons, Nat Neurosci (2018)",https://doi.org/10.3410/f.732793418.793543979
landing page or accession only - no direct file URL resolved,mouse_raw_and_an_slideseq,Mouse raw and annotated spatial transcriptomics data,Slide-seqV2,mus musculus,kidney,DUOS: DUOS-000138,,
landing page or accession only - no direct file URL resolved,mouse_sagittal_p2025_visium,Mouse sagittal posterior brain slice (serial section 1),Visium,mouse,brain (sagittal posterior),https://www.10xgenomics.com/datasets/mouse-brain-section-coronal-1-standard,Image guided construction of a common coordinate framework for spatial transcriptome data,https://doi.org/10.1038/s41598-025-01862-x
landing page or accession only - no direct file URL resolved,zhou2023_snmcseq,Mouse single-nucleus methylation sequencing (snmC-seq) with retroviral tracing dataset,snmC-seq,Mouse,Brain,GSE230782,"Zhou et al., Brain-wide correspondence of neuronal epigenomics and distant projections, Nature (2023)",
landing page or accession only - no direct file URL resolved,zhou2023_singlenucleu,Mouse single-nucleus methylation sequencing (snmC-seq) with retroviral tracing dataset,Single-nucleus methylation sequencing (snmC-seq),Mouse,Brain (Hippocampus and retrohippocampus),GSE230782,"Zhou et al., Brain-wide correspondence of neuronal epigenomics and distant projections, Nature (2023)",
landing page or accession only - no direct file URL resolved,zhou2023_snmcseq_with,Mouse single-nucleus methylation sequencing (snmC-seq) with retroviral tracing dataset,snmC-seq with retroviral tracing,mouse,hippocampus and retrohippocampus,GSE230782,"Zhou et al., Brain-wide correspondence of neuronal epigenomics and distant projections, Nature (2023)",
landing page or accession only - no direct file URL resolved,mouse_visual_cor_starmap,Mouse visual cortex dataset,STAR-map,mouse,visual cortex,https://github.com/QuKunLab/SpatialBenchmarking/tree/main/FigureData/Figure4/Dataset10_STARmap,,
landing page or accession only - no direct file URL resolved,codeluppi2018_mfish,Mouse visual cortex osmFISH data,mFISH,Mouse,Visual cortex,http://linnarssonlab.org/osmFISH,"Codeluppi et al., Spatial organization of the somatosensory cortex revealed by osmFISH, Nat Methods (2018)",https://doi.org/10.1038/s41592-018-0175-z
landing page or accession only - no direct file URL resolved,zhu2018_seqfish,Mouse visual cortex seqFISH dataset,seqFISH,mouse,visual cortex,https://bitbucket.org/qzhu/smfish-hmrf/src/master/,"Zhu et al., Identification of spatially associated subpopulations by combining scRNAseq and sequential fluorescence in situ hybridization data, Nat Biotechnol (2018)",https://doi.org/10.1038/nbt.4260
landing page or accession only - no direct file URL resolved,tasic2018_unknown,Mouse visual cortex stPlus,,Mouse,neocortex,GSE115746,"Tasic et al., Shared and distinct transcriptomic cell types across neocortical areas, Nature (2018)",
landing page or accession only - no direct file URL resolved,lin2022multiplexed,Multiplexed 3D atlas of state transitions and immune interaction in colorectal cancer,CODEX,human,colorectal,https://humantumoratlas.org/explore,Multiplexed 3D atlas of state transitions and immune interaction in colorectal cancer,https://www.sciencedirect.com/science/article/pii/S0092867422015719
landing page or accession only - no direct file URL resolved,chi2021_bulk_rnaseq,Murine liver bulk RNA-seq dataset,bulk RNA-seq,mouse,liver,GSE137385,"Chi et al., Comparative impact of dietary carbohydrates on the liver transcriptome in two strains of mice, Physiol. Genomics (2021)",https://doi.org/10.1152/physiolgenomics.00053.2021
landing page or accession only - no direct file URL resolved,kim2020_cosmx,NanoString_GSE,NanoString CosMx SMI,,,https://nanostring.com/products/cosmx-spatial-molecular-imager/ffpe-dataset/,"Kim et al., Single-cell RNA sequencing demonstrates the molecular and cellular reprogramming of metastatic lung adenocarcinoma, Nature communications (2020)",https://doi.org/10.1038/s41467-020-16164-1
landing page or accession only - no direct file URL resolved,nanostring_cosmx_cosmx,Nanostring CosMx NSCLC,Nanostring CosMx,Human,Non-small cell lung cancer tissue,https://nanostring.com/products/cosmx-spatial-molecularimager/ffpe-dataset/nsclc-ffpe-dataset/,,
landing page or accession only - no direct file URL resolved,navarro2020_visium,"Navarro et al., Visium, Brain",Visium,,,https://10.17632/6s959w2zyr.1,"Navarro et al., Spatial transcriptomics reveals genes associated with dysregulated mitochondrial functions and stress signaling in Alzheimer disease, iScience (2020)",https://doi.org/10.1016/j.isci.2020.101556
landing page or accession only - no direct file URL resolved,wang2023_imc_2,NeoTRIP imaging mass cytometry dataset,IMC,human,tumor tissue (triple negative breast cancer),https://zenodo.org/records/7990870,"Wang et al., Spatial predictors of immunotherapy response in triple-negative breast cancer, Nature (2023)",
landing page or accession only - no direct file URL resolved,cho2021_seqscope_no,"NovaScope dataset (N3_B08C_v2b, N3_B08C_v2bu, N3_B08C_v2c, N3_B08C_v2cu, N3_B08C_v2a)",Seq-Scope / NovaScope,,,https://seqscope.github.io/NovaScope/getting_started/access_data/,"Cho et al., Microscopic examination of spatial transcriptome using Seq-Scope, Cell (2021)",https://doi.org/10.1016/j.cell.2021.05.010
landing page or accession only - no direct file URL resolved,kim2025_novascope_se,"NovaScope dataset (N3_B08C_v2b, N3_B08C_v2bu, N3_B08C_v2c, N3_B08C_v2cu, N3_B08C_v2a)",NovaScope / Seq-Scope,,,https://seqscope.github.io/NovaScope/getting_started/access_data/,"Kim et al., Seq-scope protocol: repurposing illumina sequencing flow cells for high-resolution spatial transcriptomics, Nature Protocols (2025)",
landing page or accession only - no direct file URL resolved,chen2025_unknown,OmiCLIP-ST,,,,https://github.com/hrlblab/computer_vision_spatial_omics,"Chen et al., A visual–omics foundation model to bridge histopathology with spatial transcriptomics, Nature Methods (2025)",https://doi.org/10.1038/s41592-025-02707-1
landing page or accession only - no direct file URL resolved,hickey2023organization,Organization of the human intestine at single-cell resolution,CODEX,human,,https://datadryad.org/stash/dataset/doi:10.5061/dryad.gmsbcc2sq,Organization of the human intestine at single-cell resolution,https://www.nature.com/articles/s41586-023-05915-x
landing page or accession only - no direct file URL resolved,codeluppi2018_cyclic_smfis,OsmFISH,cyclic smFISH,mouse,mouse somatosensory cortex,http://linnarssonlab.org/osmFISH/,"Codeluppi et al., Spatial Organization of the Somatosensory Cortex Revealed by Osmfish, Nat. Methods (2018)",https://doi.org/10.1038/s41592-018-0175-z
landing page or accession only - no direct file URL resolved,denisenko2024_visium,Ovarian cancer,10x Genomics Visium,human,ovarian cancer,https://www.nature.com/articles/s41467-024-47271-y,"Denisenko et al., Spatial transcriptomics reveals discrete tumour microenvironments and autocrine loops within ovarian cancer subclones, Nature Communications (2024)",https://doi.org/10.1038/s41467-024-47271-y
landing page or accession only - no direct file URL resolved,han2025_spatial_tran,P14 mouse brain development spatial transcriptomics section,spatial transcriptomics,mouse,brain,https://doi.org/10.12412/BSDC.1699433096.20001,"Han et al., Single-cell spatial transcriptomic atlas of the whole mouse brain, Neuron (2025)",
landing page or accession only - no direct file URL resolved,pbmc_raji_and_t__molecular_pi,"PBMC, Raji, and T cell datasets",Molecular Pixelation (MPX) by sequencing,Human,"Peripheral blood mononuclear cells (PBMCs) and cell lines (Raji, Jurkat, Daudi)",10.1038/s41592-024-02268-9,,
landing page or accession only - no direct file URL resolved,shiau2024_cosmx,PDAC,CosMx,,pancreas,10.17632/kx6b69n3cb.1,"Shiau et al., Spatially resolved analysis of pancreatic cancer identifies therapy-associated remodeling of the tumor microenvironment, Nat. Genet. (2024)",
landing page or accession only - no direct file URL resolved,moncada2020_unknown,PDAC-A (Pancreatic ductal adenocarcinoma) dataset,,human,pancreatic ductal adenocarcinoma,http://cancersrt.info/Download,"Moncada et al., Integrating microarray-based spatial transcriptomics and single-cell RNA-seq reveals tissue architecture in pancreatic ductal adenocarcinomas, Nat Biotechnol (2020)",https://doi.org/10.3410/f.737201328.793570113
landing page or accession only - no direct file URL resolved,photon_granulosa2024_illumina,PHOTON Granulosa Cell Transcriptome Dataset,Illumina,mouse,ovary,PRJNA1152621,Subcellular Level Spatial Transcriptomics with PHOTON,https://doi.org/10.1101/2024.09.10.612328
landing page or accession only - no direct file URL resolved,photon_datasets__illumina,"PHOTON datasets (GCs, nucleolus, stress granules)",Illumina,mouse and human,ovary and cultured cells,PRJNA1152621,,
landing page or accession only - no direct file URL resolved,halpern2018_paired_cell,Paired Cell Sequencing Liver Endothelial Cells,Paired cell sequencing,mouse,liver,GSE108561,"Halpern et al., Paired-cell sequencing enables spatial gene expression mapping of liver endothelial cells, Nat Biotechnol (2018)",https://doi.org/10.1038/nbt.4231
landing page or accession only - no direct file URL resolved,halpern2018_pairedcell_s,Paired-cell sequencing data,paired-cell sequencing,mouse,liver,GSE108561,"Halpern et al., Paired-cell sequencing enables spatial gene expression mapping of liver endothelial cells, Nat. Biotechnol. (2018)",https://doi.org/10.1038/nbt.4231
landing page or accession only - no direct file URL resolved,schrch2020_codex,Pan-cancer dataset (University of Bern),CODEX,,Colorectal cancer (CRC),10.17632/mpjzbtfgfr.1,"Schürch et al., Coordinated cellular neighborhoods orchestrate antitumoral immunity at the colorectal cancer invasive front, Cell (2020)",https://doi.org/10.3410/f.738443857.793579086
landing page or accession only - no direct file URL resolved,parent_visium_hu2025_visium,Parent_Visium_Human_BreastCancer,Visium,human,Breast cancer,http://bio-bigdata.hrbmu.edu.cn/SPathDB/,SPathDB: a comprehensive database of spatial pathway activity atlas,https://doi.org/10.1093/nar/gkae1041
landing page or accession only - no direct file URL resolved,liu2022_unknown,Phalaenopsis dataset,,Phalaenopsis (orchid),orchid inflorescence tissue,https://db.cngb.org/stomics/datasets/STDS0000149,"Liu et al., A spatiotemporal atlas of organogenesis in the development of orchid flowers, Nucleic Acids Res (2022)",https://doi.org/10.1093/nar/gkac773
landing page or accession only - no direct file URL resolved,pkd1_rc_rc_and_i2025_visium,Pkd1 RC/RC and Ift88 spatial transcriptomics dataset,10X Visium,mouse,kidney,GSE299863,A cross model spatial and single-cell atlas reveals the conserved involvement of osteopontin in polycystic kidney disease,https://doi.org/10.1101/2025.09.17.676846
landing page or accession only - no direct file URL resolved,cui2023_visium,Planarian regeneration dataset,10x Visium,Schmidtea mediterranea,planarian,https://ngdc.cncb.ac.cn/omix/release/OMIX003867,"Cui et al., Spatiotemporal transcriptomic atlas reveals the dynamic characteristics and key regulators of planarian regeneration, Nat Commun (2023)",https://doi.org/10.1038/s41467-023-39016-0
landing page or accession only - no direct file URL resolved,schnitzler2024_10x_genomics,Previously generated live-cell scRNA-seq dataset,10X Genomics,Hydractinia symbiolongicarpus,"Feeding polyp, sexual polyp, and stolon tissue",PRJNA1263849,"Schnitzler et al., The genome of the colonial hydroid Hydractinia reveals that their stem cells use a toolkit of evolutionarily shared genes with all animals, Genome Res. (2024)",https://doi.org/10.1242/prelights.35599
landing page or accession only - no direct file URL resolved,wu2021_singlecell_r,Primary breast cancer scRNA-seq dataset (CID4530N and CID4535),Single-cell RNA-seq (scRNA-seq),Human,Primary breast cancer,https://ega-archive.org/datasets/EGAD00001007495,"Wu et al., A single-cell and spatially resolved atlas of human breast cancers, Nat Genet (2021)",
landing page or accession only - no direct file URL resolved,wu2021_unknown_4,Primary liver cancer (PLC) SRT datasets (ICC-1L/HCC-1L/HCC-2L/HCC-3L/HCC-4L/cHC-1L),,human,liver (primary liver cancer),GSA: HRA000437,"Wu et al., Comprehensive analysis of spatial architecture in primary liver cancer, Sci. Adv. (2021)",
landing page or accession only - no direct file URL resolved,wu2021_unknown,Primary liver cancer (PLC) datasets (ICC-1L/HCC-1L/HCC-2L/HCC-3L/HCC-4L/cHC-1L),,human,primary liver cancer,GSA: HRA000437,"Wu et al., Comprehensive analysis of spatial architecture in primary liver cancer, Sci. Adv. (2021)",
landing page or accession only - no direct file URL resolved,primary_tumor_an2024_visium,Primary tumor and para-carcinoma spatial transcriptomics dataset,Visium,Human,Papillary thyroid carcinoma and para-carcinoma tissues,HRA003726,Spatial and Single‐Cell Transcriptomics Unraveled Spatial Evolution of Papillary Thyroid Cancer,https://doi.org/10.1002/advs.202404491
landing page or accession only - no direct file URL resolved,pristionchus_pac2021_tomo,Pristionchus pacificus spatial transcriptomics,RNA tomography (tomo-seq),Pristionchus pacificus,young adult hermaphrodites,PRJEB37439,Spatial Transcriptomics of Nematodes Identifies Sperm Cells as a Source of Genomic Novelty and Rapid Evolution,https://doi.org/10.1093/molbev/msaa207
landing page or accession only - no direct file URL resolved,proteomics_datas_iss,Proteomics Dataset of Human and Murine HCC Specimens,Mass spectrometry-based spatial proteomics (Laser Microdissection combined with TMT and DIA),Human and Mouse,Hepatocellular carcinoma (HCC) and nonneoplastic liver tissue,PXD007052,,
landing page or accession only - no direct file URL resolved,proteomics_ms_da2019_liquid_chrom,Proteomics MS data,Liquid chromatography-tandem mass spectrometry (LC-MS/MS),Human,"29 healthy human tissues (adrenal gland, appendix, brain, colon, duodenum, endometrium, esophagus, fallopian tube, fat, gallbladder, heart, kidney, liver, lung, lymph node, ovary, pancreas, placenta, prostate, rectum, salivary gland, small intestine, smooth muscle, spleen, stomach, testis, thyroid, tonsil, urinary bladder)",PXD010154,A deep proteome and transcriptome abundance atlas of 29 healthy human tissues,https://doi.org/10.15252/msb.20188503
landing page or accession only - no direct file URL resolved,rna_seq_and_quan2019_rnaseq_and_l,RNA-Seq and Quantitative Proteome Atlas,RNA-Seq and Liquid chromatography-tandem mass spectrometry (LC-MS/MS),Human,"29 healthy human tissues (adrenal gland, appendix, brain, colon, duodenum, endometrium, esophagus, fallopian tube, fat, gallbladder, heart, kidney, liver, lung, lymph node, ovary, pancreas, placenta, prostate, rectum, salivary gland, small intestine, smooth muscle, spleen, stomach, testis, thyroid, tonsil, urinary bladder)",E-MTAB-2836,A deep proteome and transcriptome abundance atlas of 29 healthy human tissues,https://doi.org/10.15252/msb.20188503
landing page or accession only - no direct file URL resolved,schmitz2012_illumina_gen,RNA-Seq dataset SRR387395 (SRP009316),Illumina Genome Analyzer IIx,Human,B-cell lymphoma (Ramos cell line),http://www.ncbi.nlm.nih.gov/sra/SRX105534,"Schmitz et al., Burkitt lymphoma pathogenesis and therapeutic targets from structural and functional genomics, Nature (2012)",https://doi.org/10.3410/f.717954415.793470130
landing page or accession only - no direct file URL resolved,ghasemi2024_rnascope_hip,RNAscope HiPlex,RNAscope HiPlex,Human,Medulloblastoma with extensive nodularity (MBEN),https://www.ebi.ac.uk/biostudies/bioimages/studies/S-BIAD826,"Ghasemi et al., Compartments in medulloblastoma with extensive nodularity are connected through differentiation along the granular precursor lineage, Nat Commun (2024)",https://doi.org/10.1038/s41467-023-44117-x
landing page or accession only - no direct file URL resolved,rat_brain_spatia_st,Rat brain spatial proteomics and lipidomics dataset,MALDI-TOF / timsTOF fleX (nLC-MS/MS),Rat,Brain (cerebellum and horizontal sections),PXD054488,,
landing page or accession only - no direct file URL resolved,pardo2022_unknown,Real dataset 2,,,,http://research.libd.org/spatialLIBD/,"Pardo et al., spatiallibd: an r/bioconductor package to visualize spatially-resolved transcriptomics data, BMC Genomics (2022)",https://doi.org/10.1186/s12864-022-08601-w
landing page or accession only - no direct file URL resolved,rhesus_macaque_b2025_merscope,Rhesus macaque basal ganglia spatial transcriptomics dataset,MERSCOPE,human,basal ganglia,https://brain-map.org/consortia/hmba/hmba-release-basal-ganglia,A cross-species spatial transcriptomic atlas of the human and non-human primate basal ganglia,https://doi.org/10.1101/2025.11.22.688128
landing page or accession only - no direct file URL resolved,xie2021_visium,SCAR_ST_000001 / Glioblastoma spatial dataset,Visium,human,brain / glioblastoma,https://support.10xgenomics.com/spatial-gene-expression/datasets/1.2.0/Targeted_Visium_Human_Glioblastoma_Pan_Cancer,"Xie et al., Key molecular alterations in endothelial cells in human glioblastoma uncovered through single-cell RNA sequencing, JCI Insight. (2021)",https://doi.org/10.1172/jci.insight.150861
landing page or accession only - no direct file URL resolved,delorey2021_singlecell_r,SCP1052 single-cell dataset,single-cell RNA sequencing,human,lung,https://singlecell.broadinstitute.org/single_cell/study/SCP1052/covid-19-lung-autopsy-samples#study-summary,"Delorey et al., COVID-19 tissue atlases reveal SARS-CoV-2 pathology and cellular targets, Nature (2021)",https://doi.org/10.3410/f.740017642.793585541
landing page or accession only - no direct file URL resolved,scpro_spatial_pr_st,SCPro spatial proteomics dataset,timsTOF Pro (dia-PASEF),Mouse,Pancreatic tumor (KP f/f C mouse model) and brain,https://proteomecentral.proteomexchange.org/cgi/GetDataset?ID=PXD038882,,
landing page or accession only - no direct file URL resolved,scrinshot_health2025_scrinshot,SCRINSHOT healthy lung atlas dataset,SCRINSHOT,human,lung,S-BIAD2307,Spatial single-cell atlas reveals regional variations in healthy and diseased human lung,https://doi.org/10.1038/s41467-025-65704-0
landing page or accession only - no direct file URL resolved,sdmap_spatial_tr2026_visium,"SDMap spatial transcriptomics datasets (989 slices across 35 tissue types, including 10x Visium, Xenium, and GEO datasets)","10x Visium, Xenium",Human,35 human tissues (including breast and lung),http://bio-bigdata.hrbmu.edu.cn/SDMap/,SDMap: a comprehensive database of spatial drug perturbation maps,https://doi.org/10.1093/nar/gkaf1046
landing page or accession only - no direct file URL resolved,gabitto2024_merfish,SEA-AD MERFISH dataset,MERFISH,,middle temporal gyrus (MTG),https://registry.opendata.aws/allen-sea-ad-atlas/,"Gabitto et al., Integrated multimodal cell atlas of Alzheimer’s disease, Nat Neurosci (2024)",https://doi.org/10.69645/tyxk1457
landing page or accession only - no direct file URL resolved,sp_max_spatial_p2025_lcmsms_diams,SP-Max spatial proteomics dataset,LC-MS/MS (DIA-MS),Human,"Pancreas (Normal duct, IPMN, PDAC)",PXD060378,High-Sensitive Spatial Proteomics for Pancreatic Cancer Progression Analysis,https://doi.org/10.1101/2025.05.01.651678
landing page or accession only - no direct file URL resolved,liu2020_spots,SPOT data,SPOTS,,,GEO: GSE198353,"Liu et al., High-Spatial-Resolution Multi-Omics Sequencing via Deterministic Barcoding in Tissue, Cell (2020)",https://doi.org/10.2139/ssrn.3466428
landing page or accession only - no direct file URL resolved,benchetrit2023_spots,SPOTS mouse spleen dataset (Sample 1 and Sample 2),SPOTS,Mouse,spleen,GSE198353,"Ben-Chetrit et al., Integration of whole transcriptome spatial profiling with protein markers, Nat Biotechnol (2023)",https://doi.org/10.1038/s41587-022-01536-3
landing page or accession only - no direct file URL resolved,shi2023_starmap,STARMAP Plus mouse brain dataset,STARmap PLUS,mouse,mouse central nervous system,https://singlecell.broadinstitute.org/single_cell/study/SCP1830,"Shi et al., Spatial atlas of the mouse central nervous system at molecular resolution, Nature (2023)",https://doi.org/10.1101/2022.06.20.496914
landing page or accession only - no direct file URL resolved,he2021_starmap_2,STARmap mouse placenta dataset,STARmap,mouse,placenta,10.24433/CO.6072400.v1,"He et al., ClusterMap for multi-scale clustering analysis of spatial gene expression, Nat Commun (2021)",
landing page or accession only - no direct file URL resolved,mckellar2023_st,STRS mouse heart dataset,STRS,Mouse,Heart,GSM6034864,"McKellar et al., Spatial mapping of the total transcriptome by in situ polyadenylation, Nat Biotechnol (2023)",https://doi.org/10.1101/2022.04.20.488964
landing page or accession only - no direct file URL resolved,chen2024_st,STimage-1K4M,ST,human,skin,https://openreview.net/forum?id=iTyOWtcCU2,"Chen et al., STimage-1k4m: A histopathology image-gene expression dataset for spatial transcriptomics, The Thirty-eight Conference on Neural Information Processing Systems Datasets and Benchmarks Track (2024)",https://doi.org/10.52202/079017-1129
landing page or accession only - no direct file URL resolved,ortiz2024_merfish,Sagittal adult mouse brain,MERFISH,Mouse,Brain,https://alleninstitute.github.io/abc_atlas_access/notebooks/zhuang_merfish_tutorial.html,"Ortiz et al., Molecular atlas of the adult mouse brain, Science Advances (2024)",https://doi.org/10.1126/sciadv.abb3446
landing page or accession only - no direct file URL resolved,ortiz2020_merfish,Sagittal mouse brain MERFISH dataset,Vizgen MERFISH,Mouse,Brain (Sagittal),https://alleninstitute.github.io/abc_atlas_access/notebooks/zhuang_merfish_tutorial.html,"Ortiz et al., Molecular atlas of the adult mouse brain, Sci Adv. (2020)",https://doi.org/10.1126/sciadv.abb3446
landing page or accession only - no direct file URL resolved,sathyamurthy2018_dropseq,Sathyamurthy dataset,DropSeq,mouse,postnatal mouse spinal cord,GSE103892,"Sathyamurthy et al., Massively parallel single nucleus transcriptional profiling defines spinal cord neurons and their activity during behavior, Cell Rep. (2018)",https://doi.org/10.1016/j.celrep.2018.02.003
landing page or accession only - no direct file URL resolved,seq_scope_aorta__seqscope,Seq-Scope aorta dataset,Seq-Scope,Mouse,Aorta (suprarenal abdominal aorta),GSE229500,,
landing page or accession only - no direct file URL resolved,linus2019_seqfish,SeqFISH,SeqFISH+,mouse,"cortex, subventricular zone, and choroid plexus of the mouse brain",https://github.com/CaiGroup/seqFISH-PLUS,"Linus Eng et al., Transcriptome-scale Super-resolved Imaging in Tissues by RNA Seqfish+, Nature (2019)",https://doi.org/10.3410/f.735385359.793579535
landing page or accession only - no direct file URL resolved,shah2016_smfish,SeqFISH,smFISH,mouse,hippocampus,https://www.cell.com/cms/10.1016/j.neuron.2016.10.001/attachment/759be4dc-04a6-4a58-b6f6-9b52be2802db/mmc6.xlsx,"Shah et al., In situ transcription profiling of single cells reveals spatial organization of cells in the mouse hippocampus, Neuron (2016)",https://doi.org/10.1016/j.neuron.2016.10.001
landing page or accession only - no direct file URL resolved,schulz2018simultaneous,Simultaneous multiplexed imaging of mRNA and proteins with subcellular resolution in breast cancer tissue samples by mass cytometry,IMC,human,breast,https://data.mendeley.com/datasets/m4b97v7myb/1,Simultaneous multiplexed imaging of mRNA and proteins with subcellular resolution in breast cancer tissue samples by mass cytometry,https://www.cell.com/fulltext/S2405-4712(17)30543-4
landing page or accession only - no direct file URL resolved,ximerakis2019_scrnaseq,Single-cell RNA-seq aging mouse whole-brain dataset,scRNA-seq,mouse,brain,https://portals.broadinstitute.org/single_cell/study/aging-mouse-brain,"Ximerakis et al., Single-cell transcriptomic profiling of the aging mouse brain, Nat. Neurosci. (2019)",
landing page or accession only - no direct file URL resolved,cable2022_slideseq_2,Slide-Seq V2 mouse cerebellum dataset,Slide-seqV2,Mouse,cerebellum,https://github.com/dmcable/spacexr/tree/master,"Cable et al., Robust decomposition of cell type mixtures in spatial transcriptomics, Nat Biotechnol (2022)",https://doi.org/10.1038/s41587-021-00830-w
landing page or accession only - no direct file URL resolved,slide_seq_datase2021_slideseq,Slide-seq dataset of diabetic (ob/ob) mouse testis,Slide-seq,mouse,testis,PRJNA668433,Dissecting mammalian spermatogenesis using spatial transcriptomics,https://doi.org/10.1016/j.celrep.2021.109915
landing page or accession only - no direct file URL resolved,rodriques2019_slideseq,Slide-seq mouse cerebellum and hippocampus data (Rodriques et al.),Slide-seq,Mouse,hippocampus,"Broad Institute Single Cell Portal (SCP815, SCP354, SCP948)","Rodriques et al., Slide-seq: A scalable technology for measuring genome-wide expression at high spatial resolution, Science (2019)",https://doi.org/10.1242/prelights.9481
landing page or accession only - no direct file URL resolved,marshall2022_slideseq,Slide-seqV2 human and mouse kidney dataset,Slide-seqV2,Mouse,Kidney,https://cellxgene.cziscience.com/collections/8e880741-bf9a-4c8e-9227-934204631d2a,"Marshall et al., High-resolution Slide-seqV2 spatial transcriptomics enables discovery of disease-specific cell neighborhoods and pathways, iScience (2022)",https://doi.org/10.1016/j.isci.2022.104097
landing page or accession only - no direct file URL resolved,stickels2020_slideseq,Slide-seqV2 mouse brain and embryo datasets,Slide-seqV2,mouse,hippocampus,https://singlecell.broadinstitute.org/single_cell/study/SCP815,"Stickels et al., Highly sensitive spatial transcriptomics at near-Cellular resolution with slide-seqV2, Nat Biotechnol (2020)",https://doi.org/10.3410/f.739166617.793593828
landing page or accession only - no direct file URL resolved,slide_seqv2_spat2025_slideseq,Slide-seqV2 spatial single cell RNA sequencing dataset,Slide-seq V2,human,coronary artery and aorta,Mendeley Data: 10.17632/bk6wr6dk2k.1,A cell and transcriptome atlas of human arterial vasculature,https://doi.org/10.1016/j.xgen.2025.101034
landing page or accession only - no direct file URL resolved,russell2024_slidetags_dr,Slide-tags human melanoma,Slide-tags (droplet-based snATAC and snRNA-seq),human,metastatic melanoma,SCP2176,"Russell et al., Slide-tags enables single-nucleus barcoding for multimodal spatial genomics, Nature (2024)",https://doi.org/10.1038/s41586-023-06837-4
landing page or accession only - no direct file URL resolved,russell2024_slidetags,Slide-tags metastatic melanoma dataset,Slide-tags,human,tonsil,Broad Institute Single Cell Portal under the accession number SCP2169,"Russell et al., Slide-tags enables single-nucleus barcoding for multimodal spatial genomics, Nature (2024)",https://doi.org/10.1038/s41586-023-06837-4
landing page or accession only - no direct file URL resolved,isakova2020_unknown,Small RNA sequencing atlas data,,mouse,skeletal muscle and heart,GSE119661,"Isakova et al., A mouse tissue atlas of small noncoding RNA, Proc. Natl Acad. Sci. USA (2020)",
landing page or accession only - no direct file URL resolved,isakova2021_unknown,Smart-Seq-Total single-cell RNA-seq data,,mouse,mESCs,GSE151334,"Isakova et al., Single-cell quantification of a broad RNA spectrum reveals unique noncoding patterns associated with cell types and states, Proc. Natl Acad. Sci. USA (2021)",
landing page or accession only - no direct file URL resolved,liu2023_stereo,Soybean datasets,Stereo-seq,soybean,nodule,OMIX002290,"Liu et al., Integrated single-nucleus and spatial transcriptomics captures transitional states in soybean nodule maturation, Nat Plants (2023)",https://doi.org/10.1101/2022.06.30.498286
landing page or accession only - no direct file URL resolved,spacebar_melanom2025_seqfish,SpaceBar melanoma in vitro and tumor xenograft dataset,seqFISH (Spatial Genomics GenePS system),Human / Mouse (immunodeficient NSG mice),Melanoma tumor xenograft / in vitro cell culture,https://github.com/grantkinsler/SpatialBarcodes,SpaceBar enables clone tracing in spatial transcriptomic data,https://doi.org/10.1101/2025.02.10.637514
landing page or accession only - no direct file URL resolved,spacebar_melanom_seqfish,SpaceBar melanoma xenograft and in vitro datasets,seqFISH (Spatial Genomics GenePS system),mouse (human melanoma xenograft model),melanoma tumor xenograft and in vitro cells,https://github.com/grantkinsler/SpatialBarcodes,,
landing page or accession only - no direct file URL resolved,spatial_atlas_of2025_xenium,Spatial Atlas of Human Anatomy (SAHA) - Phase 1 Gastrointestinal and Immune Datasets,"CosMx SMI, Xenium, RNAscope, GeoMx DSP, snRNA-seq",Human,"Stomach, liver, pancreas, small intestine (ileum), large intestine (descending colon, appendix), bone marrow, lymph nodes, PBMCs",https://zenodo.org/communities/saha,The Spatial Atlas of Human Anatomy (SAHA): A Multimodal Subcellular-Resolution Reference Across Human Organs,https://doi.org/10.1101/2025.06.16.658716
landing page or accession only - no direct file URL resolved,vicari2024_visium,Spatial Multimodal Analysis (SMA) human and mouse brain dataset,Visium,Human / Mouse,Brain,DOI: 10.17632/w7nw4km7xd.1,"Vicari et al., Spatial multimodal analysis of transcriptomes and metabolomes in tissues, Nat. Biotechnol. (2024)",https://doi.org/10.1038/s41587-023-01937-y
landing page or accession only - no direct file URL resolved,spatial_proteomi_st,Spatial Proteomics Dataset,timsTOF flex MALDI2 (DIA-PASEF),Human,Knee synovium,"PXD059875, PXD059879",,
landing page or accession only - no direct file URL resolved,sun2024_visium,Spatial aging clock mouse brain,Visium,Mus musculus,brain,https://github.com/sunericd/SpatialAgingClock/tree/master/data,"Sun et al., Spatial transcriptomic clocks reveal cell proximity effects in brain ageing, Nature (2024)",https://doi.org/10.1038/s41586-024-08334-8
landing page or accession only - no direct file URL resolved,zhuhuman2025spatial,Spatial and multiomics analysis of human and mouse lung adenocarcinoma precursors reveals TIM-3 as a putative target for precancer interception,IMC,human,lung,https://www.synapse.org/Synapse:syn54951674/wiki/626860,Spatial and multiomics analysis of human and mouse lung adenocarcinoma precursors reveals TIM-3 as a putative target for precancer interception,https://www.cell.com/cancer-cell/fulltext/S1535-6108(25)00162-X
landing page or accession only - no direct file URL resolved,vicari2023_visium,Spatial metabolomics and transcriptomics of human striatum brain section,MALDI-MSI / Visium,human,striatum (brain),https://data.mendeley.com/datasets/w7nw4km7xd/1,"Vicari et al., Spatial multimodal analysis of transcriptomes and metabolomes in tissues, Nature Biotechnology (2023)",https://doi.org/10.1038/s41587-023-01937-y
landing page or accession only - no direct file URL resolved,spatial_metabolo2022_maldimsi_mal,Spatial metabolomics dataset,MALDI-MSI (MALDI-Fourier-transform ion cyclotron resonance / MALDI-Orbitrap),Human,Kidney cortical tissues,DOI: 10.48698/z30t-0a62,A reference tissue atlas for the human kidney,https://doi.org/10.1126/sciadv.abn4965
landing page or accession only - no direct file URL resolved,spatial_sorting__mass_spectro,Spatial sorting L-EC label free proteomic data,mass spectrometry proteomics,mouse,liver endothelium,PRIDE: PXD020760,,
landing page or accession only - no direct file URL resolved,spatial_sorting_2021_qexactive_or,Spatial sorting L-EC label free proteomic data,QExactive Orbitrap HF-X,Mouse,Liver,PRIDE: PXD020760,"A spatial vascular transcriptomic, proteomic, and phosphoproteomic atlas unveils an angiocrine Tie–Wnt signaling axis in the liver",https://doi.org/10.1016/j.devcel.2021.05.001
landing page or accession only - no direct file URL resolved,spatial_transcri_visium_7,Spatial transcriptomics dataset of spider abdomen sections,10X Visium,Larinioides sclopetarius,Abdomen (silk glands),E-MTAB-14082,,
landing page or accession only - no direct file URL resolved,spatial_transcri_visium,Spatial transcriptomics normal and ischemic stroke brain section datasets,Visium Spatial Gene Expression Slides (10X Genomics),mouse,brain,https://www.ncbi.nlm.nih.gov/geo/query/acc.cgi?acc=GSE199066,,
landing page or accession only - no direct file URL resolved,spatial_cite_seq2022_spatialcites,Spatial-CITE-seq and scRNA-seq human skin biopsy dataset (COVID-19 vaccine injection site),Spatial-CITE-seq and 10x Genomics Chromium (NovaSeq 6000),human,skin,https://github.com/edicliuyang/Hiplex_proteome,Spatial-CITE-seq: spatially resolved high-plex protein and whole transcriptome co-mapping,https://doi.org/10.21203/rs.3.rs-1499315/v1
landing page or accession only - no direct file URL resolved,spatial_cite_seq2022_dbit,"Spatial-CITE-seq mouse tissues dataset (spleen, colon, intestine, kidney)",Spatial-CITE-seq (DBiT-seq / NovaSeq 6000),mouse,"spleen, colon, intestine, kidney",https://github.com/edicliuyang/Hiplex_proteome,Spatial-CITE-seq: spatially resolved high-plex protein and whole transcriptome co-mapping,https://doi.org/10.21203/rs.3.rs-1499315/v1
landing page or accession only - no direct file URL resolved,spatial_dmt_post_spatialdmt,Spatial-DMT postnatal mouse brain P21 dataset,Spatial-DMT,mouse,embryo (E11),GSE270498,,
landing page or accession only - no direct file URL resolved,spatial_dmt_post2025_st,Spatial-DMT postnatal mouse brain P21 dataset,Illumina NovaSeq 6000 sequencer and NovaSeq X Plus system,Mouse,Embryo (E11),GSE270498,Spatial joint profiling of DNA methylome and transcriptome in mammalian tissues,https://doi.org/10.1101/2025.07.01.662607
landing page or accession only - no direct file URL resolved,spatially_sorted2019_mcscrbseq_n,Spatially sorted hepatocyte mRNA sequencing data,mcSCRB-seq / NextSeq 500,mouse,liver,PRJNA556572,Spatial sorting enables comprehensive characterization of liver zonation,https://doi.org/10.1038/s42255-019-0109-9
landing page or accession only - no direct file URL resolved,spatially_sorted2019_lcmsms_q_exa,Spatially sorted hepatocyte mass spectrometry proteomic data,LC-MS/MS (Q Exactive plus),mouse,liver,PXD014512,Spatial sorting enables comprehensive characterization of liver zonation,https://doi.org/10.1038/s42255-019-0109-9
landing page or accession only - no direct file URL resolved,spinalj_example_2021_unknown,SpinalJ example dataset: processed files,,mouse,spinal cord,https://data.mendeley.com/datasets/43ky5by55m/1,SpineRacks and SpinalJ for efficient analysis of neurons in a 3D reference atlas of the mouse spinal cord,https://doi.org/10.1016/j.xpro.2021.100897
landing page or accession only - no direct file URL resolved,ji2020_unknown,Squamous cell carcinoma dataset (ST-SCC),,human,cutaneous squamous cell carcinoma (cSCC),https://github.com/drieslab/spatial-datasets/tree/master/data/2020_ST_SCC,"Ji et al., Multimodal analysis of composition and spatial architecture in human squamous cell carcinoma, Cell (2020)",https://doi.org/10.1016/j.cell.2020.08.043
landing page or accession only - no direct file URL resolved,thrane2018_st,Stage III cutaneous malignant melanoma dataset,ST,Human,cutaneous malignant melanoma,ST_mel1_rep1_counts.tsv,"Thrane et al., Spatially resolved transcriptomics enables dissection of genetic heterogeneity in stage III cutaneous malignant melanoma, Cancer Res (2018)",https://doi.org/10.1158/0008-5472.can-18-0747
landing page or accession only - no direct file URL resolved,stereo_seq_spati2025_stereo,Stereo-seq Spatial Transcriptomics Dataset,Stereo-seq,Human,Cerebral Cortex,https://db.cngb.org/stomics/datasets/STDS0000242/summary,Charting the spatial transcriptome of the human cerebral cortex at single-cell resolution,https://doi.org/10.1038/s41467-025-62793-9
landing page or accession only - no direct file URL resolved,stereo_seq_datas_stereo,Stereo-seq dataset,Stereo-seq,Human,"Lung cancer, para-cancer, and normal lung tissues",CNP0002374,,
landing page or accession only - no direct file URL resolved,stereo_seq_datas_stereo_2,"Stereo-seq datasets of cerebellum, hippocampus, and OB",Stereo-seq,mouse,"cerebellum, hippocampus, and olfactory bulb",https://www.braindatacenter.cn/datacenter/web/#/dataSet/details?id=1712760331765706754,,
landing page or accession only - no direct file URL resolved,stereo_seq_human_stereo,Stereo-seq human cortex dataset,Stereo-seq,human,cerebral cortex,CNP0009546,,
landing page or accession only - no direct file URL resolved,wang2022_stereo,Stereo-seq mouse olfactory bulb dataset,Stereo-seq,Mouse,Olfactory bulb,https://db.cngb.org/stomics/mosta/download/,"Wang et al., Spatial transcriptomic reconstruction of the mouse olfactory glomerular map suggests principles of odor processing, Nat. Neurosci. (2022)",https://doi.org/10.1038/s41593-022-01030-8
landing page or accession only - no direct file URL resolved,stereo_seq_spati2022_stereo,"Stereo-seq spatial transcriptomics dataset of human lung cancer, para-cancer, and normal tissues",Stereo-seq,human,lung,CNP0002374,Clinical challenges of tissue preparation for spatial transcriptome,https://doi.org/10.1002/ctm2.669
landing page or accession only - no direct file URL resolved,stereo_seq_v1_3__stereo,Stereo-seq v1.3 dataset,Stereo-seq v1.3,human,"colon adenocarcinoma, hepatocellular carcinoma, ovarian cancer",https://ngdc.cncb.ac.cn/gsa-human/browse/HRA011129,,
landing page or accession only - no direct file URL resolved,stereo_seq_mouse_stereo,Stereo-seq-MouseEmbryo,BGI Stereo-seq,Mouse,Embryo,https://db.cngb.org/stomics/mosta/download/,,
landing page or accession only - no direct file URL resolved,chen2021_stereo,Steroseq datasets from mouse olfactory bulb,Stereo-seq,,mouse olfactory bulb,https://github.com/JinmiaoChenLab/SEDR_analyses,"Chen et al., Large field of view-spatially resolved transcriptomics at nanoscale resolution, bioRxiv (2021)",
landing page or accession only - no direct file URL resolved,stomach_adenocar_visium,Stomach Adenocarcinoma-G1,10x Visium,Human,Stomach Adenocarcinoma,https://ega-archive.org/search/EGAS00001005021,,
landing page or accession only - no direct file URL resolved,t_cell_spatial_p_mass_spectro,T-cell spatial proteome dataset,Mass spectrometry / TMT labeling,Human,Jurkat T cells,PXD029956,,
landing page or accession only - no direct file URL resolved,hirai2024_codex,TWMU-TR,CODEX,human,kidney,https://app.enablemedicine.com/portal/atlas-library/studies/066f2976-f42d-4e70-b88a-6f97c421659f?sid=314,"Hirai et al., Unveiling spatial immune cell profile in kidney allograft rejections using 36-plex immunofluorescence imaging, Transplantation (2024)",https://doi.org/10.1097/tp.0000000000005107
landing page or accession only - no direct file URL resolved,borner2025collection,The human body at cellular resolution: the NIH Human Biomolecular Atlas Program,CODEX,human,,https://portal.hubmapconsortium.org/search/datasets,The human body at cellular resolution: the NIH Human Biomolecular Atlas Program,https://www.nature.com/articles/s41586-019-1629-x
landing page or accession only - no direct file URL resolved,thymus_st_seq_da_visium,Thymus ST-seq datasets (Thy1 to Thy12),10X Genomics Visium Spatial Gene Expression,human,thymus,https://ngdc.cncb.ac.cn/gsa-human/s/eOQ2yy34,,
landing page or accession only - no direct file URL resolved,shi2021_rnaseq,Tissue-specific transcriptome profiling of inflorescence stem,RNA-seq,Arabidopsis thaliana,Inflorescence stem / vascular tissues,PRJNA595605,"Shi et al., Tissue-specific transcriptome profiling of the Arabidopsis inflorescence stem reveals local cellular signatures, Plant Cell (2021)",https://doi.org/10.1093/plcell/koaa019
landing page or accession only - no direct file URL resolved,karaayvaz2018_singlecell_r,Triple negative breast cancer single-cell RNA-seq dataset,single-cell RNA-seq,human,triple negative breast cancer,GSE118389,"Karaayvaz et al., Unravelling subclonal heterogeneity and aggressive biology in triple-negative breast cancer by single-cell RNA-seq, Nature Communications (2018)",
landing page or accession only - no direct file URL resolved,ruf2023tumor,Tumor-associated macrophages trigger MAIT cell dysfunction at the HCC invasive margin,CODEX,human,liver,https://www.cancerimagingarchive.net/collection/codex-imaging-of-hcc/,Tumor-associated macrophages trigger MAIT cell dysfunction at the HCC invasive margin,https://www.sciencedirect.com/science/article/pii/S0092867423008048?via%3Dihub
landing page or accession only - no direct file URL resolved,mah2022_merfish,U2-OS dataset,MERFISH,human,bone,https://figshare.com/articles/dataset/Bento_spatial_AnnData_formatted_datasets/15109236/2,"Mah et al., Bento: a toolkit for subcellular analysis of spatial transcriptomics data, Bioinformatics (2022)",https://doi.org/10.1186/s13059-024-03217-7
landing page or accession only - no direct file URL resolved,u2os_merfish_gen_merfish,U2OS MERFISH generated data,MERFISH,human,U2OS cells,https://github.com/anurendra/InSTAnT,,
landing page or accession only - no direct file URL resolved,ravi2022_visium,UKF243_T_ST (and other GBM datasets in RaviGBM study),Visium,Homo sapiens,Glioblastoma,https://datadryad.org/stash/dataset/doi:10.5061/dryad.h70rxwdmj,"Ravi et al., Spatially resolved multi-omics deciphers bidirectional tumor-host interdependence in glioblastoma, Cancer Cell (2022)",https://doi.org/10.2139/ssrn.3865275
landing page or accession only - no direct file URL resolved,v1_mouse_brain_s2023_visium,V1_Mouse_Brain_Sagittal_Posterior_Section_2,10X Visium,,,https://www.10xgenomics.com/resources/datasets,SRTsim: spatial pattern preserving simulations for spatially resolved transcriptomics,https://doi.org/10.1186/s13059-023-02879-z
landing page or accession only - no direct file URL resolved,tasic2016_scrnaseq,VISp scRNA-seq,scRNA-seq,Mouse,Primary visual cortex,GSE115746,"Tasic et al., Adult mouse cortical cell taxonomy revealed by single cell transcriptomics, Nature Neuroscience (2016)",https://doi.org/10.1038/nn.4216
landing page or accession only - no direct file URL resolved,vickovic2022_smomics,"Vickovic et al., SM-Omics, Lymph node",SM-Omics,,,https://singlecell.broadinstitute.org/single_cell/study/SCP979/sm-omics-an-automated-platform-for-high-throughput-spatial-multi-omics,"Vickovic et al., SM-Omics is an automated platform for high-throughput spatial multi-omics, Nat Commun (2022)",https://doi.org/10.1038/s41467-022-28445-y
landing page or accession only - no direct file URL resolved,visium_cytassist_visium_2,Visium CytAssist V2 Sample P2 CRC / Xenium In Situ Sample P2 CRC,10x Xenium and Visium,human,breast cancer,https://www.10xgenomics.com/products/visium-hd-spatial-gene-expression/dataset-human-crc,,
landing page or accession only - no direct file URL resolved,visium_hd_ffpe_m_visiumhd,"Visium HD (FFPE, Mouse Brain) / internal high-resolution cohort",10x Genomics Visium HD,mouse,brain,https://www.10xgenomics.com/datasets/visium-hd-cytassist-gene-expression-libraries-of-mouse-brain-he,,
landing page or accession only - no direct file URL resolved,visium_hd_crc_an_visiumhd,Visium HD CRC and NAT datasets,Visium HD,Human,Colorectal cancer / colon,https://www.10xgenomics.com/products/visium-hd-spatial-gene-expression/datasethuman-crc,,
landing page or accession only - no direct file URL resolved,visium_hd_ffpe_d_visiumhd,Visium HD FFPE dataset,Visium HD FFPE,human,"colon adenocarcinoma, hepatocellular carcinoma, ovarian cancer",https://ngdc.cncb.ac.cn/gsa-human/browse/HRA011129,,
landing page or accession only - no direct file URL resolved,haber2017_visiumhd_2,Visium HD Mouse Small Intestine (FFPE) dataset,Visium HD,mouse,small intestine,https://www.10xgenomics.com/datasets/visium-hd-cytassist-gene-expression-libraries-of-mouse-intestine,"Haber et al., A single-cell survey of the small intestinal epithelium, Nature (2017)",
landing page or accession only - no direct file URL resolved,haber2017_visiumhd,Visium HD Mouse Small Intestine dataset,Visium HD,mouse,small intestine,https://www.10xgenomics.com/datasets/visium-hd-cytassist-gene-expression-libraries-of-mouse-intestine,"Haber et al., A single-cell survey of the small intestinal epithelium, Nature (2017)",
landing page or accession only - no direct file URL resolved,visium_hd_spatia_visiumhd_2,"Visium HD Spatial Gene Expression Libraries, Post-Xenium, Human Lung Cancer (FFPE)",Visium HD,mouse,brain,https://www.10xgenomics.com/datasets/mouse-brain-coronal-section-1-ffpe-2-standard,,
landing page or accession only - no direct file URL resolved,visium_hd_single2025_visiumhd,Visium HD single-cell spatial transcriptomics dataset of human gingival tissues,Visium HD,human,gingival tissues,10.1038/s41368-025-00385-5,Single-cell spatial atlas of smoking-induced changes in human gingival tissues,https://doi.org/10.1038/s41368-025-00385-5
landing page or accession only - no direct file URL resolved,huukimyers2024_visium,Visium SPG human dorsolateral prefrontal cortex (DLPFC) data set,10x Genomics Visium Spatial Proteogenomics (SPG),human,dorsolateral prefrontal cortex (DLPFC) brain tissue,http://research.libd.org/globus/,"Huuki-Myers et al., A data-driven single-cell and spatial transcriptomic map of the human prefrontal cortex, Science (2024)",
landing page or accession only - no direct file URL resolved,huukimyers2023_visium,Visium SPG human dorsolateral prefrontal cortex (DLPFC) dataset,10x Genomics Visium Spatial Proteogenomics (SPG),human,dorsolateral prefrontal cortex (DLPFC),http://research.libd.org/spatialLIBD,"Huuki-Myers et al., Integrated single cell and unsupervised spatial transcriptomic analysis defines molecular anatomy of the human dorsolateral prefrontal cortex, bioRxiv (2023)",https://doi.org/10.1101/2023.02.15.528722
landing page or accession only - no direct file URL resolved,kwon2023_visium,Visium SPG human inferior temporal cortex data set,10x Genomics Visium Spatial Proteogenomics (SPG),human,inferior temporal cortex tissue,http://research.libd.org/globus,"Kwon et al., Influence of Alzheimer's disease related neuropathology on local microenvironment gene expression in the human inferior temporal cortex, GEN Biotechnol (2023)",https://doi.org/10.1089/genbio.2023.0019
landing page or accession only - no direct file URL resolved,visium_spatial_g2023_visium,Visium Spatial Gene Expression Assay dataset,10X Genomics Visium CytAssist,Human,Liver (normal parenchyma and biliary atresia with advanced fibrosis),https://usctransplantlab.shinyapps.io/BAliver/,Technical optimization of spatially resolved single-cell transcriptomic datasets to study clinical liver disease,https://doi.org/10.21203/rs.3.rs-3307940/v1
landing page or accession only - no direct file URL resolved,visium_spatial_g_visium_3,Visium Spatial Gene Expression Dataset,Visium Spatial Gene Expression Assay (10X Genomics),human,liver,https://usctransplantlab.shinyapps.io/BAliver/,,
landing page or accession only - no direct file URL resolved,visium_spatial_g_visium_9,Visium Spatial Gene Expression Dataset,Visium Spatial Gene Expression Slides (10x Genomics),Rat (Long-Evans),Visual cortex,"https://www.ncbi.nlm.nih.gov/, accession GSE202425",,
landing page or accession only - no direct file URL resolved,visium_spatial_g2024_visium_3,Visium Spatial Gene Expression dataset of human tonsils,10x Genomics Visium,human,palatine tonsil,ArrayExpress: E-MTAB-13687,An atlas of cells in the human tonsil,https://doi.org/10.1016/j.immuni.2024.01.006
landing page or accession only - no direct file URL resolved,visium_spatial_g_visium_12,Visium Spatial Gene Expression human intestinal colorectal cancer section,Visium Spatial Gene Expression,human,intestinal colorectal cancer,https://www.10xgenomics.com/datasets/human-intestine-cancer-1-standard,,
landing page or accession only - no direct file URL resolved,visium_spatial_t2023_visium,Visium Spatial Transcriptomics lung dataset,Visium Spatial Gene Expression for FFPE,human,lung,https://ega-archive.org/studies/EGAS00001006186,Dual spatially resolved transcriptomics for human host–pathogen colocalization studies in FFPE tissue sections,https://doi.org/10.1186/s13059-023-03080-y
landing page or accession only - no direct file URL resolved,visium_spatial_t2025_visium_5,Visium Spatial Transcriptomics of murine tongue tissue during oropharyngeal candidiasis,10x Genomics Visium Spatial Transcriptomics,Mouse (Balb/c),Tongue,https://doi.org/10.1128/mbio.00849-25,A spatial transcriptomic atlas of the host response to oropharyngeal candidiasis,https://doi.org/10.1128/mbio.00849-25
landing page or accession only - no direct file URL resolved,visium_and_rna_r2025_visium,Visium and RNA-Rescue Spatial Transcriptomics dataset,Visium / RRST,human,lung,https://github.com/ludvigla/DiscovAir_data_explorer/,Spatial single-cell atlas reveals regional variations in healthy and diseased human lung,https://doi.org/10.1038/s41467-025-65704-0
landing page or accession only - no direct file URL resolved,de2025_visium,Visium and Xenium spatial transcriptomics of colorectal cancer,Visium / Xenium,human,colorectal cancer,https://doi.org/10.1038/s41588-025-02193-3,"de Oliveira et al., High-definition spatial transcriptomic profiling of immune cell populations in colorectal cancer, Nature Genetics (2025)",https://doi.org/10.1038/s41588-025-02193-3
landing page or accession only - no direct file URL resolved,coulis2023_visium,Visium dataset of mouse dystrophic gastrocnemius,Visium,Mus musculus,Gastrocnemius,GSE225593,"Coulis et al., Single-cell and spatial transcriptomics identify a macrophage population associated with skeletal muscle fibrosis, Sci Adv (2023)",https://doi.org/10.1101/2023.04.18.537253
landing page or accession only - no direct file URL resolved,visium_human_dlp_visium,Visium human DLPFC dataset,Visium,human,dorsolateral prefrontal cortex,http://research.libd.org/spatialLIBD/,,
landing page or accession only - no direct file URL resolved,sthl2016_visium,Visium mouse brain dataset (ST8059049 / ST8059048),10x Visium,mouse,main olfactory bulb,https://jef.works/STdeconvolve/,"Ståhl et al., Visualization and analysis of gene expression in tissue sections by spatial transcriptomics, Science (2016)",https://doi.org/10.3410/f.726472001.793554182
landing page or accession only - no direct file URL resolved,visium_prostate__visium,Visium prostate cancer data,Visium,mouse,brain,https://www.10xgenomics.com/resources/datasets/human-prostate-cancer-adenocarcinoma-with-invasive-carcinoma-ffpe-1standard-1-3-0,,
landing page or accession only - no direct file URL resolved,madissoon2023_visium,Visium spatial transcriptomic data,Visium,human,lung (bronchi),E-MTAB-11640,"Madissoon et al., A spatially resolved atlas of the human lung characterizes a gland-associated immune niche, Nat Genet (2023)",https://doi.org/10.3410/f.742461622.793599127
landing page or accession only - no direct file URL resolved,huukimyers2024_visium_2,Visium spatial transcriptomics data from human DLPFC,Visium spatial transcriptomics,human,dorsolateral prefrontal cortex (DLPFC),"spatialLIBD R package (v1.19.11) via fetch_data(type=""spatialDLPFC_Visium"")","Huuki-Myers et al., A data-driven single-cell and spatial transcriptomic map of the human prefrontal cortex, Science (2024)",
landing page or accession only - no direct file URL resolved,visium_spatial_t_visium_5,Visium spatial transcriptomics dataset,Visium,mouse,stroke-injured cerebral cortex,https://dataview.ncbi.nlm.nih.gov/object/PRJNA952594?reviewer=k4bk4puu65vkcq0qn0bv9g3ni6,,
landing page or accession only - no direct file URL resolved,visium_spatial_t2025_visium_2,Visium spatial transcriptomics dataset,10x Visium,human,colorectal cancer tissues,https://ngdc.cncb.ac.cn/gsa-human,Single-cell and spatial transcriptome profiling identifies the immunosuppressive spatial niche in KRAS-mutant colorectal cancer,https://doi.org/10.1136/jitc-2025-013763
landing page or accession only - no direct file URL resolved,visium_spatial_t2024_visium_2,Visium spatial transcriptomics dataset,10X Visium,mouse,cortex,PRJNA952594,Integrating single-cell and spatially resolved transcriptomic strategies to survey the astrocyte response to stroke in male mice,https://doi.org/10.1038/s41467-024-45821-y
landing page or accession only - no direct file URL resolved,visium_spatial_t2022_visium,Visium spatial transcriptomics dataset of normal human liver,10X Genomics Visium,human,normal liver,PRJNA821403,Spatial transcriptome profiling of normal human liver,https://doi.org/10.1038/s41597-022-01676-w
landing page or accession only - no direct file URL resolved,visiumhd_mouse_b_visiumhd,VisiumHD mouse brain data,Visium HD,mouse,brain,https://www.10xgenomics.com/datasets?menu%5Bproducts.name%5D=Spatial%20Gene%20Expression&configure%5BhitsPerPage%5D=50&configure%5BmaxValuesPerFacet%5D=1000,,
landing page or accession only - no direct file URL resolved,de2025_visiumhd,VisiumHD_HumanColon_Oliveira,Visium HD,human,colorectal cancer,https://doi.org/10.1038/s41588-025-02193-3,"de Oliveira et al., High-definition spatial transcriptomic profiling of immune cell populations in colorectal cancer, Nature Genetics (2025)",https://doi.org/10.1038/s41588-025-02193-3
landing page or accession only - no direct file URL resolved,vizgen_mouse_bra_vizgen,Vizgen mouse brain data,Vizgen,mouse,brain,https://info.vizgen.com/mouse-brain-data,,
landing page or accession only - no direct file URL resolved,sun2020_merfish,Vizgen's MERFISH Mouse Liver Map (Liver1Slice1),MERFISH,mouse,liver,https://info.vizgen.com/mouse-liver-access,"Sun et al., AXIN2(+) Pericentral Hepatocytes Have Limited Contributions to Liver Homeostasis and Regeneration, Cell Stem Cell (2020)",https://doi.org/10.1016/j.stem.2019.10.011
landing page or accession only - no direct file URL resolved,hawrylycz2011_mri,Waxholm Space (WHS) atlas,MRI,mouse,brain,https://www.nitrc.org/projects/incfwhsmouse,"Hawrylycz et al., Digital atlasing and standardization in the mouse brain, PLoS Comput. Biol. (2011)",
landing page or accession only - no direct file URL resolved,well_st_seq2025_st,Well-ST-Seq,Well-ST-Seq,,,https://journals.physiology.org/doi/epdf/10.1152/ajplung.00554.2018,Advances in Microfluidic Single-Cell RNA Sequencing and Spatial Transcriptomics,https://doi.org/10.3390/mi16040426
landing page or accession only - no direct file URL resolved,chen2020_spatial_tran_2,Whole brain ST dataset,Spatial Transcriptomics,mouse,brain,GSE152506,"Chen et al., Spatial transcriptomics and  in situ  sequencing to study Alzheimer's disease, Cell (2020)",
landing page or accession only - no direct file URL resolved,chen2020_spatial_tran_3,Whole brain spatial transcriptomics dataset,spatial transcriptomics and in situ sequencing,Mouse,brain,GSE152506,"Chen et al., Spatial Transcriptomics and In Situ Sequencing to Study Alzheimer’s Disease, Cell. (2020)",
landing page or accession only - no direct file URL resolved,whole_spinal_cor2021_slide_scanni,"Whole spinal cord histological, immunohistochemical, and viral tracing image datasets (ChAT, IB4, AAV-tdTomato CST, VAChT/Foxp1:tdTomato)",Slide scanning microscope (Nikon AZ100 Multizoom),mouse,spinal cord,https://doi.org/10.17632/6hf6tt3xwj.1,Tools for efficient analysis of neurons in a 3D reference atlas of whole mouse spinal cord,https://doi.org/10.1016/j.crmeth.2021.100074
landing page or accession only - no direct file URL resolved,xenium_xenium,Xenium,Xenium Analyzer,Human,Medulloblastoma with extensive nodularity (MBEN) cryosections,https://www.ebi.ac.uk/biostudies/bioimages/studies/S-BIAD1093?query=S-BIAD1093,,
landing page or accession only - no direct file URL resolved,xenium_xenium_2,Xenium,Xenium,mouse,brain,https://www.10xgenomics.com/products/xenium-in-situ/mouse-brain-dataset-explorer,,
landing page or accession only - no direct file URL resolved,xenium_5k_datase_xenium,Xenium 5K dataset,Xenium 5K,human,"colon adenocarcinoma, hepatocellular carcinoma, ovarian cancer",https://ngdc.cncb.ac.cn/gsa-human/browse/HRA011129,,
landing page or accession only - no direct file URL resolved,10x_xenium_prime_skin_melanoma,Xenium Prime FFPE human skin (melanoma),Xenium,human,skin,https://www.10xgenomics.com/datasets/xenium-prime-ffpe-human-skin,10x Genomics (vendor dataset),https://www.10xgenomics.com/datasets/xenium-prime-ffpe-human-skin
landing page or accession only - no direct file URL resolved,xenium_human_col_xenium,Xenium human colon,Xenium,Human,Lung,https://www.10xgenomics.com/datasets/,,
landing page or accession only - no direct file URL resolved,marco2023_xenium,Xenium mouse brain dataset,Xenium,mouse,brain,https://www.biorxiv.org/content/10.1101/2023.02.13.528102v1.abstract,"Marco Salas et al., Optimizing xenium in situ data utility by quality assessment and best practice analysis workflows, bioRxiv (2023)",https://doi.org/10.1101/2023.02.13.528102
landing page or accession only - no direct file URL resolved,xenium_mouse_bra_xenium,Xenium mouse brain dataset,Xenium,mouse,brain,https://cf.10xgenomics.com/samples/xenium/1.0.2/Xenium_V1_FF_Mouse_Brain_Coronal_Subset_CTX_HP/Xenium_V1_FF_Mouse_Brain_Coronal_Subset_CTX_HP_analysis_summary.html,,
landing page or accession only - no direct file URL resolved,xenium_on_a_one__xenium,Xenium on a one-day mouse pup,Xenium,mouse,mouse pup,https://www.10xgenomics.com/datasets/mouse-pup-preview-data-xenium-mouse-tissue-atlassing-panel-1-standard,,
landing page or accession only - no direct file URL resolved,xenium_spatial_t_xenium,Xenium spatial transcriptomics dataset of mouse lung tissues,Xenium,Mouse,Lung,GSE277936,,
landing page or accession only - no direct file URL resolved,xenium_breastcan_xenium,Xenium-BreastCancer1 and Xenium-BreastCancer2,10x Genomics Xenium,Human,Breast Cancer,https://www.10xgenomics.com/products/xenium-in-situ/preview-dataset-human-breast,,
landing page or accession only - no direct file URL resolved,lin2020_xenium,Xenium-breast,Xenium,Homo sapiens,breast,https://www.embopress.org/doi/full/10.15252/msb.20199389,"Lin et al., scclassify: sample size estimation and multiscale classification of cells using single and multiple reference, Molecular systems biology (2020)",https://doi.org/10.15252/msb.20199389
landing page or accession only - no direct file URL resolved,xenium_breast2025_xenium,Xenium-breast,Xenium,,,https://www.biorxiv.org/content/10.1101/2023.02.13.528102v1.abstract,VISTA Uncovers Missing Gene Expression and Spatial-induced Information for Spatial Transcriptomic Data Analysis,https://doi.org/10.1101/2024.08.26.609718
landing page or accession only - no direct file URL resolved,howe2013_in_situ_hybr,ZFIN Gene Expression Database spatial reference map,in situ hybridization,Danio rerio,embryo,http://zfin.org/cgi-bin/webdriver?MIval=aa-xpatselect.apg,"Howe et al., ZFIN, the Zebrafish Model Organism Database: increased support for mutants and transgenics, Nucleic Acids Research (2013)",https://doi.org/10.1093/nar/gkg027
landing page or accession only - no direct file URL resolved,zebra_finch_opti_stereo,Zebra finch optic tectum Stereo-seq dataset,Stereo-seq,zebra finch,optic tectum,https://db.cngb.org/stomics/project/STT0000130,,
landing page or accession only - no direct file URL resolved,zeisel2018_10x,Zeisel dataset,10X,mouse,postnatal mouse spinal cord,SRP135960,"Zeisel et al., Molecular architecture of the mouse nervous system, Cell (2018)",
landing page or accession only - no direct file URL resolved,lake2021_dartfish,Zhang dataset,DARTFISH,human,kidney,Zenodo https://doi.org/10.5281/zenodo.6709890 (DARTFISH),"Lake et al., An atlas of healthy and injured cell states and niches in the human kidney, bioRxiv (2021)",
landing page or accession only - no direct file URL resolved,zhuang_lab_merfi_merfish,Zhuang lab MERFISH dataset,MERFISH,mouse,whole brain,https://doi.org/10.35077/g.610,,
landing page or accession only - no direct file URL resolved,wu2024_visium,aging mouse brain dataset,10X Visium,Mouse,brain,https://sysbio.gzzoc.com/Mouse-Brain-Aging/,"Wu et al., Spatially resolved transcriptome of the aging mouse brain, Aging Cell. (2024)",https://doi.org/10.1111/acel.14109
landing page or accession only - no direct file URL resolved,hu2024_unknown,clear cell renal cell carcinoma transcriptome-metabolome data,,,clear cell renal cell carcinoma,https://doi.org/10.6084/m9.figshare.24599295,"Hu et al., Multi-omic profiling of clear cell renal cell carcinoma identifies metabolic reprogramming associated with disease progression, Nature Genetics (2024)",https://doi.org/10.1016/j.eururo.2024.04.001
landing page or accession only - no direct file URL resolved,roelands2023_imc,cohort of 61 IMC raw images with 39 markers of colorectal cancer,IMC,,colorectal cancer,https://www.ebi.ac.uk/biostudies/bioimages/studies/S-BIAD587,"Roelands et al., Transcriptomic and immunophenotypic profiling reveals molecular and immunological hallmarks of colorectal cancer tumourigenesis, Gut (2023)",https://doi.org/10.1136/gutjnl-2022-327608
landing page or accession only - no direct file URL resolved,coronal_mouse_br2025_visiumhd,coronal mouse brain,10x Visium HD,mouse,brain,https://www.10xgenomics.com/datasets/visium-hd-cytassist-gene-expression-libraries-of-mouse-brain-he-v4,Benchmarking sketching methods on spatial transcriptomics data,https://doi.org/10.1101/2025.08.26.672376
landing page or accession only - no direct file URL resolved,stenbeck2021_spatial_tran,fifth edition of the publicly accessible spatial transcriptomics dataset,Spatial Transcriptomics,Human,Breast cancer,10.17632/29ntw7sh4r.5,"Stenbeck et al., Human breast cancer in situ capturing transcriptomics, Mendeley Data (2021)",
landing page or accession only - no direct file URL resolved,janesick2023_xenium_2,human breast cancer,10x Xenium,human,breast tissue,https://www.bioconductor.org/packages/release/data/experiment/html/SubcellularSpatialData.html,"Janesick et al., High resolution mapping of the breast cancer tumor microenvironment using integrated single cell, spatial and in situ analysis of FFPE tissue (2023)",https://doi.org/10.1038/s41467-023-43458-x
landing page or accession only - no direct file URL resolved,godfrey2025_visium,human breast cancer dataset,Visium,Human,Breast cancer,DOI:10.7910/DVN/GZFCWC,"Godfrey et al., Integrating Ambient Ionization Mass Spectrometry Imaging and Spatial Transcriptomics on the Same Cancer Tissues to Identify RNA–Metabolite Correlations, Angewandte Chemie International Edition (2025)",https://doi.org/10.1002/ange.202502028
landing page or accession only - no direct file URL resolved,asp2019_spatial_tran_2,human developing heart dataset,Spatial Transcriptomics v1.0,human,developing heart,EGAS00001003996,"Asp et al., A Spatially Resolved Organ-wide Atlas of Human Heart Development, Cell (2019)",
landing page or accession only - no direct file URL resolved,maynard2021_unknown,human dorsolateral prefrontal cortex (DLPFC),,,dorsolateral prefrontal cortex,http://research.libd.org/spatialLIBD/,"Maynard et al., Transcriptome-scale spatial gene expression in the human dorsolateral prefrontal cortex, Nature neuroscience (2021)",https://doi.org/10.7490/f1000research.1118079.1
landing page or accession only - no direct file URL resolved,ma2019_visium,human hepatocellular carcinoma Visium datasets,10x Visium,human,liver (hepatocellular carcinoma),https://www.ncbi.nlm.nih.gov/sra?linkname=bioproject_sra_all&from_uid=858545,"Ma et al., Tumor cell biodiversity, stroma heterogeneity, and immunotherapy response in human hepatocellular carcinoma, Cancer cell (2019)",
landing page or accession only - no direct file URL resolved,liu2023_visium_2,human hepatocellular carcinoma Visium datasets,10x Visium,human,liver / hepatocellular carcinoma,https://www.ncbi.nlm.nih.gov/sra?linkname=bioproject_sra_all&from_uid=858545,"Liu et al., omic profiling of human hepatocellular carcinoma, Nat. Comm. (2023)",
landing page or accession only - no direct file URL resolved,human_lung2025_xenium,human lung,10x Xenium,human,lung,https://www.10xgenomics.com/datasets/xenium-human-lung-preview-data-1-standard,Benchmarking sketching methods on spatial transcriptomics data,https://doi.org/10.1101/2025.08.26.672376
landing page or accession only - no direct file URL resolved,he2022_cosmx_2,human non-small-cell lung cancer dataset (NSCLC),CosMx SMI,human,non-small-cell lung cancer,https://nanostring.com/resources/smi-ffpe-dataset-lung9-rep1-data/,"He et al., High-plex imaging of RNA and proteins at subcellular resolution in fixed tissue by spatial molecular imaging, Nat. Biotechnol. (2022)",
landing page or accession only - no direct file URL resolved,human_primary_mo2024_visium,human primary motor cortex (M1C) and anterior cingulate cortex (ACC) spatial transcriptome data,Visium,human,primary motor cortex and anterior cingulate cortex,HRA004425,Pianno: a probabilistic framework automating semantic annotation for spatial transcriptomics,https://doi.org/10.1038/s41467-024-47152-4
landing page or accession only - no direct file URL resolved,human_tonsil_and_iss,human tonsil and skin tissue spatial proteomics dataset,timsTOF Pro2 / timsTOF SCP mass spectrometry coupled with laser microdissection (Deep Visual Proteomics),human,tonsil and skin,PXD040281,,
landing page or accession only - no direct file URL resolved,keren2018_mibi,human triple-negative breast cancer (TNBC) MIBI-TOF dataset,MIBI-TOF,human,breast,https://doi.org/10.18129/B9.bioc.SpatialDatasets,"Keren et al., A Structured Tumor-Immune Microenvironment in Triple Negative Breast Cancer Revealed by Multiplexed Ion Beam Imaging, Cell (2018)",https://doi.org/10.1016/j.cell.2018.08.039
landing page or accession only - no direct file URL resolved,lung_cancer2025_merfish,lung cancer,MERFISH,human,lung tissue,https://info.vizgen.com/ffpe-showcase,VISTA Uncovers Missing Gene Expression and Spatial-induced Information for Spatial Transcriptomic Data Analysis,https://doi.org/10.1101/2024.08.26.609718
landing page or accession only - no direct file URL resolved,mif_melanoma_multiplexed,mIF melanoma,Multiplexed ImmunoFluorescence (mIF),Human,Melanoma soft tissue,https://data.mendeley.com/datasets/syfmgsv3d9/1,,
landing page or accession only - no direct file URL resolved,mirnatissueatlas2022_bgiseq500rs,miRNATissueAtlas2 Human tissue samples,BGISEQ-500RS,Homo sapiens,21 organ types comprising 188 tissue samples,GSE163534,miRNATissueAtlas2: an update to the human miRNA tissue atlas,https://doi.org/10.1093/nar/gkab808
landing page or accession only - no direct file URL resolved,zabransky2023_imc,mouse HCC dataset / external IMC dataset containing 12 multiplexed images of liver tissues obtained from syngeneic mouse HCC models,IMC,mouse,liver,https://doi.org/10.1002/hep.32707,"Zabransky et al., Profiling of syngeneic mouse HCC tumor models as a framework to understand anti–PD-1 sensitive tumor microenvironments, Hepatology (2023)",https://doi.org/10.1002/hep.32707
landing page or accession only - no direct file URL resolved,mouse_pdac_spati_lmdbased_lcm,mouse PDAC spatial proteomics data,LMD-based LC-MS/MS,mouse,pancreatic ductal adenocarcinoma (PDAC),IPX0007607001,Spatial-DC: a robust deep learning-based method for deconvolution of spatial proteomics,https://doi.org/10.1101/2024.12.18.629082
landing page or accession only - no direct file URL resolved,ortiz2020_visium,mouse brain (Sects 1 and 2),10x Visium,Mouse,brain,https://www.10xgenomics.com/datasets/mouse-brain-serial-section-1-sagittal-anterior-1-standard-1-0-0,"Ortiz et al., Molecular atlas of the adult mouse brain, Sci Adv (2020)",https://doi.org/10.1126/sciadv.abb3446
landing page or accession only - no direct file URL resolved,zeisel2018_stereo,mouse brain (Stereo-seq),Stereo-seq,mouse,brain,https://db.cngb.org/stomics/mosta/,"Zeisel et al., Molecular architecture of the mouse nervous system, Cell (2018)",
landing page or accession only - no direct file URL resolved,bae2023_visium,mouse brain dataset (10x Genomics),10× Visium,mouse,brain,https://www.10xgenomics.com/datasets/fresh-frozen-mouse-brain-replicates-1-standard,"Bae et al., spseudomap: cell type mapping of spatial transcriptomics using unmatched single-cell RNA-seq data, Genome Med (2023)",https://doi.org/10.1101/2022.05.09.491104
landing page or accession only - no direct file URL resolved,mouse_brain_hemi2022_stereo,mouse brain hemisphere dataset,Stereo-seq,mouse,brain hemisphere,https://db.cngb.org/search/project/CNP0002966/,Spatial-ID: a cell typing method for spatially resolved transcriptomics via transfer learning and spatial embedding,https://doi.org/10.1038/s41467-022-35288-0
landing page or accession only - no direct file URL resolved,peng2019_geoseq,mouse gastrulation dataset (Geo-seq),Geo-seq,mouse,embryo / gastrula,GSE120963,"Peng et al., Molecular architecture of lineage allocation and tissue organization in early mouse embryo, Nature (2019)",https://doi.org/10.3410/f.736361267.793568186
landing page or accession only - no direct file URL resolved,kleshchevnikov2022_visium,mouse half-brain 10X Visium dataset,Visium,mouse,brain,E-MTAB-11115 and E-MTAB-11114,"Kleshchevnikov et al., Cell2location maps fine-grained cell types in spatial transcriptomics, Nat. Biotechnol. (2022)",https://doi.org/10.1038/s41587-021-01139-4
landing page or accession only - no direct file URL resolved,shah2016_seqfish,mouse hippocampus dataset field 43,seqFISH,,mouse hippocampus,http://dx.doi.org/10.1016/j.neuron.2016.10.001,"Shah et al., In situ transcription profiling of single cells reveals spatial organization of cells in the mouse hippocampus, Neuron (2016)",https://doi.org/10.1016/j.neuron.2016.10.001
landing page or accession only - no direct file URL resolved,zhang2021_merfish,mouse primary motor cortex MERFISH dataset,MERFISH,mouse,primary motor cortex,https://datadryad.org/stash/dataset/doi:10.5061/dryad.x3f54fgs3,"Zhang et al., Spatially resolved cell atlas of the mouse primary motor cortex by MERFISH, Nature (2021)",https://doi.org/10.1038/s41586-021-03705-x
landing page or accession only - no direct file URL resolved,park2018_scrnaseq,mouse scRNA-seq dataset,scRNA-seq,mouse,kidney,GSE107585,"Park et al., Single-cell transcriptomics of the mouse kidney reveals potential cellular targets of kidney disease, Science (2018)",https://doi.org/10.3410/f.732995092.793549396
landing page or accession only - no direct file URL resolved,wang2018_osmfish,mouse somatosensory cortex,osmFISH,Mouse,somatosensory cortex,http://linnarssonlab.org/osmFISH/availability,"Wang et al., Three-dimensional intact-tissue sequencing of single-cell transcriptional states, Science (2018)",https://doi.org/10.3410/f.733482536.793547704
landing page or accession only - no direct file URL resolved,ma2024_spatial_tran,mouse spatial transcriptomic profiling dataset,spatial transcriptomics,mouse,testis,https://db.cngb.org/stomics/datasets/STDS0000247/data,"Ma et al., Spatial transcriptomic landscape unveils immunoglobin-associated senescence as a hallmark of aging, Cell (2024)",https://doi.org/10.1016/j.cell.2024.10.019
landing page or accession only - no direct file URL resolved,he2022_cosmx,"non-small-cell lung cancer sample (lung 5, replicate 1)",CosMx,Human,Liver,https://datadryad.org/stash/dataset/doi:10.5061/dryad.x3f580gwz,"He et al., High-plex imaging of RNA and proteins at subcellular resolution in fixed tissue by spatial molecular imaging, Nat. Biotechnol. (2022)",
landing page or accession only - no direct file URL resolved,osmfish_osmfish,osmFISH,osmFISH,mouse,somatosensory cortex,https://linnarssonlab.org/osmFISH/,,
landing page or accession only - no direct file URL resolved,codeluppi2018_unknown,osmFISH (mouse cortex) dataset,,mouse,cortex,http://linnarssonlab.org/osmFISH/,"Codeluppi et al., Spatial organization of the somatosensory cortex revealed by osmFISH, Nat Methods (2018)",https://doi.org/10.1038/s41592-018-0175-z
landing page or accession only - no direct file URL resolved,codeluppi2018_osmfish,osmFISH Mouse Somatosensory Cortex (MSC) dataset,osmFISH,Mouse,somatosensory cortex,"GSE60361 (scRNA-seq), Linnarsson lab website (osmFISH)","Codeluppi et al., Spatial organization of the somatosensory cortex revealed by osmFISH, Nat Methods (2018)",https://doi.org/10.1038/s41592-018-0175-z
landing page or accession only - no direct file URL resolved,rat_brain_tissue_st,rat brain tissue sections (cortex and hypothalamus regions),nanoPOTS-TDP coupled with LCM and MALDI,rat,brain (cortex and hypothalamus),MSV000089163,,
landing page or accession only - no direct file URL resolved,scrna_seq_crop_s2024_10x_genomics,scRNA-seq / CROP-seq dataset,10X Genomics Chromium,human,lung adenocarcinoma cell line (A549),GSE249597,Detecting subtle transcriptomic perturbations induced by lncRNAs knock-down in single-cell CRISPRi screening using a new sparse supervised autoencoder neural network,https://doi.org/10.3389/fbinf.2024.1340339
landing page or accession only - no direct file URL resolved,habermann2020_scrnaseq,scRNA-seq dataset (GSE135893),scRNA-seq,human,lung,GSE135893,"Habermann et al., Single-cell RNA sequencing reveals profibrotic roles of distinct epithelial and mesenchymal lineages in pulmonary fibrosis, Sci. Adv. (2020)",
landing page or accession only - no direct file URL resolved,scrna_seq_lcmseq2020_marsseq_mcsc,"scRNA-seq, LCMseq, and spatial transcriptomics of human liver tumor and non-malignant tissues","MARS-seq, mcSCRBseq",human,liver,GSE146409,A single cell atlas of the human liver tumor microenvironment,https://doi.org/10.15252/msb.20209682
landing page or accession only - no direct file URL resolved,srivatsan2021_scispace,sci-SPACE mouse embryo dataset,sci-SPACE,Mouse,embryo,GSE166692,"Srivatsan et al., Embryo-scale, single-cell spatial transcriptomics, Science. (2021)",
landing page or accession only - no direct file URL resolved,garciaalonso2021_visium,secretory endometrium Visium dataset,Visium,human,endometrium,E-MTAB-9260,"Garcia-Alonso et al., Mapping the temporal and spatial dynamics of the human endometrium in vivo and in vitro, Nat. Genet. (2021)",
landing page or accession only - no direct file URL resolved,seqfish_gastrula_seqfish,seqFISH (gastrulation),seqFISH,mouse,,https://ars.els-cdn.com/content/image/1-s2.0-S0896627316307024-mmc6.xlsx,,
landing page or accession only - no direct file URL resolved,shah2017_seqfish,seqFISH data,seqFISH,mouse,hippocampus,https://www.ncbi.nlm.nih.gov/pmc/articles/PMC5087994/,"Shah et al., seqFISH Accurately Detects Transcripts in Single Cells and Reveals Robust Spatial Organization in the Hippocampus, Neuron (2017)",https://doi.org/10.1016/j.neuron.2017.05.008
landing page or accession only - no direct file URL resolved,lohoff2022_seqfish,seqFISH data in sagittal slices of mouse embryos,seqFISH,mouse,embryo,https://content.cruk.cam.ac.uk/jmlab/SpatialMouseAtlas2020/,"Lohoff et al., Integration of spatial and single-cell transcriptomic data elucidates mouse organogenesis, Nat Biotechnol (2022)",https://doi.org/10.1038/s41587-021-01006-2
landing page or accession only - no direct file URL resolved,seqfish_dataset__seqfish,seqFISH dataset of 26 individual gastruloids,seqFISH,mouse,gastruloids,https://www.dropbox.com/scl/fo/bchkqlbcjb8ub9m606did/AIudcWZaC566toXzb2L-jXc?rlkey=u0wgtkq8jerxoqb5ump599oip&dl=0,,
landing page or accession only - no direct file URL resolved,seqfish_mouse_ki2024_seqfish,seqFISH mouse kidney ischemia-reperfusion injury dataset,seqFISH,mouse,kidney,https://woldlab.caltech.edu/ci2-celltiles/Mouse-Kidney-Fibrosis/,Spatial transcriptomics defines injury specific microenvironments and cellular interactions in kidney regeneration and disease,https://doi.org/10.1038/s41467-024-51186-z
landing page or accession only - no direct file URL resolved,eng2019_seqfish,seqFISH+ mouse cortex and olfactory bulb dataset,seqFISH+,Mouse,Brain cortex,GSE98674,"Eng et al., Transcriptome-scale super-resolved imaging in tissues by RNA seqFISH+, Nature (2019)",https://doi.org/10.3410/f.735385359.793579535
landing page or accession only - no direct file URL resolved,single_cell_rna_2023_unknown,single-cell RNA-seq and spatial RNA-seq data,,Human,anterior cruciate ligament,PRJCA014157,A single-cell atlas depicting the cellular and molecular features in human anterior cruciate ligamental degeneration: A single cell combined spatial transcriptomics study,https://doi.org/10.7554/eLife.85700.sa2
landing page or accession only - no direct file URL resolved,smfish_dataset2025_smfish,smFISH dataset,smFISH,mouse,claustro-insular region,https://doi.org/10.6084/m9.figshare.c.7953965.v1,A spatial single-cell atlas of the claustro-insular region uncovers key regulators of neuronal identity and excitability,https://doi.org/10.1038/s41467-025-63138-2
landing page or accession only - no direct file URL resolved,snhla_merfish_da2025_vizgen_mersc,snHLA MERFISH Dataset,Vizgen MERSCOPE,Human,Adult lung,https://portal.hubmapconsortium.org/browse/publication/a10041ad9ebae0b42d3c7f602ba37b82,A Multimodal Spatial and Epigenomic Atlas of Human Adult Lung Topography,https://doi.org/10.1101/2025.05.23.655666
landing page or accession only - no direct file URL resolved,spatial_proteomi_lcmsms_orbit,spatial proteomic profiling of 8-cell stage X. tropicalis embryos / OFIC spatial proteomics dataset,"LC-MS/MS (Orbitrap Eclipse with FAIMS Pro Interface, DIA mode)",Xenopus tropicalis,"early embryos / 8-cell stage blastomeres (D1, V1, D2, V2)",MSV000097784,,
landing page or accession only - no direct file URL resolved,spatial_tissue_p_timsultra_ai,"spatial tissue proteomics dataset (mouse liver, human tonsil, and human squamous cell carcinoma)",timsUltra AIP mass spectrometer combined with Evosep ONE,mouse and human,"mouse liver, human palatine tonsil, and human squamous cell carcinoma of the oral cavity/maxilla",PXD069877,,
landing page or accession only - no direct file URL resolved,melo2021_visium,spatial transcriptomic dataset for the mouse kidney demonstration,10X Genomics Visium,Mouse,kidney,GSM5224981,"Melo Ferreira et al., Integration of spatial and single-cell transcriptomics localizes epithelial cell–immune cross-talk in kidney injury, JCI Insight. (2021)",https://doi.org/10.1172/jci.insight.147703
landing page or accession only - no direct file URL resolved,berglund2018_spatial_tran,spatial transcriptomics prostate cancer data,Spatial Transcriptomics,Mouse,prostate,https://www.spatialresearch.org/resources-published-datasets/,"Berglund et al., Spatial maps of prostate cancer transcriptomes reveal an unexplored landscape of heterogeneity, Nat Commun. (2018)",https://doi.org/10.1038/s41467-018-04724-5
landing page or accession only - no direct file URL resolved,wei2022_stereo,spatially transcriptomics data of axolotl brain,Stereo-Seq,Axolotl,Brain,CNGBdb: CNP0002068,"Wei et al., Single-cell Stereo-seq reveals induced progenitor cells involved in axolotl brain regeneration, Science (2022)",https://doi.org/10.3410/f.742304929.793595383
landing page or accession only - no direct file URL resolved,thrane2018_spatial_tran,stage III cutaneous malignant melanoma ST data,Spatial Transcriptomics,human,cutaneous malignant melanoma,https://www.spatialresearch.org/resources-published-datasets/,"Thrane et al., Spatially resolved transcriptomics enables dissection of genetic heterogeneity in stage III cutaneous malignant melanoma, Cancer research (2018)",https://doi.org/10.1158/0008-5472.can-18-0747
landing page or accession only - no direct file URL resolved,tdisco_scrna_seq2024_tdisco,tDISCO scRNA-seq and scProteomics dataset,tDISCO,mouse,cortex,PRJNA952594,Integrating single-cell and spatially resolved transcriptomic strategies to survey the astrocyte response to stroke in male mice,https://doi.org/10.1038/s41467-024-45821-y
landing page or accession only - no direct file URL resolved,gataric2021_iss,targeted ISS of a mouse brain,ISS,mouse,brain,https://doi.org/10.1101/2021.10.12.464086,"Gataric et al., PoSTcode: Probabilistic image-based spatial transcriptomics decoder, Bioinformatics (2021)",https://doi.org/10.1101/2021.10.12.464086
landing page or accession only - no direct file URL resolved,seq_and_3d_storm2016_st,τ-seq and 3D-STORM imaging dataset,3D-STORM and Illumina HiSeq2000 / NextSeq500,Escherichia coli,E. coli cells,http://www.ncbi.nlm.nih.gov/geo/query/acc.cgi?acc=GSE75818,Spatial organization shapes the turnover of a bacterial transcriptome,https://doi.org/10.7554/eLife.13065.029
no link of any kind recorded,beltran2016_tmtbased_ms,10 primary fibroblast datasets (Beltran et al.),TMT-based MS quantification,human,primary fibroblasts,,"Beltran et al., A portrait of the human organelle proteome in space and time during cytomegalovirus infection, Cell systems (2016)",https://doi.org/10.1016/j.cels.2016.08.012
no link of any kind recorded,hajdarovic2022_visium,10X Visium,10X Visium,mouse,Mouse brain,,"Hajdarovic et al., Single-cell analysis of the aging female mouse hypothalamus, Nat. Aging (2022)",https://doi.org/10.1038/s43587-022-00246-4
no link of any kind recorded,10x_genomics_vis_visium,10x Genomics Visium Spatial Transcriptomics tongue dataset,Visium,mouse,tongue,,,
no link of any kind recorded,stur2022_visium,10x Genomics Visium human HGSC ovarian cancer dataset,10x Genomics Visium,human,ovarian tumor,,"Stur et al., Spatially resolved transcriptomics of high-grade serous ovarian carcinoma, iScience (2022)",https://doi.org/10.1016/j.isci.2022.103923
no link of any kind recorded,fonseca2023_visium,10x Genomics Visium human endometriosis dataset,10x Genomics Visium,human,endometriosis lesion,,"Fonseca et al., Single-cell transcriptomic analysis of endometriosis, Nat Genet (2023)",https://doi.org/10.2139/ssrn.3780107
no link of any kind recorded,arutyunyan2023_visium_2,10x Genomics Visium human maternal-fetal interface dataset,10x Genomics Visium,human,maternal-fetal interface / placenta,,"Arutyunyan et al., Spatial multiomics map of trophoblast development in early pregnancy, Nature (2023)",
no link of any kind recorded,mesa2021_visium,10x Genomics Visium mouse uterus Ezh2 KO dataset,10x Genomics Visium,mouse,uterus,,"Mesa et al., Spatial transcriptomics analysis of uterine gene expression in enhancer of zeste homolog 2 conditional knockout micedagger, Biol Reprod (2021)",
no link of any kind recorded,li2022_visium_2,10x Genomics Visium mouse uterus implantation site dataset,10x Genomics Visium,mouse,uterus,,"Li et al., Spatial transcriptomic profiles of mouse uterine microenvironments at pregnancy day 7.5, Biol Reprod (2022)",
no link of any kind recorded,10x_genomics_vis2022_visium,10x Genomics Visium spatial gene expression dataset,10x Genomics Visium,human,ureter,,Processing and cryopreservation of human ureter tissues for single-cell and spatial transcriptomics assays,https://doi.org/10.1016/j.xpro.2022.101854
no link of any kind recorded,10x_genomics_vis2024_visium,10x Genomics Visium superficial biopsies datasets,10x Genomics Visium,human,endometrium,,An integrated single-cell reference atlas of the human endometrium,https://doi.org/10.1038/s41588-024-01873-w
no link of any kind recorded,nikopoulou2023_visium,10x Visium (mouse liver dataset),10x Visium,mouse,liver,,"Nikopoulou et al., Spatial and single-cell profiling of the metabolome, transcriptome and epigenome of the aging mouse liver, Nat Aging (2023)",https://doi.org/10.1038/s43587-023-00513-y
no link of any kind recorded,ferreira2024_xenium,10x Xenium human kidney dataset,10x Xenium,human,kidney,,"Ferreira et al., A MEF2C transcription factor network regulates proliferation of glomerular endothelial cells in diabetic kidney disease (2024)",
no link of any kind recorded,chen2022_unknown,10x-hMTG-18-64,,,MTG,,"Chen et al., Spatially resolved transcriptomics reveals genes associated with the vulnerability of middle temporal gyrus in Alzheimer's disease, Acta Neuropathologica Communications (2022)",https://doi.org/10.21203/rs.3.rs-855234/v1
no link of any kind recorded,sun2024_merfish,140-gene MERFISH coronal section dataset,MERFISH,Mouse,Brain,,"Sun et al., TISSUE: uncertainty-calibrated prediction of single-cell spatial transcriptomics improves downstream analyses, Nat. Methods (2024)",https://doi.org/10.1038/s41592-024-02184-y
no link of any kind recorded,1640_gene_drugga2023_cellpaintpos,1640-Gene Druggable Genome Discovery Screen Dataset,CellPaint-POSH,Human,A549 (adenocarcinomic human alveolar basal epithelial cells),,A Pooled Cell Painting CRISPR Screening Platform Enables de novo Inference of Gene Function by Self-supervised Deep Learning,https://doi.org/10.1101/2023.08.13.553051
no link of any kind recorded,karaiskos2017_fish,3D fluorescence in situ hybridization (FISH) drosophila embryos dataset,FISH,Drosophila,Embryo,,"Karaiskos et al., The Drosophila embryo at single-cell transcriptome resolution, Science (2017)",
no link of any kind recorded,fang2023_unknown,3D mouse anterior hypothalamus dataset,,mouse,anterior hypothalamus,,"Fang et al., Three-dimensional single-cell transcriptome imaging of thick tissues, bioRxiv (2023)",https://doi.org/10.7554/elife.90029.2.sa1
no link of any kind recorded,3d_multiplexed_i2023_confocal_mic,3D multiplexed immunofluorescence imaging and label-free cytometry (3DTC),Confocal microscopy / multiphoton microscopy,human,kidney,,An atlas of healthy and injured cell states and niches in the human kidney,https://doi.org/10.1038/s41586-023-05769-3
no link of any kind recorded,ghose2023_unknown,3D reconstruction of skin dataset,,human,skin,,"Ghose et al., 3D reconstruction of skin and spatial mapping of immune cell density, vascular distance and effects of sun exposure and aging, Commun. Biol. (2023)",https://doi.org/10.1038/s42003-023-04991-z
no link of any kind recorded,vickovic2022_in_situ_spat,3D spatial transcriptomics rheumatoid arthritis synovium dataset,In situ spatial barcoding,Human,Synovium,,"Vickovic et al., Three-dimensional spatial transcriptomics uncovers cell type localizations in the human rheumatoid arthritis synovium, Commun Biol (2022)",
no link of any kind recorded,segura2022_unknown,3D transcriptomics atlas of the mouse nose,,mouse,nose,,"Segura et al., A 3D transcriptomics atlas of the mouse nose sheds light on the anatomical logic of smell, Cell Rep. (2022)",
no link of any kind recorded,mohenska2021_rna_sequenci,3D-Cardiomics dataset,RNA sequencing,mammal (mouse),heart,,"Mohenska et al., 3D-cardiomics: A spatial transcriptional atlas of the mammalian heart, J Mol Cell Cardiol (2021)",https://doi.org/10.1016/j.yjmcc.2021.09.011
no link of any kind recorded,a549_cell_cultur2025_raefish,A549 cell culture RAEFISH dataset,RAEFISH,Human,Cell culture (A549),,Sequencing-free whole genome spatial transcriptomics at molecular resolution in intact tissue,https://doi.org/10.1101/2025.03.06.641951
no link of any kind recorded,a549_cells_frame2023_iss,A549 cells frameshift reporter and CD81 CRISPR screen dataset,PerturbView / In situ sequencing (ISS) / Flow cytometry,Human,A549 cell line,,"Highly multiplexed, image-based pooled screens in primary cells and tissues with PerturbView",https://doi.org/10.1101/2023.12.26.573143
no link of any kind recorded,acc1_acc5_visiumhd,ACC1–ACC5,Visium HD,human,salivary gland,,,
no link of any kind recorded,nguyen2020_snrnaseq,AD snRNA-seq dataset,snRNA-seq,human,middle frontal neocortex,,"Nguyen et al., APOE and TREM2 regulate amyloid-responsive microglia in Alzheimer’s disease, Acta Neuropathol. (2020)",https://doi.org/10.1007/s00401-020-02200-3
no link of any kind recorded,zhang2023_scrnaseq,AMP RA phase II database,scRNA-seq,human,synovial membrane,,"Zhang et al., Deconstruction of rheumatoid arthritis synovium defines inflammatory subtypes, Nature (2023)",
no link of any kind recorded,engesser2024_visium,ANCA-associated glomerulonephritis immune profiling dataset,Visium,Human,Kidney,,"Engesser et al., Immune profiling-based targeting of pathogenic T cells with ustekinumab in ANCA-associated glomerulonephritis, Nat Commun (2024)",
no link of any kind recorded,sun2025_unknown,AP,,mouse,brain,,"Sun et al., Brain aging and rejuvenation at single-cell resolution, Neuron (2025)",https://doi.org/10.1016/j.neuron.2024.12.007
no link of any kind recorded,ap3_and_ag_domai2022_smartseq_v4,AP3- and AG-domain FANS RNA-seq,SMART-Seq v4 Ultra Low Input RNA Kit,Arabidopsis thaliana,AP3 and AG expression domains in floral meristems,,A 3D gene expression atlas of the floral meristem based on spatial reconstruction of single nucleus RNA sequencing data,https://doi.org/10.1038/s41467-022-30177-y
no link of any kind recorded,dixon2022_visium,Acute kidney injury murine model ST data,10X Genomics Visium,Mouse,kidney,,"Dixon et al., Spatially Resolved Transcriptomic Analysis of Acute Kidney Injury in a Female Murine Model, J Am Soc Nephrol. (2022)",https://doi.org/10.1681/asn.2021081150
no link of any kind recorded,asp2017_st,Adult Human Heart dataset (ST sequencing),ST sequencing,Human,Heart,,"Asp et al., Spatial detection of fetal marker genes expressed at low level in adult human heart tissue, Sci. Rep. (2017)",https://doi.org/10.1038/s41598-017-13462-5
no link of any kind recorded,lei2022_stereo,Adult Macaque cortex Stereoseq chips,Stereoseq,Macaque,Cortex,,"Lei et al., Spatially resolved gene regulatory and disease-related vulnerability map of the adult Macaque cortex, Nat. Commun. (2022)",https://doi.org/10.1038/s41467-022-34413-3
no link of any kind recorded,litviukov2020_unknown,Adult human heart cell atlas,,Human,Adult human heart,,"Litviňuková et al., Cells of the adult human heart, Nature (2020)",
no link of any kind recorded,litviukov2020_unknown_2,Adult human heart single-cell and spatial data,,human,heart,,"Litviňuková et al., Cells of the adult human heart, Nature (2020)",
no link of any kind recorded,adult_human_smal_visium,Adult human small intestine dataset,Visium,mouse,brain,,,
no link of any kind recorded,yao2023_10x_genomics,Adult mouse brain scRNA-seq reference (whole adult mouse brain),10x Genomics Chromium v2,mouse,brain,,"Yao et al., A high-resolution transcriptomic and spatial atlas of cell types in the whole mouse brain, Nature (2023)",https://doi.org/10.1111/jnc.70406/v1/review1
no link of any kind recorded,ortiz2020_spatial_tran,Adult mouse brain spatial atlas,Spatial Transcriptomics,Mouse,brain,,"Ortiz et al., Molecular atlas of the adult mouse brain, Sci Adv. (2020)",https://doi.org/10.1126/sciadv.abb3446
no link of any kind recorded,tasic2016_smartseq2,Adult mouse cortex scRNA-seq dataset,Smart-seq2,mouse,cortex,,"Tasic et al., Adult mouse cortical cell taxonomy revealed by single cell transcriptomics, Nat. Neurosci. (2016)",https://doi.org/10.1038/nn.4216
no link of any kind recorded,ortiz2020_st,Adult mouse whole-brain multi-slice dataset,ST,Mouse,Whole brain,,"Ortiz et al., Molecular atlas of the adult mouse brain, Sci. Adv. (2020)",https://doi.org/10.1126/sciadv.abb3446
no link of any kind recorded,hawrylycz2012_in_situ_hybr,Allen Human Brain Atlas ISH dataset,in situ hybridization,human,brain,,"Hawrylycz et al., An anatomically comprehensive atlas of the adult human brain transcriptome, Nature (2012)",https://doi.org/10.3410/f.717960639.793463706
no link of any kind recorded,ding2016_unknown,"Allen Human Reference Atlas - 3D, 2020",,human,brain,,"Ding et al., Comprehensive cellular-resolution atlas of the adult human brain, J Comp Neurol (2016)",
no link of any kind recorded,oh2014_anterograde,Allen Mouse Brain Connectivity Atlas,anterograde viral microinjection,mouse,brain,,"Oh et al., A mesoscale connectome of the mouse brain, Nature (2014)",
no link of any kind recorded,johnston2025_merfish,Alzheimer's disease MERFISH dataset,MERFISH,mouse,brain,,"Johnston et al., Single-cell spatial transcriptomics reveals distinct patterns of dysregulation in non-neuronal and neuronal cells induced by the Trem2 R47H Alzheimer’s risk gene mutation, Molecular Psychiatry (2025)",https://doi.org/10.1038/s41380-024-02651-0
no link of any kind recorded,chen2020_iss,Alzheimer's disease mouse and human brain data,ISS and capture-based ST,human and mouse,brain,,"Chen et al., Spatial transcriptomics and in situ sequencing to study Alzheimer's Disease, Cell (2020)",
no link of any kind recorded,chen2020_spatial_tran,Alzheimer's disease mouse/human brain ST data,Spatial Transcriptomics,Mouse,brain,,"Chen et al., Spatial Transcriptomics and In Situ Sequencing to Study Alzheimer’s Disease, Cell. (2020)",
no link of any kind recorded,amrute2024_unknown,Amrute et al. heart failure ST dataset,,human,"human cardiac tissues (healthy donors, acutely infarcted, and chronically failing human hearts)",,"Amrute et al., Targeting Immune-Fibroblast Cell Communication in Heart Failure, Nature (2024)",
no link of any kind recorded,giacomello2017_unknown,"Arabidopsis inflorescence meristem, European Populus tremula leaf buds, and Picea abies female cones spatial transcriptome dataset",,"Arabidopsis thaliana, Populus tremula, Picea abies","inflorescence meristem, leaf buds, female cones",,"Giacomello et al., Spatially resolved transcriptome profiling in model plant species, Nat. Plants (2017)",https://doi.org/10.1038/nplants.2017.61
no link of any kind recorded,xia2022_stereo,Arabidopsis leaves single-cell stereo-seq dataset,stereo-seq,Arabidopsis thaliana,leaves,,"Xia et al., The single-cell stereo-seq reveals region-specific cell subtypes and transcriptome profiling in Arabidopsis leaves, Dev. Cell (2022)",https://doi.org/10.1016/j.devcel.2022.04.011
no link of any kind recorded,sun2021_barseq2,BARseq2 mouse cortex dataset,BARseq2,mouse,cortex,,"Sun et al., Integrating barcoded neuroanatomy with spatial transcriptional profiling enables identification of gene correlates of projections, Nat Neurosci (2021)",https://doi.org/10.3410/f.740083836.793587566
no link of any kind recorded,jorstad2023_snrnaseq,BICCN neocortex dataset,snRNA-seq,human,cerebral cortex,,"Jorstad et al., Transcriptomic cytoarchitecture reveals principles of human neocortex organization, Science (2023)",https://doi.org/10.1126/science.adf6812
no link of any kind recorded,cable2021_slideseq,BISCP948CE,Slide-seqV2,,Cerebellum,,"Cable et al., Robust decomposition of cell type mixtures in spatial transcriptomics, Nature Biotechnology (2021)",https://doi.org/10.1038/s41587-021-00830-w
no link of any kind recorded,chen2017_st,"BaristaSeq datasets (Slice 1, Slice 2, Slice 3)",BaristaSeq,,brain cortex,,"Chen et al., Efficient in situ barcode sequencing using padlock probe-based BaristaSeq, Nucleic Acids Research (2017)",https://doi.org/10.1093/nar/gkx1206
no link of any kind recorded,peiratsllobet2023_spatial_tran,Barley grain spatial transcriptome,Spatial transcriptomics,Hordeum vulgare,germinating grain,,"Peirats-Llobet et al., Spatially resolved transcriptomic analysis of the germinating barley grain, Nucleic Acids Res. (2023)",https://doi.org/10.1093/nar/gkad521
no link of any kind recorded,bassez2021_singlecell_r,Bassez Breast Cancer Dataset,Single-cell RNA sequencing,Human,Breast cancer,,"Bassez et al., A single-cell map of intratumoral changes during anti-PD1 treatment of patients with breast cancer, Nat Med (2021)",
no link of any kind recorded,bergenstrhle2022_visium,Bergenstrahle2021,Visium,,,,"Bergenstråhle et al., Super-resolved spatial transcriptomics by deep data fusion, Nat Biotechnol (2022)",https://doi.org/10.1038/s41587-021-01075-3
no link of any kind recorded,bergenstrhle2022_unknown,Bergenstrahle2021 datasets,,human,"intestine cancer, squamous cell carcinoma",,"Bergenstråhle et al., Super-resolved spatial transcriptomics by deep data fusion, Nat Biotechnol (2022)",https://doi.org/10.1038/s41587-021-01075-3
no link of any kind recorded,gouin2021_spatial_tran,Bladder cancer spatial transcriptomics,Spatial Transcriptomics,Human,bladder,,"Gouin et al., An N-Cadherin 2 expressing epithelial cell subpopulation predicts response to surgery, chemotherapy and immunotherapy in bladder cancer, Nat Commun. (2021)",https://doi.org/10.1038/s41467-021-25103-7
no link of any kind recorded,blumhagen2023_geomx,Blumhagen GeoMx spatial transcriptomics dataset,NanoString GeoMx DSP,Human,Lung,,"Blumhagen et al., Spatially Distinct Molecular Patterns of Gene Expression in Idiopathic Pulmonary Fibrosis, Respir. Res. (2023)",https://doi.org/10.1186/s12931-023-02572-6
no link of any kind recorded,bone_marrow_cite2024_10x_genomics,Bone marrow CITE-seq and Infinity Flow datasets,10x Genomics Chromium; Cytek Aurora,Human,Bone marrow,,An immunophenotype-coupled transcriptomic atlas of human hematopoietic progenitors,https://doi.org/10.1038/s41590-024-01782-4
no link of any kind recorded,tietscher2023_imc,Breast Cancer IMC Dataset,IMC,human,breast tumor tissue,,"Tietscher et al., A comprehensive single-cell map of T cell exhaustion-associated immune environments in human breast cancer, Nat. Commun. (2023)",https://doi.org/10.1038/s41467-022-35238-w
no link of any kind recorded,breast_cancer_br_visium,Breast cancer (BRCA) dataset,10x Genomics Visium,human,breast cancer,,,
no link of any kind recorded,he2022_visium,Breast cancer dataset,Visium,human,breast tumor,,"He et al., Starfysh reveals heterogeneous spatial dynamics in the breast tumor microenvironment, bioRxiv (2022)",https://doi.org/10.1101/2022.11.21.517420
no link of any kind recorded,ali2020_imc,Breast cancer imaging mass cytometry dataset,IMC,,breast tumor samples (METABRIC),,"Ali et al., Imaging mass cytometry and multiplatform genomics define the phenogenomic landscape of breast cancer, Nat. Cancer (2020)",
no link of any kind recorded,levyjurgenson2020_digital_path,Breast cancer pathology whole-slide images spatial transcriptomics dataset,Digital pathology whole-slide images (inferred spatial transcriptomics),Human,Breast cancer,,"Levy-Jurgenson et al., Spatial transcriptomics inferred from pathology whole-slide images links tumor heterogeneity to survival in breast and lung cancer, Sci. Rep. (2020)",https://doi.org/10.1038/s41598-020-75708-z
no link of any kind recorded,c_g2p_liver_spat2025_visium,C-G2P liver spatial transcriptomics,10X Visium,mouse,liver,,Integrated in vivo combinatorial functional genomics and spatial transcriptomics of tumours to decode genotype-to-phenotype relationships,https://doi.org/10.1038/s41551-025-01437-1
no link of any kind recorded,ebbing2018_spatial_tran,C. elegans spatial transcriptomics dataset,spatial transcriptomics,Caenorhabditis elegans,,,"Ebbing et al., Spatial transcriptomics of C. elegans males and hermaphrodites identifies Sex-Specific differences in gene expression patterns, Dev. Cell (2018)",
no link of any kind recorded,rauber2024_visium,CD200+ fibroblasts and ILC2s arthritis dataset,Visium,Human,Synovium,,"Rauber et al., CD200+ fibroblasts form a pro-resolving mesenchymal network in arthritis, Nat Immunol (2024)",
no link of any kind recorded,stoeckius2017_citeseq,CITE-seq immune cell data,CITE-seq,,immune subpopulations,,"Stoeckius et al., Simultaneous epitope and transcriptome measurement in single cells, Nat Methods (2017)",
no link of any kind recorded,codex_proteomic_2023_codex,CODEX Proteomic Dataset,CODEX (Akoya Biosciences),human,breast tissue,,A spatially resolved single cell genomic atlas of the adult human breast,https://doi.org/10.1101/2023.04.22.537946
no link of any kind recorded,shaban2024_codex,CODEX cHL dataset,CODEX,human,classic Hodgkin Lymphoma tumor,,"Shaban et al., Maps: Pathologist-level cell type annotation from tissue images through machine learning, Nature Communications (2024)",https://doi.org/10.1101/2023.06.25.546474
no link of any kind recorded,codex_multiplexe_codex,CODEX multiplexed immunofluorescence dataset,CODEX,Mouse,Kidney,,,
no link of any kind recorded,comet_if_and_hyp_imc,COMET IF and Hyperion XTi IMC dataset,COMET IF and Hyperion XTi IMC,Human,Bone marrow,,,
no link of any kind recorded,comet_high_plex_2024_comet,COMET high-plex sequential immunofluorescence dataset,COMET,human,lung,,Spatial transcriptomic characterization of pathologic niches in IPF,https://doi.org/10.1126/sciadv.adl5473
no link of any kind recorded,comet_lung_carci_st,COMET lung carcinoma dataset,COMET hyperplex immunohistochemistry (hIHC),human,lung carcinoma,,,
no link of any kind recorded,qi2022_visium,CRC dataset (CRC-2),10x Visium,Human,Colorectum,,"Qi et al., Single-cell and spatial analysis reveal interaction of FAP+ fibroblasts and SPP1+ macrophages in colorectal cancer, Nat. Commun. (2022)",https://doi.org/10.1038/s41467-022-29366-6
no link of any kind recorded,wang2023_imc,CRC liver metastases dataset,IMC,human,colorectal cancer primary tumours and liver metastases,,"Wang et al., Extracellular vesicles in fatty liver promote a metastatic tumor microenvironment, Cell Metab. (2023)",
no link of any kind recorded,wang2023_imc_3,CRC liver metastases dataset,Imaging mass cytometry (IMC),Human,"Primary CRC tumors, CRC liver metastases, and healthy liver",,"Wang et al., Extracellular vesicles in fatty liver promote a metastatic tumor microenvironment, Cell Metab. (2023)",
no link of any kind recorded,crc_pt3_cohort_t_visium,CRC pT3 cohort (traditional and enhanced protocols),Visium / CytAssist,Human,Colorectal cancer (CRC),,,
no link of any kind recorded,crc_spatial_tran_unknown,CRC spatial transcriptomics slices,,human,colorectal cancer,,,
no link of any kind recorded,de2025_unknown,CRC-HD,,,colorectal cancer,,"de Oliveira et al., High-definition spatial transcriptomic profiling of immune cell populations in colorectal cancer, Nature Genetics (2025)",https://doi.org/10.1038/s41588-025-02193-3
no link of any kind recorded,wang2024_visium,CROST human Visium datasets,Visium,human,,,"Wang et al., CROST: a comprehensive repository of spatial transcriptomics, Nucleic Acids Res (2024)",https://doi.org/10.1093/nar/gkad782
no link of any kind recorded,phillips2021_codex,CTCL,CODEX,,skin,,"Phillips et al., Immune cell topography predicts response to PD-1 blockade in cutaneous T cell lymphoma, Nat. Commun. (2021)",https://doi.org/10.3410/f.741188990.793590165
no link of any kind recorded,tzur2018_tomo,Caenorhabditis elegans gonadal spatial transcriptomics,RNA tomography (tomo-seq),Caenorhabditis elegans,germline / gonad,,"Tzur et al., Spatiotemporal gene expression analysis of the germline uncovers a syncytial expression switch, Genetics (2018)",https://doi.org/10.1534/genetics.118.301315
no link of any kind recorded,ebbing2018_tomo,Caenorhabditis elegans spatial transcriptomics,RNA tomography (tomo-seq),Caenorhabditis elegans,males and hermaphrodites,,"Ebbing et al., Spatial transcriptomics of C. elegans males and hermaphrodites identifies sex-specific differences in gene expression patterns, Dev Cell (2018)",
no link of any kind recorded,ghandi2019_rnaseq,Cancer Cell Line Encyclopedia (CCLE) bulk RNA-seq,RNA-seq,Human,Cell lines,,"Ghandi et al., Next-generation characterization of the cancer cell line encyclopedia, Nature (2019)",https://doi.org/10.3410/f.735709859.793560036
no link of any kind recorded,kleshchevnikov2022_spatial_tran,Cell2location mouse brain spatial dataset,Spatial Transcriptomics,Mouse,brain,,"Kleshchevnikov et al., Cell2location maps fine-grained cell types in spatial transcriptomics, Nat Biotechnol. (2022)",https://doi.org/10.1038/s41587-021-01139-4
no link of any kind recorded,wu2022_codex,Charville,CODEX,,Colon,,"Wu et al., Space-gm: geometric deep learning of disease-associated microenvironments from multiplex spatial protein profiles, bioRxiv (2022)",
no link of any kind recorded,guo2022_unknown,Chinese cabbage leafy head spatial transcriptome dataset,,Brassica rapa (Chinese cabbage),leafy head / leaves,,"Guo et al., Series-spatial transcriptome profiling of leafy head reveals the key transition leaves for head formation in Chinese cabbage, Front. Plant Sci. (2022)",https://doi.org/10.3389/fpls.2021.787826
no link of any kind recorded,wu2024_unknown,Cholestatic Injury and Repair Spatiotemporal Atlas,,Mouse,,,"Wu et al., A Spatiotemporal Atlas of Cholestatic Injury and Repair in Mice, Nat. Genet. (2024)",
no link of any kind recorded,cichlid_telencep2023_visium,Cichlid telencephalon Visium spatial transcriptomics dataset,10X Genomics Visium,Mchenga conophoros,telencephalon,,Spatially resolved cell atlas of the teleost telencephalon and deep homology of the vertebrate forebrain,https://doi.org/10.1101/2023.07.20.549873
no link of any kind recorded,shaban2024_chl_codex,Classical Hodgkin lymphoma CODEX (>134k annotated cells),CODEX,human,lymph node,,"Shaban et al. (MAPS), Nature Communications 15, 28 (2024)",https://doi.org/10.1038/s41467-023-44188-w
no link of any kind recorded,meylan2022_unknown,Clear cell renal cell carcinoma (ccRCC) dataset,,human,clear cell renal cell carcinoma,,"Meylan et al., Tertiary lymphoid structures generate and propagate anti-tumor antibody-producing plasma cells in renal cell cancer, Immunity (2022)",https://doi.org/10.1016/j.immuni.2022.02.001
no link of any kind recorded,collapsing_glome2024_geomx,Collapsing glomerulopathy spatial transcriptomics dataset,GeoMx DSP,human,kidney biopsy,,Challenges and Opportunities for the Clinical Translation of Spatial Transcriptomics Technologies,https://doi.org/10.1159/000538344
no link of any kind recorded,hartmann2021_mibi,Colon Cancer CyTOF and MIBI-TOF Dataset,MIBI-TOF,human,colon carcinoma and peripheral blood,,"Hartmann et al., Single-cell metabolic profiling of human cytotoxic T cells, Nat. Biotechnol. (2021)",
no link of any kind recorded,zhao2022_slideseq,Colon cancer Slide-seq / Slide-RNA-seq dataset,Slide-seq,Human,Colon cancer,,"Zhao et al., Spatial genomics enables multi-modal study of clonal heterogeneity in tissues, Nature (2022)",https://doi.org/10.3410/f.741322092.793591057
no link of any kind recorded,wang2023_unknown,Colorectal cancer (CRC) primary and liver metastatic tumors dataset,,human,colorectal cancer and liver metastatic tumors,,"Wang et al., Single-cell and spatial transcriptome analysis reveals the cellular heterogeneity of liver metastatic colorectal cancer, Sci. Adv. (2023)",https://doi.org/10.1126/sciadv.adf5464
no link of any kind recorded,wu2022_spatial_tran,Colorectal cancer liver metastasis ST data,Spatial Transcriptomics,Human,intestine,,"Wu et al., Spatiotemporal Immune Landscape of Colorectal Cancer Liver Metastasis at Single-Cell Level, Cancer Discov. (2022)",https://doi.org/10.1158/2159-8290.22540411.v1
no link of any kind recorded,comparative_spat2024_visium,Comparative spatial transcriptomics of the injured spinal cord (generated in this paper),10x Visium,mice,lumbar spinal cord,,Identification of perturbation-responsive regions and genes in comparative spatial transcriptomics atlases,https://doi.org/10.1101/2024.06.13.598641
no link of any kind recorded,control_tonsil_t_imc,Control Tonsil Tissue,IMC,human,tonsil,,,
no link of any kind recorded,akeret2022_unknown,Coronal Mouse Brain Dataset,,mouse,coronal mouse brain,,"Akeret et al., Spatial transcriptome data from coronal mouse brain sections after striatal injection of heme and heme-hemopexin, Data Brief (2022)",https://doi.org/10.1016/j.dib.2022.107866
no link of any kind recorded,zeng2012_unknown,Cortex Study,,,human neocortex,,"Zeng et al., Large-scale cellular-resolution gene profiling in human neocortex reveals species-specific molecular signatures, Cell (2012)",https://doi.org/10.1016/j.cell.2012.02.052
no link of any kind recorded,cosmx_dataset2023_cosmx,CosMX dataset,CosMX (protein-based),,breast cancer,,A machine learning one-class logistic regression model to predict stemness for single cell transcriptomics and spatial omics,https://doi.org/10.1186/s12864-023-09722-6
no link of any kind recorded,he2021_cosmx,CosMx human liver dataset,CosMx,,liver,,"He et al., High-plex multiomic analysis in ffpe tissue at single-cellular and subcellular resolution by spatial molecular imaging, BioRxiv (2021)",
no link of any kind recorded,cosmx_melanoma_d_cosmx_2,CosMx melanoma dataset,CosMx,human,melanoma,,,
no link of any kind recorded,cosmx_vhsil_spat2025_cosmx,CosMx vHSIL Spatial Transcriptomics Dataset,CosMx Spatial Molecular Imager (NanoString),Human,Vulvar high-grade squamous intraepithelial lesions (vHSIL),,Single-cell spatial transcriptomics unravels cell states and ecosystems associated with clinical response to immunotherapy,https://doi.org/10.1136/jitc-2024-011308
no link of any kind recorded,coutant2023_unknown,Coutant,,,breast,,"Coutant et al., Spatial transcriptomics reveal pitfalls and opportunities for the detection of rare high-plasticity breast cancer subtypes, Lab. Investig. (2023)",https://doi.org/10.1016/j.labinv.2023.100258
no link of any kind recorded,bendall2011_cytof,CyTOF bone marrow mononuclear cell dataset,CyTOF,human,bone marrow,,"Bendall et al., Single-cell mass cytometry of differential immune and drug responses across a human hematopoietic continuum, Science (2011)",https://doi.org/10.3410/f.10641956.11536054
no link of any kind recorded,long2023_dartfish,DARTFISH occipital cortex dataset,DARTFISH,,occipital cortex,,"Long et al., SpaceTx: a roadmap for benchmarking spatial transcriptomics exploration of the brain (2023)",
no link of any kind recorded,wei2022_visium,DCIS scRNA-seq and ST datasets,10x Visium,human,breast (ductal carcinoma in situ),,"Wei et al., Spatial mapping and clonal derivation of architecture and immune landscapes in human breast tumors, Nat. Biotechnol. (2022)",
no link of any kind recorded,ddr364_base_edit2023_spinning_dis,DDR364 base-editing multi-omic screening dataset in MCF7 cells,Spinning disk confocal microscopy (CRISPRmap),Human,HT1080-Cas9 cell line,,CRISPRmap: Sequencing-free optical pooled screens mapping multi-omic phenotypes in cells and tissue,https://doi.org/10.1101/2023.12.26.572587
no link of any kind recorded,yeo2024_dlbcl_multiomics,"DLBCL multiplexed imaging cohorts (DLBCL-1 >361k, DLBCL-2 >1M annotated cells)",multiplexed imaging,human,lymph node,,"Yeo et al., bioRxiv (2024)",https://doi.org/10.1101/2024.12.20.629650
no link of any kind recorded,dld_1_colon_canc2023_xenium,DLD-1 colon cancer subcutaneous xenograft tissue PerturbView and spatial transcriptomics dataset,PerturbView / Xenium spatial transcriptomics,Human / Mouse (xenograft),Subcutaneous tumor / colon cancer xenograft,,"Highly multiplexed, image-based pooled screens in primary cells and tissues with PerturbView",https://doi.org/10.1101/2023.12.26.573143
no link of any kind recorded,huukimyers2024_singlecell_r,DLPFC single-cell dataset,single-cell RNA-seq,human,brain (prefrontal cortex),,"Huuki-Myers et al., A data-driven single-cell and spatial transcriptomic map of the human prefrontal cortex, Science (2024)",
no link of any kind recorded,dlpfc_snrna_seq__10x_genomics,DLPFC snRNA-seq dataset,10x Genomics Chromium Single Cell Gene Expression V3,human,dorsolateral prefrontal cortex,,,
no link of any kind recorded,castranio2023_visium,DSID000211 / DSID000213,10X Genomics Visium,mouse,brain,,"Castranio et al., Microglial INPP5D limits plaque formation and glial reactivity in the PSAPP mouse model of Alzheimer’s disease, Alzheimer’s Dement. (2023)",
no link of any kind recorded,dsp_wta_geomx,DSP-WTA,GeoMx DSP,Human,Ovarian cortex / ovarian endometriomas,,,
no link of any kind recorded,niec2022_visium,Dataset 2,Visium,Mouse,small and large intestines,,"Niec et al., Lymphatics act as a signaling hub to regulate intestinal stem cell activity, Cell Stem Cell (2022)",https://doi.org/10.3410/f.742199930.793593999
no link of any kind recorded,calvanese2022_visium,Dataset 3,Visium,Human,fetal hematopoietic tissues / embryo,,"Calvanese et al., Mapping human haematopoietic stem cells from haemogenic endothelium to birth, Nature (2022)",https://doi.org/10.3410/f.741973088.793595177
no link of any kind recorded,larouche2023_visium,Dataset 4,Visium,Mouse and Canine,skeletal muscle (tibialis anterior),,"Larouche et al., Spatiotemporal mapping of immune and stem cell dysregulation after volumetric muscle loss, JCI Insight (2023)",https://doi.org/10.1172/jci.insight.162835
no link of any kind recorded,rajachandran2023_slideseq,Dataset 5,Slide-seq,Mouse,testes,,"Rajachandran et al., Dissecting the spermatogonial stem cell niche using spatial transcriptomics, Cell Rep (2023)",https://doi.org/10.1016/j.celrep.2023.112737
no link of any kind recorded,chen2023_visium_2,Dataset 6,Visium,Mouse,brain,,"Chen et al., Human neural stem cells restore spatial memory in a transgenic Alzheimer's disease mouse model by an immunomodulating mechanism, Front Aging Neurosci (2023)",https://doi.org/10.3389/fnagi.2023.1306004
no link of any kind recorded,chaker2023_visium,Dataset 7,Visium,Mouse,olfactory bulb,,"Chaker et al., Pregnancy-responsive pools of adult neural stem cells for transient neurogenesis in mothers, Science (2023)",https://doi.org/10.1126/science.abo5199
no link of any kind recorded,cohen2024_visium,Dataset 8,Visium,Human,skin (scalp),,"Cohen et al., Regulatory T cells in skin mediate immune privilege of the hair follicle stem cell niche, Sci Immunol (2024)",https://doi.org/10.1126/sciimmunol.adh0152
no link of any kind recorded,hodge2019_iss,Dataset12,ISS,human,middle temporal gyrus,,"Hodge et al., Conserved cell types with divergent features in human versus mouse cortex, Nature (2019)",https://doi.org/10.3410/f.736463800.793571577
no link of any kind recorded,takei2021_seqfish,Dataset2,seqFISH,mouse,embryonic stem cell,,"Takei et al., Integrated spatial genomics reveals global architecture of single nuclei, Nature (2021)",https://doi.org/10.3410/f.739432523.793587803
no link of any kind recorded,xia2019_seqfish,Dataset5 / Dataset7,seqFISH+,human,osteosarcoma,,"Xia et al., Spatial transcriptome profiling by MERFISH reveals subcellular RNA compartmentalization and cell cycle-dependent gene expression, Proc Natl Acad Sci (2019)",https://doi.org/10.1073/pnas.1912459116
no link of any kind recorded,li2022_iss,Dataset8,ISS,mouse,VISP,,"Li et al., Benchmarking spatial and single-cell transcriptomics integration methods for transcript distribution prediction and cell type deconvolution, Nat Methods (2022)",https://doi.org/10.1038/s41592-022-01480-9
no link of any kind recorded,karaiskos2017_fish_2,Dataset8_FISH,FISH,drosophila,embryo,,"Karaiskos et al., The drosophila embryo at single-cell transcriptome resolution, Science (2017)",
no link of any kind recorded,simone2018_osmfish,Dataset9,osmFISH,mouse,somatosensory cortex,,"Simone et al., Spatial organization of the somatosensory cortex revealed by osmFISH, Nat Methods (2018)",https://doi.org/10.1038/s41592-018-0175-z
no link of any kind recorded,mantri2021_unknown,Day 14 Chicken Heart dataset,,chicken,heart,,"Mantri et al., Spatiotemporal single-cell RNA sequencing of developing chicken hearts identifies interplay between cellular differentiation and morphogenesis, Nat. Commun. (2021)",https://doi.org/10.1038/s41467-021-21892-z
no link of any kind recorded,deep_visual_prot_st,Deep Visual Proteomics (DVP) dataset,timsTOF SCP mass spectrometer,human,ovary,,,
no link of any kind recorded,deep_starmap_and_starmap,Deep-STARmap and Deep-RIBOmap mouse brain dataset,STARmap / RIBOmap,mouse,brain,,,
no link of any kind recorded,quach2024_visium,Developing Fetal Lung dataset,Visium and Xenium,Human,Lung,,"Quach et al., Early human fetal lung atlas reveals the temporal dynamics of epithelial cell plasticity, Nature Communications (2024)",https://doi.org/10.21203/rs.3.rs-3587319/v1
no link of any kind recorded,la2021_unknown,Developing Mouse Brain Atlas dataset,,mouse,brain,,"La Manno et al., Molecular architecture of the developing mouse brain, Nature (2021)",https://doi.org/10.1101/2020.07.02.184051
no link of any kind recorded,mantri2021_spatial_tran,Developing chicken heart dataset,Spatial Transcriptomics,Chicken,heart,,"Mantri et al., Spatiotemporal single-cell RNA sequencing of developing chicken hearts identifies interplay between cellular differentiation and morphogenesis, Nat Commun. (2021)",https://doi.org/10.1038/s41467-021-21892-z
no link of any kind recorded,xu2024_iss,Developing human heart (EGA),Spatial Transcriptomics / ISS,Human,Human embryonic heart,,"Xu et al., STOmicsDB: A comprehensive database for spatial transcriptomics data sharing, analysis and visualization, Nucleic Acids Res. (2024)",https://doi.org/10.1093/nar/gkad933
no link of any kind recorded,asp2019_10x_genomics,Developing human heart scRNA-seq reference,10x Genomics Chromium,human,developing heart,,"Asp et al., A spatiotemporal organ-wide gene expression and cell atlas of the developing human heart, Cell (2019)",https://doi.org/10.3410/f.737069523.793570461
no link of any kind recorded,asp2019_iss,Developing human heart spatial transcriptomics,in situ sequencing (ISS),human,heart,,"Asp et al., A spatiotemporal organ-wide gene expression and cell atlas of the developing human heart, Cell (2019)",https://doi.org/10.3410/f.737069523.793570461
no link of any kind recorded,suo2022_spatial_tran,Developing human immune system dataset,Spatial Transcriptomics,Human,lymphoid,,"Suo et al., Mapping the developing human immune system across organs, Science. (2022)",https://doi.org/10.3410/f.742140369.793593868
no link of any kind recorded,la2021_in_situ_mrna,Developing mouse brain architecture dataset,in situ mRNA sequencing,Mouse,brain,,"La Manno et al., Molecular architecture of the developing mouse brain, Nature. (2021)",https://doi.org/10.1101/2020.07.02.184051
no link of any kind recorded,theocharidis2022_unknown,Diabetic foot ulcers dataset,,,foot,,"Theocharidis et al., Single cell transcriptomic landscape of diabetic foot ulcers, Nature Communications (2022)",
no link of any kind recorded,diffuse_large_b_2023_cytof,Diffuse large B-cell lymphoma (DLBCL) CyTOF dataset,CyTOF,,diffuse large B-cell lymphoma (DLBCL),,SpatialSort: a Bayesian model for clustering and cell population annotation of spatial proteomics data,https://doi.org/10.1093/bioinformatics/btad242
no link of any kind recorded,diffuse_large_b_2023_mibi,Diffuse large B-cell lymphoma (DLBCL) MIBI dataset,MIBI,,diffuse large B-cell lymphoma (DLBCL),,SpatialSort: a Bayesian model for clustering and cell population annotation of spatial proteomics data,https://doi.org/10.1093/bioinformatics/btad242
no link of any kind recorded,drokhlyansky2020_scrnaseq,Drokhlyansky 2020 enteric nervous system single-cell data,scRNA-seq,human and mouse,entero-endocrine/enteric nervous system,,"Drokhlyansky et al., The Human and Mouse Enteric Nervous System at Single-Cell Resolution, Cell (2020)",
no link of any kind recorded,drokhlyansky2020_scrnaseq_2,Drokhlyansky 2020 scRNA-seq,scRNA-seq,Mouse and human,Enteric nervous system (colon),,"Drokhlyansky et al., The Human and Mouse Enteric Nervous System at Single-Cell Resolution, Cell (2020)",
no link of any kind recorded,tan2009_itraq_4plex,Drosophila dataset,iTRAQ 4-plex LOPIT,Drosophila melanogaster,,,"Tan et al., Mapping organelle proteins and protein complexes in drosophila melanogaster, Journal of proteome research (2009)",https://doi.org/10.1021/pr800866n
no link of any kind recorded,fowlkes2008_in_situ_hybr,Drosophila melanogaster embryo ISH dataset,in situ hybridization (ISH),Drosophila melanogaster,embryo,,"Fowlkes et al., A quantitative spatiotemporal atlas of gene expression in the Drosophila blastoderm, Cell (2008)",https://doi.org/10.1016/j.cell.2008.01.053
no link of any kind recorded,bartholomus2016_rnasequencin,E. coli bulk RNA-sequencing data,RNA-sequencing,Escherichia coli,liquid culture,,"Bartholomäus et al., Bacteria differently regulate mRNA abundance to specifically respond to various stresses, Philos. Trans. A Math. Phys. Eng. Sci. (2016)",https://doi.org/10.1098/rsta.2015.0069
no link of any kind recorded,e11_mouse_embryo2025_spatialdmt,E11 mouse embryo,Spatial-DMT,mouse,embryo,,Spatial joint profiling of DNA methylome and transcriptome in tissues,https://doi.org/10.1038/s41586-025-09478-x
no link of any kind recorded,breckels2016_mass_spectro,E14TG2aR,mass spectrometry (LOPIT),mouse,embryonic stem cells,,"Breckels et al., Learning from Heterogeneous Data Sources: An Application in Spatial Proteomics, PLoS Comput Biol. (2016)",https://doi.org/10.1371/journal.pcbi.1004920
no link of any kind recorded,breckels2016_lopit,E14TG2aS1,LOPIT,Mouse,E14TG2a Embryonic Stem Cells,,"Breckels et al., Learning from heterogeneous data sources: An application in spatial proteomics, PLoS Comput Biol (2016)",https://doi.org/10.1371/journal.pcbi.1004920
no link of any kind recorded,han2020_scrnaseq_2,E8.5 splanchnic mesoderm dataset,scRNA-seq,mouse,splanchnic mesoderm,,"Han et al., Single cell transcriptomics identifies a signaling network coordinating endoderm and mesoderm diversification during foregut organogenesis, Nat. Commun. (2020)",
no link of any kind recorded,ebv_positive_vs__geomx,EBV-positive vs EBV-negative DLBCL cohort (DFCI TMA and University of Rochester Medical Center TMA),SignalStar-GeoMx,Human,B-cell Lymphoma,,,
no link of any kind recorded,zhou2019_unknown,Early T cell progenitor development dataset,,,,,"Zhou et al., Single-Cell Analysis Reveals Regulatory Gene Expression Dynamics Leading to Lineage Commitment in Early T Cell Development, Cell Systems (2019)",
no link of any kind recorded,zhang2016_unknown,Early tomato fruit ovule and pericarp spatial transcriptome dataset,,Solanum lycopersicum,ovules and ovary wall/pericarp,,"Zhang et al., Spatiotemporal transcriptome provides insights into early fruit development of tomato (Solanum lycopersicum), Sci. Rep. (2016)",https://doi.org/10.1038/srep23173
no link of any kind recorded,srivatsan2021_scispace_2,Embryo-scale sci-SPACE dataset,sci-SPACE,Mouse,embryo,,"Srivatsan et al., Embryo-scale, single-cell spatial transcriptomics, Science. (2021)",
no link of any kind recorded,sountoulidis2023_visium,Embryonic lung dataset,Visium,human,embryonic lung,,"Sountoulidis et al., A topographic atlas defines developmental origins of cell heterogeneity in the human embryonic lung, Nat. Cell Biol. (2023)",https://doi.org/10.1038/s41556-022-01064-x
no link of any kind recorded,erickson2022_unknown,Erickson,,,,,"Erickson et al., Spatially resolved clonal copy number alterations in benign and malignant tissue, Nature (2022)",https://doi.org/10.1016/j.eururo.2022.11.013
no link of any kind recorded,expanded_tissuen2025_codex,Expanded TissueNet (compiled published datasets),"IMC, CODEX, MIBI, IBEX, MICS, Cell DIVE, CycIF, InSituPlex, Vectra",Human,Various (17 tissue types),,Generalized cell phenotyping for spatial proteomics with language-informed vision models,https://doi.org/10.1101/2024.11.02.621624
no link of any kind recorded,eyres2022_geomx,Eyres spatial transcriptomics dataset,NanoString GeoMx DSP,Human,Lung,,"Eyres et al., Spatially Resolved Deconvolution of the Fibrotic Niche in Lung Fibrosis, Cell Rep. (2022)",https://doi.org/10.3410/f.742284084.793596120
no link of any kind recorded,benmoshe2019_facsbased_pr,FACS-based hepatocyte proteome,FACS-based proteomics,mouse,liver,,"Ben-Moshe et al., Spatial sorting enables comprehensive characterization of liver zonation, Nat. Metab. (2019)",https://doi.org/10.1038/s42255-019-0109-9
no link of any kind recorded,eikrem2016_xenium,FFPE Human Renal Cell Carcinoma dataset,10x Xenium,human,renal cell carcinoma,,"Eikrem et al., Development and confirmation of potential gene classifiers of human clear cell renal cell carcinoma using next-generation RNA sequencing, Scand J Urol (2016)",https://doi.org/10.1080/21681805.2016.1238007
no link of any kind recorded,ffpe_hepatocellu_maldiims_ngl,FFPE hepatocellular carcinoma tissue and serum cohort,MALDI-IMS N-glycan imaging and GlycoTyper antibody array,Human,Liver (hepatocellular carcinoma and cirrhosis),,,
no link of any kind recorded,meng2024_visium,FGF10-FGFR1 in relapsed rheumatoid arthritis dataset,Visium,Human,Synovium,,"Meng et al., Role and therapeutic potential for targeting fibroblast growth factor 10/FGFR1 in relapsed rheumatoid arthritis, Arthritis Rheumatol (2024)",
no link of any kind recorded,smith2023_visium,Fibroblast-like synoviocytes heterogeneity rheumatoid arthritis dataset,Visium,Human,Synovium,,"Smith et al., Drivers of heterogeneity in synovial fibroblasts in rheumatoid arthritis, Nat Immunol (2023)",
no link of any kind recorded,beach2015_visium,Four postmortem human brain samples (AD and non-AD cases) / Banner Sun Health Research Institute and Columbia University Medical Center,10x Genomics Visium,human,brain,,"Beach et al., Arizona study of aging and neurodegenerative disorders and brain and body donation program, Neuropathology (2015)",
no link of any kind recorded,four_private_hum_visium,"Four private human brain samples (2-5, 2-8, 18-64, T4857)",10X Genomics Visium,human,brain,,,
no link of any kind recorded,shi2023_xenium,Fresh Frozen Mouse Brain for Xenium Explorer Demo,Xenium,mouse,whole brain,,"Shi et al., Spatial atlas of the mouse central nervous system at molecular resolution, Nature (2023)",https://doi.org/10.1101/2022.06.20.496914
no link of any kind recorded,fresh_frozen_pro_iss,Fresh frozen prostate cancer tissue slide,TMT-based quantitative mass spectrometry with direct on-site tissue-protein-labeling (SPOT),mouse,brain,,,
no link of any kind recorded,han2018_scrnaseq,GSE108097,scRNA-seq,mouse,various tissues,,"Han et al., Mapping the Mouse Cell Atlas by Microwell-Seq, Cell (2018)",https://doi.org/10.3410/f.732738621.793547161
no link of any kind recorded,ge2020_scrnaseq,GSE131498,scRNA-seq,mouse,dorsal skin,,"Ge et al., Single-cell Transcriptome Profiling reveals Dermal and Epithelial cell fate decisions during Embryonic Hair Follicle Development, Theranostics (2020)",https://doi.org/10.7150/thno.44306
no link of any kind recorded,gast_seq_dataset2019_st,"GaST-seq dataset (Arabidopsis thaliana leaf lateral cross-sections, wounding time-series, flg22 infiltration/droplet spotting, Albugo laibachii infection)",Illumina HiSeq2500 / NextSeq 500 / HiSeq 4000 (GaST-seq),Arabidopsis thaliana,Leaf,,Spatially resolved transcriptomics reveals plant host responses to pathogens,https://doi.org/10.1186/s13007-019-0498-5
no link of any kind recorded,gastanadui2024_geomx,Gastanadui et al. coronary atherosclerotic plaque ST dataset,GeoMx DSP,human,coronary artery disease plaque tissue,,"Gastanadui et al., Spatial Transcriptomic Approach to Understanding Coronary Atherosclerotic Plaque Stability, Arterioscler. Thromb. Vasc. Biol. (2024)",https://doi.org/10.1161/atvbaha.123.320330
no link of any kind recorded,gastric_cancer_c_cosmx,Gastric cancer CosMx data,CosMx,human,gastric cancer,,,
no link of any kind recorded,park2023_geomx,Gastric cancer spatial architecture dataset,NanoString GeoMx DSP,,Gastric cancer,,"Park et al., Abstract 2262: Spatial architecture and cellular interactions of tumor immune microenvironment to discover biomarkers and predict immune checkpoint inhibitor response in gastric cancer, Cancer Res (2023)",
no link of any kind recorded,gehart2019_scrnaseq,Gehart 2019 ileal EECs scRNA-seq,scRNA-seq,mouse,ileal epithelium,,"Gehart et al., Identification of Enteroendocrine Regulators by Real-Time Single-Cell Differentiation Mapping, Cell (2019)",https://doi.org/10.3410/f.734954432.793569044
no link of any kind recorded,peng2016_geoseq,Geo-seq dataset (Mid-gastrula mouse embryo),Geo-seq,mouse,Mid-gastrula mouse embryo,,"Peng et al., Spatial transcriptome for the molecular annotation of lineage fates and cell identity in Mid-gastrula mouse embryo, Dev. Cell (2016)",https://doi.org/10.1016/j.devcel.2016.02.020
no link of any kind recorded,geomx_digital_sp_geomx,GeoMX Digital Spatial Profiler colon cancer dataset,GeoMX Digital Spatial Profiler,,colon,,,
no link of any kind recorded,geomx_dsp_datase_geomx,GeoMx DSP dataset,NanoString GeoMx Digital Spatial Profiler,Human,Diffuse midline glioma (thalamus and pons biopsy samples),,,
no link of any kind recorded,geomx_human_whol_geomx,GeoMx Human Whole Transcriptome Atlas,GeoMx DSP,human,maternal-fetal interface / myometrium,,Spatial proteomics and transcriptomics of placenta accreta spectrum,https://doi.org/10.1101/2024.03.21.585167
no link of any kind recorded,geomx_human_whol2025_geomx,GeoMx Human Whole Transcriptome RNA probe set spatial transcriptomics dataset,GeoMx Digital Spatial Profiler (NanoString),Human,Glioblastoma (FFPE tumor tissue),,Spatial transcriptomic analysis reveals lack of response to PD-1 blockade in recurrent glioblastoma,https://doi.org/10.1007/s00401-025-02937-9
no link of any kind recorded,geomx_immuno_onc_geomx,GeoMx Immuno-Oncology Proteome Atlas (IPA) / Whole Transcriptome Atlas (WTA),GeoMx Digital Spatial Profiler,human,head and neck squamous cell carcinoma (HNSCC),,,
no link of any kind recorded,zollinger2020_geomx,GeoMx RNA Assay data,GeoMx,,,,"Zollinger et al., GeoMx TM RNA Assay: High Multiplex, Digital, Spatial Analysis of RNA in FFPE Tissue, Methods Mol. Biol. (2020)",
no link of any kind recorded,zollinger2020_geomx_2,GeoMx RNA Assay spatial transcriptomics,GeoMx,,,,"Zollinger et al., GeoMx TM RNA Assay: High Multiplex, Digital, Spatial Analysis of RNA in FFPE Tissue, Methods Mol. Biol. (2020)",
no link of any kind recorded,geomx_rna_ngs_wh2023_geomx,GeoMx RNA-NGS Whole Transcriptome Atlas (WTA),GeoMx Digital Spatial Profiler,Horse,Lateral cerebellar hemisphere (Purkinje cell soma and white matter),,Cerebellar axonopathy in Shivers horses identified by spatial transcriptomic and proteomic analyses,https://doi.org/10.1111/jvim.16784
no link of any kind recorded,geomx_whole_tran2025_geomx,GeoMx Whole Transcriptome Atlas,GeoMx,human,lung,,Single-cell and spatial transcriptomic characterization of pulmonary pleomorphic carcinoma,https://doi.org/10.1038/s42003-025-09162-w
no link of any kind recorded,parreau2023_geomx,Giant cell arteritis temporal artery dataset,GeoMx DSP,Human,Temporal artery,,"Parreau et al., Use of high-plex data provides novel insights into the temporal artery processes of giant cell arteritis, Front Immunol (2023)",
no link of any kind recorded,ravi2022_spatial_tran,Glioblastoma microenvironment spatial data,Spatial Transcriptomics,Mouse,brain,,"Ravi et al., T-cell dysfunction in the glioblastoma microenvironment is mediated by myeloid cells releasing interleukin-10, Nat Commun. (2022)",https://doi.org/10.1038/s41467-022-28523-1
no link of any kind recorded,gouin2021_unknown,Gouin2021 datasets,,,Bladder cancer,,"Gouin et al., An N-Cadherin 2 expressing epithelial cell subpopulation predicts response to surgery, chemotherapy and immunotherapy in bladder cancer, Nature Communications (2021)",https://doi.org/10.1038/s41467-021-25103-7
no link of any kind recorded,gracia2021_unknown,Gracia2021 datasets,,,,,"Gracia Villacampa et al., Genome-wide spatial expression profiling in formalin-fixed tissues, Cell Genomics (2021)",https://doi.org/10.1101/2020.07.24.219758
no link of any kind recorded,bianco2019_rnaseq,Granulosa cell RNA-seq dataset,RNA-seq,mouse,ovary,,"Bianco et al., The Ovulatory Signal Precipitates LRH-1 Transcriptional Switching Mediated by Differential Chromatin Accessibility, Cell Rep (2019)",https://doi.org/10.1016/j.celrep.2019.07.088
no link of any kind recorded,greek_validation2025_geomx,Greek validation cohort,PhenoCycler-Fusion / DSP-GeoMx WTA or CTA,human,non-small cell lung cancer tissue,,Spatial signatures for predicting immunotherapy outcomes using multi-omics in non-small cell lung cancer,https://doi.org/10.1038/s41588-025-02351-7
no link of any kind recorded,h_ducreyi_infect_visium,H. ducreyi infected skin dataset,Visium,human,skin,,,
no link of any kind recorded,litviukov2020_unknown_3,HCA adult human heart spatial data,,Human,Heart,,"Litviňuková et al., Cells of the adult human heart, Nature (2020)",
no link of any kind recorded,hcc_codex_and_vi_visium,HCC CODEX and Visium dataset,CODEX and Visium,human,hepatocellular carcinoma,,Learning single-cell spatial context through integrated spatial multiomics with CORAL,https://doi.org/10.1101/2025.02.01.636038
no link of any kind recorded,hdst_main_olfact2019_hdst,HDST Main Olfactory Bulb Dataset,HDST,mouse,main olfactory bulb,,High-definition spatial transcriptomics for  in situ  tissue profiling,https://doi.org/10.1038/s41592-019-0548-y
no link of any kind recorded,breckels2013_lopit,HEK293T2011,LOPIT,Human,Embryonic Kidney fibroblast HEK293T cells,,"Breckels et al., The effect of organelle discovery upon sub-cellular protein localisation, J Proteomics (2013)",https://doi.org/10.1016/j.jprot.2013.02.019
no link of any kind recorded,andersson2021_microarray_t,HER2ST,microarray technology,Homo Sapiens,breast cancer,,"Andersson et al., Spatial deconvolution of HER2-positive breast cancer delineates tumor-associated cell type interactions, Nat. Commun. (2021)",https://doi.org/10.1038/s41467-021-26271-2
no link of any kind recorded,jaume2024_unknown,HEST-1k,,,,,"Jaume et al., Hest-1k: A dataset for spatial transcriptomics and histology image analysis, Advances in Neural Information Processing Systems (2024)",https://doi.org/10.52202/079017-1704
no link of any kind recorded,jaume2024_visium,HEST-1k,Visium,Homo Sapiens and Mus Musculus,Multiple organs (26 different organs),,"Jaume et al., Hest-1k: A dataset for spatial transcriptomics and histology image analysis, Adv. Neural. Inf. Process. Syst. (2024)",https://doi.org/10.52202/079017-1704
no link of any kind recorded,lin2023_imaging_mask,HMS level 4 CRC mask,imaging / mask geometries,human,colorectal cancer (CRC),,"Lin et al., Multiplexed 3D atlas of state transitions and immune interaction in colorectal cancer, Cell (2023)",https://doi.org/10.3410/f.742499353.793597974
no link of any kind recorded,nirmal2022_multiplexed,HMS level 4 melanoma mask,multiplexed whole-slide imaging analysis,human,melanoma,,"Nirmal et al., The Spatial Landscape of Progression and Immunoediting in Primary Melanoma at Single-Cell Resolution, Cancer Discov (2022)",https://doi.org/10.52843/cassyni.lm70kz
no link of any kind recorded,ht_29_lung_metas2025_dbit,HT-29 lung metastatic colonization Perturb-DBiT dataset,Perturb-DBiT,Mouse,Spleen,,Spatially Resolved Panoramic in vivo CRISPR Screen via Perturb-DBiT,https://doi.org/10.21203/rs.3.rs-6481967/v1
no link of any kind recorded,ht29_lung_metast_dbit_2,HT29 lung metastatic colonization Perturb-DBiT dataset,Perturb-DBiT,Mouse,Spleen,,,
no link of any kind recorded,ht29_lung_metast_dbit,HT29 lung metastatic colonization tissue Perturb-DBiT dataset,Perturb-DBiT,Mouse,Spleen,,,
no link of any kind recorded,ht29_lung_metast_dbit_3,HT29 lung metastatic colonization tissue Perturb-DBiT dataset,Perturb-DBiT,mouse,spleen,,,
no link of any kind recorded,haber2017_scrnaseq,Haber 2017 small intestinal epithelium scRNA-seq,scRNA-seq,mouse,small intestine epithelium,,"Haber et al., A single-cell survey of the small intestinal epithelium, Nature (2017)",
no link of any kind recorded,habermann2020_singlecell_r,Habermann et al. single-cell RNA sequencing dataset,single-cell RNA sequencing,Human,Lung,,"Habermann et al., Single-cell RNA sequencing reveals profibrotic roles of distinct epithelial and mesenchymal lineages in pulmonary fibrosis, Sci. Adv. (2020)",
no link of any kind recorded,he2017_bulk_rnaseq,He et al. bulk RNA-seq dataset,bulk RNA-seq,human,neocortical layers,,"He et al., Comprehensive transcriptome analysis of neocortical layers in humans, chimpanzees and macaques, Nat. Neurosci (2017)",https://doi.org/10.1038/nn.4548
no link of any kind recorded,itzhak2016_differential,HeLa cell line (Itzhak et al.),differential centrifugation and SILAC,human,HeLa cell line,,"Itzhak et al., Global, quantitative and dynamic mapping of protein subcellular localization, Elife (2016)",https://doi.org/10.7554/elife.16950.025
no link of any kind recorded,hirst2018_differential,HeLa wild type and CRISPR-CAS9 knockouts (Hirst et al.),differential centrifugation and SILAC,human,"HeLa cell lines (wild type, AP5Z1-KO1, AP5Z1-KO2)",,"Hirst et al., Role of the AP-5 adaptor protein complex in late endosome-to-Golgi retrieval, PLoS biology (2018)",https://doi.org/10.3410/f.732583681.793542576
no link of any kind recorded,parigi2022_spatial_tran,Healing mouse intestine spatial dataset,Spatial Transcriptomics,Mouse,intestine,,"Parigi et al., The spatial transcriptomic landscape of the healing mouse intestine following damage, Nat Commun. (2022)",https://doi.org/10.1038/s41467-022-28497-0
no link of any kind recorded,andrews2022_spatial_tran,Healthy human liver spatial RNA-seq,Spatial Transcriptomics,Human,liver,,"Andrews et al., Single-Cell, Single-Nucleus, and Spatial RNA Sequencing of the Human Liver Identifies Cholangiocyte and Mesenchymal Heterogeneity, Hepatol Commun. (2022)",https://doi.org/10.1002/hep4.1854
no link of any kind recorded,guilliams2022_spatial_tran,Hepatic macrophage niches spatial dataset,Spatial Transcriptomics,Mouse,liver,,"Guilliams et al., Spatial proteogenomics reveals distinct and evolutionarily conserved hepatic macrophage niches, Cell. (2022)",https://doi.org/10.1016/j.cell.2021.12.018
no link of any kind recorded,zhao2022_unknown,Hepatocellular carcinoma spatial maps dataset,,,liver,,"Zhao et al., Spatial maps of hepatocellular carcinoma transcriptomes highlight an unexplored landscape of heterogeneity and a novel gene signature for survival, Cancer Cell International (2022)",
no link of any kind recorded,hodge2019_snrnaseq,Hodge et al. snRNA-seq dataset,snRNA-seq,human,cortex,,"Hodge et al., Conserved cell types with divergent features in human versus mouse cortex, Nature (2019)",https://doi.org/10.3410/f.736463800.793571577
no link of any kind recorded,jain2023_st,HuBMAP human kidney tissue sections,MALDI-MSI and LC-MS/MS (LCM-microPOTS-TDP),Human,Kidney,,"Jain et al., Advances and prospects for the Human BioMolecular Atlas Program (HuBMAP), Nature Cell Biology (2023)",
no link of any kind recorded,boogerd2022_tomo,Human ACM heart Tomo-Seq dataset,Tomo-Seq,Human,Heart,,"Boogerd et al., Spatial transcriptomics unveils ZBTB11 as a regulator of cardiomyocyte degeneration in arrhythmogenic cardiomyopathy, Cardiovasc Res (2022)",https://doi.org/10.1093/cvr/cvac072
no link of any kind recorded,human_breast_can_visium_4,Human Breast Cancer data,Visium Spatial Gene Expression,mouse,embryo tissue blocks,,,
no link of any kind recorded,joanito2022_singlecell_r,Human CRC single-cell dataset (Joanito),single-cell RNA-seq,human,colorectal cancer,,"Joanito et al., Single-cell and bulk transcriptome sequencing identifies two epithelial tumor cell states and refines the consensus molecular classification of colorectal cancer, Nat. Genet. (2022)",
no link of any kind recorded,van2013_diffusion_we,Human Connectome Project diffusion weighted imaging data,diffusion weighted imaging,human,cortex,,"Van Essen et al., The WU-Minn Human Connectome Project: an overview, NeuroImage (2013)",https://doi.org/10.1016/j.neuroimage.2013.05.041
no link of any kind recorded,wei2022_st,Human DCIS ST dataset,ST,Human,Ductal carcinoma in situ (DCIS),,"Wei et al., Spatial charting of single-cell transcriptomes in tissues, Nat Biotechnol (2022)",
no link of any kind recorded,nagy2020_10x_chromium,Human DLPFC reference single-nucleus dataset,10x Chromium,Human,Dorsolateral prefrontal cortex (brain),,"Nagy et al., Single-nucleus transcriptomics of the prefrontal cortex in major depressive disorder implicates oligodendrocyte precursor cells and excitatory neurons, Nat Neurosci (2020)",https://doi.org/10.3410/f.737829927.793575795
no link of any kind recorded,asp2019_unknown,Human Developing Heart (HDH),,Human,Heart,,"Asp et al., A spatiotemporal organ-wide gene expression and cell atlas of the developing human heart, Cell (2019)",https://doi.org/10.3410/f.737069523.793570461
no link of any kind recorded,xue2024_xenium,Human Heart,Xenium,Human,Heart,,"Xue et al., Inferring single-cell resolution spatial gene expression via fusing spot-based spatial transcriptomics, location, and histology using GCN, Brief Bioinf (2024)",https://doi.org/10.1101/2024.10.27.620535
no link of any kind recorded,benjamin2024_xenium,Human Kidney Dataset,Xenium,Human,Kidney,,"Benjamin et al., Multiscale topology classifies cells in subcellular spatial transcriptomics, Nature (2024)",https://doi.org/10.1038/s41586-024-07563-1
no link of any kind recorded,sikkema2023_scrnaseq,Human Lung Cell Atlas (HLCA),scRNA-seq,human,lung,,"Sikkema et al., An integrated cell atlas of the lung in health and disease, Nat. Med. (2023)",
no link of any kind recorded,benjamin2024_cosmx,Human Non-Small Cell Lung Cancer study,CosMx,Human,Non-Small Cell Lung Cancer,,"Benjamin et al., Multiscale topology classifies cells in subcellular spatial transcriptomics, Nature (2024)",https://doi.org/10.1038/s41586-024-07563-1
no link of any kind recorded,jennings2015_visiumhd,Human Pancreas dataset,10x Visium HD,human,pancreas,,"Jennings et al., Human pancreas development, Development (2015)",https://doi.org/10.1016/bs.ctdb.2018.02.009
no link of any kind recorded,ma2022_unknown,Human Pancreatic Ductal Adenocarcinoma (PDAC),,Human,Pancreatic Ductal Adenocarcinoma,,"Ma et al., Spatially informed cell-type deconvolution for spatial transcriptomics, Nature Biotechnology (2022)",https://doi.org/10.3410/f.742100545.793594050
no link of any kind recorded,thul2017_immunofluore,Human Protein Atlas (HPA) subcellular section datasets (10 cell lines),Immunofluorescence microscopy,Human,Cell lines,,"Thul et al., A subcellular map of the human proteome, Science (2017)",https://doi.org/10.3410/f.727603588.793532933
no link of any kind recorded,engel2023_unknown,Human SAN Cell Atlas,,Human,Human sinoatrial node (iPSC),,"Engel et al., Single Cell Multi-Omics of an iPSC Model of Human Sinoatrial Node Development Reveals Genetic Determinants of Heart Rate and Arrhythmia Susceptibility, bioRxiv (2023)",
no link of any kind recorded,kennedydarling2021_codex,Human Tonsil Dataset (CODEX component),CODEX,human,tonsil,,"Kennedy-Darling et al., Highly multiplexed tissue imaging using repeated oligonucleotide exchange reaction, Eur. J. Immunol. (2021)",https://doi.org/10.1002/eji.202048891/v1/review2
no link of any kind recorded,human_whole_tran_geomx,Human Whole Transcriptome Atlas GeoMx DSP dataset,GeoMx,human,ovary,,,
no link of any kind recorded,human_bladder_ca2025_visiumhd,Human bladder cancer Visium HD dataset,Visium HD,human,bladder cancer,,Thor: a platform for cell-level investigation of spatial transcriptomics and histology,https://doi.org/10.1038/s41467-025-62593-1
no link of any kind recorded,human_bladder_ca_visiumhd_2,Human bladder cancer by Visium HD,Visium HD,human,bladder cancer,,,
no link of any kind recorded,human_bladder_ca2025_visiumhd_2,Human bladder cancer by Visium HD,Visium HD,human,bladder cancer,,Thor: a platform for cell-level investigation of spatial transcriptomics and histology,https://doi.org/10.21203/rs.3.rs-4909620/v1
no link of any kind recorded,human_bladder_ca_visiumhd,Human bladder cancer sample,Visium HD,human,bladder cancer,,,
no link of any kind recorded,human_bone_marro_xenium,Human bone marrow trephine biopsy spatial transcriptomics dataset,Xenium,human,bone marrow,,,
no link of any kind recorded,ihle2019_geomx,Human bone tumor GeoMx DSP dataset,GeoMx DSP,Human,Bone tumor,,"Ihle et al., Distinct tumor microenvironments of lytic and blastic bone metastases in prostate cancer patients, J Immunother Cancer (2019)",
no link of any kind recorded,wu2021_unknown_3,Human breast cancer atlas dataset,,human,breast,,"Wu et al., A single-cell and spatially resolved atlas of human breast cancers, Nature Genetics (2021)",
no link of any kind recorded,wu2021_spatial_tran,Human breast cancer atlas spatial data,Spatial Transcriptomics,Human,breast,,"Wu et al., A single-cell and spatially resolved atlas of human breast cancers, Nat Genet. (2021)",
no link of any kind recorded,human_breast_can_visium_3,Human breast cancer dataset,10x Visium,Human,Breast cancer,,,
no link of any kind recorded,human_breast_can_visium_8,Human breast cancer dataset (invasive ductal carcinoma),10x Visium,Human,Breast cancer,,,
no link of any kind recorded,wu2021_single_cell,Human breast cancers spatial transcriptomics dataset,single cell and spatially resolved transcriptomics,Human,breast,,"Wu et al., A single-cell and spatially resolved atlas of human breast cancers, Nat Genet. (2021)",
no link of any kind recorded,human_cerebellum_dbit,Human cerebellum and lymph node spatial multi-omics dataset,DBiTplus / CODEX,mouse,embryo,,,
no link of any kind recorded,zhu2023_10x_genomics,Human cerebral cortex,10x Genomics Multiome ATAC and Gene Expression,human,cerebral cortex,,"Zhu et al., Multi-omic profiling of the developing human cerebral cortex at the single-cell level, Sci Adv (2023)",https://doi.org/10.1126/sciadv.adg3754
no link of any kind recorded,qian2025_merfish,Human cerebral cortex development dataset,MERFISH,Human,Cerebral cortex,,"Qian et al., Spatial transcriptomics reveals human cortical layer and area specification, Nature (2025)",https://doi.org/10.1038/s41586-025-09010-1
no link of any kind recorded,zhang2024_visium_2,Human chordoma Visium dataset,Visium,Human,Chordoma,,"Zhang et al., Integrating single-cell and spatial transcriptomics reveals endoplasmic reticulum stress-related CAF subpopulations associated with chordoma progression, Neuro Oncol (2024)",
no link of any kind recorded,kadur2022_spatial_tran,Human distal lung maps dataset,Spatial Transcriptomics,Human,lung,,"Kadur Lakshminarasimha Murthy et al., Human distal lung maps and lineage hierarchies reveal a bipotent progenitor, Nature. (2022)",https://doi.org/10.1038/s41586-022-04541-3
no link of any kind recorded,xu2023_visium,Human embryo slice,10x Visium,Human,Embryo,,"Xu et al., A single-cell transcriptome atlas profiles early organogenesis in human embryos, Nat Cell Biol (2023)",https://doi.org/10.1038/s41556-023-01108-w
no link of any kind recorded,asp2019_visium,Human embryonic heart dataset,10x Visium,Human,Embryonic heart,,"Asp et al., A Spatiotemporal Transcriptomic Atlas of Human Embryogenesis, Cell (2019)",https://doi.org/10.7554/elife.111257.1.sa2
no link of any kind recorded,itzhak2016_mass_spectro,Human embryonic kidney fibroblast cells dataset,mass spectrometry,,Fibroblast cells,,"Itzhak et al., Global, quantitative and dynamic mapping of protein subcellular localization, Elife (2016)",https://doi.org/10.7554/elife.16950.025
no link of any kind recorded,to2024_visium,Human embryonic limb and cranium Visium CytAssist / CARTANA HS dataset,"Visium CytAssist, CARTANA HS",Human,Limb and cranium,,"To et al., A multi-omic atlas of human embryonic skeletal development, Nature (2024)",
no link of any kind recorded,lawrence2024_visium,Human embryonic spine Visium/CARTANA HS dataset,"Visium, CARTANA HS",Human,Spine,,"Lawrence et al., Hox gene expression in the developing human spine, Nat Commun (2024)",
no link of any kind recorded,garciaalonso2021_singlecell_a,Human endometrium dataset,single-cell and spatial reference maps,Human,uterus,,"Garcia-Alonso et al., Mapping the temporal and spatial dynamics of the human endometrium in vivo and in vitro, Nat Genet. (2021)",
no link of any kind recorded,garciaalonso2021_spatial_tran,Human endometrium spatial dynamics dataset,Spatial Transcriptomics,Human,uterus,,"Garcia-Alonso et al., Mapping the temporal and spatial dynamics of the human endometrium in vivo and in vitro, Nat Genet. (2021)",
no link of any kind recorded,lin2025_visium,Human femoral head Visium CytAssist dataset,Visium CytAssist,Human,Femur,,"Lin et al., Mapping the spatial atlas of the human bone tissue integrating spatial and single-cell transcriptomics, Nucleic Acids Res (2025)",
no link of any kind recorded,kanemaru2023_10x_genomics,Human heart,10x Genomics Multiome ATAC and Gene Expression,human,heart,,"Kanemaru et al., Spatially resolved multiomics of human cardiac niches, Nature (2023)",https://doi.org/10.1038/s44161-023-00327-6
no link of any kind recorded,hoang2021_spatial_tran,Human heart organoids spatial atlas,Spatial Transcriptomics,Human,Human heart organoids,,"Hoang et al., Engineering spatial-organized cardiac organoids for developmental toxicity testing, Stem Cell Rep. (2021)",https://doi.org/10.1016/j.stemcr.2021.03.013
no link of any kind recorded,xu2024_spatial_tran,Human heart spatial transcriptomics (Disease),Spatial Transcriptomics,Human,Human heart (disease),,"Xu et al., STOmicsDB: A comprehensive database for spatial transcriptomics data sharing, analysis and visualization, Nucleic Acids Res. (2024)",https://doi.org/10.1093/nar/gkad933
no link of any kind recorded,fawknercorbett2021_spatial_tran,Human intestinal development dataset,Spatial Transcriptomics,Human,intestine,,"Fawkner-Corbett et al., Spatiotemporal analysis of human intestinal development at single-cell resolution, Cell. (2021)",https://doi.org/10.1016/j.cell.2020.12.016
no link of any kind recorded,elmentaite2021_unknown,Human intestinal tract map dataset,,human,intestinal tract,,"Elmentaite et al., Cells of the human intestinal tract mapped across space and time, Nature (2021)",
no link of any kind recorded,10x2023_xenium_2,Human kidney PRCC dataset,Xenium,human,kidney,,"10x Genomics et al., Human Kidney Preview Data (Xenium Human Multi-Tissue and Cancer Panel). In Situ Gene Expression dataset analyzed using Xenium Onboard Analysis 1.5.0 (2023)",
no link of any kind recorded,hansen2022_unknown,Human kidney reference tissue atlas,,human,kidney,,"Hansen et al., A reference tissue atlas for the human kidney, Sci. Adv. (2022)",
no link of any kind recorded,stewart2019_scrnaseq,Human kidney scRNA-seq dataset,scRNA-seq,human,kidney,,"Stewart et al., Spatiotemporal immune zonation of the human kidney, Science (2019)",
no link of any kind recorded,aizarani2019_single_cell,Human liver cell atlas scRNA-seq data,single cell RNA sequencing,human,liver,,"Aizarani et al., A human liver cell atlas reveals heterogeneity and epithelial progenitors, Nature (2019)",https://doi.org/10.3410/f.736169467.793564136
no link of any kind recorded,long2024_visium_2,Human lymph node sample A1 / D1,10x Genomics Visium,Human,Lymph node,,"Long et al., Spatially resolved multi-omics single-cell at-scale with SpatialGlue, Nat. Methods (2024)",
no link of any kind recorded,kleshchevnikov2022_scrnaseq,Human lymphoid tissues scRNA-seq dataset,scRNA-seq,human,lymphoid tissues,,"Kleshchevnikov et al., Cell2location maps fine-grained cell types in spatial transcriptomics, Nat Biotechnol (2022)",https://doi.org/10.1038/s41587-021-01139-4
no link of any kind recorded,binan2025_perturbfish,Human melanoma (Perturb-FISH),Perturb-FISH,human,melanoma,,"Binan et al., Simultaneous CRISPR screening and spatial transcriptomics reveal intracellular, intercellular, and functional transcriptional circuits, Cell (2025)",https://doi.org/10.1016/j.cell.2025.02.012
no link of any kind recorded,lambrechts2018_scrnaseq,Human non-small-cell lung cancer scRNA-seq dataset,scRNA-seq,human,lung tumor microenvironment,,"Lambrechts et al., Phenotype molding of stromal cells in the lung tumor microenvironment, Nat. Med. (2018)",https://doi.org/10.1038/s41591-018-0096-5
no link of any kind recorded,yeh2024_cosmx,Human ovarian cancer (CosMx SMI),CosMx SMI,human,ovary,,"Yeh et al., Mapping spatial organization and genetic cell-state regulators to target immune evasion in ovarian cancer, Nature Immunology (2024)",https://doi.org/10.1038/s41590-024-01943-5
no link of any kind recorded,villacampa2021_ovarian_visium,Human ovarian cancer FFPE Visium,10x Visium,human,ovary,,"Villacampa et al., Cell Genomics 1 (2021)",https://doi.org/10.1016/j.xgen.2021.100065
no link of any kind recorded,villacampa2021_visium,Human ovarian carcinosarcoma Visium dataset,Visium,human,ovarian carcinosarcoma,,"Villacampa et al., Genome-wide spatial expression profiling in formalin-fixed tissues, Cell Genom. (2021)",https://doi.org/10.1101/2020.07.24.219758
no link of any kind recorded,moncada2020_visium,Human pancreatic ductal adenocarcinoma (PDAC) dataset,10× Visium,Human,Pancreas,,"Moncada et al., Integrating microarray-based spatial transcriptomics and single-cell RNA-seq reveals tissue architecture in pancreatic ductal adenocarcinomas, Nat Biotechnol (2020)",https://doi.org/10.3410/f.737201328.793570113
no link of any kind recorded,human_post_lvad__visium,Human post-LVAD heart failure by Visium,Visium,human,heart failure,,,
no link of any kind recorded,human_post_lvad_2025_visium,Human post-LVAD heart failure by Visium,Visium,human,heart (heart failure / post-LVAD),,Thor: a platform for cell-level investigation of spatial transcriptomics and histology,https://doi.org/10.21203/rs.3.rs-4909620/v1
no link of any kind recorded,marklund2022_unknown,Human prostate cancer Starfysh,,Human,prostate tumors,,"Marklund et al., Spatio-temporal analysis of prostate tumors in situ suggests pre-existence of treatment-resistant clones, Nat Commun (2022)",https://doi.org/10.1038/s41467-022-33069-3
no link of any kind recorded,tuong2021_scrnaseq,Human prostate cancer scRNA-seq data,scRNA-seq,Human,Prostate tissue,,"Tuong et al., Resolving the immune landscape of human prostate at a single-cell level in health and cancer, Cell Rep. (2021)",
no link of any kind recorded,berglund2018_st,Human prostate cancer slice,Legacy ST,Human,Prostate cancer,,"Berglund et al., Spatial maps of prostate cancer transcriptomes reveal an unexplored landscape of heterogeneity, Nat Commun (2018)",https://doi.org/10.1038/s41467-018-04724-5
no link of any kind recorded,human_reactive_l2024_dbit,Human reactive lymph node and lymphoma tissue blocks,DBiTplus and CODEX,mouse,embryo,,Integration of Imaging-based and Sequencing-based Spatial Omics Mapping on the Same Tissue Section via DBiTplus,https://doi.org/10.21203/rs.3.rs-5398491/v1
no link of any kind recorded,zheng2025_visium,Human sacral chordoma Visium dataset,Visium,Human,Chordoma,,"Zheng et al., Multi-omics analysis unveils the role of inflammatory cancer-associated fibroblasts in chordoma progression, J Pathol (2025)",
no link of any kind recorded,mirzazadeh2023_smallintestine_visium,Human small intestine Visium (degraded/challenging FF samples),10x Visium,human,small intestine,,"Mirzazadeh et al., Nature Communications 14, 509 (2023)",https://doi.org/10.1038/s41467-023-36071-5
no link of any kind recorded,human_spleen_sam2023_visium,Human spleen sample,Visium,Human,Spleen,,Single-cell spatial explorer: easy exploration of spatial and multimodal transcriptomics,https://doi.org/10.1186/s12859-023-05150-1
no link of any kind recorded,gribaudo2024_tomo,Human trunk organoid Tomo-seq dataset,Tomo-seq,Human,Organoid,,"Gribaudo et al., Self-organizing models of human trunk organogenesis recapitulate spinal cord and spine co-morphogenesis, Nat Biotechnol (2024)",
no link of any kind recorded,gyllborg2020_iss,HybISS mouse and human brain dataset,HybISS,human and mouse,brain,,"Gyllborg et al., Hybridization-based in situ sequencing (HybISS) for spatially resolved transcriptomics in human and mouse brain tissue, Nucleic Acids Res (2020)",
no link of any kind recorded,hybriss_hybiss_g_iss,HybRISS / HybISS gene panels and mouse brain dataset,In situ sequencing (ISS) / SIM microscopy,mouse,coronal brain tissue sections,,,
no link of any kind recorded,chen2017_scrnaseq,Hypothalamus scRNA-seq dataset,scRNA-seq,mouse,hypothalamus,,"Chen et al., Single-cell RNA-seq reveals hypothalamic cell iversity, Cell Rep. (2017)",https://doi.org/10.1016/j.celrep.2017.03.004
no link of any kind recorded,ibex_cyclic_prot2024_ibex_cyclic,IBEX cyclic protein imaging (paediatric),IBEX cyclic protein imaging,human,thymus,,A spatial human thymus cell atlas mapped to a continuous tissue axis,https://doi.org/10.1038/s41586-024-07944-6
no link of any kind recorded,ibex_multiplex_i2023_ibex,IBEX multiplex imaging,IBEX,human,thymus,,A spatial human thymus cell atlas mapped to a continuous tissue axis,https://doi.org/10.1101/2023.10.25.562925
no link of any kind recorded,wang2020_ish,ISH human endometrium dataset,ISH,human,endometrium,,"Wang et al., Single-cell transcriptomic atlas of the human endometrium during the menstrual cycle, Nat Med (2020)",
no link of any kind recorded,terra_iss_cartana_reproductive_tract,ISS CARTANA healthy human reproductive tract,ISS (CARTANA),human,reproductive tract,,Multi-scale modeling of human tissues from spatial transcriptomics with TERRA,https://doi.org/10.64898/2026.07.29.741565
no link of any kind recorded,feldman2019_iss,ISS dataset in HeLa cells,ISS,human,HeLa cells,,"Feldman et al., Optical Pooled Screens in Human Cells, Cell (2019)",https://doi.org/10.1016/j.cell.2019.09.016
no link of any kind recorded,iss_globalinjury,ISS-GlobalInjury (EA),ISS,mouse,central nervous system,,"Kukanja et al., Cellular architecture of evolving neuroinflammatory lesions and multiple sclerosis pathology, Cell 187, 1990-2009.e19 (2024)",
no link of any kind recorded,yamamoto2024_visium,IgG4-related disease submandibular gland dataset,Visium,Human,Submandibular gland,,"Yamamoto et al., Submandibular gland tissue RNAseq and spatial transcriptome analyses in IgG4-related disease, Rheumatology (Oxford) (2024)",
no link of any kind recorded,ho2021_imc,Imaging Mass Cytometry (IMC),IMC,Human,Hepatocellular carcinoma,,"Ho et al., Neoadjuvant cabozantinib and nivolumab convert locally advanced hepatocellular carcinoma into resectable disease with enhanced antitumor immunity, Nat Cancer (2021)",https://doi.org/10.1038/s43018-021-00234-4
no link of any kind recorded,jackson2020_imaging_mass,Imaging Mass Cytometry dataset,Imaging Mass Cytometry,human,breast cancer,,"Jackson et al., The single-cell pathology landscape of breast cancer, Nature (2020)",https://doi.org/10.3410/f.737235111.793582823
no link of any kind recorded,medaglia2017_photoactivat,Immune niches dataset,photoactivatable reporters and scRNA-seq,,,,"Medaglia et al., Spatial reconstruction of immune niches by combining photoactivatable reporters and scRNA-seq, Science (2017)",https://doi.org/10.3410/f.732248624.793541129
no link of any kind recorded,in_house_tnbc_pa2025_xenium,In-house TNBC patient-derived xenograft,Xenium,human,triple-negative breast cancer,,A visual–omics foundation model to bridge histopathology with spatial transcriptomics,https://doi.org/10.1038/s41592-025-02707-1
no link of any kind recorded,in_house_u2_os_m_merfish,In-house U2-OS MERFISH dataset,MERFISH,human,human osteosarcoma cells (U2-OS),,,
no link of any kind recorded,in_house_breast__unknown,In-house breast cancer tissue data (Mixed DCIS cohort),,Human,Breast (DCIS and adjacent invasive breast cancer),,,
no link of any kind recorded,in_house_scrna_s2025_st,In-house scRNA-seq dataset of breast cancer samples,DNBelab C4 system,human,breast tumor bulk tissues,,Spatially resolved atlas of breast cancer uncovers intercellular machinery of venular niche governing lymphocyte extravasation,https://doi.org/10.1038/s41467-025-58511-0
no link of any kind recorded,wischnewski2024_visium,Inflammatory muscle diseases cell type mapping dataset,Visium,Human,Muscle,,"Wischnewski et al., Cell type mapping of inflammatory muscle diseases highlights selective myofiber vulnerability in inclusion body myositis, Nat Aging (2024)",
no link of any kind recorded,hardt2022_visium,Integrated single cell and spatial transcriptomics early rheumatoid arthritis dataset,Visium,Human,Synovium,,"Hardt et al., Integrated single cell and spatial transcriptomics reveal autoreactive differentiated B cells in joints of early rheumatoid arthritis, Sci Rep (2022)",
no link of any kind recorded,rigamonti2024integrating,"Integrating AI-powered digital pathology and imaging mass cytometry identifies key classifiers of tumor cells, stroma, and immune cells in non-small cell lung cancer",IMC,human,lung,,"Integrating AI-powered digital pathology and imaging mass cytometry identifies key classifiers of tumor cells, stroma, and immune cells in non-small cell lung cancer",https://aacrjournals.org/cancerres/article/84/7/1165/742042/
no link of any kind recorded,zhang2024_unknown,Integrative spatial and single-cell analysis dataset from Zhang et al.,,,kidney,,"Zhang et al., Identification of a Novel ECM Remodeling Macrophage Subset in AKI to CKD Transition by Integrative Spatial and Single-Cell Analysis, Adv. Sci. (2024)",https://doi.org/10.1002/advs.202309752
no link of any kind recorded,kras_inhibitor_x2025_xenium,KRAS inhibitor Xenium cancer dataset,Xenium,mouse,lung,,Haruka Resolves Perturbation Response Heterogeneity in Spatial Cell Niches,https://doi.org/10.64898/2025.12.08.693051
no link of any kind recorded,kronos_private_cohorts,"KRONOS private pretraining cohorts (Stanford, NIH-NIAID, U. Florida, BIDMC; ~42M cells)",multiplexed imaging,human,various (16 tissue types),,A Foundation Model for Spatial Proteomics,https://doi.org/10.48550/arXiv.2506.03373
no link of any kind recorded,kalucka2020_scrnaseq,Kalucka 2020 endothelial cells scRNA-seq,scRNA-seq,mouse,endothelial cells,,"Kalucka et al., Single-Cell Transcriptome Atlas of Murine Endothelial Cells, Cell (2020)",
no link of any kind recorded,kalucka2020_scrnaseq_2,Kalucka 2020 scRNA-seq,scRNA-seq,Mouse,Endothelial cells,,"Kalucka et al., Single-Cell Transcriptome Atlas of Murine Endothelial Cells, Cell (2020)",
no link of any kind recorded,kang2024_singlecell_r,Kang Cancer Ecosystems Dataset,Single-cell RNA sequencing,Human,30 cancer types and corresponding normal tissues,,"Kang et al., Systematic dissection of tumor-normal single-cell ecosystems across a thousand tumors of 30 cancer types, Nat Commun (2024)",
no link of any kind recorded,young2018_singlecell_r,Kidney single-cell RNA-seq,single-cell RNA-seq,Human,Kidney,,"Young et al., Single-cell transcriptomes from human kidneys reveal the cellular identity of renal tumors, Science (2018)",
no link of any kind recorded,kong2023_singlecell_r,Kong Colon Single-Cell Dataset,Single-cell RNA sequencing,Human,Ileum and colon (Crohn's disease and healthy),,"Kong et al., The landscape of immune dysregulation in Crohn’s disease revealed through single-cell transcriptomic profiling in the ileum and colon, Immunity (2023)",
no link of any kind recorded,travaglini2020_scrnaseq,Krasnow2021 (lung dataset),scRNA-seq,human,lung,,"Travaglini et al., A molecular cell atlas of the human lung from single-cell RNA sequencing, Nature (2020)",
no link of any kind recorded,lcm_scp_iss,LCM-ScP,LC-MS (Orbitrap Exploris 480) with Laser Capture Microdissection,Mouse,"Central and peripheral nervous system (cortex, substantia nigra pars compacta, cerebellum, gut myenteric plexus)",,,
no link of any kind recorded,brunskill2014_lcmseq,LCM-seq dataset (Craniofacial development),LCM-seq,,early craniofacial,,"Brunskill et al., A gene expression atlas of early craniofacial development, Dev. Biol. (2014)",https://doi.org/10.1016/j.ydbio.2014.04.016
no link of any kind recorded,nichterwitz2016_lcmseq,LCM-seq dataset 1,LCM-seq,,,,"Nichterwitz et al., Laser capture microscopy coupled with Smart-seq2 for precise spatial transcriptomic profiling, Nat. Commun. (2016)",https://doi.org/10.1038/ncomms12139
no link of any kind recorded,natoli2021_cell_paintin,LINCS dataset,Cell Painting,,A549 cell line,,"Natoli et al., broadinstitute/lincs-cell-painting: full release of lincs cell painting dataset (2021)",
no link of any kind recorded,linnakuosmanen2024_visium,Linna-Kuosmanen et al. right atrial tissue ST dataset,Visium and Molecular Cartography,human,human ex vivo right atrial tissue,,"Linna-Kuosmanen et al., Transcriptomic and Spatial Dissection of Human Ex Vivo Right Atrial Tissue Reveals Proinflammatory Microvascular Changes in Ischemic Heart Disease, Cell Rep. Med. (2024)",https://doi.org/10.1016/j.xcrm.2024.101556
no link of any kind recorded,litviukov2020_snrnaseq,Litvinukova2020 (heart dataset),snRNA-seq,human,heart,,"Litviňuková et al., Cells of the adult human heart, Nature (2020)",
no link of any kind recorded,tang2023_visium,Lupus nephritis APOE+ monocytes dataset,Visium,Human,Kidney,,"Tang et al., Immune landscape and the key role of APOE+ monocytes of lupus nephritis under the single-cell and spatial transcriptional vista, Clin Transl Med (2023)",
no link of any kind recorded,lymphoid_multimo_spatial_tran,Lymphoid Multimodal deconvolution dataset,Spatial Transcriptomics,Mouse,lymphoid,,,
no link of any kind recorded,lzr2024_visium,Lázár et al. developing human heart ST dataset,Visium,human,developing human heart,,"Lázár et al., Spatial Dynamics of the Developing Human Heart, bioRxiv (2024)",
no link of any kind recorded,maldi_msi_st,MALDI-MSI,timsTOF fleX MALDI 2,Human,Ovarian cortex / ovarian endometriomas,,,
no link of any kind recorded,maldi_msi_n_glyc_st,MALDI-MSI N-Glycan dataset,timsTOF fleX MALDI-2 mass spectrometer,Mouse,Small and large intestine,,,
no link of any kind recorded,maldi_msi_glycom_st,MALDI-MSI glycomics dataset,timsTOF fleX MALDI-2,mouse,small and large intestine,,,
no link of any kind recorded,mbc_codex_datase_codex,MBC CODEX dataset,CODEX,human,metaplastic breast cancer,,,
no link of any kind recorded,kim2023_merfish,MERFISH Developing Human Thalamus dataset,MERFISH,Human,Thalamus,,"Kim et al., Spatiotemporal molecular dynamics of the developing human thalamus, Science (2023)",https://doi.org/10.1126/science.adf9941
no link of any kind recorded,merfish_gut_atla2025_merfish,MERFISH Gut Atlas,MERFISH,mouse,"gastrointestinal tract (ileum, cecum, proximal colon, distal colon)",,"An image-based transcriptomics atlas reveals the regional and microbiota-dependent molecular, cellular, and spatial structure of the murine gut",https://doi.org/10.1101/2025.07.21.665958
no link of any kind recorded,merfish_adult_mo2025_merfish,MERFISH adult mouse brain dataset,MERFISH,mouse,brain,,Integrating Spatially‐Resolved Transcriptomics Data Across Tissues and Individuals: Challenges and Opportunities,https://doi.org/10.1002/smtd.202401194
no link of any kind recorded,merfish_and_snrn2025_merfish,MERFISH and snRNA-seq dataset of healthy and fibrotic human liver,MERFISH,Human,Liver,,Spatial transcriptomics of healthy and fibrotic human liver at single-cell resolution,https://doi.org/10.1038/s41467-024-55325-4
no link of any kind recorded,merfish_dataset2021_merfish,MERFISH dataset,MERFISH,mouse,primary motor cortex (MOp),,A multimodal cell census and atlas of the mammalian primary motor cortex,https://doi.org/10.1038/s41586-021-03950-0
no link of any kind recorded,allen2023_merfish,MERFISH dataset (frontal cortex and striatum),MERFISH,mouse,frontal cortex and striatum,,"Allen et al., Molecular and spatial organization of the hypothalamus revealed by high-resolution single-cell in situ transcriptomics, Cell (2023)",
no link of any kind recorded,merfish_dataset_2023_merfish,MERFISH dataset of mouse subventricular zone,MERFISH,mouse,subventricular zone,,TISSUE: uncertainty-calibrated prediction of single-cell spatial transcriptomics improves downstream analyses,https://doi.org/10.1101/2023.04.25.538326
no link of any kind recorded,merfish_lung_tum_merfish,MERFISH lung tumor sample,MERFISH,human,lung cancer,,,
no link of any kind recorded,xia2019_merfish,MERFISH mouse hypothalamic preoptic region data,MERFISH,mouse,hypothalamic preoptic region,,"Xia et al., Multiplexed detection of rna using merfish and branched dna amplification, Scientific reports (2019)",https://doi.org/10.1038/s41598-019-43943-8
no link of any kind recorded,moffitt2018_merfish_2,MERFISH mouse hypothalamic preoptic region data,MERFISH,mouse,hypothalamic preoptic region,,"Moffitt et al., Data from: Molecular, spatial and functional single-cell profiling of the hypothalamic preoptic region, Science (2018)",
no link of any kind recorded,moffitt2018_merfish_4,MERFISH mouse hypothalamic preoptic region data,MERFISH,mouse,hypothalamic preoptic region,,"Moffitt et al., Data from: Molecular, spatial and functional single-cell profiling of the hypothalamic preoptic region, Science (2018)",
no link of any kind recorded,chen2021_merfish,MERFISH nucleus accumbens dataset,MERFISH,mouse,nucleus accumbens,,"Chen et al., Decoding molecular and cellular heterogeneity of mouse nucleus accumbens, Nat. Neurosci. (2021)",https://doi.org/10.3410/f.741006249.793589419
no link of any kind recorded,merfish_and_ster2025_merfish,MERFISH+ and Stereo-seq human basal ganglia dataset,MERFISH+ and Stereo-seq,Human,Basal ganglia,,Multiscale Spatial Transcriptomic Atlas of Human Basal Ganglia Cell-Type and Cellular Community Organization,https://doi.org/10.64898/2025.12.02.691876
no link of any kind recorded,merfish_localinjury,MERFISH-LocalInjury (MS),MERFISH,mouse,brain,,"Androvic et al., Spatial Transcriptomics-correlated Electron Microscopy maps transcriptional and ultrastructural responses to brain injury, Nature Communications 14 (2023)",
no link of any kind recorded,merscope_spatial2025_merscope,MERSCOPE spatial transcriptomics dataset,MERSCOPE,human,dorsal root ganglion,,A Reference Atlas of the Human Dorsal Root Ganglion,https://doi.org/10.1101/2025.11.05.686654
no link of any kind recorded,yao2023_merscope,MERSCOPE whole-brain atlas / primary MERSCOPE whole-brain atlas,MERSCOPE,mouse,brain,,"Yao et al., A high-resolution transcriptomic and spatial atlas of cell types in the whole mouse brain, Nature (2023)",https://doi.org/10.1111/jnc.70406/v1/review1
no link of any kind recorded,hartmann2020_mibi,MIBI-TOF dataset,MIBI-TOF,,,,"Hartmann et al., Single-cell metabolic profiling of human cytotoxic T cells, Nat. Biotechnol. (2020)",
no link of any kind recorded,mist2025_imagebased_s,MIST,Image-based spatial transcriptomics,,17 tissue types,,Spatia: Multimodal Model for Prediction and Generation of Spatial Cell Phenotypes,
no link of any kind recorded,chen2021_stereo_2,MOB,Stereo-seq,mouse,olfactory bulb,,"Chen et al., Spatiotemporal transcriptomic atlas of mouse organogenesis using DNA nanoball-patterned arrays, Cell (2021)",https://doi.org/10.3410/f.742107472.793593483
no link of any kind recorded,chen2022_slideseq,MOB,Slide-seqV2,mouse,olfactory bulb,,"Chen et al., Spatiotemporal transcriptomic atlas of mouse organogenesis using DNA nanoball-patterned arrays, Cell (2022)",https://doi.org/10.3410/f.742107472.793593483
no link of any kind recorded,zeisel2018_unknown,MOB single-cell RNA-seq expression matrix,,mouse,olfactory bulb,,"Zeisel et al., Molecular Architecture of the Mouse Nervous System, Cell (2018)",
no link of any kind recorded,richoz2022_visium,MRL-Lpr mouse lupus nephritis macrophage dataset,Visium,Mouse,Kidney,,"Richoz et al., Distinct pathogenic roles for resident and monocyte-derived macrophages in lupus nephritis, JCI Insight (2022)",
no link of any kind recorded,lei2025_unknown,Macaque Spatial Transcriptomics Atlas,,macaque,brain,,"Lei et al., Single-cell spatial transcriptome atlas and whole-brain connectivity of the macaque claustrum, Cell (2025)",
no link of any kind recorded,lei2025_unknown_2,Macaque Spatial Transcriptomics Atlas datasets,,macaque,brain,,"Lei et al., Single-cell spatial transcriptome atlas and whole-brain connectivity of the macaque claustrum, Cell (2025)",
no link of any kind recorded,chen2023_stereo,Macaque cortex Stereo-seq dataset,Stereo-seq,macaque,cortex,,"Chen et al., Single-cell spatial transcriptome reveals cell-type organization in the macaque cortex, Cell (2023)",
no link of any kind recorded,madissoon2019_scrnaseq,Madissoon2020 (lung dataset),scRNA-seq,human,"lung, spleen, esophagus",,"Madissoon et al., scRNA-seq assessment of the human lung, spleen, and esophagus tissue stability after cold preservation, Genome Biol. (2019)",https://doi.org/10.1186/s13059-019-1906-x
no link of any kind recorded,mass_spectrometr_maldimsi,Mass spectrometry imaging (MSI),MALDI-MSI,mouse,tibialis anterior muscle,,,
no link of any kind recorded,matched_single_c2025_visium,Matched single-cell and spatial transcriptomic samples (in-house cohort),10X Visium,Human,Lymph node-metastasized bladder cancer (primary tumor and metastatic lymph node),,Single-cell and spatial atlas unveil tumor-specific microenvironment convergence and a prognosis-associated PLXDC1+ myofibroblast population in metastatic bladder cancer,https://doi.org/10.1186/s12967-025-07534-8
no link of any kind recorded,mathys2019_snrnaseq,Mathys et al. snRNA-seq dataset,snRNA-seq,human,prefrontal cortex,,"Mathys et al., Single-cell transcriptomic analysis of Alzheimer’s disease, Nature (2019)",https://doi.org/10.1177/13872877251378007
no link of any kind recorded,serrano2024_spatial_rnas,Medicago truncatula AM symbiosis spatial co-transcriptomics,Spatial RNA-seq,Medicago truncatula,roots,,"Serrano et al., Spatial co-transcriptomics reveals discrete stages of the arbuscular mycorrhizal symbiosis, Nat. Plants (2024)",https://doi.org/10.1038/s41477-024-01666-3
no link of any kind recorded,tan2023_unknown,Medulloblastoma palbociclib spatial dataset,Unknown,,Brain / Medulloblastoma,,"Tan et al., Abstract 4703: Applying spatial omics and computational integrative analyses to study drug responses and cancer immune cell interactions, Cancer Res (2023)",
no link of any kind recorded,melanoma_brain_m_visium,Melanoma brain metastases (Visium),Visium,Human,Melanoma brain metastases,,,
no link of any kind recorded,melanoma_dataset_cosmx,Melanoma dataset,CosMx Spatial Molecular Imager,,Melanoma,,SORBET: Automated cell-neighborhood analysis of spatial transcriptomics or proteomics for interpretable sample classification via GNN,https://doi.org/10.1101/2023.12.30.573739
no link of any kind recorded,melanoma_dataset_opal_multipl,Melanoma dataset,OPAL multiplex IHC,Human,Vagina/Melanoma,,,
no link of any kind recorded,liu2021_iss,Melanoma longitudinal spatial dataset,Tissue cyclic immunofluorescence,Human,Melanoma,,"Liu et al., Evolution of delayed resistance to immunotherapy in a melanoma responder, Nat Med (2021)",
no link of any kind recorded,tirosh2016_smartseq2,Melanoma scRNA-seq dataset (Smart-seq2),Smart-seq2,human,melanoma,,"Tirosh et al., Dissecting the multicellular ecosystem of metastatic melanoma by single-cell RNA-seq, Science (2016)",https://doi.org/10.3410/f.726270532.793518916
no link of any kind recorded,chen2024_merfish,Merfish Lung Cancer,MERFISH,,Lung,,"Chen et al., Human lung cancer harbors spatially-organized stem-immunity hubs that associate with response to immunotherapy, zenodo (2024)",
no link of any kind recorded,merkel_cell_carc_cosmx,Merkel cell carcinoma (CosMx SMI),CosMx SMI,Human,Merkel cell carcinoma,,,
no link of any kind recorded,madissoon2022_scrnaseq,Meyer2022 (lung dataset),scRNA-seq,human,lung,,"Madissoon et al., A spatially resolved atlas of the human lung characterizes a gland-associated immune niche, Nat. Genet. (2022)",https://doi.org/10.3410/f.742461622.793599127
no link of any kind recorded,microcart_dsp_da_geomx,MicroCart-DSP dataset,Nanostring GeoMx Digital Spatial Profiler,mouse,small and large intestine,,,
no link of any kind recorded,microcart_dsp_da_geomx_2,MicroCart-DSP dataset,Nanostring GeoMx Digital Spatial Profiler,Mouse,Small and large intestine,,,
no link of any kind recorded,microcart_mibi_d_mibi,MicroCart-MIBI dataset,MIBI-TOF,mouse,small and large intestine,,,
no link of any kind recorded,microcart_mibi_d_mibi_2,MicroCart-MIBI dataset,MIBI-TOF,Mouse,Small and large intestine,,,
no link of any kind recorded,10x2023_xenium_3,Mouse Alzheimer's disease dataset,Xenium,mouse,brain,,"10x Genomics et al., Xenium In Situ Analysis of Alzheimer's Disease Mouse Model Brain Coronal Sections from One Hemisphere Over a Time Course, In Situ Gene Expression dataset analyzed using Xenium Onboard Analysis 1.4.0 (2023)",
no link of any kind recorded,kapustina2024_xenium,Mouse Brain Anterior Thalamic Nuclei study,Xenium,Mouse,Brain Anterior Thalamic Nuclei,,"Kapustina et al., The cell-type-specific spatial organization of the anterior thalamic nuclei of the mouse brain, Cell Reports (2024)",https://doi.org/10.1016/j.celrep.2024.113842
no link of any kind recorded,chen2020_visium,Mouse Brain Datasets (WT and AD),10x Visium,Mouse,Brain,,"Chen et al., Spatial transcriptomics and in situ sequencing to study Alzheimer’s disease, Cell (2020)",
no link of any kind recorded,han2018_microwellseq,Mouse Cell Atlas single-cell RNA-seq data,Microwell-Seq,mouse,liver,,"Han et al., Mapping the Mouse Cell Atlas Microwell-Seq, Cell (2018)",
no link of any kind recorded,mouse_coronal_br2024_visium,Mouse Coronal Brain dataset,Visium platform,mouse,coronal brain section,,SpotSweeper: spatially-aware quality control for spatial transcriptomics,https://doi.org/10.1101/2024.06.06.597765
no link of any kind recorded,kang2025_stereo,Mouse Heart Spatiotemporal Atlas (Stereo-seq),Stereo-seq,Mouse,Mouse heart,,"Kang et al., Exploring the cellular and molecular basis of murine cardiac development through spatiotemporal transcriptome sequencing, Gigascience (2025)",https://doi.org/10.1093/gigascience/giaf012
no link of any kind recorded,sangaram2024_scrnaseq,Mouse Kidney scRNA-seq reference,scRNA-seq,mouse,kidney,,"Sang-aram et al., Spotless, a reproducible pipeline for benchmarking cell type deconvolution in spatial transcriptomics, eLife (2024)",https://doi.org/10.7554/elife.88431.3.sa1
no link of any kind recorded,wu2022_visium_2,Mouse Prdm16 knockout spatial transcriptomics dataset,10x Visium,Mouse,Heart,,"Wu et al., PRDM16 Is a Compact Myocardium-Enriched Transcription Factor Required to Maintain Compact Myocardial Cardiomyocyte Identity in Left Ventricle, Circulation (2022)",https://doi.org/10.1161/circulationaha.121.056666
no link of any kind recorded,han2025_unknown_2,Mouse Spatial Transcriptomics Atlas,,mouse,brain,,"Han et al., Single-cell spatial transcriptomic atlas of the whole mouse brain, Neuron (2025)",
no link of any kind recorded,han2025_unknown_3,Mouse Spatial Transcriptomics Atlas datasets,,mouse,brain,,"Han et al., Single-cell spatial transcriptomic atlas of the whole mouse brain, Neuron (2025)",
no link of any kind recorded,mouse_subventric_merfish,Mouse Subventricular Zone MERFISH,MERFISH,Mouse,Subventricular zone,,,
no link of any kind recorded,allen2023_aging_brain_merfish,Mouse aging brain MERFISH,MERFISH,mouse,brain (aging),,"Allen et al., Cell 186, 194-208 (2023)",https://doi.org/10.1016/j.cell.2022.12.010
no link of any kind recorded,walls2022_visium,Mouse base-targeted irradiation spatial transcriptomics dataset,10x Visium,Mouse,Heart,,"Walls et al., Spatial Gene Expression Changes in the Mouse Heart After Base-targeted Irradiation, Int J Radiat Oncol Biol Phys (2022)",https://doi.org/10.1016/j.ijrobp.2022.08.031
no link of any kind recorded,andersson2020_st_2,Mouse brain ST dataset (Andersson et al.),ST,Mouse,Brain,,"Andersson et al., Single-cell and spatial transcriptomics enables probabilistic inference of cell type topography, Commun Biol (2020)",https://doi.org/10.1038/s42003-020-01247-y
no link of any kind recorded,han2025_stereo,Mouse brain Stereo-seq dataset,Stereo-seq,mouse,whole brain,,"Han et al., Single-cell spatial transcriptomic atlas of the whole mouse brain, Neuron (2025)",
no link of any kind recorded,ratz2022_spatial_tran,Mouse brain clonal relations spatial dataset,Spatial Transcriptomics,Mouse,brain,,"Ratz et al., Clonal relations in the mouse brain revealed by single-cell and spatial transcriptomics, Nat Neurosci. (2022)",https://doi.org/10.1101/2021.08.31.458418
no link of any kind recorded,zhang2023_spatial_atac_2,"Mouse brain coronal section dataset (P22, RNA-seq and ATAC-seq)",spatial ATAC-RNA sequencing technology,Mouse,Brain,,"Zhang et al., Spatial epigenomic profiling of mammalian tissues at single-cell resolution, Nature (2023)",
no link of any kind recorded,zhang2023_unknown,"Mouse brain coronal section dataset (P22, RNA-seq and CUT&Tag)",,Mouse,Brain,,"Zhang et al., Spatial epigenomic profiling of mammalian tissues at single-cell resolution, Nature (2023)",
no link of any kind recorded,rao2020_visium,Mouse brain dataset,10x Visium,Mouse,Brain,,"Rao et al., Bridging genomics and tissue pathology: 10× genomics explores new frontiers with the Visium spatial gene expression solution, Genet. Eng. Biotechnol. News (2020)",https://doi.org/10.1089/gen.40.02.16
no link of any kind recorded,akeret2022_spatial_tran,Mouse brain heme injection spatial transcriptome,Spatial Transcriptomics,Mouse,brain,,"Akeret et al., Spatial transcriptome data from coronal mouse brain sections after striatal injection of heme and heme-hemopexin, Data Brief. (2022)",https://doi.org/10.1016/j.dib.2022.107866
no link of any kind recorded,wang2020_visium,Mouse brain sagittal posterior and coronal datasets,10× Visium,Mouse,Brain,,"Wang et al., The Allen mouse brain common coordinate framework: a 3D reference atlas, Cell (2020)",https://doi.org/10.1016/j.cell.2020.04.007
no link of any kind recorded,mouse_brain_scrn2025_scrnaseq,Mouse brain scRNA-seq reference (abundance invariance test),scRNA-seq,mouse,brain,,"FlashDeconv enables atlas-scale, multi-resolution spatial deconvolution via structure-preserving sketching",https://doi.org/10.64898/2025.12.22.696108
no link of any kind recorded,mouse_brain_stab_visium,Mouse brain stab wound dataset (#MCI_LMU),10X Visium,Mouse,Cerebral cortex / Brain,,,
no link of any kind recorded,mouse_breast_can2023_visium,Mouse breast cancer serial sections,10x Visium,mouse,mammary fat pad tumor (breast cancer),,"Spatially informed clustering, integration, and deconvolution of spatial transcriptomics with GraphST",https://doi.org/10.1038/s41467-023-36796-3
no link of any kind recorded,tower2021_visium,Mouse calvaria Visium dataset,Visium,Mouse,Calvaria,,"Tower et al., Spatial transcriptomics reveals a role for sensory nerves in preserving cranial suture patency through modulation of BMP/TGF-β signaling, Proc Natl Acad Sci USA (2021)",
no link of any kind recorded,er2018_iss,Mouse cell atlas (Erö et al.),Nissl stains and AMBA genetic cell-type markers,mouse,brain,,"Erö et al., A cell atlas for the mouse brain, Front. Neuroinf. (2018)",
no link of any kind recorded,brown2019_slideseq,Mouse cerebellum,Slide-seq V2,Mouse,cerebellum,,"Brown et al., Molecular layer interneurons shape the spike activity of cerebellar Purkinje cells, Sci Rep (2019)",
no link of any kind recorded,mouse_cerebellum_visium,Mouse cerebellum and hippocampus Slide-seq and Visium data (generated in this study),Visium and Slide-seqV2,Mouse,Cerebellum and hippocampus,,,
no link of any kind recorded,tower2022_visium,Mouse digit amputation Visium dataset,Visium,Mouse,Digit,,"Tower et al., Spatial transcriptomics reveals metabolic changes underly age-dependent declines in digit regeneration, eLife (2022)",
no link of any kind recorded,mouse_embryonic_2025_cyclehcr_wit,Mouse embryonic fibroblast subcellular protein dataset,cycleHCR with expansion microscopy,Mouse,Mouse embryonic fibroblasts,,Deep-tissue transcriptomics and subcellular imaging at high spatial resolution,https://doi.org/10.1126/science.adq2084
no link of any kind recorded,pia2023_visium,Mouse embryonic head Visium dataset,Visium,Mouse,Head,,"Piña et al., Multimodal spatiotemporal transcriptomic resolution of embryonic palate osteogenesis, Nat Commun (2023)",
no link of any kind recorded,tilburg2023_geomx,Mouse femur bone marrow GeoMx DSP dataset,GeoMx,Mouse,Femur,,"Tilburg et al., Spatial transcriptomics of murine bone marrow megakaryocytes at single-cell resolution, Res Pract Thromb Haemost (2023)",
no link of any kind recorded,xiao2023_visium,Mouse femur compartment Visium dataset,Visium,Mouse,Femur,,"Xiao et al., Spatial transcriptomic interrogation of the murine bone marrow signaling landscape, Bone Res (2023)",
no link of any kind recorded,mathavan2025_visium,Mouse femur defect loaded Visium dataset,Visium,Mouse,Femur,,"Mathavan et al., Spatial transcriptomics in bone mechanomics: exploring the mechanoregulation of fracture healing in the era of spatial omics, Sci Adv (2025)",
no link of any kind recorded,jiang2024_visium_2,Mouse femur osteotomy Visium CytAssist dataset,Visium CytAssist,Mouse,Femur,,"Jiang et al., Unique spatial transcriptomic profiling of the murine femoral fracture callus: a preliminary report, Cells (2024)",
no link of any kind recorded,pijuansala2019_unknown,Mouse gastrulation,,Mouse,gastrulation and early organogenesis,,"Pijuan-Sala et al., A single-cell molecular map of mouse gastrulation and early organogenesis, Nature (2019)",https://doi.org/10.1038/s41586-019-0933-9
no link of any kind recorded,xu2024_visium_2,Mouse heart spatial transcriptomics (Visium),Visium,Human,iPSC-derived cardiomyocytes,,"Xu et al., STOmicsDB: A comprehensive database for spatial transcriptomics data sharing, analysis and visualization, Nucleic Acids Res. (2024)",https://doi.org/10.1093/nar/gkad933
no link of any kind recorded,bian2024_visium,Mouse hindlimb growth plate Visium dataset,Visium,Mouse,Hindlimb,,"Bian et al., The G protein-coupled receptor ADGRG6 maintains mouse growth plate homeostasis through IHH signaling, J Bone Miner Res (2024)",
no link of any kind recorded,palla2022_slideseq,Mouse hippocampus,Slide-seqV2,Mouse,Hippocampus,,"Palla et al., Squidpy: a scalable framework for spatial omics analysis, Nat Methods (2022)",https://doi.org/10.1038/s41592-021-01358-2
no link of any kind recorded,moffitt2018_preoptic_merfish,Mouse hypothalamic preoptic region MERFISH,MERFISH,mouse,preoptic hypothalamus,,"Moffitt et al., Science 362, eaau5324 (2018)",https://doi.org/10.1126/science.aau5324
no link of any kind recorded,han2024_unknown,Mouse ischemia spatial transcriptomics dataset (photothrombosis brain stroke),,mouse,brain,,"Han et al., Integrating spatial and single-cell transcriptomics to characterize the molecular and cellular architecture of the ischemic mouse brain, Science Translational Medicine (2024)",https://doi.org/10.1126/scitranslmed.adg1323
no link of any kind recorded,lacraz2017_tomo,Mouse ischemia-reperfusion injury Tomo-Seq dataset,Tomo-Seq,Mouse,Heart,,"Lacraz et al., Tomo-Seq Identifies SOX9 as a Key Regulator of Cardiac Fibrosis During Ischemic Injury, Circulation (2017)",https://doi.org/10.1161/circulationaha.117.027832
no link of any kind recorded,miao2021_unknown,Mouse kidney SD2,,Mouse,kidney,,"Miao et al., Single cell regulatory landscape of the mouse kidney highlights cellular differentiation programs and disease targets, Nat Commun (2021)",https://doi.org/10.3410/f.739938111.793587597
no link of any kind recorded,hildebrandt2021_spatial_tran,Mouse liver zonation spatial transcriptomics,Spatial Transcriptomics,Mouse,liver,,"Hildebrandt et al., Spatial Transcriptomics to define transcriptional patterns of zonation and structural components in the mouse liver, Nat Commun. (2021)",https://doi.org/10.1038/s41467-021-27354-w
no link of any kind recorded,van2021_imc,Mouse lung cancer dataset,IMC,Mouse,Lung cancer,,"van Maldegem et al., Characterisation of tumour microenvironment remodelling following oncogene inhibition in preclinical studies with imaging mass cytometry, Nat. Commun. (2021)",https://doi.org/10.1101/2021.02.02.429358
no link of any kind recorded,morice2025_geomx,Mouse mandibular fracture GeoMx dataset,GeoMx,Mouse,Mandibula,,"Morice et al., FGFR antagonists restore defective mandibular bone repair in a mouse model of osteochondrodysplasia, Bone Res (2025)",
no link of any kind recorded,boileau2022_visium,Mouse myocardial infarction 10x Visium dataset (Boileau et al.),10x Visium,Mouse,Heart,,"Boileau et al., Full-Length Spatial Transcriptomics Reveals the Unexplored Isoform Diversity of the Myocardium Post-MI, Front Genet (2022)",https://doi.org/10.3389/fgene.2022.912572
no link of any kind recorded,yamada2022_visium,Mouse myocardial infarction 10x Visium dataset (Ruiz-Villalba et al. / Yamada et al.),10x Visium,Mouse,Heart,,"Yamada et al., Spatiotemporal transcriptome analysis reveals critical roles for mechano-sensing genes at the border zone in remodeling after myocardial infarction, Nat Cardiovasc Res (2022)",https://doi.org/10.3410/f.742438479.793597024
no link of any kind recorded,sampath2023_stereo,Mouse olfactory bulb dataset,Stereo-seq,Mouse,Olfactory bulb,,"Sampath Kumar et al., Spatiotemporal transcriptomic maps of whole mouse embryos at the onset of organogenesis, Nat Genet (2023)",https://doi.org/10.1038/s41588-023-01435-6
no link of any kind recorded,tepe2018_10x_chromium,Mouse olfactory bulb scRNA-seq dataset,10x Chromium,Mouse,Olfactory bulb,,"Tepe et al., Single-cell RNA-seq of mouse olfactory bulb reveals cellular heterogeneity and activity-dependent molecular census of adult-born neurons, Cell Rep (2018)",https://doi.org/10.1016/j.celrep.2018.11.034
no link of any kind recorded,chen2022_dna_nanoball,Mouse organogenesis DNA nanoball arrays dataset,DNA nanoball-patterned arrays,Mouse,embryo,,"Chen et al., Spatiotemporal transcriptomic atlas of mouse organogenesis using DNA nanoball-patterned arrays, Cell. (2022)",https://doi.org/10.3410/f.742107472.793593483
no link of any kind recorded,huang2024_merfish,Mouse ovary MERFISH dataset,MERFISH,mouse,ovary,,"Huang et al., Single-cell and spatiotemporal profile of ovulation in the mouse ovary (2024)",https://doi.org/10.1371/journal.pbio.3003193
no link of any kind recorded,christoforou2016_mass_spectro,Mouse pluripotent stem cell dataset,mass spectrometry (hyper-LOPIT),,Pluripotent stem cells,,"Christoforou et al., A draft map of the mouse pluripotent stem cell spatial proteome, Nat Commun (2016)",https://doi.org/10.1038/ncomms9992
no link of any kind recorded,li2017_unknown,Mouse popliteal lymph node model,,mouse,lymph node,,"Li et al., Multiplex, quantitative cellular analysis in large tissue volumes with clearing-enhanced 3D microscopy (Ce3D), Proc Natl Acad Sci U S A (2017)",https://doi.org/10.1073/pnas.1708981114
no link of any kind recorded,saunders2018_unknown,Mouse pre-frontal cortex,,Mouse,brain,,"Saunders et al., Molecular diversity and specializations among the cells of the adult mouse brain, Cell (2018)",https://doi.org/10.3410/f.733788062.793555435
no link of any kind recorded,yao2021_unknown,Mouse primary motor cortex,,Mouse,primary motor cortex,,"Yao et al., A transcriptomic and epigenomic cell atlas of the mouse primary motor cortex, Nature (2021)",
no link of any kind recorded,yao2021_merfish,Mouse primary motor cortex,MERFISH,Mouse,primary motor cortex,,"Yao et al., A transcriptomic and epigenomic cell atlas of the mouse primary motor cortex, Nature (2021)",
no link of any kind recorded,callaway2021_unknown,Mouse primary motor cortex dataset (BICCN),,mammalian,brain,,"Callaway et al., A multimodal cell census and atlas of the mammalian primary motor cortex, Nature (2021)",
no link of any kind recorded,zeisel2015_unknown,Mouse somatosensory cortex,,Mouse,somatosensory cortex,,"Zeisel et al., Cell types in the mouse cortex and hippocampus revealed by single-cell RNA-seq, Science (2015)",https://doi.org/10.3410/f.725363832.793504421
no link of any kind recorded,benchetrit2023_spots_2,Mouse spleen dataset,SPOTS,Mouse,Spleen,,"Ben-Chetrit et al., Massively multiplexed spatial multi-omics profiling of single cells, Nat. Biotechnol. (2023)",
no link of any kind recorded,kenney2023_visium,Mouse synovitis lymph node multi-omics dataset,Visium,Mouse,Lymph node,,"Kenney et al., Multi-omics analysis identifies IgG2b class-switching with ALCAM-CD6 co-stimulation in joint-draining lymph nodes during advanced inflammatory-erosive arthritis, Front Immunol (2023)",
no link of any kind recorded,liu2022_slidetcrseq_2,Mouse thymus dataset,Slide-TCR-seq,mouse,thymus,,"Liu et al., Spatial maps of T cell receptors and transcriptomes reveal distinct immune niches and interactions in the adaptive immune response, Immunity (2022)",
no link of any kind recorded,liao2023_stereo_2,Mouse thymus slice dataset,Stereo-CITE-seq,Mouse,Thymus,,"Liao et al., Stereo-CITE-seq for spatial multi-omics transcriptomics and proteomics, bioRxiv (2023)",
no link of any kind recorded,rios2024_visium,Mouse tibia osteotomy Visium dataset,Visium,Mouse,Tibia,,"Rios et al., Spatial transcriptomics implicates impaired BMP signaling in NF1 fracture pseudarthrosis in murine and patient tissues, JCI Insight (2024)",
no link of any kind recorded,mouse_xenograft_2025_takara_seeke,Mouse xenograft tumor dataset,Takara Seeker,Mouse,Pancreatic tumor (xenograft),,Mitochondrial clone tracing within spatially intact human tissues,https://doi.org/10.1101/2025.07.11.664452
no link of any kind recorded,salas2025_xenium,Mouse-Brain-Xenium,Xenium,,breast,,"Salas et al., Optimizing xenium in situ data utility by quality assessment and best-practice analysis workflows, Nature Methods (2025)",https://doi.org/10.1101/2023.02.13.528102
no link of any kind recorded,zhang2023_merfish,Mouse3_sagittal MERFISH dataset,MERFISH,mouse,brain,,"Zhang et al., A molecularly defined and spatially resolved cell atlas of the whole mouse brain (2023)",https://doi.org/10.1101/2023.03.06.531348
no link of any kind recorded,schirmer2019_unknown,Multiple Sclerosis (MS) dataset,,,,,"Schirmer et al., Neuronal vulnerability and multilineage diversity in multiple sclerosis, Nature (2019)",https://doi.org/10.1038/s41586-019-1404-z
no link of any kind recorded,abad2024_geomx,Myositis IFN-γ mitochondrial dysfunction dataset,GeoMx DSP,Mouse,Muscle,,"Abad et al., IFNγ causes mitochondrial dysfunction and oxidative stress in myositis, Nat Commun (2024)",
no link of any kind recorded,peyraud2023_geomx,NSCLC CAF spatial dataset,NanoString GeoMx DSP,Human,Non-small cell lung cancer (NSCLC),,"Peyraud et al., Abstract 6767: Cancer-associated fibroblasts promote T-cell exclusion and resistance to immunotherapy in non-small cell lung cancer with tertiary lymphoid structures, Cancer Res (2023)",
no link of any kind recorded,moutafi2022_geomx,NSCLC TMA spatial omics dataset,NanoString GeoMx DSP,Human,Non-small cell lung cancer (NSCLC),,"Moutafi et al., Abstract 2027: spatial omics and multiplexed imaging to discover new biomarkers of response or resistance to immune checkpoint inhibitors (ICI) in advanced non-small cell lung cancer (NSCLC), Cancer Res (2022)",
no link of any kind recorded,lin2021_imc,NSCLC dataset,Imaging Mass Cytometry (IMC),,Non-small cell lung cancer (NSCLC),,"Lin et al., Graph of graphs analysis for multiplexed data with application to imaging mass cytometry, PLoS computational biology (2021)",https://doi.org/10.1371/journal.pcbi.1008741
no link of any kind recorded,larroquette2022_geomx,NSCLC macrophage infiltration spatial dataset,NanoString GeoMx DSP,Human,Non-small cell lung cancer (NSCLC),,"Larroquette et al., Spatial transcriptomics of macrophage infiltration in non-small cell lung cancer reveals determinants of sensitivity and resistance to anti-PD1/PD-L1 antibodies, J Immunother Cancer (2022)",
no link of any kind recorded,monkman2023_geomx,NSCLC multi-omic and spatial immunotherapy response dataset,NanoString GeoMx DSP,Human,Non-small cell lung cancer (NSCLC),,"Monkman et al., Multi-omic and spatial dissection of immunotherapy response groups in non-small cell lung cancer, Immunology (2023)",
no link of any kind recorded,he2022_cosmx_5,NanoString CosMx Spatial Molecular Imager dataset,NanoString CosMx Spatial Molecular Imager,human,liver,,"He et al., High-plex imaging of RNA and proteins at subcellular resolution in fixed tissue by spatial molecular imaging, Nat Biotechnol (2022)",
no link of any kind recorded,nanostring_cosmx2025_cosmx,NanoString CosMx spatial molecular imager dataset,NanoString CosMx Spatial Molecular Imager,Human,Liver,,"A single-nucleus and spatial transcriptomic atlas of the COVID-19 liver reveals topological, functional, and regenerative organ disruption in patients",https://doi.org/10.1186/s13059-025-03499-5
no link of any kind recorded,nanostring_geomx2021_geomx,NanoString GeoMx Cancer Transcriptome Atlas (CTA) Panel,NanoString GeoMx Digital Spatial Profiler,Human,Lung,,A single-cell and spatial atlas of autopsy tissues reveals pathology and cellular targets of SARS-CoV-2,https://doi.org/10.1101/2021.02.25.430130
no link of any kind recorded,nanostring_geomx2025_geomx_2,NanoString GeoMx DSP Whole Transcriptome Atlas (WTA) dataset,NanoString GeoMx Digital Spatial Profiling (DSP) Whole Transcriptome Atlas (WTA),Human,Liver,,"A single-nucleus and spatial transcriptomic atlas of the COVID-19 liver reveals topological, functional, and regenerative organ disruption in patients",https://doi.org/10.1186/s13059-025-03499-5
no link of any kind recorded,nanostring_geomx_geomx_2,NanoString GeoMx Digital Spatial Profiler Transcriptomic Atlas,NanoString GeoMx Digital Spatial Profiler,Human,Oral cavity OSCC (tongue),,,
no link of any kind recorded,nanostring_geomx2022_geomx_2,NanoString GeoMx Digital Spatial Profiler Transcriptomic Atlas dataset,NanoString GeoMx Digital Spatial Profiler / Human NGS Whole Transcriptome Atlas,Human,Oral cavity oral squamous cell carcinoma (OSCC),,Spatial and Transcriptomic Analysis of Perineural Invasion in Oral Cancer,https://doi.org/10.1158/1078-0432.CCR-21-4543
no link of any kind recorded,nanostring_geomx_geomx,NanoString GeoMx Digital Spatial Profiler spatial transcriptomic and proteomic dataset,NanoString GeoMx Digital Spatial Profiler,human,"brain (thalamus and pons, diffuse midline glioma H3 K27-altered)",,,
no link of any kind recorded,nanostring_geomx2022_geomx,NanoString GeoMx Digital Spatial Profiling (DSP) Whole Transcriptome Atlas (WTA) dataset,NanoString GeoMx Digital Spatial Profiling (DSP) Whole Transcriptome Atlas (WTA) platform,human,liver,,"A single-nucleus and spatial transcriptomic atlas of the COVID-19 liver reveals topological, functional, and regenerative organ disruption in patients",https://doi.org/10.1101/2022.10.27.514070
no link of any kind recorded,nanostring_geomx2023_geomx_2,NanoString GeoMx Digital Spatial Profiling and Mass-Spectrometry-Based Proteomics dataset,NanoString GeoMx Digital Spatial Profiling and nanoUHPLC-MS/MS,Human,Lung (Pulmonary adenocarcinoma),,Spatially Resolved Proteomic and Transcriptomic Profiling of Anaplastic Lymphoma Kinase-Rearranged Pulmonary Adenocarcinomas Reveals Key Players in Inter- and Intratumoral Heterogeneity,https://doi.org/10.3390/ijms241411369
no link of any kind recorded,nanostring_geomx2023_geomx_3,NanoString GeoMx Whole Transcriptome Atlas dataset,NanoString GeoMx Digital Spatial Profiler,Cynomolgus macaque (Macaca fascicularis),Lung,,Spatial transcriptome atlas reveals pulmonary microstructure-specific COVID-19 gene signatures in cynomolgus macaques,https://doi.org/10.1038/s42003-023-05253-8
no link of any kind recorded,theocharidis2022_geomx,Nanostring GeoMx DSP platform dataset,GeoMx,Human,skin specimens from diabetic foot ulcers (DFUs),,"Theocharidis et al., Single cell transcriptomic landscape of diabetic foot ulcers, Nat Commun (2022)",
no link of any kind recorded,neonatal_mouse_h2021_visium,Neonatal mouse heart spatial transcriptomics dataset,Visium Spatial Gene Expression Slide (10X Genomics),mouse,heart,,"Characterizing Neonatal Heart Maturation, Regeneration, and Scar Resolution Using Spatial Transcriptomics",https://doi.org/10.3390/jcdd9010001
no link of any kind recorded,hasel2021_spatial_tran,Neuroinflammatory astrocyte subtypes dataset,Spatial Transcriptomics,Mouse,brain,,"Hasel et al., Neuroinflammatory astrocyte subtypes in the mouse brain, Nat Neurosci. (2021)",https://doi.org/10.1038/s41593-021-00905-6
no link of any kind recorded,aw2023_merfish,Neuropsychiatric SLE mouse brain MERFISH dataset,MERFISH,Mouse,Brain,,"Aw et al., Spatial enrichment of the type 1 interferon signature in the brain of a neuropsychiatric lupus murine model, Brain Behav Immun (2023)",
no link of any kind recorded,non_human_mammal2025_visium,"Non-human mammalian spatial transcriptomics dataset (mouse, wild boar, domesticated pig, cow)",10x Visium,"Mouse, wild boar, domesticated pig, cow",Liver,,A spatial transcriptomics atlas of live donors reveals unique zonation patterns in the healthy human liver,https://doi.org/10.1101/2025.02.22.639181
no link of any kind recorded,pal2021_scrnaseq,Normal breast tissue scRNA-seq dataset (N0233),scRNA-seq,human,normal breast tissue,,"Pal et al., A single-cell RNA expression atlas of normal, preneoplastic and tumorigenic states in the human breast, EMBO J (2021)",https://doi.org/10.3410/f.740061637.793591647
no link of any kind recorded,kumar2023_visium,Normal human breast histology and ST dataset,Visium,human,breast,,"Kumar et al., A spatially resolved single-cell genomic atlas of the adult human breast, Nature (2023)",
no link of any kind recorded,orozco2020_visium,Norwegian Picea abies female cones spatial transcriptome dataset,10x Visium,Picea abies,female cones,,"Orozco et al., A Spatial Analysis of Norwegian Spruce Cone Developmental Stages, Uppsala University (2020)",
no link of any kind recorded,yeh2024_xenium,"Ovarian Cancer datasets (CosMx, Xenium, MERFISH)",CosMx / Xenium / MERFISH,human,ovary,,"Yeh et al., Mapping spatial organization and genetic cell-state regulators to target immune evasion in ovarian cancer, Nature Immunology (2024)",https://doi.org/10.1038/s41590-024-01943-5
no link of any kind recorded,ding2020_scrnaseq,PBMC datasets,scRNA-seq,human,peripheral blood mononuclear cells,,"Ding et al., Systematic comparison of single-cell and single-nucleus RNA-sequencing methods, Nat. Biotechnol. (2020)",
no link of any kind recorded,hwang2022_geomx,PDAC neoadjuvant treatment spatial transcriptome dataset,NanoString GeoMx DSP,Human,Pancreas (pancreatic cancer / PDAC),,"Hwang et al., Single-nucleus and spatial transcriptome profiling of pancreatic cancer identifies multicellular dynamics associated with neoadjuvant treatment, Nat Genet (2022)",
no link of any kind recorded,peng2019_10x_chromium,PDAC-Peng scRNA-seq dataset,10x Chromium,Human,Pancreatic ductal adenocarcinoma,,"Peng et al., Single-cell RNA-seq highlights intra-tumoral heterogeneity and malignant progression in pancreatic ductal adenocarcinoma, Cell Res (2019)",
no link of any kind recorded,petacc8_visium_visium,PETACC8-Visium,10X Genomics Visium,Homo Sapiens,Colon Adenocarcinoma,,,
no link of any kind recorded,photon_hela_cell2025_illumina_pla,PHOTON HeLa cell and MEF stress granule transcriptome datasets,Illumina platform,mouse,ovary,,Subcellular level spatial transcriptomics with PHOTON,https://doi.org/10.1038/s41467-025-59801-3
no link of any kind recorded,yamaguchi2024_geomx,PIK3CA inhibition lupus nephritis dataset,GeoMx DSP,Human,Kidney,,"Yamaguchi et al., PIK3CA inhibition in models of proliferative glomerulonephritis and lupus nephritis, J Clin Investig (2024)",
no link of any kind recorded,pim001p_tnbc_pdx2023_visium,PIM001P TNBC PDX ST dataset,Visium,human and mouse,breast (mammary fat pad tumor),,Xenomake: a pipeline for processing and sorting xenograft reads from spatial transcriptomic experiments,https://doi.org/10.1101/2023.09.04.556109
no link of any kind recorded,pserp_spatial_pr_iss,PSERP spatial proteomic dataset (G1-G9 gliomas),LC-MS/MS (DIA) with Tissue Expansion,Human,Glioma (brain),,,
no link of any kind recorded,prregaard2023_scrnaseq,Paerregaard 2023 intestinal fibroblasts scRNA-seq,scRNA-seq,mouse,small and large intestine,,"Pærregaard et al., The small and large intestine contain related mesenchymal subsets that derive from embryonic Gli1+ precursors, Nat. Commun. (2023)",https://doi.org/10.1038/s41467-023-37952-5
no link of any kind recorded,pancreatic_ducta2024_unknown,Pancreatic ductal adenocarcinoma (PDAC) dataset,,human,pancreatic ductal adenocarcinoma,,SPACE: Spatially variable gene clustering adjusting for cell type effect for improved spatial domain detection,https://doi.org/10.1101/2024.08.23.609477
no link of any kind recorded,perturb_dbit_dat_dbit,"Perturb-DBiT dataset (SMARTA TCR transgenic spleen, B16-OVA mouse tumor, autochthonous mouse liver tumors, HT-29 lung metastatic colonization, and E0771 syngeneic lung colonization)",Perturb-DBiT,"Mouse, Human","Spleen, tumor, liver, lung",,,
no link of any kind recorded,perturb_fish_asd_merfish,Perturb-FISH ASD risk genes dataset,MERFISH,human,THP1-derived macrophages,,,
no link of any kind recorded,perturb_fish_asd2023_merfish,Perturb-FISH ASD risk genes dataset in human iPSC-derived astrocytes,Perturb-FISH / MERFISH,Human,THP1-derived macrophages,,"Simultaneous CRISPR screening and spatial transcriptomics reveals intracellular, intercellular, and functional transcriptional circuits",https://doi.org/10.1101/2023.11.30.569494
no link of any kind recorded,perturb_fish_tum_merfish,Perturb-FISH Tumor xenograft screen,MERFISH,Human,THP1-derived macrophages (cultured),,,
no link of any kind recorded,perturb_raefish_2025_merfish,Perturb-RAEFISH A549 dataset,RAEFISH / MERFISH,Human,Cell culture (A549),,Sequencing-free whole genome spatial transcriptomics at molecular resolution in intact tissue,https://doi.org/10.1101/2025.03.06.641951
no link of any kind recorded,dhainaut2022_spatial_tran,Perturb-map lung spatial functional genomics dataset,Spatial Transcriptomics,Mouse,lung,,"Dhainaut et al., Spatial CRISPR genomics identifies regulators of the tumor microenvironment, Cell. (2022)",https://doi.org/10.1016/j.cell.2022.02.015
no link of any kind recorded,perturbspace_liv2026_perturbspace,PerturbSpace liver cytokine overexpression spatial perturbation dataset,PerturbSpace (antibody-based cell hashing with 10x Genomics 3' GEM-X),mouse,kidney and liver,,"Spatially resolved, multimodal in vivo Perturb-seq using antibody-based cell hashing",https://doi.org/10.64898/2026.05.25.727765
no link of any kind recorded,phenocycler_fusi_phenocycler,PhenoCycler Fusion,PhenoCycler Fusion,human,breast cancer,,,
no link of any kind recorded,phenocycler_fusi2023_phenocycler,PhenoCycler Fusion dataset,Phenocycler Fusion (protein-based),,breast cancer,,A machine learning one-class logistic regression model to predict stemness for single cell transcriptomics and spatial omics,https://doi.org/10.1186/s12864-023-09722-6
no link of any kind recorded,dylag2023_phenocycler,PhenoCycler multiplexed immunofluorescence assays (WSI-MxF) of BPD lung tissue,PhenoCycler multiplexed immunofluorescence assay,human,lung,,"Dylag et al., New insights into the natural history of bronchopulmonary dysplasia from proteomics and multiplexed immunohistochemistry, Am. J. Physiol. Lung Cell. Mol. Physiol. (2023)",https://doi.org/10.1152/ajplung.00130.2023
no link of any kind recorded,phenocycler_fusi_phenocyclerf,PhenoCycler-Fusion (PCF),PhenoCycler-Fusion,human,head and neck squamous cell carcinoma (HNSCC),,,
no link of any kind recorded,lv2024_spatial_tran,Poplar root regeneration spatial transcriptome,Spatial transcriptomics,Populus,roots,,"Lv et al., Spatial transcriptome analysis reveals de novo regeneration of poplar roots, Hortic. Res. (2024)",https://doi.org/10.1093/hr/uhae237
no link of any kind recorded,du2023_spatial_tran,Poplar secondary vascular tissue spatial transcriptome,Spatial transcriptomics,Populus,poplar stem secondary vascular tissue,,"Du et al., High-resolution anatomical and spatial transcriptome analyses reveal two types of meristematic cell pools within the secondary vascular tissue of poplar stem, Mol. Plant (2023)",https://doi.org/10.1016/j.molp.2023.03.005
no link of any kind recorded,morenovillena2022_visium,Portulaca C4+CAM spatial transcriptomics dataset,10× Genomics Visium,Portulaca,,,"Moreno-Villena et al., Spatial resolution of an integrated C4+CAM photosynthetic metabolism, Sci. Adv. (2022)",
no link of any kind recorded,morenovillena2022_spatial_tran,Portulaca oleracea spatial transcriptome,Spatial transcriptomics,Portulaca oleracea,leaves,,"Moreno-Villena et al., Spatial resolution of an integrated C4+ CAM photosynthetic metabolism, Sci. Adv. (2022)",https://doi.org/10.3410/f.742268306.793594711
no link of any kind recorded,post_lvad_heart_2025_visium,Post-LVAD heart failure Visium dataset,Visium,human,heart,,Thor: a platform for cell-level investigation of spatial transcriptomics and histology,https://doi.org/10.1038/s41467-025-62593-1
no link of any kind recorded,post_lvad_heart__visium,Post-LVAD heart failure samples,Visium,human,heart,,,
no link of any kind recorded,joglekar2021_spatial_tran,Postnatal mouse brain isoform atlas dataset,Spatial Transcriptomics,Mouse,brain,,"Joglekar et al., A spatially resolved brain region- and cell typespecific isoform atlas of the postnatal mouse brain, Nat Commun. (2021)",
no link of any kind recorded,joglekar2021_spatial_tran_2,Postnatal mouse brain isoform atlas dataset,spatial transcriptomics and long-read sequencing,Mouse,brain,,"Joglekar et al., A spatially resolved brain region- and cell typespecific isoform atlas of the postnatal mouse brain, Nat Commun. (2021)",
no link of any kind recorded,rui2021_visium,Primary liver cancer (PLC) dataset,Visium,Human,Liver cancer,,"Rui et al., Comprehensive analysis of spatial architecture in primary liver cancer, Sci Adv (2021)",
no link of any kind recorded,figiel2023_visium,Prostate cancer dataset,Visium,human,prostate biopsy,,"Figiel et al., Spatial transcriptomic analysis of virtual prostate biopsy reveals confounding effect of tissue heterogeneity on genomic signatures, Mol. Cancer (2023)",https://doi.org/10.1186/s12943-023-01863-2
no link of any kind recorded,erickson2022_visium,Prostate cancer dataset,Visium H&E and Spatial Transcriptomics,,prostate,,"Erickson et al., Spatially resolved clonal copy number alterations in benign and malignant tissue, Nature (2022)",https://doi.org/10.1016/j.eururo.2022.11.013
no link of any kind recorded,prostate_cancer__st,Prostate cancer dataset,OPAL multiplex immunohistochemistry (IHC),Human,Prostate,,,
no link of any kind recorded,wang2023_mass_spectro,Proteogenomics and multi-omics dataset of 213 glioma patients,Mass spectrometry proteomics and WES/RNA-seq,Human,Diffuse gliomas (brain),,"Wang et al., Proteogenomics of diffuse gliomas reveal molecular subtypes associated with specific therapeutic targets and immune-evasion mechanisms, Nat Commun (2023)",https://doi.org/10.1038/s41467-026-76428-0
no link of any kind recorded,rivellese2022_geomx,R4RA trial rheumatoid arthritis synovial biopsy dataset,GeoMx DSP,Human,Synovium,,"Rivellese et al., Rituximab versus tocilizumab in rheumatoid arthritis: synovial biopsy-based biomarker analysis of the phase 4 R4RA randomized trial, Nat Med (2022)",
no link of any kind recorded,magen2022_merfish,RCC cellular triads MERFISH spatial dataset,MERFISH,,Renal cell cancer (RCC),,"Magen et al., Intratumoral mregDC and CXCL13 T helper niches enable local differentiation of CD8 T cells following PD-1 blockade, bioRxiv (2022)",
no link of any kind recorded,chakravorty2024_seqfish,RNA SeqFISH+ mouse testis data,SeqFISH+,mouse,testis,,"Chakravorty et al., Spatial transcriptomics reveals the temporal architecture of the seminiferous epithelial cycle and precise sertoli-germ synchronization, bioRxiv (2024)",
no link of any kind recorded,rna_tomography_t_tomo,RNA tomography (TOMOseq),TOMOseq,mouse,tibialis anterior muscle,,,
no link of any kind recorded,rnascope_single_2023_rnascope,RNAscope single molecule FISH,RNAscope,human,thymus,,A spatial human thymus cell atlas mapped to a continuous tissue axis,https://doi.org/10.1101/2023.10.25.562925
no link of any kind recorded,rnascope_single_2024_rnascope,RNAscope single-molecule fluorescence in situ hybridization,RNAscope,human,thymus,,A spatial human thymus cell atlas mapped to a continuous tissue axis,https://doi.org/10.1038/s41586-024-07944-6
no link of any kind recorded,rarecyte_multipl2023_rarecyte_ori,RareCyte multiplex imaging,RareCyte Orion,human,thymus,,A spatial human thymus cell atlas mapped to a continuous tissue axis,https://doi.org/10.1101/2023.10.25.562925
no link of any kind recorded,rarecyte_protein2024_rarecyte_pro,RareCyte protein imaging,RareCyte protein imaging,human,thymus,,A spatial human thymus cell atlas mapped to a continuous tissue axis,https://doi.org/10.1038/s41586-024-07944-6
no link of any kind recorded,ren2023_visium,Ren et al. 2023,10X Visium,human,malignant gliomas,,"Ren et al., Spatial transcriptomics reveals niche-specific enrichment and vulnerabilities of radial glial stem-like cells in malignant gliomas, Nat. Commun. (2023)",https://doi.org/10.1038/s41467-023-36707-6
no link of any kind recorded,resolve_smfish_m2023_resolve_bios,Resolve smFISH Molecular Cartography Dataset,Resolve Biosciences smFISH,human,breast tissue,,A spatially resolved single cell genomic atlas of the adult human breast,https://doi.org/10.1101/2023.04.22.537946
no link of any kind recorded,carlberg2019_in_situ_spat,Rheumatoid arthritis and psoriatic arthritis synovial biopsies dataset,In situ spatial barcoding,Human,Synovium,,"Carlberg et al., Exploring inflammatory signatures in arthritic joint biopsies with Spatial Transcriptomics, Sci Rep (2019)",
no link of any kind recorded,wang2025_spatial_tran,Rice leaf Magnaporthe oryzae infection spatial map,Spatial transcriptomics,Oryza sativa,leaf,,"Wang et al., Single-Cell and Spatial Transcriptomics Reveals a Stereoscopic Response of Rice Leaf Cells to Magnaporthe oryzae Infection, Adv. Sci. (2025)",https://doi.org/10.1002/advs.202416846
no link of any kind recorded,zhong2025_spatial_tran,Rice root spatial atlas (dryland adaptation),Spatial transcriptomics,Oryza sativa,coleoptilar nodes and root tips,,"Zhong et al., Comparative spatial transcriptomics reveals root dryland adaptation mechanism in rice and HMGB1 as a key regulator, Mol. Plant (2025)",https://doi.org/10.1016/j.molp.2025.04.001
no link of any kind recorded,dunkley2006_mass_spectro,Root Callus dataset,mass spectrometry (LOPIT),,Root Callus,,"Dunkley et al., Mapping the Arabidopsis organelle proteome, Proc Natl Acad Sci U S A (2006)",https://doi.org/10.3410/f.1040272.489213
no link of any kind recorded,groen2014_mass_spectro,Root dataset,mass spectrometry,,Root tissue,,"Groen et al., Identification of trans-golgi network proteins in Arabidopsis thaliana root tissue, J Proteome Res (2014)",https://doi.org/10.1021/pr4008464
no link of any kind recorded,s4p_spatial_prot_st,S4P Spatial Proteomics,LC-MS/MS (timsTOF Pro2),mouse,brain,,,
no link of any kind recorded,desai2020_unknown,SARS-CoV-2 pulmonary infection lung response dataset,,,lung,,"Desai et al., Temporal and spatial heterogeneity of host response to SARS-CoV-2 pulmonary infection, Nature Communications (2020)",
no link of any kind recorded,ma2020_shareseq,SHARE-seq mouse brain dataset,SHARE-seq,mouse,brain,,"Ma et al., Chromatin potential identified by shared single-cell profiling of RNA and chromatin, Cell (2020)",https://doi.org/10.3410/f.738883185.793582113
no link of any kind recorded,space_spheroid_s2025_cosmx,SPACE spheroid spatial CRISPR dataset (6K RNA + CRISPR and WTX + CRISPR and multimodal),CosMx Spatial Molecular Imaging,human,cancer-associated fibroblast (CAF)-tumor spheroids,,SPACE: multimodal spatial CRISPR screening with whole-transcriptome readout at subcellular resolution in 3D models,https://doi.org/10.1101/2025.09.14.675819
no link of any kind recorded,wu2021_mibi,SREF_00044,MIBI-TOF,Human,Breast,,"Wu et al., A single-cell and spatially resolved atlas of human breast cancers, Nat. Genet. (2021)",
no link of any kind recorded,andersson2020_st,ST(human positive breast tumors),ST,Human,breast tumors,,"Andersson et al., Spatial deconvolution of HER2-positive breast tumors reveals novel intercellular relationships (2020)",https://doi.org/10.1101/2020.07.14.200600
no link of any kind recorded,li2019_starmap,STARmap 8-gene data,STARmap,,cardiac organoid,,"Li et al., Cyborgorganoids: Implantation of nanoelectronics via organogenesis for tissue-wide electrophysiology, Nano Letters (2019)",
no link of any kind recorded,zeng2023_starmap_2,STARmap PLUS dataset (AD and control mouse brains),STARmap PLUS,mouse,brain,,"Zeng et al., Machine learning and single-cell transcriptomics reveal molecular signatures of Alzheimer's disease, Nat. Neurosci. (2023)",
no link of any kind recorded,starmap_mouse_vi_starmap,STARmap mouse visual cortex dataset,STARmap,mouse,visual cortex,,,
no link of any kind recorded,chen2024_unknown,STImage-1K4M,,,,,"Chen et al., Stimage-1k4m: A histopathology image-gene expression dataset for spatial transcriptomics, Advances in Neural Information Processing Systems (2024)",https://doi.org/10.52202/079017-1129
no link of any kind recorded,xu2024_visium_3,Sagittal mouse brain dataset (Sections 1 and 2),10x Visium,Mouse,Brain,,"Xu et al., SpaOTsc: integration of spatial transcriptomics with single-cell transcriptomics by optimal transport, Genome Medicine (2024)",
no link of any kind recorded,guillozetbongaarts2014_unknown,Schizophrenia Study,,,dorsolateral prefrontal cortex,,"Guillozet-Bongaarts et al., Altered gene expression in the dorsolateral prefrontal cortex of individuals with schizophrenia, Molecular psychiatry (2014)",
no link of any kind recorded,gabitto2023_merfish,Seattle Alzheimer’s Disease Brain Cell Atlas (SEA-AD) dataset,MERFISH,,middle temporal gyrus,,"Gabitto et al., Integrated multimodal cell atlas of alzheimer’s disease, Research Square (2023)",https://doi.org/10.69645/tyxk1457
no link of any kind recorded,nagasawa2021_visium,Sections A-C and D1-D3 human breast cancer dataset,Visium,Human,Breast (ductal carcinoma in situ),,"Nagasawa et al., Genomic profiling reveals heterogeneous populations of ductal carcinoma in situ of the breast, Commun Biol (2021)",https://doi.org/10.1038/s42003-021-01959-9
no link of any kind recorded,kim2024_seqscope,Seq-Scope NOVASEQ (mouse liver dataset),Seq-Scope,mouse,liver,,"Kim et al., Seq-Scope: repurposing Illumina sequencing flow cells for high-resolution spatial transcriptomics, Nat Protoc (2024)",
no link of any kind recorded,cho2021_seqscope_2,Seq-Scope dataset,Seq-Scope,,,,"Cho et al., Micrsocopic examination of spatial transcriptome using Seq-Scope, Cell (2021)",
no link of any kind recorded,hsu2024_seqscope,Seq-Scope dataset of mouse soleus muscle,Seq-Scope,Mus musculus,Soleus,,"Hsu et al., High-resolution spatial transcriptomic atlas of mouse soleus muscle: unveiling single cell and subcellular heterogeneity in health and denervation, bioRxiv (2024)",https://doi.org/10.1101/2024.02.26.582103
no link of any kind recorded,seq_scope_mouse__seqscope,Seq-Scope mouse colon dataset,Seq-Scope,mouse,colon,,,
no link of any kind recorded,seq_scope_x_dmaa_st,Seq-Scope-X DMAA mouse spleen proteome dataset,Seq-Scope-X with DMAA chemistry (Proteomics),mouse,spleen,,,
no link of any kind recorded,seq_scope_x_live_seqscopex,Seq-Scope-X liver dataset,Seq-Scope-X,mouse,liver,,,
no link of any kind recorded,seq_scope_x_mous_seqscopex_pr,Seq-Scope-X mouse spleen proteome dataset,Seq-Scope-X (Proteomics),mouse,spleen,,,
no link of any kind recorded,liu2024_unknown_2,Single-Cell Spatial Transcriptomics dataset from Liu et al.,,,kidney,,"Liu et al., Single-Cell Spatial Transcriptomics Unveils Platelet-Fueled Cycling Macrophages for Kidney Fibrosis, Adv. Sci. (2024)",https://doi.org/10.1681/asn.2024ea1nf93g
no link of any kind recorded,li2021_singlecell_r,Single-cell RNA sequencing data of human limbal epithelial stem cells (LESCs),single-cell RNA sequencing,human,limbal basal epithelium / human cornea,,"Li et al., Single-cell transcriptomics identifies limbal stem cell population and cell types mapping its differentiation trajectory in limbal basal epithelium of human cornea, Ocul Surf (2021)",https://doi.org/10.1016/j.jtos.2020.12.004
no link of any kind recorded,habermann2020_singlecell_r_2,Single-cell RNA sequencing dataset of IPF and control lungs,Single-cell RNA sequencing,Human,Lung,,"Habermann et al., Single-cell RNA sequencing reveals profibrotic roles of distinct epithelial and mesenchymal lineages in pulmonary fibrosis, Sci. Adv. (2020)",
no link of any kind recorded,single_cell_and_2023_illumina_his,Single-cell and spatial transcriptome sequencing data of mouse hippocampus,Illumina HiSeq X10 PE150,mouse,hippocampus,,Spatial Transcriptome Profiling of Mouse Hippocampal Single Cell Microzone in Parkinson’s Disease,https://doi.org/10.3390/ijms24031810
no link of any kind recorded,single_nuclei_rn_10x_chromium,Single-nuclei RNA sequencing dataset (G1-G3 gliomas),10X Chromium,Human,Glioma (brain),,,
no link of any kind recorded,single_nuclei_du2024_10x_chromium,Single-nuclei dual-omic human developing retina atlas,10X Chromium sn-dual-omic ATAC + Gene Expression,human,macula and peripheral retina,,Single cell dual-omic atlas of the human developing retina,https://doi.org/10.1038/s41467-024-50853-5
no link of any kind recorded,mauduit2022_visium,Sjogren’s syndrome lacrimal/salivary gland dataset,Visium,Mouse,Salivary gland,,"Mauduit et al., Spatial transcriptomics of the lacrimal gland features macrophage activity and epithelium metabolism as key alterations during chronic inflammation, Front Immunol (2022)",
no link of any kind recorded,ptacek2021_mibi,Skin cancer dataset,MIBI,,Skin,,"Ptacek et al., 52 characterization of the tumor microenvironment in melanoma using multiplexed ion beam imaging (mibi), Journal for ImmunoTherapy of Cancer (2021)",
no link of any kind recorded,engblom2023_visium,Sleep apnea tonsil sample dataset,Visium,human,tonsil,,"Engblom et al., Spatial transcriptomics of B cell and T cell receptors reveals lymphocyte clonal dynamics, Science (2023)",https://doi.org/10.1126/science.adf8486
no link of any kind recorded,liu2022_slidetcrseq,Slide-TCR-seq thymus dataset,Slide-TCR-seq,mouse,thymus,,"Liu et al., Spatial maps of T cell receptors and transcriptomes reveal distinct immune niches and interactions in the adaptive immune response, Immunity (2022)",
no link of any kind recorded,stickels2020_slideseq_2,Slide-seq v2 mouse hippocampus data,Slide-seq v2,mouse,hippocampus,,"Stickels et al., Sensitive spatial genome wide expression profiling at cellular resolution (2020)",https://doi.org/10.1101/2020.03.12.989806
no link of any kind recorded,slide_seq22023_slideseq,Slide-seq2,Slide-seq2,human,kidney,,An atlas of healthy and injured cell states and niches in the human kidney,https://doi.org/10.1038/s41586-023-05769-3
no link of any kind recorded,slide_seqv2_huma_slideseq,Slide-seqV2 human and mouse kidney atlas dataset,Slide-seqV2,human and mouse,kidney tissue (cortex and medulla),,,
no link of any kind recorded,slide_seqv2_huma2022_slideseq,"Slide-seqV2 human and mouse kidney spatial transcriptomic atlas (Marshall et al., 2021)",Slide-seqV2,human and mouse,kidney,,Principles of Spatial Transcriptomics Analysis: A Practical Walk-Through in Kidney Tissue,https://doi.org/10.3389/fphys.2021.809346
no link of any kind recorded,hirz2023_slideseq,Slide-seqV2 human prostate tumor dataset,Slide-seqV2,human,prostate,,"Hirz et al., Dissecting the immune suppressive human prostate tumor microenvironment via integrated single-cell and spatial transcriptomic analyses, Nat Commun (2023)",https://doi.org/10.1038/s41467-023-36325-2
no link of any kind recorded,russell2024_slidetag,Slide-tag dataset,Slide-tag,human,tumor,,"Russell et al., Slide-tags enables single-nucleus barcoding for multimodal spatial genomics, Nature (2024)",https://doi.org/10.1038/s41586-023-06837-4
no link of any kind recorded,hodge2019_smartseq,Smart-seq human middle temporal gyrus dataset,Smart-seq,Human,middle temporal gyrus,,"Hodge et al., Conserved cell types with divergent features in human versus mouse cortex, Nature (2019)",https://doi.org/10.3410/f.736463800.793571577
no link of any kind recorded,italiano2022_geomx,Soft-tissue sarcomas pembrolizumab spatial dataset,NanoString GeoMx DSP,Human,Soft-tissue sarcomas,,"Italiano et al., Pembrolizumab in soft-tissue sarcomas with tertiary lymphoid structures: a phase 2 PEMBROSARC trial cohort, Nat Med (2022)",
no link of any kind recorded,zhang2025_spatial_mult,Soybean multi-omic single-cell atlas,Spatial multi-omics,Glycine max,ten tissues (including seed and embryo),,"Zhang et al., A spatially resolved multi-omic single-cell atlas of soybean development, Cell (2025)",https://doi.org/10.1016/j.cell.2024.10.050
no link of any kind recorded,liu2023_spatial_tran,Soybean nodule-root spatial atlas,Spatial transcriptomics,Glycine max,nodule and root,,"Liu et al., Integrated single-nucleus and spatial transcriptomics captures transitional states in soybean nodule maturation, Nat. Plants (2023)",https://doi.org/10.1101/2022.06.30.498286
no link of any kind recorded,space_trex_spati2022_visium,Space-TREX spatial transcriptomics dataset,10x Genomics Visium Spatial Gene Expression Kit,mouse,brain,,Clonal relations in the mouse brain revealed by single-cell and spatial transcriptomics,https://doi.org/10.1038/s41593-022-01011-x
no link of any kind recorded,spatial_atac_rna_dbit,"Spatial ATAC-RNA-seq and Spatial CUT&Tag-RNA-seq data (E13 mouse embryo, juvenile P21/P22 mouse brain, adult human hippocampus)",DBiT-seq,Mouse and human,"Embryonic mouse embryo, juvenile mouse brain, adult human brain hippocampus",,,
no link of any kind recorded,tian2024_spatial_atac,Spatial ATAC-seq mouse embryonic brain tissues dataset,spatial ATAC-seq,Mouse,embryonic brain tissues,,"Tian et al., Spatially resolved chromatin accessibility profiling of mouse embryonic brain tissues at single-cell resolution, Nat Methods (2024)",
no link of any kind recorded,lzr2024_merfish,Spatial Dynamics of Developing Human Heart,MERFISH,Human,Human embryonic heart,,"Lázár et al., Spatial Dynamics of the Developing Human Heart, bioRxiv (2024)",
no link of any kind recorded,spatial_transcri2021_visium,Spatial Transcriptomics (10X Visium) lung tumor dataset,10X Visium,mouse,lung,,Perturb-map enables CRISPR genomics with spatial resolution and identifies regulators of tumor immune composition,https://doi.org/10.1101/2021.07.13.451021
no link of any kind recorded,spatial_transcri_spatial_tran,Spatial Transcriptomics data (RA1-6),Spatial Transcriptomics,human,synovium,,,
no link of any kind recorded,spatial_transcri_visium_8,Spatial Transcriptomics dataset,Visium,human,testicular diffuse large B-cell lymphoma (PT-DLBCL),,,
no link of any kind recorded,spatial_transcri2021_spatial_tran,Spatial Transcriptomics liver sections,Spatial Transcriptomics,mouse,liver,,Spatial Transcriptomics to define transcriptional patterns of zonation and structural components in the mouse liver,https://doi.org/10.1038/s41467-021-27354-w
no link of any kind recorded,spatial_transcri2024_visium,Spatial Transcriptomics liver sections (Visium data generated in this study),Visium,human,liver,,Spatial and Single‐Cell Transcriptomics Reveals the Regional Division of the Spatial Structure of  MASH  Fibrosis,https://doi.org/10.1111/liv.16125
no link of any kind recorded,li2024_unknown,Spatial metabolomics and single-cell ATAC/RNA sequencing dataset from Li et al.,,human,kidney,,"Li et al., Transcriptomic, epigenomic, and spatial metabolomic cell profiling redefines regional human kidney anatomy, Cell Metab. (2024)",https://doi.org/10.1016/j.cmet.2024.02.015
no link of any kind recorded,kuppe2022_spatial_tran,Spatial multi-omic map of human MI (Myocardial Infarction),Spatial Transcriptomics,Human,Human infarcted heart,,"Kuppe et al., Spatial multi-omic map of human myocardial infarction, Nature (2022)",https://doi.org/10.3410/f.742275067.793594761
no link of any kind recorded,de2024_unknown,Spatial transcriptomics dataset of LUAD and LUSC (De Zuani et al.),,,Tumor,,"De Zuani et al., Single-cell and spatial transcriptomics analysis of non-small cell lung cancer, Nat Commun (2024)",https://doi.org/10.1016/j.tranon.2026.102853
no link of any kind recorded,spatial_cite_seq_spatialcites,Spatial-CITE-seq mouse tissue dataset,Spatial-CITE-seq,mouse,"spleen, colon, intestine, kidney",,,
no link of any kind recorded,deng2022_spatialcutta_3,Spatial-CUT&Tag dataset,Spatial-CUT&Tag,,,,"Deng et al., Spatial-CUT&Tag: Spatially resolved chromatin profiling at the cellular level, Science (2022)",
no link of any kind recorded,spatialhuman30m_visiumhd,SpatialHuman30M,"Visium, Visium HD, Xenium, and MERFISH",Human,"Multiple organs and tissues (including lung, breast, colon, kidney, uterus, tonsil, prostate, liver, brain, ovary, pancreas, skin)",,scGPT-spatial: Continual Pretraining of Single-Cell Foundation Model for Spatial Transcriptomics,https://doi.org/10.1101/2025.02.05.636714
no link of any kind recorded,shi2024_unknown,SpatialTME,,,,,"Shi et al., The web-based portal spatialtme integrates histological images with single-cell and spatial transcriptomics to explore the tumor microenvironment, Cancer Research (2024)",https://doi.org/10.1158/0008-5472.c.7181280
no link of any kind recorded,thornton2021_unknown,Spatially mapped single-cell chromatin accessibility dataset,,,,,"Thornton et al., Spatially mapped single-cell chromatin accessibility, Nat. Commun. (2021)",
no link of any kind recorded,cheung2022_unknown,Spatially resolved gene expression profiling dataset from Cheung et al.,,,kidney,,"Cheung et al., Resident macrophage subpopulations occupy distinct microenvironments in the kidney, JCI Insight (2022)",https://doi.org/10.1172/jci.insight.161078
no link of any kind recorded,kanemaru2025_spatial_tran,Spatially resolved multiomics of human cardiac niches,Spatial Transcriptomics,Human,Adult human heart,,"Kanemaru et al., Spatially resolved multiomics of human cardiac niches, Nature (2025)",https://doi.org/10.1038/s44161-023-00327-6
no link of any kind recorded,li2022_massspectrom,Spatially resolved proteomics via tissue expansion dataset,mass-spectrometry,,,,"Li et al., Spatially resolved proteomics via tissue expansion, Nat. Commun. (2022)",
no link of any kind recorded,chu2023_unknown,Spatially resolved transcriptomic profiling dataset from Chu et al.,,,kidney,,"Chu et al., Autophagy of OTUD5 destabilizes GPX4 to confer ferroptosis-dependent kidney injury, Nat. Commun. (2023)",https://doi.org/10.1038/s41467-023-44228-5
no link of any kind recorded,jung2022_visium,Spatiotemporal cardiac infarction dataset,10x Visium,Mouse,Heart,,"Jung et al., Spatiotemporal dynamics of macrophage heterogeneity and a potential function of Trem2hi macrophages in infarcted hearts, Nat Commun (2022)",https://doi.org/10.1038/s41467-022-32284-2
no link of any kind recorded,stage_3_and_stag2022_10x_chromium,Stage 3 and Stage 4 floral meristem snRNA-seq,10x Chromium Single Cell 3' Reagent Kits v3,Arabidopsis thaliana,Floral meristems,,A 3D gene expression atlas of the floral meristem based on spatial reconstruction of single nucleus RNA sequencing data,https://doi.org/10.1038/s41467-022-30177-y
no link of any kind recorded,li2021_visium,Stanford type A aortic dissection spatial transcriptomics dataset,10x Visium,Human,Aortic Tissue,,"Li et al., Visualization and analysis of gene expression in stanford type A aortic dissection tissue section by spatial transcriptomics, Front Genet (2021)",https://doi.org/10.3389/fgene.2021.698124
no link of any kind recorded,stanford_wsi_codex,Stanford-WSI,CODEX,Human,Lung,,,
no link of any kind recorded,xu2024_stereo,Stereo-Seq (mouse liver dataset),Stereo-Seq,mouse,liver,,"Xu et al., A spatiotemporal atlas of mouse liver homeostasis and regeneration, Nat Genet (2024)",
no link of any kind recorded,stereo_seq_adult2026_stereo,Stereo-seq adult mouse brain dataset,Stereo-seq,mouse,brain,,Spatial perturb-seq: single-cell functional genomics within intact tissue architecture,https://doi.org/10.1038/s41467-026-69677-6
no link of any kind recorded,stereo_seq_datas2025_stereo,Stereo-seq dataset of primary breast tumors and metastatic lymph nodes,Stereo-seq,human,primary breast tumors and metastatic lymph nodes,,Spatially resolved atlas of breast cancer uncovers intercellular machinery of venular niche governing lymphocyte extravasation,https://doi.org/10.1038/s41467-025-58511-0
no link of any kind recorded,jiangshan2024_stereo,"Stereo-seq datasets (DT2_D0, DX6_D2, FB2_D1, and mouse liver atlas)",Stereo-seq,mouse,liver,,"Jiangshan et al., A spatiotemporal atlas of mouse liver homeostasis and regeneration, Nat Genet (2024)",
no link of any kind recorded,ou2022_stereo,Stereo-seq human cervical squamous cell carcinoma dataset,Stereo-seq,human,cervical squamous cell carcinoma,,"Ou et al., Single-nucleus RNA sequencing and spatial transcriptomics reveal the immunological microenvironment of cervical squamous cell carcinoma, Adv Sci (Weinh) (2022)",https://doi.org/10.1002/advs.202203040
no link of any kind recorded,chen2022_stereo_3,Stereo-seq mouse embryo dataset,Stereo-seq,mouse,embryo,,"Chen et al., Spatiotemporally transcriptomic atlas of mouse organogenesis using DNA nanoball-patterned arrays, Cell (2022)",
no link of any kind recorded,stereo_seq_mouse_stereo_3,Stereo-seq mouse lung dataset,Stereo-seq,mouse,lung,,,
no link of any kind recorded,chen2021_stereo_3,Stereo-seq mouse olfactory bulb dataset,Stereo-seq,mouse,olfactory bulb,,"Chen et al., Large field of view-spatially resolved transcriptomics at nanoscale resolution (2021)",
no link of any kind recorded,khong2017_unknown,Stress granule dataset,,,,,"Khong et al., The Stress Granule Transcriptome Reveals Principles of mRNA Accumulation in Stress Granules, Mol Cell (2017)",https://doi.org/10.3410/f.732110920.793547391
no link of any kind recorded,khong2017_biochemical,Stress granule transcriptome dataset,biochemical purification and sequencing,,stress granules,,"Khong et al., The stress granule transcriptome reveals principles of mRNA accumulation in stress granules, Mol. Cell (2017)",https://doi.org/10.3410/f.732110920.793547391
no link of any kind recorded,orre2019_mass_spectro,SubCellBarCode dataset,mass spectrometry (spatial proteomics),,Human cancer cell lines,,"Orre et al., SubCellBarCode: proteome-wide mapping of protein localization and relocalization, Mol Cell (2019)",https://doi.org/10.1016/j.molcel.2018.11.035
no link of any kind recorded,super_resolution2025_st,Super-Resolution Spatial Atlas of SARS-CoV-2 Infection in Human Cells,(d)STORM and 3D-DHPSF super-resolution fluorescence microscopy,Human,Lung epithelial cells (A549-ACE2),,A Super-Resolution Spatial Atlas of SARS-CoV-2 Infection in Human Cells,https://doi.org/10.1101/2025.08.15.670620
no link of any kind recorded,chitturi2023_visium,Systemic sclerosis bleomycin skin model dataset,Visium,Mouse,Skin,,"Chitturi et al., Tripterygium wilfordii derivative celastrol, a YAP inhibitor, has antifibrotic effects in systemic sclerosis, Ann Rheum Dis (2023)",
no link of any kind recorded,the2013_rnaseq,TCGA bulk RNA-seq,RNA-seq,Human,"Tumor types (colon, rectal, lung)",,"The Cancer Genome Atlas Research Network et al., The Cancer Genome Atlas Pan-Cancer analysis project, Nat Genet (2013)",https://doi.org/10.1038/ng.2764
no link of any kind recorded,chen2013_sleeping_bea,TRACER dataset of transposon-associated regulatory sensors,Sleeping Beauty lacZ transposons / lacZ imaging,mouse,,,"Chen et al., TRACER: a resource to study the regulatory architecture of the mouse genome, BMC Genom. (2013)",https://doi.org/10.1186/1471-2164-14-215
no link of any kind recorded,tracerx_100_coho2024_imc,TRACERx 100 cohort,IMC,Human,Non-small cell lung cancer,,Deep cell phenotyping and spatial analysis of multiplexed imaging with TRACERx-PHLEX,https://doi.org/10.1038/s41467-024-48870-5
no link of any kind recorded,consortium2020_scrnaseq,Tabula Muris Senis atlas,scRNA-seq,mouse,multiple organs,,"Consortium et al., A single-cell transcriptomic atlas characterizes ageing tissues in the mouse, Nature (2020)",
no link of any kind recorded,schaum2020_st,Tabula Muris mouse tissue collection,MGISEQ-400 sequencing system,Mus musculus,6 tissues (58 samples),,"Schaum et al., Ageing hallmarks exhibit organ-specific temporal signatures, Nature (2020)",https://doi.org/10.1530/ey.18.14.11
no link of any kind recorded,schaum2018_singlecell_r,Tabula Muris public mouse spleen dataset,Single-cell RNA-seq (Drop-seq),mouse,spleen,,"Schaum et al., Single-cell transcriptomics of 20 mouse organs creates a Tabula Muris, Nature (2018)",https://doi.org/10.3410/f.734142569.793569389
no link of any kind recorded,consortium2022_scrnaseq,Tabula Sapiens atlas,scRNA-seq,human,multiple organs,,"Consortium et al., The Tabula Sapiens: a multiple-organ, single-cell transcriptomic atlas of humans, Science (2022)",
no link of any kind recorded,eichhorn2017_unknown,Terrestrial Crown Condition Inventory (TCCI) forest health monitoring survey,,spruce,,,"Eichhorn et al., ICP Forests Manual on Methods and Criteria for Harmonized Sampling, Assessment, Monitoring and Analysis of the Effects of Air Pollution on Forests, Thünen Institute of Forest Ecosystems (2017)",
no link of any kind recorded,song2023_visium,Tomato callus shoot regeneration spatial transcriptomics dataset,10x Visium,Solanum lycopersicum,callus,,"Song et al., Spatial transcriptomics reveals light-induced chlorenchyma cells involved in promoting shoot regeneration in tomato callus, Proc. Natl. Acad. Sci. USA (2023)",https://doi.org/10.1073/pnas.2310163120
no link of any kind recorded,junker2014_tomo,Tomo-seq dataset (Zebrafish embryo),Tomo-seq,zebrafish,zebrafish embryo,,"Junker et al., Genome-wide RNA tomography in the zebrafish embryo, Cell (2014)",https://doi.org/10.1016/j.cell.2014.09.038
no link of any kind recorded,holler2021_tomo,Tomo-seq zebrafish embryo dataset,Tomo-seq,zebrafish,embryo,,"Holler et al., Spatio-temporal mRNA tracking in the early zebrafish embryo, Nat Commun (2021)",
no link of any kind recorded,tonsil_dataset_f_visiumhd,Tonsil dataset (Figs. 1 & 2),"CODEX-GeoMx, VisiumHD, CosMx",Human,Tonsil,,,
no link of any kind recorded,barylyuk2020_mass_spectro,Toxoplasma gondii hyperLOPIT dataset,mass spectrometry (hyper-LOPIT),,Parasites grown in and purified from human foreskin fibroblasts,,"Barylyuk et al., A comprehensive subcellular Atlas of the toxoplasma proteome via hyperLOPIT provides spatial context for protein functions, Cell Host Microbe (2020)",https://doi.org/10.3410/f.738830214.793582767
no link of any kind recorded,sidrauski2015_unknown,Translation efficiency dataset (Sidrauski et al.),,,,,"Sidrauski et al., The small molecule ISRIB reverses the effects of eIF2α phosphorylation on translation and stress granule assembly, Elife (2015)",https://doi.org/10.7554/elife.05033.015
no link of any kind recorded,wu2021_visium_6,Triple-negative breast cancer (TNBC) specimen (1160920F) (Wu et al.),10x Visium,Homo sapiens,Triple-negative breast cancer,,"Wu et al., A single-cell and spatially resolved atlas of human breast cancers, Nat. Genet. (2021)",
no link of any kind recorded,trypanosoma_cong2023_hyperlopit_l,Trypanosoma congolense BSF spatial proteome,hyperLOPIT (LC-SPS-MS3 proteomics),Trypanosoma brucei,,,Mapping diversity in African trypanosomes using high resolution spatial proteomics,https://doi.org/10.1038/s41467-023-40125-z
no link of any kind recorded,tumor_tma_and_no_xenium,Tumor TMA and Normal TMA datasets,"10x Xenium, Vizgen MERSCOPE, NanoString CosMx",Human,"7 tumor types and 16 normal tissue types (including breast, lung, bladder, colorectal, head and neck, melanoma, ovarian, prostate, kidney, liver, heart, lymph node, spleen, thyroid, skin, pancreas)",,,
no link of any kind recorded,thul2017_tmt_10plex,U2-OS cell line,TMT 10-plex,human,bone osteosarcoma epithelial (U2-OS) cell line,,"Thul et al., A subcellular map of the human proteome, Science (2017)",https://doi.org/10.3410/f.727603588.793532933
no link of any kind recorded,mahdessian2021_widefield_fl,U2OS-FUCCI dataset,Widefield fluorescence microscopy,Human,U-2 OS cell line,,"Mahdessian et al., Spatiotemporal dissection of the cell cycle with single-cell proteogenomics, Nature (2021)",https://doi.org/10.3410/f.739610768.793583765
no link of any kind recorded,wang2017_glycotyper_g,University of California at San Diego serum cohort,GlycoTyper glycan analysis,Human,Serum,,"Wang et al., Changes in the glycosylation of kininogen and the development of a kininogen-based algorithm for the early detection of HCC, Cancer Epidemiol. Biomark. Prev. (2017)",https://doi.org/10.1158/1055-9965.c.6515368
no link of any kind recorded,sanchezferras2021_spatial_tran,Urinary tract development dataset,Spatial Transcriptomics,Mouse,kidney,,"Sanchez-Ferras et al., A coordinated progression of progenitor cell states initiates urinary tract development, Nat Commun. (2021)",https://doi.org/10.1038/s41467-021-22931-5
no link of any kind recorded,visel2007_transgenic_m,VISTA murine enhancer lacZ-omic dataset,transgenic mice / lacZ,human and mouse,,,"Visel et al., VISTA enhancer browser—a database of tissue-specific human enhancers, Nucleic Acids Res. (2007)",https://doi.org/10.1093/nar/gkl822
no link of any kind recorded,vs_s1_and_vs_s22025_visium,VS_S1 and VS_S2,Visium Spatial Gene Expression,human,vestibular schwannoma,,Integrating single-cell and spatial transcriptomics reveals the cellular heterogeneity of vestibular schwannoma,https://doi.org/10.1038/s41698-025-01028-y
no link of any kind recorded,validation_cohor_cosmx,Validation cohort from University Hospital and Comprehensive Cancer Center Tübingen,CODEX-CosMx,Human,DLBCL,,,
no link of any kind recorded,snyder2019_st,Vanderbilt University BIOMIC HuBMAP kidney sections,MALDI-MSI and LC-MS/MS (LCM-microPOTS-TDP),Human,Kidney,,"Snyder et al., The human body at cellular resolution: the NIH Human Biomolecular Atlas Program, Nature (2019)",
no link of any kind recorded,verafish_mouse_h_verafish,VeraFISH mouse hippocampus dataset,VeraFISH,mouse,hippocampus,,,
no link of any kind recorded,ackerman2017_unknown,Visible Human Project dataset,,,,,"Ackerman et al., The Visible Human Project From body to bits, IEEE PULSE (2017)",https://doi.org/10.1109/mpul.2017.2701221
no link of any kind recorded,visium_visium_hd_visiumhd,Visium / Visium HD and Xenium In Situ datasets,"Visium, Visium HD, Xenium In Situ",murine,"palate and tooth (embryonic palate, maxillary first molar, maxillary incisor)",,,
no link of any kind recorded,visium_10x2023_visium,Visium 10x,Visium,human,kidney,,An atlas of healthy and injured cell states and niches in the human kidney,https://doi.org/10.1038/s41586-023-05769-3
no link of any kind recorded,wang2025_visiumhd,Visium HD dataset,Visium HD,Mouse,Femur (intact),,"Wang et al., Integrating spatial and single-cell transcriptomics to characterize mouse long bone fracture healing process, Commun Biol (2025)",https://doi.org/10.1126/scitranslmed.adg1323
no link of any kind recorded,visium_hd_sectio2025_visiumhd,Visium HD sections D1 and D2,10X Visium HD spatial transcriptomics,Human,Healthy facial skin (temporal region),,Development of an Integrated Single-Cell and Spatial Transcriptomics Atlas of Healthy Human Skin Focusing on the Pilosebaceous Unit,https://doi.org/10.1101/2025.09.09.675235
no link of any kind recorded,visium_hd_spatia_visiumhd,Visium HD spatial transcriptomic dataset of developing and adult mouse ovaries,Visium HD,mouse,ovary,,,
no link of any kind recorded,kumar2023_visium_2,Visium Human Breast dataset,10X Visium,Human,Breast,,"Kumar et al., A spatially resolved single cell genomic atlas of the adult human breast, bioRxiv (2023)",https://doi.org/10.1242/prelights.24536
no link of any kind recorded,visium_spatial_g_visium_11,Visium Spatial Gene Expression,Visium (10X Genomics),Human,Liver (cirrhotic explants/hilar core biopsies),,,
no link of any kind recorded,visium_spatial_g_visium_5,Visium Spatial Gene Expression (Space-TREX),Visium Spatial Gene Expression Kit (10x Genomics),mouse,brain,,,
no link of any kind recorded,visium_spatial_g2025_visium_2,Visium Spatial Gene Expression (human adult skin),10x Genomics Visium Spatial Gene Expression,Human,Skin,,A single-cell and spatial genomics atlas of human skin fibroblasts reveals shared disease-related fibroblast subtypes across tissues,https://doi.org/10.1038/s41590-025-02267-8
no link of any kind recorded,visium_spatial_g_visium_4,Visium Spatial Gene Expression dataset,Visium,Mouse,Bone (femur and tibia),,,
no link of any kind recorded,visium_spatial_g_visium_7,Visium Spatial Gene Expression dataset,Visium,mouse,brain,,,
no link of any kind recorded,visium_spatial_g_visium_10,Visium Spatial Gene Expression dataset,Visium Spatial Gene Expression,human,cerebral cortex (orbitofrontal and temporal neocortex),,,
no link of any kind recorded,visium_spatial_g2023_visium_3,Visium Spatial Gene Expression dataset,Visium Spatial Gene Expression system (10x Genomics),mouse,mineralized adult long bone (femur),,Spatial transcriptomic interrogation of the murine bone marrow signaling landscape,https://doi.org/10.1038/s41413-023-00298-1
no link of any kind recorded,visium_spatial_g2023_visium_2,Visium Spatial Gene Expression dataset (5XFAD and WT mouse brain hemispheres),10x Genomics Visium Spatial Gene Expression,mouse,brain hemisphere,,Spatiotemporal characterization of glial cell activation in an Alzheimer’s disease model by spatially resolved transcriptomics,https://doi.org/10.1038/s12276-023-01123-9
no link of any kind recorded,visium_spatial_g2024_visium_2,Visium Spatial Gene Expression dataset (Normal liver and Biliary Atresia liver),10x Genomics Visium CytAssist,Human,Liver,,Technical optimization of spatially resolved single-cell transcriptomic datasets to study clinical liver disease,https://doi.org/10.1038/s41598-024-53993-2
no link of any kind recorded,visium_spatial_g_visium_8,Visium Spatial Gene Expression dataset of mouse IVD,10x Genomics Visium,mouse,intervertebral disc (IVD),,,
no link of any kind recorded,visium_spatial_g_visium,Visium Spatial Gene Expression human postmortem data,Visium,mouse,brain (striatum and substantia nigra),,,
no link of any kind recorded,visium_spatial_t_visium_2,Visium Spatial Transcriptomics,Visium (10X Genomics),mouse,brain,,,
no link of any kind recorded,visium_spatial_t2025_visium_4,Visium Spatial Transcriptomics Dataset,10x Genomics Visium,,cervical cancer,,Spatial transcriptomic landscape and cellular neighborhood heterogeneity in cervical cancer: integrative single-cell and spatial RNA sequencing analysis,https://doi.org/10.1007/s12672-025-03788-2
no link of any kind recorded,visium_spatial_t2023_visium_3,Visium Spatial Transcriptomics Dataset,Visium (10X Genomics),human,breast tissue,,A spatially resolved single cell genomic atlas of the adult human breast,https://doi.org/10.1101/2023.04.22.537946
no link of any kind recorded,visium_spatial_t_visium_6,Visium Spatial Transcriptomics dataset,Visium Spatial Transcriptomics,Human,Colorectal cancer tissue (colon),,,
no link of any kind recorded,wang2025_visium,Visium V2 dataset,Visium V2,Mouse,Femur (fractured),,"Wang et al., Integrating spatial and single-cell transcriptomics to characterize mouse long bone fracture healing process, Commun Biol (2025)",https://doi.org/10.1126/scitranslmed.adg1323
no link of any kind recorded,visium_adult_mou2025_visium,Visium adult mouse brain dataset,Visium,mouse,brain,,Integrating Spatially‐Resolved Transcriptomics Data Across Tissues and Individuals: Challenges and Opportunities,https://doi.org/10.1002/smtd.202401194
no link of any kind recorded,visium_colorecta_visium,Visium colorectal cancer dataset (10x Genomics),10x Visium,Homo sapiens,Breast cancer,,,
no link of any kind recorded,visium_dataset_s_visium,Visium dataset (Section 1 and Section 2),Spatial Transcriptomics (Visium),mouse,brain,,,
no link of any kind recorded,visium_dataset_f_visium,Visium dataset for human breast cancer,10 x Genomics Visium,human,breast cancer,,,
no link of any kind recorded,thompson2024_visium,Visium human hippocampus data,10x Genomics Visium Spatial Gene Expression,human,hippocampus,,"Thompson et al., An integrated single-nucleus and spatial transcriptomics atlas reveals the molecular landscape of the human hippocampus, bioRxiv: The Preprint Server for Biology (2024)",https://doi.org/10.1101/2024.04.26.590643
no link of any kind recorded,thrane2018_visium,Visium human melanoma dataset,Visium,human,cutaneous malignant melanoma,,"Thrane et al., Spatially resolved transcriptomics enables dissection of genetic heterogeneity in stage iii cutaneous malignant melanoma, Cancer Res. (2018)",https://doi.org/10.1158/0008-5472.can-18-0747
no link of any kind recorded,haga2023_visium,Visium lung adenocarcinoma,Visium,Human,Lung adenocarcinoma,,"Haga et al., Whole-genome sequencing reveals the molecular implications of the stepwise progression of lung adenocarcinoma, Nat Commun (2023)",https://doi.org/10.1038/s41467-023-43732-y
no link of any kind recorded,visium_lung_canc_visiumhd,Visium lung cancer tissues,Visium HD,Human,Lung cancer tissues,,,
no link of any kind recorded,10x2020_visium,Visium mouse brain data,Visium,mouse,brain,,"10x Genomics et al., Mouse Brain Serial Sections (Sagittal-Posterior), Spatial Gene Expression Dataset by Space Ranger 1.1.0, 10x Genomics (2020)",
no link of any kind recorded,vandenbon2023_visium,Visium mouse liver dataset,Visium,mouse,liver,,"Vandenbon et al., Murine breast cancers disorganize the liver transcriptome in a zonated manner, Commun. Biol. (2023)",https://doi.org/10.1038/s42003-023-04479-w
no link of any kind recorded,10x2020_visium_2,Visium prostate cancer data,Visium,human,prostate,,"10x Genomics et al., Human Prostate Cancer, Adenocarcinoma with Invasive Carcinoma (FFPE), 10x Genomics (2020)",
no link of any kind recorded,visium_spatial_r2024_visium,"Visium spatial RNA-seq dataset (root, hypocotyl, heart stage seed, cotyledon stage seed, early maturation stage seed)",10X Genomics Visium,Glycine max,"root, hypocotyl, seed (heart stage, cotyledon stage, early maturation stage)",,A spatially resolved multiomic single-cell atlas of soybean development,https://doi.org/10.1101/2024.07.03.601616
no link of any kind recorded,visium_spatial_g_visium_6,Visium spatial gene expression dataset,Visium,Human,Ureter,,,
no link of any kind recorded,visium_spatial_g2024_visium,Visium spatial gene expression library,Visium,Human,"Hepatocellular carcinoma, cirrhosis, and non-carcinoma liver control",,Single cell-spatial transcriptomics and bulk multi-omics analysis of heterogeneity and ecosystems in hepatocellular carcinoma,https://doi.org/10.1038/s41698-024-00752-1
no link of any kind recorded,visium_spatial_t_visium_10,Visium spatial transcriptomics,Visium,Human,Lung adenocarcinoma,,,
no link of any kind recorded,zhang2023_visium,Visium spatial transcriptomics,Visium,Human,Hepatocellular carcinoma,,"Zhang et al., Spatial transcriptomics analysis of neoadjuvant cabozantinib and nivolumab in advanced hepatocellular carcinoma identifies independent mechanisms of resistance and recurrence, bioRxiv (2023)",https://doi.org/10.1186/s13073-023-01218-y
no link of any kind recorded,visium_spatial_t2023_visium_4,Visium spatial transcriptomics (fetal and paediatric),10x Genomics Visium,human,thymus,,A spatial human thymus cell atlas mapped to a continuous tissue axis,https://doi.org/10.1101/2023.10.25.562925
no link of any kind recorded,visium_spatial_t2024_visium_3,Visium spatial transcriptomics (paediatric),Visium (10x Genomics),human,thymus,,A spatial human thymus cell atlas mapped to a continuous tissue axis,https://doi.org/10.1038/s41586-024-07944-6
no link of any kind recorded,visium_spatial_t_visium_8,Visium spatial transcriptomics biopsies (PBD 3 and PBD 8),10x Genomics Visium,human,burn wound tissue (right flank),,,
no link of any kind recorded,visium_spatial_t2023_visium_2,Visium spatial transcriptomics colorectal cancer dataset,10x Genomics Visium Spatial Transcriptomics,Human,Colorectal cancer tissue,,Inferring spatial transcriptomics markers from whole slide images to characterize metastasis-related spatial heterogeneity of colorectal tumors: A pilot study,https://doi.org/10.1016/j.jpi.2023.100308
no link of any kind recorded,visium_spatial_t_visium,Visium spatial transcriptomics data,Visium,,colorectal cancer tissue,,,
no link of any kind recorded,huukimyers2024_visium_3,Visium spatial transcriptomics data,Visium spatial transcriptomics,human,dorsolateral prefrontal cortex (DLPFC),,"Huuki-Myers et al., A data-driven single-cell and spatial transcriptomic map of the human prefrontal cortex, Science (2024)",
no link of any kind recorded,visium_spatial_t_visium_3,Visium spatial transcriptomics dataset,Visium (10x Genomics),Human,Bone marrow,,,
no link of any kind recorded,visium_spatial_t_visium_4,Visium spatial transcriptomics dataset,Visium,human,liver,,,
no link of any kind recorded,visium_spatial_t2025_visium_3,Visium spatial transcriptomics dataset,Visium,Human,Lymph node,,Spatial transcriptomics study of Castleman disease,https://doi.org/10.1186/s12967-025-06456-9
no link of any kind recorded,visium_spatial_t_visium_11,Visium spatial transcriptomics dataset,10X Genomics Visium Platform,mouse,liver,,,
no link of any kind recorded,visium_spatial_t_visium_12,Visium spatial transcriptomics dataset,Visium,Human,Cerebral cortex,,,
no link of any kind recorded,visium_spatial_t_visium_13,Visium spatial transcriptomics dataset,Visium (10x Genomics),human,corticotroph pituitary neuroendocrine tumors (PitNETs) / pituitary gland,,,
no link of any kind recorded,visium_spatial_t_visium_16,Visium spatial transcriptomics dataset,Visium (10X Genomics),mouse,dorsal hippocampus,,,
no link of any kind recorded,visium_spatial_t_visium_14,Visium spatial transcriptomics dataset (current study),Visium,mouse,dorsal hippocampus,,,
no link of any kind recorded,visium_spatial_t_visium_9,Visium spatial transcriptomics dataset of murine femoral fracture callus,Visium CytAssist,Mus musculus (BALB/c),femoral fracture callus,,,
no link of any kind recorded,visium_spatial_t2022_visium_3,Visium spatial transcriptomics human lung and airway dataset,Visium Spatial Transcriptomics (10X Genomics),human,"trachea, bronchi, upper and lower parenchyma",,A spatially resolved atlas of the human lung characterizes a gland-associated immune niche,https://doi.org/10.1038/s41588-022-01243-4
no link of any kind recorded,visium_v2_datase_visium,Visium v2 datasets,Visium CytAssist Spatial Gene Expression,Human,Colorectal cancer and normal adjacent tissue,,,
no link of any kind recorded,vyas2024_geomx,Vyas et al. epicardial adipose tissue ST dataset,GeoMx DSP,human,epicardial adipose tissue and atrium,,"Vyas et al., Tissue-Resident Memory T Cells in Epicardial Adipose Tissue Comprise Transcriptionally Distinct Subsets That Are Modulated in Atrial Fibrillation, Nat. Cardiovasc. Res. (2024)",https://doi.org/10.1038/s44161-024-00532-x
no link of any kind recorded,wang2023_scrnaseq,Wang 2023 intestinal immune cells scRNA-seq,scRNA-seq,mouse,intestine,,"Wang et al., Intestinal cell type-specific communication networks underlie homeostasis and response to Western diet, J. Exp. Med. (2023)",https://doi.org/10.1084/jem.20221437
no link of any kind recorded,wang2018_molecular_in,Wang et al. liver tumorigenesis screen data,Molecular inversion probe sequencing (MIPS),Mouse,Liver,,"Wang et al., Mapping a functional cancer genome atlas of tumor suppressors in mouse liver using AAV-CRISPR-mediated direct in vivo screening, Sci Adv (2018)",https://doi.org/10.1126/sciadv.aao5508
no link of any kind recorded,li2025_spatial_tran,Wheat grain spatiotemporal transcriptomics,Spatial transcriptomics,Triticum aestivum,grain,,"Li et al., Spatiotemporal transcriptomics reveals key gene regulation for grain yield and quality in wheat, Genome Biol. (2025)",https://doi.org/10.1186/s13059-025-03569-8
no link of any kind recorded,ke2025_spatial_tran,Wheat root atlas,Spatial transcriptomics,Triticum aestivum,root,,"Ke et al., A single-cell and spatial wheat root atlas with cross-species annotations delineates conserved tissue-specific marker genes and regulators, Cell Rep. (2025)",https://doi.org/10.1016/j.celrep.2025.115240
no link of any kind recorded,whole_embryo_spa2026_visium,"Whole embryo spatial transcriptomics (Visium, Xenium, RareCyte, MACSIMA)","Visium, Xenium, RareCyte, MACSIMA",human,whole embryo,,An integrated single cell and spatial omics atlas of human prenatal development,https://doi.org/10.64898/2026.03.30.714220
no link of any kind recorded,zhang2023_whole_mouse_brain_merfish,Whole mouse brain MERFISH cell atlas,MERFISH,mouse,brain,,"Zhang et al., Nature 624, 343-354 (2023)",https://doi.org/10.1038/s41586-023-06808-9
no link of any kind recorded,han2025_unknown,Whole-brain mouse ST dataset from Han et al. (section T311),,mouse,brain,,"Han et al., Single-cell spatial transcriptomic atlas of the whole mouse brain, Neuron (2025)",
no link of any kind recorded,whole_embryo_tra2025_cyclehcr,Whole-embryo transcriptomics dataset,cycleHCR,Mouse,Whole embryo (E6.5-7.0),,Deep-tissue transcriptomics and subcellular imaging at high spatial resolution,https://doi.org/10.1126/science.adq2084
no link of any kind recorded,xenium_in_situ_d_xenium,Xenium In Situ datasets,Xenium In Situ Gene Expression,Human,Colorectal cancer,,,
no link of any kind recorded,xenium_in_situ_s_xenium,Xenium In Situ spatial RNA localization,Xenium In Situ,Mouse,Embryonic palate,,,
no link of any kind recorded,terra_xenium_adult_pancreas_npod,Xenium adult human pancreas (nPOD donors),Xenium 5K + custom panel,human,pancreas,,Multi-scale modeling of human tissues from spatial transcriptomics with TERRA,https://doi.org/10.64898/2026.07.29.741565
no link of any kind recorded,xenium_adult_mou2026_xenium,Xenium adult mouse brain dataset,Xenium,mouse,brain,,Spatial perturb-seq: single-cell functional genomics within intact tissue architecture,https://doi.org/10.1038/s41467-026-69677-6
no link of any kind recorded,umek2025_xenium,Xenium dataset of human vastus lateralis,Xenium,Homo sapiens,Vastus lateralis,,"Umek et al., In situ spatial transcriptomic analysis of human skeletal muscle using the Xenium platform, Cell Tissue Res (2025)",https://doi.org/10.21203/rs.3.rs-5012685/v1
no link of any kind recorded,terra_xenium_fetal_pancreas,"Xenium developing human pancreas (7 stages, 8 donors)",Xenium 5K + custom panel,human,pancreas (fetal),,Multi-scale modeling of human tissues from spatial transcriptomics with TERRA,https://doi.org/10.64898/2026.07.29.741565
no link of any kind recorded,salas2023_xenium,Xenium human brain,Xenium,human,brain,,"Salas et al., Optimizing Xenium In Situ data utility by quality assessment and best practice analysis workflows, BioRxiv (2023)",https://doi.org/10.1101/2023.02.13.528102
no link of any kind recorded,terra_xenium_skin_atlas,"Xenium human skin niche atlas (19 patients, ~1.1M cells)",Xenium,human,skin,,Multi-scale modeling of human tissues from spatial transcriptomics with TERRA,https://doi.org/10.64898/2026.07.29.741565
no link of any kind recorded,xenium_in_situ_52025_xenium,Xenium in situ 5k-plex (human adult skin - atopic dermatitis),10x Genomics Xenium in situ 5k-plex,Human,Skin,,A single-cell and spatial genomics atlas of human skin fibroblasts reveals shared disease-related fibroblast subtypes across tissues,https://doi.org/10.1038/s41590-025-02267-8
no link of any kind recorded,xenium_in_situ_d2024_xenium,Xenium in situ dataset,Xenium in situ,human,lung,,Spatial transcriptomic characterization of pathologic niches in IPF,https://doi.org/10.1126/sciadv.adl5473
no link of any kind recorded,vannan2023_xenium,Xenium in situ dataset,Xenium in situ,Human,Lung,,"Vannan et al., Image-Based Spatial Transcriptomics Identifies Molecular Niche Dysregulation Associated with Distal Lung Remodeling in Pulmonary Fibrosis, bioRxiv (2023)",https://doi.org/10.1101/2023.12.15.571954
no link of any kind recorded,xenium_lung_aden_xenium,Xenium lung adenocarcinoma,Xenium,Human,Lung adenocarcinoma,,,
no link of any kind recorded,xenium_lung_carc_xenium,Xenium lung carcinoma dataset,Xenium In Situ Gene Expression,human,lung carcinoma,,,
no link of any kind recorded,nakamura2021_xenium,Xenium metastatic colorectal cancer dataset (TRIUMPH trial),Xenium,Human,Metastatic colorectal cancer,,"Nakamura et al., Circulating tumor DNA-guided treatment with pertuzumab plus trastuzumab for HER2-amplified metastatic colorectal cancer: a phase 2 trial, Nat Med (2021)",https://doi.org/10.1038/s41591-021-01553-w
no link of any kind recorded,xenium_spatial_t2025_xenium,Xenium spatial transcriptomics dataset,Xenium,human,dorsal root ganglion,,A Reference Atlas of the Human Dorsal Root Ganglion,https://doi.org/10.1101/2025.11.05.686654
no link of any kind recorded,10x2023_xenium,Xenium whole mouse brain dataset,Xenium,mouse,whole brain,,"10x Genomics et al., Fresh Frozen Mouse Brain Replicates, In Situ Gene Expression dataset analyzed using Xenium Onboard Analysis 1.0.2 (2023)",
no link of any kind recorded,xenium_gvhd_xenium,Xenium-GVHD,Xenium,human,minor salivary glands,,,
no link of any kind recorded,xenium_gvhd_xenium_2,Xenium-GVHD,Xenium,human,salivary gland,,,
no link of any kind recorded,la2021_xenium,Xenium-brain,HybISS / Xenium,mouse,brain,,"La Manno et al., Molecular architecture of the developing mouse brain, Nature (2021)",https://doi.org/10.1101/2020.07.02.184051
no link of any kind recorded,zebrafish_50_epi_singlecell_r,Zebrafish 50% epiboly single-cell RNA-seq dataset,"single-cell RNA-seq (SMART template switching, Nextera)",Danio rerio,embryo,,,
no link of any kind recorded,li2023_stereo,Zebrafish Embryo (ZE),Stereo-seq,Zebrafish,Embryo,,"Li et al., A comprehensive benchmarking with practical guidelines for cellular deconvolution of spatial transcriptomics, Nature Communications (2023)",https://doi.org/10.1038/s41467-023-37168-7
no link of any kind recorded,li2025_stereo,Zebrafish heart regeneration atlas,Stereo-seq,Zebrafish,Zebrafish heart,,"Li et al., An organ-wide spatiotemporal transcriptomic and cellular atlas of the regenerating zebrafish heart, Nat. Commun. (2025)",https://doi.org/10.1038/s41467-025-59070-0
no link of any kind recorded,zebrafish_melano_visium,Zebrafish melanoma spatial transcriptomics dataset,Visium,Zebrafish,Melanoma and surrounding tissues,,,
no link of any kind recorded,hunter2021_spatial_tran,Zebrafish tumor-microenvironment dataset,Spatial Transcriptomics,Zebrafish,skin,,"Hunter et al., Spatially resolved transcriptomics reveals the architecture of the tumor-microenvironment interface, Nat Commun. (2021)",https://doi.org/10.1038/s41467-021-26614-z
no link of any kind recorded,maniatis2019_unknown,amyotrophic lateral sclerosis dataset,,Mouse,,,"Maniatis et al., Spatiotemporal dynamics of molecular pathology in amyotrophic lateral sclerosis, Science (2019)",https://doi.org/10.1101/389270
no link of any kind recorded,andreyev2010_subcellular,andreyev2010rest,Sub-cellular fractionation proteomics,Mouse,Macrophage-like RAW264.7 cells,,"Andreyev et al., Application of proteomic marker ensembles to subcellular organelle identification, Mol Cell Proteomics (2010)",https://doi.org/10.1074/mcp.m900432-mcp200
no link of any kind recorded,bacterial_merfis_merfish,bacterial-MERFISH B. thetaiotaomicron dataset,bacterial-MERFISH,Escherichia coli,liquid culture,,,
no link of any kind recorded,jean2016_mass_spectro,beltran2016HCMV120,mass spectrometry (spatial proteomics),,Human fibroblasts,,"Jean Beltran et al., A portrait of the human organelle proteome in space and time during cytomegalovirus infection, Cell Syst (2016)",https://doi.org/10.1016/j.cels.2016.08.012
no link of any kind recorded,triana2021_scrnaseq_pr,bone marrow atlas,scRNA-seq / proteomics,human,bone marrow,,"Triana et al., Single-cell proteo-genomic reference maps of the hematopoietic system enable the purification and massive profiling of precisely defined cell states, Nat. Immunol. (2021)",https://doi.org/10.1101/2021.03.18.435922
no link of any kind recorded,schulz2018_imc,breast cancer IMC dataset,Imaging mass cytometry (IMC) and RNAscope ISH,,breast cancer,,"Schulz et al., Simultaneous multiplexed imaging of mRNA and proteins with subcellular resolution in breast cancer tissue samples by mass cytometry, Cell Syst (2018)",
no link of any kind recorded,bodenmiller2019_imaging_mass,breast cancer Imaging Mass Cytometry dataset,Imaging Mass Cytometry,,breast cancer,,"Bodenmiller et al., Modeling cell-cell interactions from spatial molecular data with spatial variance component analysis, Cell Rep. (2019)",https://doi.org/10.1016/j.celrep.2019.08.077
no link of any kind recorded,yoosuf2020_spatial_tran,breast cancer ST dataset,Spatial Transcriptomics,human,breast cancer,,"Yoosuf et al., Identification and transfer of spatial transcriptomics signatures for cancer diagnosis, Breast Cancer Res. (2020)",https://doi.org/10.1186/s13058-019-1242-9
no link of any kind recorded,salmen2018_spatial_tran,breast cancer in situ,Spatial Transcriptomics,,breast tumor,,"Salmen et al., Multidimensional transcriptomics provides detailed information about immune cell distribution and identity in her2+ breast tumors, BioRxiv (2018)",https://doi.org/10.1101/358937
no link of any kind recorded,cartana_dataset2024_cartana,cartana dataset,CARTANA,Mouse,Kidney (AKI/CKD),,Spatial Transcriptomics,https://doi.org/10.1016/j.ajpath.2024.06.012
no link of any kind recorded,hall2009_itraq_4plex,chicken dataset,iTRAQ 4-plex LOPIT,chicken,DT40 lymphocyte cell line,,"Hall et al., The organelle proteome of the DT40 lymphocyte cell line, Molecular & Cellular Proteomics (2009)",https://doi.org/10.1074/mcp.m800394-mcp200
no link of any kind recorded,chen2020_st,coronal section of a mouse brain with Alzheimer disease,ST,mouse,brain,,"Chen et al., Spatial transcriptomics and in situ sequencing to study Alzheimer’s disease, Cell (2020)",
no link of any kind recorded,biancalani2021_unknown,cortex VISp data,,Mouse,Cortex,,"Biancalani et al., Deep learning and alignment of spatially resolved single-cell transcriptomes with Tangram, Nat. Methods (2021)",https://doi.org/10.1038/s41592-021-01264-7
no link of any kind recorded,watanabe2023_visium,de novo neuroendocrine prostate cancer (NEPC) coexisting with androgen receptor pathway prostate cancer (ARPC) dataset,CytAssist Visium,human,prostate cancer,,"Watanabe et al., Spatial Gene Expression Analysis Reveals Characteristic Gene Expression Patterns of De Novo Neuroendocrine Prostate Cancer Coexisting with Androgen Receptor Pathway Prostate Cancer, Int. J. Mol. Sci. (2023)",https://doi.org/10.3390/ijms24108955
no link of any kind recorded,barrett2022_cellspecific,deep transcriptome / bulk sorted data,cell-specific FACS sorting / RNA-seq,Caenorhabditis elegans,nervous system / select neuronal cell types,,"Barrett et al., Integrating bulk and single cell RNA-seq refines transcriptomic profiles of specific C. elegans neurons, Genetics. bioRxiv (2022)",https://doi.org/10.7554/elife.106183.2.sa4
no link of any kind recorded,burkhard2018_tomo,developing zebrafish heart RNA-seq dataset,Tomo-seq,zebrafish,embryonic heart,,"Burkhard et al., Spatially resolved RNA-sequencing of the embryonic heart identifies a role for Wnt/β-catenin signaling in autonomic control of heart rate, Elife (2018)",https://doi.org/10.7554/elife.31515.025
no link of any kind recorded,ductal_carcinoma_maldi_msi_sp,ductal carcinoma in situ (DCIS) dataset,MALDI MSI spatial proteomics,human,breast (DCIS),,,
no link of any kind recorded,dunkley2006_lopit,dunkley2006,LOPIT,Arabidopsis,,,"Dunkley et al., Mapping the arabidopsis organelle proteome, Proc Natl Acad Sci USA (2006)",https://doi.org/10.3410/f.1040272.489213
no link of any kind recorded,joost2016_fish,follicle spatial imaging data,FISH,mouse,hair follicle,,"Joost et al., Single-Cell transcriptomics reveals that differentiation and spatial signatures shape epidermal and hair follicle heterogeneity, Cell Syst. (2016)",https://doi.org/10.1016/j.cels.2016.08.010
no link of any kind recorded,foster2006_protein_corr,foster2006,Protein correlation profiling (PCP),Mammalian,,,"Foster et al., A mammalian organelle map by protein correlation profiling, Cell (2006)",https://doi.org/10.3410/f.1032263.371832
no link of any kind recorded,brink2020_tomo,gastruloids scRNA-seq and Tomo-seq dataset,scRNA-seq and Tomo-seq,mouse,gastruloids,,"Brink et al., Single-cell and spatial transcriptomics reveal somitogenesis in gastruloids, Nature (2020)",https://doi.org/10.3410/f.737396582.793577089
no link of any kind recorded,ravi2022_visium_2,glioma ST dataset,10X Visium,human,glioma,,"Ravi et al., Spatiotemporal architecture of human gliomas revealed by single-cell spatial transcriptomics, Cancer Cell (2022)",
no link of any kind recorded,groen2014_lopit,groen2014cmb,LOPIT,Arabidopsis thaliana,Root tissue,,"Groen et al., Identification of trans-golgi network proteins in arabidopsis thaliana root tissue, J Proteome Res (2014)",https://doi.org/10.1021/pr4008464
no link of any kind recorded,hall2009_lopit,hall2009,LOPIT,,DT40 lymphocyte cell line,,"Hall et al., The organelle proteome of the dt40 lymphocyte cell line, Mol Cell Proteomics (2009)",https://doi.org/10.1074/mcp.m800394-mcp200
no link of any kind recorded,hirst2018_mass_spectro,hirst2018,Mass spectrometry-based spatial proteomics,,,,"Hirst et al., Role of the AP-5 adaptor protein complex in late endosome-to-golgi retrieval, PLoS Biol. (2018)",https://doi.org/10.3410/f.732583681.793542576
no link of any kind recorded,human_luminal_b_2025_10x_genomics,human Luminal B breast cancer dataset (BAS1 and BAS2),10X Genomics,human,breast cancer,,stGuide advances label transfer in spatial transcriptomics through attention-based supervised graph representation learning,https://doi.org/10.3389/fgene.2025.1566675
no link of any kind recorded,mccaffrey2022_mibi,human TB granulomas MIBI-TOF dataset,MIBI-TOF,human,lung (granulomas),,"McCaffrey et al., The immunoregulatory landscape of human tuberculosis granulomas, Nat Immunol (2022)",
no link of any kind recorded,human_artery_dat_10x_genomics,human artery dataset,10X Genomics,Human,artery,,,
no link of any kind recorded,human_bone_marro2023_10x_genomics,human bone marrow single cell reference atlas,10x Genomics,human,bone marrow,,Establishing a human bone marrow single cell reference atlas to study ageing and diseases,https://doi.org/10.3389/fimmu.2023.1127879
no link of any kind recorded,hodge2019_smartseq_snr,human brain SMART-seq dataset,SMART-seq (snRNA-seq),human,cortex,,"Hodge et al., Conserved cell types with divergent features in human versus mouse cortex, Nature (2019)",https://doi.org/10.3410/f.736463800.793571577
no link of any kind recorded,stahl2016_visium,human breast cancer data,Visium,human,breast cancer,,"Stahl et al., Visualization and analysis of gene expression in tissue sections by spatial transcriptomics, Science (2016)",https://doi.org/10.3410/f.726472001.793554182
no link of any kind recorded,human_breast_can_visium_2,human breast cancer dataset,10 x Visium,human,breast cancer,,,
no link of any kind recorded,waldemerstreyer2017_visium,human breast cancer dataset,10x Visium,human,breast cancer,,"Waldemer-Streyer et al., Cxcl14 depletion accelerates skeletal myogenesis by promoting cell cycle withdrawal, NPJ Regen Med (2017)",https://doi.org/10.1038/npjregenmed.2016.17
no link of any kind recorded,li2022_unknown,human breast cancer dataset,,human,breast cancer,,"Li et al., DISCO: a database of deeply integrated human single-cell omics data, Nucleic Acids Res. (2022)",https://doi.org/10.1093/nar/gkab1020
no link of any kind recorded,jiang2023_visium,human breast cancer dataset,10x Genomics Visium,human,human breast with invasive ductal carcinoma,,"Jiang et al., Integrating image and molecular profiles for spatial transcriptomics analysis, bioRxiv (2023)",https://doi.org/10.1101/2023.06.18.545488
no link of any kind recorded,han2020_scrnaseq,human cell landscape dataset,scRNA-seq,human,multiple tissues,,"Han et al., Construction of a human cell landscape at single-cell level, Nature (2020)",https://doi.org/10.3410/f.737616688.793575841
no link of any kind recorded,human_colorectal_visium,human colorectal cancer sample human_colorectal,10x Visium,human,breast cancer,,,
no link of any kind recorded,human_head_and_n2023_ufo_microsco,human head and neck squamous cell carcinoma (HNSCC) live tissue image,UFO microscope,human,head and neck squamous cell carcinoma (HNSCC),,Spatial Transcriptomic Technologies,https://doi.org/10.3390/cells12162042
no link of any kind recorded,litviukov2020_visium,human heart 10x Genomics Visium data set,Visium,human,heart,,"Litviňuková et al., Cells of the adult human heart, Nature (2020)",
no link of any kind recorded,human_hepatocell_visium,human hepatocellular carcinoma Visium data,10x Visium,human,hepatocellular carcinoma,,,
no link of any kind recorded,wang2025_stereo,human hippocampus Stereo-seq dataset,Stereo-seq,human,hippocampus,,"Wang et al., Molecular pathways and diagnosis in spatially resolved Alzheimer’s hippocampal atlas, Neuron (2025)",
no link of any kind recorded,lake2019_snrnaseq,human kidney snRNAseq dataset,snRNAseq,human,kidney,,"Lake et al., A single-nucleus RNA-sequencing pipeline to decipher the molecular anatomy and pathophysiology of human kidneys, Nat. Commun. (2019)",https://doi.org/10.1038/s41467-019-10861-2
no link of any kind recorded,human_liver_reje_imc_2,human liver rejection samples,IMC,human,liver,,,
no link of any kind recorded,human_liver_reje_imc,human liver rejection samples / biobank of human liver rejection samples,IMC,human,liver,,,
no link of any kind recorded,human_liver_scdv_st,human liver scDVP dataset,Orbitrap Astral mass spectrometer,human,liver,,,
no link of any kind recorded,vannan2025_xenium,human lung fibrosis data,Xenium,human,lung,,"Vannan et al., Spatial transcriptomics identifies molecular niche dysregulation associated with distal lung remodeling in pulmonary fibrosis, Nat. Genet. (2025)",https://doi.org/10.1038/s41588-025-02080-x
no link of any kind recorded,human_lymph_node_visium,human lymph node dataset (sections A1 and D1),10x Genomics Visium CytAssist (RNA and protein co-profiling),human,lymph nodes,,,
no link of any kind recorded,human_lymph_node2025_visium,human lymph node datasets (samples A1 and D1),CytAssist Visium,human,lymph node,,Unveiling spatial domains from spatial multi-omics data using dual-graph regularized ensemble learning,https://doi.org/10.1038/s42003-025-08372-6
no link of any kind recorded,kishi2019_saber,human metaphase spreads and interphase cells SABER data,SABER,human,metaphase spreads and interphase cells,,"Kishi et al., SABER amplifies FISH: enhanced multiplexed imaging of RNA and DNA in cells and tissues, Nat Methods (2019)",
no link of any kind recorded,human_nephrectom2022_visium,human nephrectomy Visium spatial transcriptomics dataset,Visium Spatial Gene Expression (VSGE),human,kidney,,Deconvolution Tactics and Normalization in Renal Spatial Transcriptomics,https://doi.org/10.3389/fphys.2021.812947
no link of any kind recorded,wang2022_visium,human ovarian cancer dataset,10 x Genomics Visium,human,ovarian cancer,,"Wang et al., Sprod for de-noising spatially resolved transcriptomics data based on position and image information, Nat Methods (2022)",https://doi.org/10.1038/s41592-022-01560-w
no link of any kind recorded,moncada2020_spatialtrans,human pancreatic cancer sample PDAC-A,SpatialTranscriptomics,human,pancreas (pancreatic ductal adenocarcinoma),,"Moncada et al., Integrating microarray-based spatial transcriptomics and single-cell RNA-seq reveals tissue architecture in pancreatic ductal adenocarcinomas, Nat. Biotechnol. (2020)",https://doi.org/10.3410/f.737201328.793570113
no link of any kind recorded,christoforou2016_quantitative,hyperLOPIT dataset,"quantitative mass spectrometry / hyperLOPIT (TMT 10-plex, SPS-MS3)",Mus musculus,pluripotent embryonic stem cells (E14TG2a),,"Christoforou et al., A draft map of the mouse pluripotent stem cell spatial proteome, Nat Commun. (2016)",https://doi.org/10.1038/ncomms9992
no link of any kind recorded,thul2017_hyperlopit,hyperLOPITU2OS2017b,hyperLOPIT,,U2OS cells,,"Thul et al., A subcellular map of the human proteome, Science (2017)",https://doi.org/10.3410/f.727603588.793532933
no link of any kind recorded,domnguez2022_scrnaseq,immune cell atlas,scRNA-seq,human,multiple tissues,,"Domínguez Conde et al., Cross-tissue immune cell analysis reveals tissue-specific features in humans, Science (2022)",https://doi.org/10.3410/f.742140360.793593193
no link of any kind recorded,in_house_generat_multiplex_if,in-house generated IF images,multiplex IF,,,,,
no link of any kind recorded,itzhak2017_mass_spectro,itzhak2017,Mass spectrometry-based spatial proteomics,Mouse,Primary neurons,,"Itzhak et al., A mass Spectrometry-Based approach for mapping protein subcellular localization reveals the spatial proteome of mouse primary neurons, Cell Rep. (2017)",https://doi.org/10.1016/j.celrep.2017.08.063
no link of any kind recorded,macparland2018_scrnaseq,liver dataset,scRNA-seq,human,liver,,"MacParland et al., Single cell RNA sequencing of human liver reveals distinct intrahepatic macrophage populations, Nat. Commun. (2018)",
no link of any kind recorded,travaglini2020_singlecell_r,lung molecular cell atlas dataset,single-cell RNA sequencing,human,lung,,"Travaglini et al., A molecular cell atlas of the human lung from single-cell RNA sequencing, Nature (2020)",
no link of any kind recorded,mif_melanoma_multiplexed__2,mIF Melanoma,Multiplexed immunofluorescence (MIF),Human,Melanoma soft tissue,,,
no link of any kind recorded,huang2026_unknown,macaque spatial transcriptomic atlas,,macaque,cortex,,"Huang et al., An opposing molecular gradient axis underlies primate cortical organization, Science (2026)",https://doi.org/10.1126/science.aea2673
no link of any kind recorded,achim2015_unknown,marine annelid brain spatial mapping,,,brain,,"Achim et al., High-throughput spatial mapping of single-cell RNA-seq data to tissue of origin, Nature Biotechnology (2015)",https://doi.org/10.3410/f.725432283.793514070
no link of any kind recorded,nobori2025_spatial_tran,mature rosette leaf spatial dataset,spatial transcriptomics,Arabidopsis,mature rosette leaf,,"Nobori et al., A rare PRIMER cell state in plant immunity, Nature (2025)",https://doi.org/10.1038/s41586-024-08383-z
no link of any kind recorded,vo2023_visium,medulloblastoma PDX ST dataset,Visium,human and mouse,medulloblastoma,,"Vo et al., Spatial transcriptomic analysis of Sonic hedgehog medulloblastoma identifies that the loss of heterogeneity and promotion of differentiation underlies the response to CDK4/6 inhibition, Genome Med [Internet] (2023)",https://doi.org/10.1186/s13073-023-01185-4
no link of any kind recorded,mouse_ssp_merfis2023_merfish,mouse SSp MERFISH dataset,MERFISH,mouse,brain (SSp / somatosensory cortex),,Optimization-based decoding of Imaging Spatial Transcriptomics data,https://doi.org/10.1093/bioinformatics/btad362
no link of any kind recorded,tasic2018_singlecell_r,mouse VISp single-cell dataset,single-cell RNA-seq,mouse,primary visual cortex,,"Tasic et al., Shared and distinct transcriptomic cell types across neocortical areas, Nature (2018)",
no link of any kind recorded,shen2022_stereo,mouse adult brain Stereo-seq dataset,Stereo-seq,mouse,adult brain,,"Shen et al., Spatial-ID: a cell typing method for spatially resolved transcriptomics via transfer learning and spatial embedding, Nat Commun (2022)",https://doi.org/10.21203/rs.3.rs-1661366/v1
no link of any kind recorded,tasic2018_smartseq,mouse brain cerebral cortex region dataset,Smart-seq,mouse,brain cerebral cortex,,"Tasic et al., Shared and distinct transcriptomic cell types across neocortical areas, Nature (2018)",
no link of any kind recorded,ma2022_masp_microsc,mouse brain coronal spatial proteomics data,MASP (micro-scaffold followed by LC-MS/MS),mouse,brain coronal section,,"Ma et al., In-depth mapping of protein localizations in whole tissue by micro-scaffold assisted spatial proteomics (MASP), Nat Commun (2022)",https://doi.org/10.1038/s41467-022-35367-2
no link of any kind recorded,zhang2023_spatialatacr,mouse brain dataset (P22 mouse brain sample),spatial-ATAC-RNA-seq,mouse,brain,,"Zhang et al., Spatial epigenome–transcriptome co-profiling of mammalian tissues, Nature (2023)",https://doi.org/10.3410/f.742573492.793598373
no link of any kind recorded,xu2022_unknown,mouse brain multi-omics dataset,,mouse,brain,,"Xu et al., ISSAAC-seq enables sensitive and flexible multimodal profiling of chromatin accessibility and gene expression in single cells, Nat Methods (2022)",https://doi.org/10.1101/2022.01.16.476488
no link of any kind recorded,yao2021_scrnaseq_2,mouse brain scRNA-seq dataset,scRNA-seq,mouse,isocortex and hippocampal formation,,"Yao et al., A taxonomy of transcriptomic cell types across the isocortex and hippocampal formation, Cell (2021)",https://doi.org/10.1101/2020.03.30.015214
no link of any kind recorded,mouse_breast_can2025_unknown,mouse breast cancer dataset,,mouse,breast cancer,,Unveiling spatial domains from spatial multi-omics data using dual-graph regularized ensemble learning,https://doi.org/10.1038/s42003-025-08372-6
no link of any kind recorded,lundgren2023_visium,mouse brown adipose tissue cold exposure dataset (Lundgren),Visium,mouse,brown adipose tissue,,"Lundgren et al., A subpopulation of lipogenic brown adipocytes drives thermogenic memory, Nat Metab (2023)",https://doi.org/10.1038/s42255-023-00893-w
no link of any kind recorded,honda2021_st,mouse embryo photo-isolation chemistry data,Photo-isolation chemistry,mouse,embryos,,"Honda et al., High-depth spatial transcriptome analysis by photo-isolation chemistry, Nat Commun (2021)",
no link of any kind recorded,chen2017_iss,"mouse embryos, pathological liver and mouse brains (Geo-seq)",Laser capture microdissection (LCM) combined with single-cell RNA-Seq,mouse,"early embryos, pathological liver, mouse brains",,"Chen et al., Spatial transcriptomic analysis of cryosectioned tissue samples with Geo-seq, NAT PROTOC (2017)",https://doi.org/10.1038/nprot.2017.003
no link of any kind recorded,stansbury2023_visium,mouse epididymal white adipose tissue obesity dataset (Stansbury),Visium,mouse,epididymal white adipose tissue,,"Stansbury et al., A lipid-associated macrophage lineage rewires the spatial landscape of adipose tissue in early obesity, JCI Insight (2023)",https://doi.org/10.1101/2022.02.26.482134
no link of any kind recorded,nowotschin2019_scrnaseq_and,mouse gut endoderm dataset,scRNA-seq and ISH,mouse,gut endoderm,,"Nowotschin et al., The emergent landscape of the mouse gut endoderm at single-cell resolution, Nature (2019)",
no link of any kind recorded,nigro2023_unknown,mouse inguinal white adipose tissue exercise dataset (Nigro),,mouse,inguinal white adipose tissue,,"Nigro et al., Exercise training remodels inguinal white adipose tissue through adaptations in innervation, vascularization, and the extracellular matrix, Cell Rep (2023)",https://doi.org/10.1101/2022.08.09.503375
no link of any kind recorded,liu2022_merfish,mouse kidney MERFISH dataset,MERFISH,mouse,kidney,,"Liu et al., Concordance of MERFISH spatial transcriptomics with bulk and single-cell RNA sequencing, Life Science Alliance (2022)",https://doi.org/10.26508/lsa.202201701
no link of any kind recorded,liu2023_merfish,mouse liver MERFISH dataset,MERFISH,mouse,liver,,"Liu et al., Concordance of MERFISH spatial transcriptomics with bulk and single-cell RNA sequencing, Life Sci Alliance (2023)",https://doi.org/10.26508/lsa.202201701
no link of any kind recorded,li2022_starmap,mouse medial prefrontal cortex dataset (STARmap_31 and STARmap_32),STARmap,mouse,medial prefrontal cortex,,"Li et al., Benchmarking spatial and single-cell transcriptomics integration methods for transcript distribution prediction and cell type deconvolution, Nat. Methods (2022)",https://doi.org/10.1038/s41592-022-01480-9
no link of any kind recorded,sthl2016_unknown,mouse olfactory bulb dataset,,mouse,olfactory bulb,,"Ståhl et al., Visualization and analysis of gene expression in tissue sections by spatial transcriptomics, Science (2016)",https://doi.org/10.3410/f.726472001.793554182
no link of any kind recorded,stickels2021_stereo,mouse olfactory bulb dataset (Slide-seqV2 and Stereo-seq),Slide-seqV2 and Stereo-seq,mouse,olfactory bulb,,"Stickels et al., Highly sensitive spatial transcriptomics at near-cellular resolution with Slide-seqV2, Nat Biotechnol (2021)",https://doi.org/10.3410/f.739166617.793593828
no link of any kind recorded,stickels2021_slideseq_2,mouse olfactory bulb dataset (Slide-seqV2),Slide-seqV2,mouse,olfactory bulb,,"Stickels et al., Sensitive spatial genome wide expression profiling at cellular and subcellular resolution, Nat. Biotechnol. (2021)",https://doi.org/10.1101/2020.03.12.989806
no link of any kind recorded,robert2021_slideseq,mouse olfactory bulb dataset (Slide-seqV2),Slide-seqV2,mouse,olfactory bulb,,"Robert et al., Highly sensitive spatial transcriptomics at near-cellular resolution with Slide-seqV2, Nat Biotechnol (2021)",https://doi.org/10.3410/f.739166617.793593828
no link of any kind recorded,breckels2016_lopit_itraq,mouse pluripotent embryonic stem cells (Breckels et al. / heterogeneous data sources),LOPIT (iTRAQ 8-plex),mouse,pluripotent embryonic stem cells,,"Breckels et al., Learning from heterogeneous data sources: an application in spatial proteomics, PLoS computational biology (2016)",https://doi.org/10.1371/journal.pcbi.1004920
no link of any kind recorded,christoforou2016_hyper_lopit,mouse pluripotent embryonic stem cells (Christoforou et al.),hyper LOPIT (TMT 10-plex),mouse,pluripotent embryonic stem cells (E14TG2a),,"Christoforou et al., A draft map of the mouse pluripotent stem cell spatial proteome, Nature communications (2016)",https://doi.org/10.1038/ncomms9992
no link of any kind recorded,mouse_posterior__visium_2,mouse posterior brain 10x Visium dataset,10x Visium,mouse,brain,,,
no link of any kind recorded,kartasalo2018_unknown,mouse prostate dataset,,mouse,prostate,,"Kartasalo et al., Comparative analysis of tissue reconstruction algorithms for 3D histology, Bioinformatics (2018)",https://doi.org/10.1093/bioinformatics/bty210
no link of any kind recorded,rosenberger2023_st,mouse scDVP dataset,timsTOF SCP,mouse,liver,,"Rosenberger et al., Spatial single-cell mass spectrometry defines zonation of the hepatocyte proteome, Nat. Methods (2023)",https://doi.org/10.1101/2022.12.03.518957
no link of any kind recorded,benchetrit2023_visium,mouse spleen dataset (SPOTS),10x Genomics Visium supplemented with DNA-barcoded antibody staining (SPOTS),mouse,spleen,,"Ben-Chetrit et al., Integration of whole transcriptome spatial profiling with protein markers, Nat. Biotechnol. (2023)",https://doi.org/10.1038/s41587-022-01536-3
no link of any kind recorded,piehowski2020_nanopots_and,mouse uterus nanoPOTS dataset,nanoPOTS and nanoLC-MS/MS,mouse,uterus,,"Piehowski et al., Automated mass spectrometry imaging of over 2000 proteins from tissue sections at 100-μM spatial resolution, Nat Commun (2020)",
no link of any kind recorded,kohda2025_visium,mouse white adipose tissue fibrosis dataset (Kohda),Visium,mouse,white adipose tissue,,"Kohda et al., Novel cell-to-cell communications between macrophages and fibroblasts regulate obesity-induced adipose tissue fibrosis, Diabetes (2025)",https://doi.org/10.2337/figshare.28541825
no link of any kind recorded,multiplexed_seqf_seqfish,multiplexed seqFISH dataset in cultured macrophages,seqFISH,,macrophages,,,
no link of any kind recorded,li2019_ce3d,murine MC38 tumor volume,Ce3D,mouse,tumor,,"Li et al., High-dimensional cell-level analysis of tissues with Ce3D multiplex volume imaging, Nat Protoc (2019)",https://doi.org/10.1038/s41596-019-0156-4
no link of any kind recorded,nikolovski2012_lopit,nikolovski2012imp,LOPIT,Plant,,,"Nikolovski et al., Putative glycosyltransferases and other plant golgi apparatus proteins are revealed by LOPIT proteomics, Plant Physiol (2012)",https://doi.org/10.1104/pp.112.204263
no link of any kind recorded,nikolovski2014_lopims,nikolovski2014,LOPIMS,Plant,,,"Nikolovski et al., Label free protein quantification for plant golgi protein localisation and abundance, Plant Physiol (2014)",
no link of any kind recorded,packer2019_sequencing,pan-cellular sequencing across embryonic development,sequencing,Caenorhabditis elegans,embryo,,"Packer et al., A lineage-resolved molecular atlas of C. elegans embryogenesis at single-cell resolution, Science (2019)",https://doi.org/10.3410/f.736555918.793565758
no link of any kind recorded,roux2022_sequencing,pan-cellular sequencing throughout aging,sequencing,Caenorhabditis elegans,pan-cellular aging organism,,"Roux et al., The complete cell atlas of an aging multicellular organism, Genomics. bioRxiv (2022)",https://doi.org/10.1101/2022.06.15.496201
no link of any kind recorded,peritoneal_endom_visium,peritoneal endometriotic lesions Visium dataset,Visium,human,peritoneal endometriotic lesions,,,
no link of any kind recorded,peritoneal_endom2025_visium,peritoneal endometriotic lesions spatial transcriptomics,Visium,human,peritoneal endometriotic lesion,,Atlas-scale metabolic activities inferred from single-cell and spatial transcriptomics,https://doi.org/10.1101/2025.05.09.653038
no link of any kind recorded,primary_breast_t_visium,"primary breast tumor samples (ER+, TNBC, MBC)",Visium,human,primary breast tumor,,,
no link of any kind recorded,yao2021_scrnaseq,primary motor cortex dataset,scRNA-seq,mouse,primary motor cortex,,"Yao et al., A transcriptomic and epigenomic cell atlas of the mouse primary motor cortex, Nature (2021)",
no link of any kind recorded,guo2022_spatial_tran,primary pancreatic cancer Spatial Transcriptomics dataset,Spatial Transcriptomics,,pancreatic cancer,,"Guo et al., Integrating microarray-based spatial transcriptomics and single-cell RNA-sequencing reveals tissue architecture in esophageal squamous cell carcinoma, EBioMedicine (2022)",https://doi.org/10.3410/f.737201328.793570113
no link of any kind recorded,erickson2021_unknown,prostate cancer ST dataset,,,benign and malignant tissue,,"Erickson et al., The spatial landscape of clonal somatic mutations in benign and malignant tissue, bioRxiv (2021)",https://doi.org/10.21203/rs.3.rs-745238/v1
no link of any kind recorded,marklund2022_visium,prostate cancer ST dataset,Visium,human,prostate tumor,,"Marklund et al., Spatio-temporal analysis of prostate tumors in situ suggests pre-existence of treatment-resistant clones, Nat. Commun. (2022)",https://doi.org/10.1038/s41467-022-33069-3
no link of any kind recorded,berglund2018_unknown,prostate cancer dataset,,Human,prostate cancer,,"Berglund et al., Spatial maps of prostate cancer transcriptomes reveal an unexplored landscape of heterogeneity, Nat Commun (2018)",https://doi.org/10.1038/s41467-018-04724-5
no link of any kind recorded,prostate_cancer__spatial_tran,prostate cancer needle biopsy,Spatial Transcriptomics,human,prostate cancer needle biopsy,,,
no link of any kind recorded,prostate_cancer_2020_spatial_tran,prostate cancer needle biopsy dataset,Spatial Transcriptomics (barcoded microarrays),human,prostate cancer needle biopsy,,Automation of Spatial Transcriptomics library preparation to enable rapid and robust insights into spatial organization of tissues,https://doi.org/10.1186/s12864-020-6631-z
no link of any kind recorded,kim2017_fluorescent,qBrain interneuron subtype densities,fluorescent labeling (qBrain),mouse,brain,,"Kim et al., Brain-wide maps reveal stereotyped cell-type-based cortical architecture and subcortical sexual dimorphism, Cell (2017)",https://doi.org/10.1016/j.cell.2017.09.020
no link of any kind recorded,rodrguezpieiro2012_spatial_prot,rodriguez2012r1,Spatial proteomics,Human,Inducible goblet-like LS174T cells,,"Rodríguez-Piñeiro et al., Proteomic study of the mucin granulae in an intestinal goblet cell model, J Proteome Res (2012)",https://doi.org/10.1021/pr2010988
no link of any kind recorded,currlin2022_unknown,"sc-proteomics datasets (Currlin et al., 2022)",,human,lymph node and spleen,,"Currlin et al., Immune, endothelial and neuronal network map in human lymph node and spleen (2022)",https://doi.org/10.1101/2021.10.20.465151
no link of any kind recorded,ghose2023_cycif,"sc-proteomics datasets (Ghose et al., 2023)",Cyclic Immunofluorescence (CyCIF),human,skin,,"Ghose et al., 3D reconstruction of skin and spatial mapping of immune cell density, vascular distance and effects of sun exposure and aging, Commun. Biol. (2023)",https://doi.org/10.1038/s42003-023-04991-z
no link of any kind recorded,lin2023_cycif,"sc-proteomics datasets (Lin et al., 2023)",Cyclic Immunofluorescence (CyCIF),human,colorectal cancer tissue,,"Lin et al., Multiplexed 3D atlas of state transitions and immune interaction in colorectal cancer, Cell (2023)",https://doi.org/10.3410/f.742499353.793597974
no link of any kind recorded,dos2025_unknown,"sc-proteomics datasets (dos Santos Peixoto et al., 2025)",,human,,,"dos Santos Peixoto et al., Characterizing cell-type spatial relationships across length scales in spatially resolved omics data, Nat. Commun. (2025)",https://doi.org/10.1038/s41467-024-55700-1
no link of any kind recorded,scrna_seq_refere_chromium_sin,scRNA-seq reference dataset,Chromium Single Cell Gene Expression Flex,Human,Colorectal cancer and normal adjacent tissue,,,
no link of any kind recorded,li2020_unknown,scRNAseq data,,,aortic tissue,,"Li et al., Single-cell transcriptome analysis reveals dynamic cell populations and differential gene expression patterns in control and aneurysmal human aortic tissue, Circulation (2020)",https://doi.org/10.1161/circulationaha.120.046528
no link of any kind recorded,halpern2017_scrnaseq,scRNAseq dataset,scRNAseq,mouse,liver,,"Halpern et al., Single-cell spatial reconstruction reveals global division of labour in the mammalian liver, Nature (2017)",https://doi.org/10.3410/f.727277514.793528807
no link of any kind recorded,thornton2021_scimapatac,sciMAP-ATAC mouse and human brain dataset,sciMAP-ATAC,human and mouse,adult mouse primary somatosensory cortex and human primary visual cortex,,"Thornton et al., Spatially mapped single-cell chromatin accessibility, Nat Commun (2021)",
no link of any kind recorded,boersma2020_seqfish,seqFISH cell culture dataset,seqFISH,,cell culture,,"Boersma et al., Translation and Replication Dynamics of Single RNA Viruses, Cell (2020)",https://doi.org/10.1016/j.cell.2020.10.019
no link of any kind recorded,guo2018_seqfish,seqFISH human testis dataset,seqFISH,human,testis,,"Guo et al., The adult human testis transcriptional cell atlas, Cell Res (2018)",
no link of any kind recorded,seqfish_spatial__seqfish,seqFISH spatial transcriptomics data,seqFISH,mouse,embryo sections (8-12 somite stage),,,
no link of any kind recorded,cao2017_singlecell_r,single-cell RNA Seq / single-cell transcriptomes,single-cell RNA Seq,Caenorhabditis elegans,pan-cellular,,"Cao et al., Comprehensive single-cell transcriptional profiling of a multicellular organism, Science (2017)",https://doi.org/10.3410/f.728772367.793553294
no link of any kind recorded,spencer2011_sequencing,single-cell transcriptomes (embryonic and larval development),sequencing,Caenorhabditis elegans,subsets of cell types throughout embryonic and larval development,,"Spencer et al., A spatial and temporal map of C. elegans gene expression, Genome Res (2011)",
no link of any kind recorded,taylor2020_singlecell_r,single-cell transcriptomes for all neuronal cell types,single-cell RNA Seq,Caenorhabditis elegans,nervous system,,"Taylor et al., Molecular topography of an entire nervous system, Neuroscience (2020)",https://doi.org/10.1101/2020.12.15.422897
no link of any kind recorded,kozareva2021_unknown,single-nucleus mouse cerebellum snRNA-seq data,,mouse,cerebellum,,"Kozareva et al., A transcriptomic atlas of mouse cerebellar cortex comprehensively defines cell types, Nature (2021)",https://doi.org/10.1038/s41586-021-03220-z
no link of any kind recorded,kolabas2023_scrnaseq,skull bone marrow dataset,scRNA-seq,mouse,skull bone marrow,,"Kolabas et al., Distinct molecular profiles of skull bone marrow in health and neurological disorders, Cell (2023)",
no link of any kind recorded,sanders2022_visium,small cell ovarian carcinoma of the ovary hypercalcemic type (SCCOHT) data,Visium,Human,Ovary,,"Sanders et al., Small cell carcinoma of the ovary hypercalcemic type (SCCOHT): A review and novel case with dual germline SMARCA4 and BRCA2 mutations, Gynecologic Oncology Reports (2022)",https://doi.org/10.1016/j.gore.2022.101077
no link of any kind recorded,liu2023_spatial_cite,spatial CITE-seq dataset,spatial CITE-seq,human,tonsil tissue,,"Liu et al., High-plex protein and whole transcriptome co-mapping at cellular resolution with spatial CITE-seq, Nat. Biotechnol. (2023)",https://doi.org/10.1101/2022.04.01.486788
no link of any kind recorded,spatial_omics_da2024_unknown,spatial omics DATASET,,,,,An integrated transcriptomic cell atlas of human neural organoids,https://doi.org/10.1038/s41586-024-08172-8
no link of any kind recorded,spatial_transcri_visium_10,spatial transcriptome,10x Visium,human,Carnegie stage 13 human embryo sagittal sections,,,
no link of any kind recorded,maniatis2019_spatial_tran,spatial transcriptomics / sequencing dataset,Spatial Transcriptomics,Mouse,spinal cord,,"Maniatis et al., Spatiotemporal dynamics of molecular pathology in amyotrophic lateral sclerosis, Science. (2019)",https://doi.org/10.1101/389270
no link of any kind recorded,spatial_transcri2024_visium_2,"spatial transcriptomics clinical biopsy samples (MTB-L, MTB-O, CTR-L, CTR-O)",10x Genomics Visium,human,lung and omentum,,Spatial transcriptomic sequencing reveals immune microenvironment features of  Mycobacterium tuberculosis  granulomas in lung and omentum,https://doi.org/10.7150/thno.99038
no link of any kind recorded,li2022_unknown_2,spatial transcriptomics data from a recent clinical trial of neoadjuvant immunotherapies for pancreatic ductal adenocarcinoma (PDAC),,,pancreatic ductal adenocarcinoma,,"Li et al., Multi-omic analyses of changes in the tumor microenvironment of pancreatic adenocarcinoma following neoadjuvant treatment with anti-pd-1 therapy, Cancer Cell (2022)",https://doi.org/10.1016/j.ccell.2022.10.001
no link of any kind recorded,yang2023_unknown,spatial transcriptomics dataset for large-scale wound regeneration,,,wound tissue,,"Yang et al., Tracing immune cells around biomaterials with spatial anchors during large-scale wound regeneration, Nat. Commun. (2023)",https://doi.org/10.1038/s41467-023-41608-9
no link of any kind recorded,deng2021_spatialatacs,"spatial-ATAC-seq mouse embryo, brain and human tonsil data",spatial-ATAC-seq,human and mouse,"mouse embryos, mouse brain, and human tonsil",,"Deng et al., Spatial-ATAC-seq: spatially resolved chromatin accessibility profiling of tissues at genome scale and cellular level (2021)",
no link of any kind recorded,goh2020_splitfish,split-FISH mouse tissue datasets,split-FISH,mouse,four mouse tissue types,,"Goh et al., Highly specific multiplexed RNA imaging in tissues with split-FISH, Nat Methods (2020)",
no link of any kind recorded,karaiskos2017_smfish_spat,stage 6 Drosophila embryo atlas,smFISH / spatial transcriptomics atlas,Drosophila melanogaster,embryo,,"Karaiskos et al., The Drosophila embryo at single-cell transcriptome resolution, Science (2017)",
no link of any kind recorded,liu2022_stereo,stereo-seq (Zebrafish embryo),stereo-seq,zebrafish,embryo,,"Liu et al., Spatiotemporal mapping of gene expression landscapes and developmental trajectories during zebrafish embryogenesis, Dev Cell (2022)",https://doi.org/10.1101/2021.10.21.465298
no link of any kind recorded,tan2009_mass_spectro,tan2009r1,mass spectrometry,Drosophila melanogaster,,,"Tan et al., Mapping organelle proteins and protein complexes in Drosophila melanogaster, J Proteome Res. (2009)",https://doi.org/10.1021/pr800866n
no link of any kind recorded,tan2009_lopit,tan2009r1,LOPIT,Drosophila melanogaster,,,"Tan et al., Mapping organelle proteins and protein complexes in drosophila melanogaster, J Proteome Res (2009)",https://doi.org/10.1021/pr800866n
no link of any kind recorded,fang2023_merfish,thick-tissue MERFISH cortex dataset,MERFISH,Mouse,Cortex,,"Fang et al., Three-dimensional single-cell transcriptome imaging of thick tissues, bioRxiv (2023)",https://doi.org/10.7554/elife.90029.2.sa1
no link of any kind recorded,park2020_scrnaseq,thymus dataset,scRNA-seq,human,thymus,,"Park et al., A cell atlas of human thymic development defines T cell repertoire formation, Science (2020)",https://doi.org/10.3410/f.737403297.793573413
no link of any kind recorded,coutant2023_st,triple-negative breast cancer (TNBC) ST data,ST,human,triple-negative breast cancer,,"Coutant et al., Spatial transcriptomics reveal pitfalls and opportunities for the detection of rare high-plasticity breast cancer subtypes, Lab. Invest. (2023)",https://doi.org/10.1016/j.labinv.2023.100258
no link of any kind recorded,romanens2020_iss,triple-negative breast cancer FFPE tissue data,Laser capture microdissection (LCM),,breast cancer,,"Romanens et al., Spatial transcriptomics of tumor microenvironment in formalin-fixed paraffin-embedded breast cancer (2020)",
no link of any kind recorded,trotter2010_lopit,trotter2010,LOPIT,,,,"Trotter et al., Improved sub-cellular resolution via simultaneous analysis of organelle proteomics data across varied experimental conditions, PROTEOMICS (2010)",https://doi.org/10.1002/pmic.201000359
no link of any kind recorded,wan2024_visium,visium spatial transcriptomics dataset for calvarial bone defect repair,Visium,Mouse,Calvaria,,"Wan et al., Mgp high-expressing MSCs orchestrate the osteoimmune microenvironment of collagen/nanohydroxyapatite-mediated bone regeneration, Adv Sci (2024)",
no link of any kind recorded,xdbit_multi_orga2023_dbit,"xDBiT multi-organ datasets (cerebellum, liver, kidney, spleen, heart)",xDBiT,Mouse,"Cerebellum, liver, kidney, spleen, heart",,Spatial transcriptomics using multiplexed deterministic barcoding in tissue,https://doi.org/10.1038/s41467-023-37111-w
no link of any kind recorded,wirth2023_dbit,xDBiT-Seq (mouse liver dataset),DBiT-seq,mouse,liver,,"Wirth et al., Spatial transcriptomics using multiplexed deterministic barcoding in tissue, Nat Commun (2023)",https://doi.org/10.1101/2022.08.30.505834
no link of any kind recorded,shah2016_smfish_with,zebrafish intact vertebrate embryo data,smFISH with smHCR,zebrafish,intact vertebrate embryo,,"Shah et al., Single-molecule RNA detection at depth by hybridization chain reaction and tissue hydrogel embedding and clearing, Development (2016)",
"only a website root, no dataset URL",refahi2021_st,3D floral meristem spatial map,Confocal microscopy-based 3D reconstruction,Arabidopsis thaliana,Floral meristem,http://threed-flower-meristem.herokuapp.com,"Refahi et al., A multiscale analysis of early flower development in Arabidopsis provides an integrated view of molecular regulation and growth control, Dev. Cell (2021)",https://doi.org/10.1016/j.devcel.2021.01.019
"only a website root, no dataset URL",lee2025_visium,Arabidopsis life cycle atlas,Visium / MERFISH,Arabidopsis thaliana,"seeds, seedlings, mature leaves, stems, flowers, and siliques",http://neomorph.salk.edu:9000/,"Lee et al., A single-cell, spatial transcriptomic atlas of the Arabidopsis life cycle, Nat. Plants (2025)",https://doi.org/10.1038/s41477-025-02072-z
"only a website root, no dataset URL",arabidopsis_life_merfish,Arabidopsis life-cycle single-nucleus and spatial transcriptomic atlas,MERSCOPE (MERFISH) and Curio Seeker,Arabidopsis,"seed, seedling, mature leaf, stem, flower, silique",http://arabidopsisdevatlas.salk.edu/,,
"only a website root, no dataset URL",archival_human_h_mibi,Archival human hippocampus and brain TMA MIBI-TOF dataset,MIBI-TOF,Human,Hippocampus and brain TMA (archival FFPE),https://mibi-share.ionpath.com,,
"only a website root, no dataset URL",langlieb2023_slideseq,Atlas 7,Slide-seq V2,mouse,brain,https://www.braincelldata.org/,"Langlieb et al., The molecular cytoarchitecture of the adult mouse brain, Nature (2023)",
"only a website root, no dataset URL",brca_block_a_sec_visium,BRCA Block A Section 1,10x Visium,Human,breast cancer,https://www.10xgenomics.com,,
"only a website root, no dataset URL",brian2023_st,BaristaSeq dataset,BaristaSeq,mouse,primary cortex,http://sdmbench.drai.cn,"Brian Long et al., SpaceTx: a roadmap for benchmarking spatial transcriptomics exploration of the brain (2023)",
"only a website root, no dataset URL",chen2018_st,BaristaSeq primary visual area dataset,BaristaSeq,Mouse,Cortex,http://sdmbench.drai.cn,"Chen et al., Efficient in situ barcode sequencing using padlock probe-based BaristaSeq, Nucleic Acids Res (2018)",https://doi.org/10.1093/nar/gkx1206
"only a website root, no dataset URL",celldive_idr,Cell DIVE dataset (Image Data Resource),Cell DIVE,human,various,https://idr.openmicroscopy.org/,to resolve,
"only a website root, no dataset URL",developing_mouse_10x_genomics,Developing mouse brain scRNA-seq dataset,10x Genomics,mouse,pre- and postnatal developing brain,https://nemoarchive.org/,,
"only a website root, no dataset URL",luengo2006_fish,Drosophila embryonic development dataset,FISH,Drosophila,embryo,http://bdtnp.lbl.gov/,"Luengo Hendriks et al., Three-dimensional morphology and gene expression in the Drosophilablastoderm at cellular resolution I: data acquisition pipeline, Genome Biology (2006)",https://doi.org/10.1186/gb-2006-7-12-r123
"only a website root, no dataset URL",embryoexpress_da2012_in_situ_hybr,EmbryoExpress dataset,in situ hybridisation,mouse,mouse embryo,http://www.embryoexpress.org,"eMouseAtlas, EMAGE, and the spatial dimension of the transcriptome",https://doi.org/10.1007/s00335-012-9407-1
"only a website root, no dataset URL",diezroux2011_in_situ_hybr,EurExpress dataset,in situ hybridisation screen,mouse,mouse embryo,http://www.eurexpress.org,"Diez-Roux et al., A high-resolution anatomical atlas of the transcriptome in the mouse embryo, PLoS Biol (2011)",
"only a website root, no dataset URL",eurexpress_trans2011_rna_in_situ,Eurexpress transcriptome atlas,RNA in situ hybridization (ISH),Mus musculus,"Developing mouse embryo (embryonic day 14.5, E14.5)",http://www.eurexpress.org,A High-Resolution Anatomical Atlas of the Transcriptome in the Mouse Embryo,https://doi.org/10.1371/journal.pbio.1000582
"only a website root, no dataset URL",visel2004_in_situ_hybr,GenePaint mouse embryo ISH atlas,in situ hybridization,Mouse,Embryo,https://gp3.mpg.de/,"Visel et al., GenePaint.org: an atlas of gene expression patterns in the mouse embryo, Nucleic Acids Res (2004)",https://doi.org/10.1093/nar/gkh029
"only a website root, no dataset URL",nowotschin2019_10x_genomics,Gut tube scRNA-seq dataset,10x Genomics scRNA-seq,mouse,gut endoderm / gut tube,https://endoderm-explorer.com/,"Nowotschin et al., The emergent landscape of the mouse gut endoderm at single-cell resolution, Nature (2019)",
"only a website root, no dataset URL",andersson2021_spatial_tran,HER2-positive breast cancer ST data,spatial transcriptomics,human,breast cancer,http://sdmbench.drai.cn/,"Andersson et al., Spatial deconvolution of her2-positive breast cancer delineates tumor-associated cell type interactions, Nature communications (2021)",https://doi.org/10.1038/s41467-021-26271-2
"only a website root, no dataset URL",htapp_codex_data2024_codex,HTAPP CODEX dataset,CODEX,human,neuroblastoma,https://humantumoratlas.org/,"A spatial cell atlas of neuroblastoma reveals developmental, epigenetic and spatial axis of tumor heterogeneity",https://doi.org/10.1101/2024.01.07.574538
"only a website root, no dataset URL",htapp_mibi_datas2024_mibi,HTAPP MIBI dataset,MIBI,human,neuroblastoma,https://humantumoratlas.org/,"A spatial cell atlas of neuroblastoma reveals developmental, epigenetic and spatial axis of tumor heterogeneity",https://doi.org/10.1101/2024.01.07.574538
"only a website root, no dataset URL",htapp_slide_seqv2024_slideseq,HTAPP Slide-SeqV2 dataset,Slide-SeqV2,human,neuroblastoma,https://humantumoratlas.org/,"A spatial cell atlas of neuroblastoma reveals developmental, epigenetic and spatial axis of tumor heterogeneity",https://doi.org/10.1101/2024.01.07.574538
"only a website root, no dataset URL",htapp_neuroblast_codex,HTAPP neuroblastoma CODEX dataset,CODEX,human,neuroblastoma,https://humantumoratlas.org/,,
"only a website root, no dataset URL",htapp_neuroblast_mibi,HTAPP neuroblastoma MIBI dataset,MIBI,human,neuroblastoma,https://humantumoratlas.org/,,
"only a website root, no dataset URL",htapp_neuroblast_slideseq,HTAPP neuroblastoma Slide-SeqV2 dataset,Slide-seq,human,neuroblastoma,https://humantumoratlas.org/,,
"only a website root, no dataset URL",zingg2014_unknown,Hippocampal subregion dataset (Mouse Connectome Project),,mouse,brain,https://cic.ini.usc.edu/,"Zingg et al., Neural networks of the mouse neocortex, Cell (2014)",
"only a website root, no dataset URL",hubmap_colon_dat2023_unknown,HuBMAP colon dataset,,Human,Colon,https://portal.hubmapconsortium.org/,Segmentation of human functional tissue units in support of a Human Reference Atlas,https://doi.org/10.1038/s42003-023-04848-5
"only a website root, no dataset URL",hubmap_kidney_da2023_brightfield,HuBMAP kidney dataset ('Hacking the Kidney' 2021 Kaggle Competition Dataset),brightfield scanner,Human,Kidney,https://portal.hubmapconsortium.org/,Segmentation of human functional tissue units in support of a Human Reference Atlas,https://doi.org/10.1038/s42003-023-04848-5
"only a website root, no dataset URL",hubmap_spleen_thymus_codex,HuBMAP spleen and thymus CODEX,CODEX,human,"spleen, thymus",https://portal.hubmapconsortium.org/,HuBMAP consortium (portal),https://portal.hubmapconsortium.org/
"only a website root, no dataset URL",human_kidney_lip2025_st,Human Kidney Lipid Atlas Dataset,"MALDI IMS, autofluorescence microscopy, stained microscopy, LC-MS/MS",Human,Kidney,https://portal.hubmapconsortium.org/,A lipid atlas of the human kidney,https://doi.org/10.1126/sciadv.adu3730
"only a website root, no dataset URL",uhln2015_st,Human Protein Atlas,antibody-staining,Human,Kidney and various tissues,https://www.proteinatlas.org/,"Uhlén et al., Tissue-based map of the human proteome, Science (2015)",https://doi.org/10.3410/f.725324774.793520862
"only a website root, no dataset URL",ipf_dataset_visium,IPF dataset,Visium,human,lung,https://data.sennetconsortium.org/,,
"only a website root, no dataset URL",immunoatlas,ImmunoAtlas multiplexed imaging collection,multiplexed imaging,human,various,https://immunoatlas.org/,ImmunoAtlas (portal),https://immunoatlas.org/
"only a website root, no dataset URL",molecular_cartog2025_molecular_ca,Molecular Cartography dataset of adult fly head and body,Molecular Cartography (Resolve Biosciences) / smFISH,Drosophila melanogaster,"head and body (brain, muscle, gut, etc.)",https://spatialfly.aertslab.org/,Spatial transcriptomics in the adult  Drosophila  brain and body,https://doi.org/10.7554/eLife.92618
"only a website root, no dataset URL",molecular_cartog_molecular_ca,Molecular Cartography spatial dataset of the adult fly head and body,Molecular Cartography (Resolve Biosciences),Drosophila melanogaster,head and body,https://spatialfly.aertslab.org/,,
"only a website root, no dataset URL",lein2007_visium,Mouse Brain Serial Section 2 (Sagittal-Posterior),10x Visium,mouse,brain,https://atlas.brain-map.org/,"Lein et al., Genome-wide atlas of gene expression in the adult mouse brain, Nature (2007)",https://doi.org/10.3410/f.1057954.519771
"only a website root, no dataset URL",sunkin2012_visium,"Mouse brain Visium data (sagittal posterior and coronal regions, anterior and posterior brain slices)",10x Visium,Mouse,Brain,https://atlas.brain-map.org/,"Sunkin et al., Allen Brain Atlas: an integrated spatio-temporal portal for exploring the central nervous system, Nucleic Acids Res (2012)",https://doi.org/10.1093/nar/gks1042
"only a website root, no dataset URL",saunders2018_dropseq,Mouse cerebral cortex Drop-seq data,Drop-seq,mouse,cerebral cortex,http://dropviz.org/,"Saunders et al., Molecular Diversity and Specializations among the Cells of the Adult Mouse Brain, Cell (2018)",https://doi.org/10.3410/f.733788062.793555435
"only a website root, no dataset URL",karaahmet2024_visium,ROSMAP 10x Visium AD Brain,10x Visium,Human,Brain dorsolateral prefrontal cortex,https://adknowledgeportal.org,"Karaahmet et al., Spatial Transcriptomic Analysis Identifies a SERPINA3-Expressing Astrocytic State Associated with the Human Neuritic Plaque Microenvironment (2024)",https://doi.org/10.1101/2024.11.13.623438
"only a website root, no dataset URL",scp_codex1_codex,SCP_CODEX1,CO-Detection by indEXing(CODEX),Human,"Large intestine, Small intestine, Spleen, Lymph node, Thymus",https://portal.hubmapconsortium.org/,,
"only a website root, no dataset URL",scp_codex12025_codex,SCP_CODEX1,CO-Detection by indEXing(CODEX),Human,"Large intestine, Small intestine, Spleen, Lymph node, Thymus",https://portal.hubmapconsortium.org/,scProAtlas: an atlas of multiplexed single-cell spatial proteomics imaging in human tissues,https://doi.org/10.1093/nar/gkae990
"only a website root, no dataset URL",long2023_merfish,SpaceTx (smFISH and MERFISH),smFISH and MERFISH,mouse,visual cortex,https://viewer.cytosplore.org,"Long et al., SpaceTx: A Roadmap for Benchmarking Spatial Transcriptomics Exploration of the Brain, arXiv (2023)",
"only a website root, no dataset URL",zhang2023_spatial_atac,Spatial ATAC-RNA-seq dataset of mouse embryo and brain / Spatial CUT&Tag-RNA-seq data of mouse brain,spatial ATAC-RNA-seq,Mouse,brain,https://brain-spatial-omics.cells.ucsc.edu,"Zhang et al., Spatial epigenome-transcriptome coprofiling of mammalian tissues, Nature (2023)",https://doi.org/10.3410/f.742573492.793598373
"only a website root, no dataset URL",spatially_and_ce2020_msbased_prot,Spatially and cell-type resolved quantitative proteomic atlas of human skin,MS-based proteomics (DDA/DIA),human,skin,https://skin.science/,Spatially and cell-type resolved quantitative proteomic atlas of healthy human skin,https://doi.org/10.1038/s41467-020-19383-8
"only a website root, no dataset URL",you2023_stereo,Stereo-seq (Mouse Brain),Stereo-seq,Mouse,Brain,https://www.genographix.com,"You et al., Systematic comparison of sequencing-based spatial transcriptomic methods, bioRxiv (2023)",https://doi.org/10.1038/s41592-024-02325-3
"only a website root, no dataset URL",the_duke_mouse_b2025_tomo,The Duke Mouse Brain Atlas (DMBA),"Magnetic resonance histology (MRH), Light sheet microscopy (LSM), Micro-computed tomography (micro-CT)",Mouse (C57BL/6J),Brain,https://civmimagespace.civm.duhs.duke.edu/,The Duke Mouse Brain Atlas: MRI and light sheet microscopy stereotaxic atlas of the mouse brain,https://doi.org/10.1126/sciadv.adq8089
"only a website root, no dataset URL",velmeshev2019_snrnaseq,Velmeshev et al. snRNA-seq dataset,snRNA-seq,human,prefrontal cortex and anterior cingulate cortex,https://cells.ucsc.edu/,"Velmeshev et al., Single-cell genomics identifies cell type-specific molecular changes in autism, Science (2019)",https://doi.org/10.3410/f.735772329.793561440
"only a website root, no dataset URL",xenium_spatial_t2025_xenium_2,Xenium spatial transcriptomics dataset,Xenium,Human,Midgestation forebrain,https://www.stageatlas.org,A spatial transcriptomic atlas of autism-associated genes identifies convergence in the developing human thalamus,https://doi.org/10.1101/2025.11.05.685843
"only a website root, no dataset URL",asp2019_spatial_tran,developing human heart spatial transcriptomics dataset,Spatial Transcriptomics,Human,heart,https://www.spatialresearch.org,"Asp et al., A Spatiotemporal Organ-Wide Gene Expression and Cell Atlas of the Developing Human Heart, Cell. (2019)",https://doi.org/10.3410/f.737069523.793570461
"only a website root, no dataset URL",kanemaru2023_visium,normal human heart spatial transcriptomics dataset,Visium,human,heart,https://www.heartcellatlas.org/,"Kanemaru et al., Spatially resolved multiomics of human cardiac niches, Nature (2023)",https://doi.org/10.1038/s44161-023-00327-6
"only a website root, no dataset URL",qiu2024_scrnaseq,scRNA-seq reference for mouse embryo,scRNA-seq,mouse,embryo,https://omg.gs.washington.edu/,"Qiu et al., A single-cell time-lapse of mouse prenatal development from gastrula to birth, Nature (2024)",
"only a website root, no dataset URL",scrna_seq_p8_p122023_10x_genomics,"scRNA-seq—P8, P12, P20 mouse cochleae",10x Genomics,mouse,cochlea,https://umgear.org/,Single-cell transcriptomic profiling of the mouse cochlea: An atlas for targeted therapies,https://doi.org/10.1073/pnas.2221744120
"only a website root, no dataset URL",hodge2019_singlenucleu,snRNA-seq dataset from multiple human cortical areas,single-nucleus RNA-seq (snRNA-seq),human,neocortical areas,https://portal.brainmap.org/,"Hodge et al., Conserved cell types with divergent features in human versus mouse cortex, Nature (2019)",https://doi.org/10.3410/f.736463800.793571577
oversized (110 GB) - skipped by the 20GB cap,lyubetskaya2022_unknown,"Oncology spatial transcriptomics (rat, human, mouse)",,rat,colon cancer,GEO: GSE211895,"Lyubetskaya et al., Assessment of spatial transcriptomics for oncology discovery, Cell Rep. Methods (2022)",
oversized (110 GB) - skipped by the 20GB cap,lyubetskaya2022_visium,"spatial transcriptomics data of tumors in humans, mice, and rats",Visium,rat,colon cancer,GEO: GSE211895,"Lyubetskaya et al., Assessment of spatial transcriptomics for oncology discovery, Cell Rep. Methods (2022)",
oversized (24 GB) - skipped by the 20GB cap,moffitt2016_merfish,MERFISH of human U2-OS cells,MERFISH,mouse,ileum,http://zhuang.harvard.edu/MERFISHData/data_for_release.zip,"Moffitt et al., High-throughput single-cell gene-expression profiling with multiplexed error-robust fluorescence in situ hybridization, Proceedings of the National Academy of Sciences (2016)",https://doi.org/10.1073/pnas.1612826113
oversized (29 GB) - skipped by the 20GB cap,nova_st_data_mou_st,Nova-ST Data (Mouse Brain),Illumina NovaSeq 6000 S4 flow cell (Nova-ST),Mouse,Brain,GSE256318,,
oversized (30 GB) - skipped by the 20GB cap,human_gastric_ca2025_xenium,human gastric cancer Xenium data,Xenium,Human,Gastric cancer,https://zenodo.org/records/15164980,Designing smart spatial omics experiments with S2Omics,https://doi.org/10.1101/2025.09.21.677634
oversized (31 GB) - skipped by the 20GB cap,zeng2023_starmap_3,STARmap PLUS query dataset,STARmap PLUS,mouse,coronal hemi-brain slice,https://zenodo.org/records/8041114,"Zeng et al., Spatially resolved single-cell translatomics at molecular resolution, Science (2023)",https://doi.org/10.1126/science.ado9025
oversized (31 GB) - skipped by the 20GB cap,lugmayr2023_starmap,STARmap hippocampal data,STARmap,,hippocampus,https://zenodo.org/records/8041114,"Lugmayr et al., StarMap: a user-friendly workflow for Rosetta-driven molecular structure refinement, Nat Protoc (2023)",https://doi.org/10.1038/s41596-022-00757-9
oversized (34 GB) - skipped by the 20GB cap,stereo_seq_datas_stereo_3,Stereo-seq dataset of post-natal cardiac development in mice,Stereo-seq,mouse,heart,https://db.cngb.org/stomics/project (STT0000090); GSE298650,,
oversized (35 GB) - skipped by the 20GB cap,fischer2023multiplex,Multiplex imaging of breast cancer lymph node metastases identifies prognostic single-cell populations independent of clinical classifiers,IMC,human,breast,https://doi.org/10.5281/zenodo.7494727,Multiplex imaging of breast cancer lymph node metastases identifies prognostic single-cell populations independent of clinical classifiers,https://www.sciencedirect.com/science/article/pii/S2666379123000836
oversized (36 GB) - skipped by the 20GB cap,kukanja2024_in_situ_sequ,In situ sequencing global demyelination dataset (EAE model),in situ sequencing,Mouse,Brain,https://zenodo.org/records/8037425,"Kukanja et al., Cellular architecture of evolving neuroinflammatory lesions and multiple sclerosis pathology, Cell (2024)",https://doi.org/10.1016/j.cell.2024.02.030
oversized (37 GB) - skipped by the 20GB cap,jackson2020_imc,Breast Cancer (BC) Imaging Mass Cytometry (IMC) dataset,IMC,,breast,10.5281/zenodo.3518283,"Jackson et al., The single-cell pathology landscape of breast cancer, Nature (2020)",https://doi.org/10.3410/f.737235111.793582823
oversized (37 GB) - skipped by the 20GB cap,jackson2020single,The single-cell pathology landscape of breast cancer,IMC,human,breast,https://zenodo.org/records/3518284,The single-cell pathology landscape of breast cancer,https://www.nature.com/articles/s41586-019-1876-x
oversized (374 GB) - skipped by the 20GB cap,corces2020_scatacseq,Human hippocampus (scATAC-seq),scATAC-seq,Human,Brain,https://www.ncbi.nlm.nih.gov/geo/query/acc.cgi?acc=GSE147672,"Corces et al., Single-cell epigenomic analyses implicate candidate causal variants at inherited risk loci for Alzheimer’s and Parkinson’s diseases, Nat. Genet. (2020)",https://doi.org/10.1038/s41588-020-00721-x
oversized (38 GB) - skipped by the 20GB cap,schott2024_st,Open-ST data on the adult mouse hippocampus,OpenST,mouse,embryonic mouse head,GSE251926,"Schott et al., Open-ST: high-resolution spatial transcriptomics in 3D, Cell (2024)",https://doi.org/10.1101/2023.12.22.572554
oversized (38 GB) - skipped by the 20GB cap,open_st_dataset_2024_illumina_nov,Open-ST dataset (Human head and neck squamous cell carcinoma metastatic lymph node tissue),Illumina NovaSeq 6000,Human,metastatic lymph node tissue,GSE251926,Protocol for high-resolution 3D spatial transcriptomics using Open-ST,https://doi.org/10.1016/j.xpro.2024.103521
oversized (38 GB) - skipped by the 20GB cap,thymus_spatial_t_st,Thymus spatial transcriptomics dataset,BMKMANU ST03002,Mouse,Thymus,GSE217664,,
oversized (38 GB) - skipped by the 20GB cap,thymus_spatial_t2025_st,Thymus spatial transcriptomics dataset (KO and WT),BMKMANU ST03002,Mouse,Thymus,GSE217664,Dissecting cross‐lineage tumourigenesis under p53 inactivation through single‐cell multi‐omics and spatial transcriptomics,https://doi.org/10.1002/ctm2.70461
oversized (56 GB) - skipped by the 20GB cap,xenium_tcr_seq_d_xenium,Xenium-TCR-seq datasets,Xenium,human,tumor,GSE300147,,
oversized (57 GB) - skipped by the 20GB cap,xenium_breast_ca_xenium,Xenium (breast cancer),Xenium,human,breast cancer,GSE286964,,
oversized (63 GB) - skipped by the 20GB cap,spitzer2023_4i,184A1 datasets (CAMPA),4i,,,https://doi.org/10.5281/zenodo.7299516,"Spitzer et al., Learning consistent subcellular landmarks to quantify changes in multiplexed protein maps, Nature Methods (2023)",https://doi.org/10.1038/s41592-023-01894-z
oversized (75 GB) - skipped by the 20GB cap,spatial_transcri2025_xenium,Spatial transcriptomic atlas of acute neonatal lung injury,Xenium,human,infant lung,GSE297945,A spatial transcriptomic atlas of acute neonatal lung injury across development and disease severity,https://doi.org/10.1101/2025.06.02.656433
oversized (76 GB) - skipped by the 20GB cap,xenium_spatial_d2025_xenium,Xenium spatial dataset,Xenium,Mouse,Kidney,https://www.ncbi.nlm.nih.gov/geo/query/acc.cgi?acc=GSE269719,Multimodal spatial transcriptomic characterization of mouse kidney injury and repair,https://doi.org/10.1038/s41467-025-62599-9
oversized (99 GB) - skipped by the 20GB cap,single_cell_rna_2025_10x_chromium,Single-cell RNA sequencing data,10x Chromium Single Cell Gene Expression FLEX,Human,Tumor tissue microarrays (tTMA1 and tTMA2),GSE308148,Systematic benchmarking of imaging spatial transcriptomics platforms in FFPE tissues,https://doi.org/10.1038/s41467-025-64990-y
