dataset_name,platform,modality,species,tissue,disease,n_samples,data_access_link,origin,source_paper_title,source_paper_doi,source_paper_year,source_paper_id,found_via,data_downloadable
10x human prefrontal cortex,10x Visium,spatial transcriptomics,human,prefrontal cortex,,,,reused,Diffusion-based Representation Integration for Foundation Models Improves Spatial Transcriptomics Analysis,10.1101/2025.11.20.689624,2025,bio_ecfd39cd6dd6,literature_search,no link
MERFISH human heart,MERFISH,spatial transcriptomics,human,heart,,,,reused,Diffusion-based Representation Integration for Foundation Models Improves Spatial Transcriptomics Analysis,10.1101/2025.11.20.689624,2025,bio_ecfd39cd6dd6,literature_search,no link
MERFISH mouse preoptic hypothalamus,MERFISH,spatial transcriptomics,mouse,preoptic hypothalamus,,,,reused,Diffusion-based Representation Integration for Foundation Models Improves Spatial Transcriptomics Analysis,10.1101/2025.11.20.689624,2025,bio_ecfd39cd6dd6,literature_search,no link
MERFISH mouse brain (1),MERFISH,spatial transcriptomics,mouse,brain,,,,reused,Diffusion-based Representation Integration for Foundation Models Improves Spatial Transcriptomics Analysis,10.1101/2025.11.20.689624,2025,bio_ecfd39cd6dd6,literature_search,no link
MERFISH mouse brain (2),MERFISH,spatial transcriptomics,mouse,brain,,,,reused,Diffusion-based Representation Integration for Foundation Models Improves Spatial Transcriptomics Analysis,10.1101/2025.11.20.689624,2025,bio_ecfd39cd6dd6,literature_search,no link
Visium human ovarian cancer,Visium,spatial transcriptomics,human,ovary,,,,reused,Diffusion-based Representation Integration for Foundation Models Improves Spatial Transcriptomics Analysis,10.1101/2025.11.20.689624,2025,bio_ecfd39cd6dd6,literature_search,no link
Visium human ovarian cancer (simulated),Visium,spatial transcriptomics,human,ovary,cancer,,,reused,Diffusion-based Representation Integration for Foundation Models Improves Spatial Transcriptomics Analysis,10.1101/2025.11.20.689624,2025,bio_ecfd39cd6dd6,literature_search,no link
STEREO-seq mouse embryo,STEREO-seq,spatial transcriptomics,mouse,embryo,,4,,reused,Diffusion-based Representation Integration for Foundation Models Improves Spatial Transcriptomics Analysis,10.1101/2025.11.20.689624,2025,bio_ecfd39cd6dd6,literature_search,no link
10x human small intestine,Visium,spatial transcriptomics,human,small intestine,,4,,reused,Diffusion-based Representation Integration for Foundation Models Improves Spatial Transcriptomics Analysis,10.1101/2025.11.20.689624,2025,bio_ecfd39cd6dd6,literature_search,no link
ST-bank dataset (Visium ST data across 32 organs),10x Visium,spatial transcriptomics,human,"various (32 organs including brain, heart, kidney, breast, skin, etc.)","various (healthy, cancer, heart failure, Alzheimer's disease)",1007,,reused,A visual–omics foundation model to bridge histopathology with spatial transcriptomics,10.1038/s41592-025-02707-1,2025,PMC12240810,literature_search,no link
Adjacent normal human small intestine Visium dataset,10x Visium,spatial transcriptomics,human,small intestine,normal,8,,reused,A visual–omics foundation model to bridge histopathology with spatial transcriptomics,10.1038/s41592-025-02707-1,2025,PMC12240810,literature_search,no link
Human ovarian carcinosarcoma Visium dataset,10x Visium,spatial transcriptomics,human,ovary,ovarian carcinosarcoma,2,,reused,A visual–omics foundation model to bridge histopathology with spatial transcriptomics,10.1038/s41592-025-02707-1,2025,PMC12240810,literature_search,no link
Human breast cancer Visium and Xenium dataset,10x Visium / Xenium,spatial transcriptomics,human,breast,breast cancer,2,,reused,A visual–omics foundation model to bridge histopathology with spatial transcriptomics,10.1038/s41592-025-02707-1,2025,PMC12240810,literature_search,no link
In-house triple-negative breast cancer (TNBC) patient-derived xenograft dataset,Xenium,spatial transcriptomics,human,breast,triple-negative breast cancer (TNBC),1,,generated,A visual–omics foundation model to bridge histopathology with spatial transcriptomics,10.1038/s41592-025-02707-1,2025,PMC12240810,literature_search,no link
Human colorectal cancer Visium-HD dataset,Visium-HD,spatial transcriptomics,human,colorectal / colon,colorectal cancer,1,,reused,A visual–omics foundation model to bridge histopathology with spatial transcriptomics,10.1038/s41592-025-02707-1,2025,PMC12240810,literature_search,no link
Mouse brain Visium dataset,10x Visium,spatial transcriptomics,mouse,brain cortex,brain cortex (healthy/normal reference),,,reused,A visual–omics foundation model to bridge histopathology with spatial transcriptomics,10.1038/s41592-025-02707-1,2025,PMC12240810,literature_search,no link
In-house heart failure patient tissue dataset,10x Visium,spatial transcriptomics,human,heart,heart failure,,,generated,A visual–omics foundation model to bridge histopathology with spatial transcriptomics,10.1038/s41592-025-02707-1,2025,PMC12240810,literature_search,no link
In-house paraffin-embedded Alzheimer's disease patient tissue dataset,10x Visium,spatial transcriptomics,human,brain,Alzheimer's disease,,,generated,A visual–omics foundation model to bridge histopathology with spatial transcriptomics,10.1038/s41592-025-02707-1,2025,PMC12240810,literature_search,no link
In-house metaplastic breast cancer patient-derived xenograft dataset,10x Visium,spatial transcriptomics,human,breast,metaplastic breast cancer,,,generated,A visual–omics foundation model to bridge histopathology with spatial transcriptomics,10.1038/s41592-025-02707-1,2025,PMC12240810,literature_search,no link
Normal human heart sample Visium dataset,10x Visium,spatial transcriptomics,human,heart,normal,39,,reused,A visual–omics foundation model to bridge histopathology with spatial transcriptomics,10.1038/s41592-025-02707-1,2025,PMC12240810,literature_search,no link
Metastatic Melanoma Spatial Transcriptomics Dataset,CosMx Spatial Molecular Imager (CosMx),spatial transcriptomics,,Melanoma / Tumor microarray,Metastatic melanoma,47,,generated,SORBET: Automated cell-neighborhood analysis of spatial transcriptomics or proteomics for interpretable sample classification via GNN,10.1101/2023.12.30.573739,2023,bio_bc83457f6e33,literature_search,no link
NSCLC Spatial Proteomics Dataset,Imaging Mass Cytometry (IMC),spatial proteomics,,Non-small cell lung cancer,Non-small cell lung cancer (NSCLC),29,,reused,SORBET: Automated cell-neighborhood analysis of spatial transcriptomics or proteomics for interpretable sample classification via GNN,10.1101/2023.12.30.573739,2023,bio_bc83457f6e33,literature_search,no link
CRC Spatial Proteomics Dataset,CODEX,spatial proteomics,,Colorectal cancer (invasive front),Colorectal cancer (CRC),35,,reused,SORBET: Automated cell-neighborhood analysis of spatial transcriptomics or proteomics for interpretable sample classification via GNN,10.1101/2023.12.30.573739,2023,bio_bc83457f6e33,literature_search,no link
LIBD human dorsolateral prefrontal cortex dataset,10x Visium,spatial transcriptomics,human,dorsolateral prefrontal cortex,healthy,12,http://research.libd.org/spatialLIBD/,reused,"Spatially informed clustering, integration, and deconvolution of spatial transcriptomics with GraphST",10.1038/s41467-023-36796-3,2023,PMC9977836,literature_search,yes (http 200)
10x Genomics mouse brain dataset (anterior section),10x Visium,spatial transcriptomics,mouse,brain,healthy,1,https://www.10xgenomics.com/resources/datasets,reused,"Spatially informed clustering, integration, and deconvolution of spatial transcriptomics with GraphST",10.1038/s41467-023-36796-3,2023,PMC9977836,literature_search,yes (http 200)
Mouse olfactory bulb dataset,Stereo-seq,spatial transcriptomics,mouse,olfactory bulb,healthy,1,,reused,"Spatially informed clustering, integration, and deconvolution of spatial transcriptomics with GraphST",10.1038/s41467-023-36796-3,2023,PMC9977836,literature_search,no link
Mouse hippocampus dataset (Puck_200115_08),Slide-seqV2,spatial transcriptomics,mouse,hippocampus,healthy,1,https://portals.broadinstitute.org/single_cell/study/slide-seq-study,reused,"Spatially informed clustering, integration, and deconvolution of spatial transcriptomics with GraphST",10.1038/s41467-023-36796-3,2023,PMC9977836,literature_search,yes (http 200)
Mouse embryo datasets (E9.5 and E14.5),Stereo-seq,spatial transcriptomics,mouse,embryo,developmental (embryo),2,https://db.cngb.org/stomics/mosta/,reused,"Spatially informed clustering, integration, and deconvolution of spatial transcriptomics with GraphST",10.1038/s41467-023-36796-3,2023,PMC9977836,literature_search,yes (http 200)
Mouse breast cancer dataset (vertical and horizontal integration samples),10x Visium,spatial transcriptomics,mouse,mammary gland tumor,cancer,4,,generated,"Spatially informed clustering, integration, and deconvolution of spatial transcriptomics with GraphST",10.1038/s41467-023-36796-3,2023,PMC9977836,literature_search,no link
Simulated spatial benchmarking datasets (seqFISH+ and STARmap),seqFISH+ and STARmap,spatial transcriptomics,mouse,cortex / visual cortex,healthy,2,https://github.com/QuKunLab/SpatialBenchmarking/tree/main/FigureData/Figure4,reused,"Spatially informed clustering, integration, and deconvolution of spatial transcriptomics with GraphST",10.1038/s41467-023-36796-3,2023,PMC9977836,literature_search,yes (http 200)
Human lymph node tissue data,10x Visium,spatial transcriptomics,human,lymph node,healthy,1,https://support.10xgenomics.com/spatial-gene-expression/datasets/1.1.0/V1_Human_Lymph_Node,reused,"Spatially informed clustering, integration, and deconvolution of spatial transcriptomics with GraphST",10.1038/s41467-023-36796-3,2023,PMC9977836,literature_search,unverified (site blocks automated checks: http 403)
Human breast cancer dataset,10x Visium,spatial transcriptomics,human,breast cancer,cancer,1,https://www.10xgenomics.com/resources/datasets/human-breast-cancer-block-a-section-1-1-standard-1-1-0,reused,"Spatially informed clustering, integration, and deconvolution of spatial transcriptomics with GraphST",10.1038/s41467-023-36796-3,2023,PMC9977836,literature_search,yes (http 200)
Mouse embryonic brain dataset,MISAR-seq,,mouse,embryonic brain,,,,reused,A graph neural network-based spatial multi-omics data integration method for deciphering spatial domains,10.1371/journal.pcbi.1013546,2025,PMC12503342,literature_search,no link
Juvenile mouse brain dataset,spatial ATAC-RNA-seq,,mouse,brain,,,,reused,A graph neural network-based spatial multi-omics data integration method for deciphering spatial domains,10.1371/journal.pcbi.1013546,2025,PMC12503342,literature_search,no link
Mouse thymus dataset,Stereo-CITE-seq,,mouse,thymus,,,,reused,A graph neural network-based spatial multi-omics data integration method for deciphering spatial domains,10.1371/journal.pcbi.1013546,2025,PMC12503342,literature_search,no link
Human lymph node dataset,10x Genomics Visium RNA and protein co-profiling,spatial transcriptomics,human,lymph node,,,,reused,A graph neural network-based spatial multi-omics data integration method for deciphering spatial domains,10.1371/journal.pcbi.1013546,2025,PMC12503342,literature_search,no link
Human spleen spatial transcriptomics,Visium,spatial transcriptomics,human,spleen,healthy,1,,generated,Single-cell spatial explorer: easy exploration of spatial and multimodal transcriptomics,10.1186/s12859-023-05150-1,2023,PMC9881287,literature_search,no link
Human cerebellum dataset,10x,,human,cerebellum,healthy,,https://www.10xgenomics.com,reused,Single-cell spatial explorer: easy exploration of spatial and multimodal transcriptomics,10.1186/s12859-023-05150-1,2023,PMC9881287,literature_search,"no (link is a site root, not a dataset)"
Human spinal cord dataset,10x,,human,spinal cord,healthy,,https://www.10xgenomics.com,reused,Single-cell spatial explorer: easy exploration of spatial and multimodal transcriptomics,10.1186/s12859-023-05150-1,2023,PMC9881287,literature_search,"no (link is a site root, not a dataset)"
Murine brain dataset,10x,,murine,brain,healthy,,https://www.10xgenomics.com,reused,Single-cell spatial explorer: easy exploration of spatial and multimodal transcriptomics,10.1186/s12859-023-05150-1,2023,PMC9881287,literature_search,"no (link is a site root, not a dataset)"
Murine kidney dataset,10x,,murine,kidney,healthy,,https://www.10xgenomics.com,reused,Single-cell spatial explorer: easy exploration of spatial and multimodal transcriptomics,10.1186/s12859-023-05150-1,2023,PMC9881287,literature_search,"no (link is a site root, not a dataset)"
Murine sample ME11 H3K27me3 50um,Spatial-cut&tag,,murine,,,1,GSM5028434,reused,Single-cell spatial explorer: easy exploration of spatial and multimodal transcriptomics,10.1186/s12859-023-05150-1,2023,PMC9881287,literature_search,yes (GEO record GSM5028434)
Human tonsil sample,Spatial-cut&tag,,human,tonsil,,1,GSM528388,reused,Single-cell spatial explorer: easy exploration of spatial and multimodal transcriptomics,10.1186/s12859-023-05150-1,2023,PMC9881287,literature_search,yes (GEO record GSM528388)
Human prostate cancer dataset,Visium,spatial transcriptomics,human,prostate,cancer,,https://www.10xgenomics.com,reused,Single-cell spatial explorer: easy exploration of spatial and multimodal transcriptomics,10.1186/s12859-023-05150-1,2023,PMC9881287,literature_search,"no (link is a site root, not a dataset)"
Human lung tissue dataset,CoxMx,,human,lung,,,https://nanostring.com/products/cosmx-spatial-molecular-imager/ffpe-dataset/,reused,Single-cell spatial explorer: easy exploration of spatial and multimodal transcriptomics,10.1186/s12859-023-05150-1,2023,PMC9881287,literature_search,yes (http 200)
Human Dorsolateral Prefrontal Cortex (DLPFC) dataset,10x Visium,spatial transcriptomics,Human,Dorsolateral prefrontal cortex,Neurotypical / healthy,12,https://libd.shinyapps.io/spatialLIBD,reused,MMSpa is a deep learning-based tool that enhances the identification of spatial domains in spatial transcriptomics studies,10.1371/journal.pbio.3003580,2026,PMC12768284,literature_search,yes (http 200)
Mouse Brain Datasets (Sagittal posterior and coronal),10x Visium,spatial transcriptomics,Mouse,Brain,Healthy (Sagittal posterior and coronal parts),2,https://doi.org/10.5281/zenodo.17451775,reused,MMSpa is a deep learning-based tool that enhances the identification of spatial domains in spatial transcriptomics studies,10.1371/journal.pbio.3003580,2026,PMC12768284,literature_search,"yes (zenodo record, 2 files)"
Human Breast Cancer Dataset,10x Visium,spatial transcriptomics,Human,Breast,Human Breast Cancer,1,,reused,MMSpa is a deep learning-based tool that enhances the identification of spatial domains in spatial transcriptomics studies,10.1371/journal.pbio.3003580,2026,PMC12768284,literature_search,no link
Human Pancreatic Ductal Adenocarcinoma (PDAC) Dataset,10x Visium,spatial transcriptomics,Human,Pancreas,Pancreatic ductal adenocarcinoma (PDAC),1,,reused,MMSpa is a deep learning-based tool that enhances the identification of spatial domains in spatial transcriptomics studies,10.1371/journal.pbio.3003580,2026,PMC12768284,literature_search,no link
E9.5 Mouse Embryo Stereo-seq Datasets (#E9.5_E1_S1 and #E9.5_E2_S3),Stereo-seq,spatial transcriptomics,Mouse,Embryo,Healthy (E9.5 mouse embryo),2,,reused,MMSpa is a deep learning-based tool that enhances the identification of spatial domains in spatial transcriptomics studies,10.1371/journal.pbio.3003580,2026,PMC12768284,literature_search,no link
Mouse Visual Cortex STARmap Dataset,STARmap,spatial transcriptomics,Mouse,Visual cortex,Healthy (Mouse visual cortex),1,https://doi.org/10.5281/zenodo.17451775,reused,MMSpa is a deep learning-based tool that enhances the identification of spatial domains in spatial transcriptomics studies,10.1371/journal.pbio.3003580,2026,PMC12768284,literature_search,"yes (zenodo record, 2 files)"
Mouse Somatosensory Cortex osmFISH Dataset,osmFISH,spatial transcriptomics,Mouse,Somatosensory cortex,Healthy (Mouse somatosensory cortex),1,https://doi.org/10.5281/zenodo.17451775,reused,MMSpa is a deep learning-based tool that enhances the identification of spatial domains in spatial transcriptomics studies,10.1371/journal.pbio.3003580,2026,PMC12768284,literature_search,"yes (zenodo record, 2 files)"
Mouse Hypothalamus MERFISH Dataset,MERFISH,spatial transcriptomics,Mouse,Hypothalamus,Healthy (Mouse hypothalamus),1,,reused,MMSpa is a deep learning-based tool that enhances the identification of spatial domains in spatial transcriptomics studies,10.1371/journal.pbio.3003580,2026,PMC12768284,literature_search,no link
Anterior Mouse Brain ST Dataset,10x Visium,spatial transcriptomics,Mouse,Anterior brain,Healthy (Mouse anterior brain),1,https://doi.org/10.5281/zenodo.17451775,reused,MMSpa is a deep learning-based tool that enhances the identification of spatial domains in spatial transcriptomics studies,10.1371/journal.pbio.3003580,2026,PMC12768284,literature_search,"yes (zenodo record, 2 files)"
HER2-positive breast tumors,spatial coordinates (her2st),spatial transcriptomics,human,breast,HER2-positive breast cancer,8,https://github.com/almaan/her2st,reused,TransST: transfer learning embedded spatial factor modeling of spatial transcriptomics data,10.1186/s12859-025-06099-z,2025,PMC12593783,literature_search,yes (http 200)
Human dorsolateral prefrontal cortex (DLPFC) dataset,10x Visium,spatial transcriptomics,human,dorsolateral prefrontal cortex,neurotypical,12,https://github.com/LieberInstitute/spatialLIBD,reused,TransST: transfer learning embedded spatial factor modeling of spatial transcriptomics data,10.1186/s12859-025-06099-z,2025,PMC12593783,literature_search,yes (http 200)
High-resolution mouse embryos dataset,seqFISH,spatial transcriptomics,mouse,embryo,healthy,3,https://content.cruk.cam.ac.uk/jmlab/SpatialMouseAtlas2020/,reused,TransST: transfer learning embedded spatial factor modeling of spatial transcriptomics data,10.1186/s12859-025-06099-z,2025,PMC12593783,literature_search,yes (http 200)
Squamous cell carcinoma dataset (ST-SCC),spatial transcriptomics,,human,skin,cutaneous squamous cell carcinoma (cSCC),1,https://github.com/drieslab/spatial-datasets/tree/master/data/2020_ST_SCC,reused,TransST: transfer learning embedded spatial factor modeling of spatial transcriptomics data,10.1186/s12859-025-06099-z,2025,PMC12593783,literature_search,yes (http 200)
Whole Mouse Brain (MERFISH),MERFISH,spatial transcriptomics,mouse,brain,healthy,129,,reused,T issue N arrator : Generative Modeling of Spatial Transcriptomics with Large Language Models,10.1101/2025.11.24.690325,2025,PMC12697357,literature_search,no link
Human melanoma (Perturb-FISH),Perturb-FISH,,human,melanoma,,,,reused,T issue N arrator : Generative Modeling of Spatial Transcriptomics with Large Language Models,10.1101/2025.11.24.690325,2025,PMC12697357,literature_search,no link
Human ovarian cancer (CosMx SMI),CosMx SMI,spatial transcriptomics,human,adnexa and omentum,high-grade serous tubo-ovarian cancer,48,,reused,T issue N arrator : Generative Modeling of Spatial Transcriptomics with Large Language Models,10.1101/2025.11.24.690325,2025,PMC12697357,literature_search,no link
Murine hepatocyte single-cell spatial proteomics dataset,scDVP (single-cell Deep Visual Proteomics / multiplexed mass spectrometry combined with laser microdissection and high-content imaging),spatial transcriptomics,mouse,liver,healthy,,,generated,Spatial single-cell mass spectrometry defines zonation of the hepatocyte proteome,10.1038/s41592-023-02007-6,2023,PMC10555842,literature_search,no link
10x Visium Human DLPFC Dataset,10x Visium,spatial transcriptomics,Homo sapiens,Dorsolateral prefrontal cortex,,12,,reused,SpaNorm: spatially-aware normalization for spatial transcriptomics data,10.1186/s13059-025-03565-y,2025,PMC12039303,literature_search,no link
10x Xenium Mouse Brain Dataset,10x Xenium,spatial transcriptomics,Mus musculus,Brain,,3,https://www.10xgenomics.com/resources/datasets/fresh-frozen-mouse-brain-replicates-1-standard,reused,SpaNorm: spatially-aware normalization for spatial transcriptomics data,10.1186/s13059-025-03565-y,2025,PMC12039303,literature_search,yes (http 200)
NanoString CosMx NSCLC FFPE Dataset,NanoString CosMx,spatial transcriptomics,Homo sapiens,Non-small-cell lung cancer,Non-small-cell lung cancer,7,https://staging.nanostring.com/products/cosmx-spatial-molecular-imager/ffpe-dataset/nsclc-ffpe-dataset/,reused,SpaNorm: spatially-aware normalization for spatial transcriptomics data,10.1186/s13059-025-03565-y,2025,PMC12039303,literature_search,yes (http 200)
BGI STOmics Mouse Brain Dataset,BGI STOmics,,Mus musculus,Brain,,1,https://db.cngb.org/search/project/CNP0001543/,reused,SpaNorm: spatially-aware normalization for spatial transcriptomics data,10.1186/s13059-025-03565-y,2025,PMC12039303,literature_search,unverified (unreachable during check: http 502)
10x Xenium Human Breast Cancer Dataset,10x Xenium,spatial transcriptomics,Homo sapiens,Breast Cancer,Breast cancer,5,https://www.ncbi.nlm.nih.gov/geo/query/acc.cgi?acc=GSE243280,reused,SpaNorm: spatially-aware normalization for spatial transcriptomics data,10.1186/s13059-025-03565-y,2025,PMC12039303,literature_search,yes (http 200)
Mouse Olfactory Bulb Data (Replicate 12),Spatial Transcriptomics,,Mouse,Olfactory Bulb,healthy,,http://www.spatialtranscriptomicsresearch.org,reused,Spatially Informed Cell Type Deconvolution for Spatial Transcriptomics,10.1038/s41587-022-01273-7,2022,PMC9464662,literature_search,"no (link is a site root, not a dataset)"
Human Pancreatic Ductal Adenocarcinoma (PDAC) Data (PDAC-A),Spatial Transcriptomics,,Human,Pancreas,pancreatic ductal adenocarcinoma (PDAC),,https://www.ncbi.nlm.nih.gov/geo/query/acc.cgi?acc=GSE111672,reused,Spatially Informed Cell Type Deconvolution for Spatial Transcriptomics,10.1038/s41587-022-01273-7,2022,PMC9464662,literature_search,yes (http 200)
Mouse Hippocampus Slide-seqV2 Dataset,Slide-seqV2,spatial transcriptomics,Mouse,Brain / Hippocampus,healthy,,https://singlecell.broadinstitute.org/single_cell/study/SCP948/robust-decomposition-of-cell-type-mixtures-in-spatial-transcriptomics,reused,Spatially Informed Cell Type Deconvolution for Spatial Transcriptomics,10.1038/s41587-022-01273-7,2022,PMC9464662,literature_search,yes (http 200)
Mouse Brain (Coronal Section) 10x Visium Data,10x Visium,spatial transcriptomics,Mouse,Brain,healthy,,https://www.10xgenomics.com/resources/datasets/,reused,Spatially Informed Cell Type Deconvolution for Spatial Transcriptomics,10.1038/s41587-022-01273-7,2022,PMC9464662,literature_search,yes (http 200)
Mouse Brain Cortex seqFISH+ Dataset,seqFISH+,spatial transcriptomics,Mouse,Brain / Cortex,healthy,,,reused,Spatially Informed Cell Type Deconvolution for Spatial Transcriptomics,10.1038/s41587-022-01273-7,2022,PMC9464662,literature_search,no link
Human dorsolateral prefrontal cortex 10x Visium dataset,10x Visium,spatial transcriptomics,human,dorsolateral prefrontal cortex,healthy,12,https://research.libd.org/spatialLIBD,reused,Deciphering spatial domains from spatially resolved transcriptomics with Siamese graph autoencoder,10.1093/gigascience/giae003,2024,PMC10939418,literature_search,yes (http 200)
Mouse gastrulation seqFISH dataset,seqFISH,spatial transcriptomics,mouse,embryo / gastrulation,healthy,,https://crukci.shinyapps.io/SpatialMouseAtlas/,reused,Deciphering spatial domains from spatially resolved transcriptomics with Siamese graph autoencoder,10.1093/gigascience/giae003,2024,PMC10939418,literature_search,yes (http 200)
Mouse cortex MERFISH dataset,MERFISH,spatial transcriptomics,mouse,primary motor cortex,healthy,,https://doi.brainimagelibrary.org/,reused,Deciphering spatial domains from spatially resolved transcriptomics with Siamese graph autoencoder,10.1093/gigascience/giae003,2024,PMC10939418,literature_search,"no (link is a site root, not a dataset)"
Mouse olfactory bulb SLIDE-seq v2 dataset,SLIDE-seq v2,spatial transcriptomics,mouse,olfactory bulb,healthy,,https://singlecell.broadinstitute.org/single_cell/study/SCP815/highly-sensitive-spatial-transcriptomics-at-near-cellular-resolution-with-slide-seqv2#study-summary,reused,Deciphering spatial domains from spatially resolved transcriptomics with Siamese graph autoencoder,10.1093/gigascience/giae003,2024,PMC10939418,literature_search,yes (http 200)
Liver cancer Stereo-seq dataset,Stereo-seq,spatial transcriptomics,human,liver,liver cancer,,https://db.cngb.org/stomics/,reused,Deciphering spatial domains from spatially resolved transcriptomics with Siamese graph autoencoder,10.1093/gigascience/giae003,2024,PMC10939418,literature_search,yes (http 200)
Adult mouse brain Stereo-seq dataset,Stereo-seq,spatial transcriptomics,mouse,brain,healthy,,https://zenodo.org/record/7340795,reused,Deciphering spatial domains from spatially resolved transcriptomics with Siamese graph autoencoder,10.1093/gigascience/giae003,2024,PMC10939418,literature_search,"yes (zenodo record, 6 files)"
3D Drosophila Stereo-seq dataset,Stereo-seq,spatial transcriptomics,Drosophila,embryo and larva,healthy,,https://db.cngb.org/stomics/flysta3d/spatial,reused,Deciphering spatial domains from spatially resolved transcriptomics with Siamese graph autoencoder,10.1093/gigascience/giae003,2024,PMC10939418,literature_search,yes (http 200)
Expanded TissueNet,"Multiple (IMC, CODEX, MIBI, IBEX, MICS, Cell DIVE, CycIF, InSituPlex, Vectra)",spatial proteomics,Human,Multiple tissues (17 common tissue types),,,,generated,Generalized cell phenotyping for spatial proteomics with language-informed vision models,10.1101/2024.11.02.621624,2025,PMC11601246,literature_search,no link
E11 mouse embryo sagittal section 1 and 2,spatial-DMT,,mouse,embryo (head and upper body),healthy,2,https://github.com/zhou-lab/Spatial-DMT-2024,generated,Spatial joint profiling of DNA methylome and transcriptome in tissues,10.1038/s41586-025-09478-x,2025,PMC12571926,literature_search,yes (http 200)
E11 mouse embryo facial and forebrain region,spatial-DMT (10 um pixel size),,mouse,embryo (facial and forebrain),healthy,1,https://github.com/zhou-lab/Spatial-DMT-2024,generated,Spatial joint profiling of DNA methylome and transcriptome in tissues,10.1038/s41586-025-09478-x,2025,PMC12571926,literature_search,yes (http 200)
E13 mouse embryo sagittal section,spatial-DMT,,mouse,embryo,healthy,1,https://github.com/zhou-lab/Spatial-DMT-2024,generated,Spatial joint profiling of DNA methylome and transcriptome in tissues,10.1038/s41586-025-09478-x,2025,PMC12571926,literature_search,yes (http 200)
P21 mouse brain coronal section,spatial-DMT,,mouse,brain (cortical and hippocampal regions),healthy,1,https://github.com/zhou-lab/Spatial-DMT-2024,generated,Spatial joint profiling of DNA methylome and transcriptome in tissues,10.1038/s41586-025-09478-x,2025,PMC12571926,literature_search,yes (http 200)
SpatialHuman30M,"Visium, Visium HD, MERFISH, Xenium",spatial transcriptomics,human,"over 20 organs and tissues (including lung, breast, colon, kidney, uterus, tonsil, prostate, liver, brain, ovary, pancreas, skin)","healthy, cancer, and other diseased conditions",821,,reused,scGPT-spatial: Continual Pretraining of Single-Cell Foundation Model for Spatial Transcriptomics,10.1101/2025.02.05.636714,2025,bio_4ca5ef247319,literature_search,no link
Multi-modal Developing Fetal Lung dataset,Visium and Xenium,spatial transcriptomics,human,fetal lung (GW15 human fetal lung tissues),not stated,,,reused,scGPT-spatial: Continual Pretraining of Single-Cell Foundation Model for Spatial Transcriptomics,10.1101/2025.02.05.636714,2025,bio_4ca5ef247319,literature_search,no link
MERFISH Developing Human Thalamus dataset,MERFISH,spatial transcriptomics,human,fetal thalamus (first- and second-trimester thalamus specimens),not stated,5,,reused,scGPT-spatial: Continual Pretraining of Single-Cell Foundation Model for Spatial Transcriptomics,10.1101/2025.02.05.636714,2025,bio_4ca5ef247319,literature_search,no link
Visium Human Cortex dataset,10X Visium,spatial transcriptomics,human,dorsolateral prefrontal cortex,not stated,12,,reused,scGPT-spatial: Continual Pretraining of Single-Cell Foundation Model for Spatial Transcriptomics,10.1101/2025.02.05.636714,2025,bio_4ca5ef247319,literature_search,no link
Visium Human Breast dataset,10X Visium,spatial transcriptomics,human,human breast tissue,not stated,10,,reused,scGPT-spatial: Continual Pretraining of Single-Cell Foundation Model for Spatial Transcriptomics,10.1101/2025.02.05.636714,2025,bio_4ca5ef247319,literature_search,no link
Perturb-map mouse lung adenocarcinoma dataset,10x Visium,spatial transcriptomics,mouse,lung,lung adenocarcinoma,4,GSE193460,reused,CONCERT predicts niche-aware perturbation responses in spatial transcriptomics,10.1101/2025.11.08.686890,2025,PMC12642540,literature_search,yes (GEO record GSE193460)
Mouse gut DSS inflammation dataset,Spatial transcriptomics (ST),spatial transcriptomics,mouse,colon,DSS-induced colon inflammation,4,SCP2771,reused,CONCERT predicts niche-aware perturbation responses in spatial transcriptomics,10.1101/2025.11.08.686890,2025,PMC12642540,literature_search,yes (http 200)
Mouse brain stroke dataset,Spatial transcriptomics,,mouse,brain,ischemic stroke (photothrombosis) and sham control,8,https://figshare.com/articles/dataset/Mouse_brain_stroke_dataset/29882900,reused,CONCERT predicts niche-aware perturbation responses in spatial transcriptomics,10.1101/2025.11.08.686890,2025,PMC12642540,literature_search,unverified (server answered http 202)
Mouse brain STARmap data,STARmap,spatial transcriptomics,mouse,brain (prelimbic area),,3,,reused,Spatial mutual nearest neighbors for spatial transcriptomics data,10.1093/bioinformatics/btaf403,2025,PMC12317746,literature_search,no link
Visium human dorsolateral prefrontal cortex data,10x Genomics Visium Spatial Gene Expression,spatial transcriptomics,human,dorsolateral prefrontal cortex (DLPFC),,12,,reused,Spatial mutual nearest neighbors for spatial transcriptomics data,10.1093/bioinformatics/btaf403,2025,PMC12317746,literature_search,no link
MERFISH mouse frontal cortex and striatum data,MERFISH,spatial transcriptomics,mouse,frontal cortex and striatum,,31,https://cellxgene.cziscience.com/collections/31937775-0602-4e52-a799-b6acdd2bac2e,reused,Spatial mutual nearest neighbors for spatial transcriptomics data,10.1093/bioinformatics/btaf403,2025,PMC12317746,literature_search,yes (http 200)
STARmap PLUS Alzheimer's Disease mouse brain data,STARmap PLUS,spatial transcriptomics,mouse,cortical and hippocampal regions,Alzheimer's disease,4,,reused,Spatial mutual nearest neighbors for spatial transcriptomics data,10.1093/bioinformatics/btaf403,2025,PMC12317746,literature_search,no link
MERFISH mouse hypothalamic preoptic region data,MERFISH,spatial transcriptomics,mouse,hypothalamic preoptic region,,181,,reused,Spatial mutual nearest neighbors for spatial transcriptomics data,10.1093/bioinformatics/btaf403,2025,PMC12317746,literature_search,no link
Visium human hippocampus data,10x Genomics Visium Spatial Gene Expression,spatial transcriptomics,human,hippocampus,,31,,reused,Spatial mutual nearest neighbors for spatial transcriptomics data,10.1093/bioinformatics/btaf403,2025,PMC12317746,literature_search,no link
Spatial Transcriptomics Mouse Olfactory Bulb,Spatial Transcriptomics (ST),spatial transcriptomics,mouse,olfactory bulb,healthy,1,https://www.spatialresearch.org/resources-published-datasets/doi-10-1126science-aaf2403/,reused,Modeling zero inflation is not necessary for spatial transcriptomics,10.1186/s13059-022-02684-0,2022,PMC9116027,literature_search,yes (http 200)
Spatial Transcriptomics Human Breast Cancer,Spatial Transcriptomics (ST),spatial transcriptomics,human,breast cancer,breast cancer,1,https://www.spatialresearch.org/resources-published-datasets/doi-10-1126science-aaf2403/,reused,Modeling zero inflation is not necessary for spatial transcriptomics,10.1186/s13059-022-02684-0,2022,PMC9116027,literature_search,yes (http 200)
10x Visium Human Breast Cancer,10x Visium,spatial transcriptomics,human,breast cancer,breast cancer,1,https://www.10xgenomics.com/resources/datasets/,reused,Modeling zero inflation is not necessary for spatial transcriptomics,10.1186/s13059-022-02684-0,2022,PMC9116027,literature_search,yes (http 200)
10x Visium Human Heart,10x Visium,spatial transcriptomics,human,heart,healthy,1,https://www.10xgenomics.com/resources/datasets/,reused,Modeling zero inflation is not necessary for spatial transcriptomics,10.1186/s13059-022-02684-0,2022,PMC9116027,literature_search,yes (http 200)
10x Visium Human Lymph Node,10x Visium,spatial transcriptomics,human,lymph node,healthy,1,https://www.10xgenomics.com/resources/datasets/,reused,Modeling zero inflation is not necessary for spatial transcriptomics,10.1186/s13059-022-02684-0,2022,PMC9116027,literature_search,yes (http 200)
10x Visium Mouse Kidney Coronal Section,10x Visium,spatial transcriptomics,mouse,kidney,healthy,1,https://www.10xgenomics.com/resources/datasets/,reused,Modeling zero inflation is not necessary for spatial transcriptomics,10.1186/s13059-022-02684-0,2022,PMC9116027,literature_search,yes (http 200)
10x Visium Mouse Brain Coronal Section,10x Visium,spatial transcriptomics,mouse,brain,healthy,1,https://www.10xgenomics.com/resources/datasets/,reused,Modeling zero inflation is not necessary for spatial transcriptomics,10.1186/s13059-022-02684-0,2022,PMC9116027,literature_search,yes (http 200)
10x Visium Mouse Brain Sagittal-Posterior,10x Visium,spatial transcriptomics,mouse,brain,healthy,1,https://www.10xgenomics.com/resources/datasets/,reused,Modeling zero inflation is not necessary for spatial transcriptomics,10.1186/s13059-022-02684-0,2022,PMC9116027,literature_search,yes (http 200)
10x Visium Mouse Brain Sagittal-Anterior,10x Visium,spatial transcriptomics,mouse,brain,healthy,1,https://www.10xgenomics.com/resources/datasets/,reused,Modeling zero inflation is not necessary for spatial transcriptomics,10.1186/s13059-022-02684-0,2022,PMC9116027,literature_search,yes (http 200)
Slide-seq Mouse Cerebellum,Slide-seq,spatial transcriptomics,mouse,cerebellum,healthy,1,https://singlecell.broadinstitute.org/single_cell,reused,Modeling zero inflation is not necessary for spatial transcriptomics,10.1186/s13059-022-02684-0,2022,PMC9116027,literature_search,yes (http 200)
Slide-seqV2 Mouse Brain,Slide-seqV2,spatial transcriptomics,mouse,brain,healthy,1,https://singlecell.broadinstitute.org/single_cell,reused,Modeling zero inflation is not necessary for spatial transcriptomics,10.1186/s13059-022-02684-0,2022,PMC9116027,literature_search,yes (http 200)
HDST Mouse Olfactory Bulb,HDST,spatial transcriptomics,mouse,olfactory bulb,healthy,1,https://singlecell.broadinstitute.org/single_cell,reused,Modeling zero inflation is not necessary for spatial transcriptomics,10.1186/s13059-022-02684-0,2022,PMC9116027,literature_search,yes (http 200)
STARmap Mouse Visual Cortex,STARmap,spatial transcriptomics,mouse,visual cortex,healthy,1,https://www.dropbox.com/sh/f7ebheru1lbz91s/AABYSSjSTppBmVmWl2H4s_K-a?dl=0,reused,Modeling zero inflation is not necessary for spatial transcriptomics,10.1186/s13059-022-02684-0,2022,PMC9116027,literature_search,yes (http 200)
LCM-seq Mouse Jejunum,LCM-seq,,mouse,jejunum,healthy,1,https://zenodo.org/record/1320734,reused,Modeling zero inflation is not necessary for spatial transcriptomics,10.1186/s13059-022-02684-0,2022,PMC9116027,literature_search,"yes (zenodo record, 5 files)"
NICHE-seq Mouse Immune Niches,NICHE-seq,,mouse,bone marrow / immune niches,healthy,1,GSE104054,reused,Modeling zero inflation is not necessary for spatial transcriptomics,10.1186/s13059-022-02684-0,2022,PMC9116027,literature_search,yes (GEO record GSE104054)
Tomo-seq Male C. elegans,Tomo-seq,,C. elegans,whole organism,healthy,1,GSE114723,reused,Modeling zero inflation is not necessary for spatial transcriptomics,10.1186/s13059-022-02684-0,2022,PMC9116027,literature_search,yes (GEO record GSE114723)
Paired Cell Sequencing Mouse Liver Endothelial Cells,Paired cell sequencing,,mouse,liver,healthy,1,GSE108561,reused,Modeling zero inflation is not necessary for spatial transcriptomics,10.1186/s13059-022-02684-0,2022,PMC9116027,literature_search,yes (GEO record GSE108561)
seqFISH Mouse Hippocampus/Region 43,seqFISH,spatial transcriptomics,mouse,hippocampus,healthy,1,,reused,Modeling zero inflation is not necessary for spatial transcriptomics,10.1186/s13059-022-02684-0,2022,PMC9116027,literature_search,no link
seqFISH+ Mouse Brain Olfactory Bulb,seqFISH+,spatial transcriptomics,mouse,olfactory bulb,healthy,1,https://github.com/CaiGroup/seqFISH-PLUS,reused,Modeling zero inflation is not necessary for spatial transcriptomics,10.1186/s13059-022-02684-0,2022,PMC9116027,literature_search,yes (http 200)
MERFISH Mouse Hypothalamic Preoptic Region,MERFISH,spatial transcriptomics,mouse,hypothalamic preoptic region,healthy,1,https://github.com/Teichlab/SpatialDE/blob/master/Analysis/MERFISH/data/rep6/middle_exp_mat.csv,reused,Modeling zero inflation is not necessary for spatial transcriptomics,10.1186/s13059-022-02684-0,2022,PMC9116027,literature_search,yes (http 200)
Mouse testis Slide-seqV2 dataset,Slide-seqV2,spatial transcriptomics,mouse,testis,healthy,,https://singlecell.broadinstitute.org/single_cell/study/SCP2166/testis-slide-seq,reused,Applications of spatial transcriptomics in studying spermatogenesis,10.1111/andr.70043,2025,PMC12183010,literature_search,yes (http 200)
Diabetic mouse testis Slide-seqV2 dataset,Slide-seqV2,spatial transcriptomics,mouse,testis,diabetes (leptin-deficient),,https://singlecell.broadinstitute.org/single_cell/study/SCP2166,reused,Applications of spatial transcriptomics in studying spermatogenesis,10.1111/andr.70043,2025,PMC12183010,literature_search,yes (http 200)
GeoMx Human Brain Dataset,GeoMx,spatial transcriptomics,Homo sapiens,Brain,healthy,2,https://nanostring.com/products/geomx-digital-spatial-profiler/spatial-organ-atlas/,reused,Differential gene expression analysis of spatial transcriptomic experiments using spatial mixed models,10.1038/s41598-024-61758-0,2024,PMC11094014,literature_search,yes (http 200)
GeoMx Human Liver Dataset,GeoMx,spatial transcriptomics,Homo sapiens,Liver,healthy,2,https://nanostring.com/products/geomx-digital-spatial-profiler/spatial-organ-atlas/,reused,Differential gene expression analysis of spatial transcriptomic experiments using spatial mixed models,10.1038/s41598-024-61758-0,2024,PMC11094014,literature_search,yes (http 200)
Visium Brain Motor Cortex Dataset,Visium,spatial transcriptomics,Homo sapiens,Brain motor cortex,healthy,2,,reused,Differential gene expression analysis of spatial transcriptomic experiments using spatial mixed models,10.1038/s41598-024-61758-0,2024,PMC11094014,literature_search,no link
Visium Glioblastoma Dataset,Visium,spatial transcriptomics,Homo sapiens,Glial tissue / Brain,Glioblastoma,2,,reused,Differential gene expression analysis of spatial transcriptomic experiments using spatial mixed models,10.1038/s41598-024-61758-0,2024,PMC11094014,literature_search,no link
CosMx SMI Cancerous Liver Dataset,CosMx-SMI,spatial transcriptomics,Homo sapiens,Liver,Cancerous (Liver Cancer),1,https://nanostring.com/products/geomx-digital-spatial-profiler/spatial-organ-atlas/,reused,Differential gene expression analysis of spatial transcriptomic experiments using spatial mixed models,10.1038/s41598-024-61758-0,2024,PMC11094014,literature_search,yes (http 200)
CosMx SMI Normal Liver Dataset,CosMx-SMI,spatial transcriptomics,Homo sapiens,Liver,healthy,1,https://nanostring.com/products/geomx-digital-spatial-profiler/spatial-organ-atlas/,reused,Differential gene expression analysis of spatial transcriptomic experiments using spatial mixed models,10.1038/s41598-024-61758-0,2024,PMC11094014,literature_search,yes (http 200)
CosMx SMI Lung Dataset,CosMx-SMI,spatial transcriptomics,Homo sapiens,Lung,Non-small cell lung cancer (NSCLC),2,https://nanostring.com/products/geomx-digital-spatial-profiler/spatial-organ-atlas/,reused,Differential gene expression analysis of spatial transcriptomic experiments using spatial mixed models,10.1038/s41598-024-61758-0,2024,PMC11094014,literature_search,yes (http 200)
Human HER2-positive breast cancer tumors (sample H1),10x Visium,spatial transcriptomics,human,breast cancer tumor,HER2-positive breast cancer,,https://zenodo.org,reused,STANCE: a unified statistical model to detect cell-type-specific spatially variable genes in spatial transcriptomics,10.1038/s41467-025-57117-w,2025,PMC11842841,literature_search,"no (link is a site root, not a dataset)"
Human kidney cancer tumor core (patient PD47171),10x Visium,spatial transcriptomics,human,kidney cancer tumor core,Kidney cancer,,https://data.mendeley.com/datasets/g67bkbnhhg/1,reused,STANCE: a unified statistical model to detect cell-type-specific spatially variable genes in spatial transcriptomics,10.1038/s41467-025-57117-w,2025,PMC11842841,literature_search,yes (http 200)
Mouse olfactory bulb (MOB replicate #8),Spatial transcriptomics (100 μ m2 resolution),,mouse,olfactory bulb,Healthy,12,https://www.spatialresearch.org,reused,STANCE: a unified statistical model to detect cell-type-specific spatially variable genes in spatial transcriptomics,10.1038/s41467-025-57117-w,2025,PMC11842841,literature_search,"no (link is a site root, not a dataset)"
Human Dorsolateral Prefrontal Cortex (DLPFC) Visium dataset,10x Genomics Visium,spatial transcriptomics,Human,Dorsolateral Prefrontal Cortex,,12,http://spatial.libd.org/spatialLIBD/,reused,STEAM: Spatial Transcriptomics Evaluation Algorithm and Metric for clustering performance,10.1093/bib/bbaf570,2025,PMC12576956,literature_search,yes (http 200)
"Human Breast Cancer Visium dataset (Block A, Section 1) / BRCA1 dataset",10x Genomics Visium,spatial transcriptomics,Human,Breast,Invasive ductal carcinoma (Stage IIA ER+/PR-/HER2+),1,https://www.10xgenomics.com/datasets/human-breast-cancer-block-a-section-1-1-standard-1-1-0,reused,STEAM: Spatial Transcriptomics Evaluation Algorithm and Metric for clustering performance,10.1093/bib/bbaf570,2025,PMC12576956,literature_search,yes (http 200)
Xenium mouse cortex dataset,10x Genomics Xenium,spatial transcriptomics,Mouse,Cortex,,,https://www.10xgenomics.com/datasets/fresh-frozen-mouse-brain-for-xenium-explorer-demo-1-standard,reused,STEAM: Spatial Transcriptomics Evaluation Algorithm and Metric for clustering performance,10.1093/bib/bbaf570,2025,PMC12576956,literature_search,yes (http 200)
CODEX intestinal dataset,CODEX,spatial proteomics,Human,Intestine,,4,https://doi.org/10.5061/dryad.pk0p2ngrf,reused,STEAM: Spatial Transcriptomics Evaluation Algorithm and Metric for clustering performance,10.1093/bib/bbaf570,2025,PMC12576956,literature_search,yes (http 200)
Human Tonsil Dataset,CODEX,spatial proteomics,human,tonsil,,,http://stat.wharton.upenn.edu/~zongming/maxfuse/data.zip,reused,Cross-level Cross-Scale Inference and Imputation of Single-cell Spatial Proteomics,10.21203/rs.3.rs-7108570/v1,2025,PMC12324605,literature_search,yes (http 200)
Metastatic Breast Cancer Dataset (HTAN),CODEX,spatial proteomics,human,liver and breast tissue,metastatic breast cancer,9,https://singlecell.broadinstitute.org/single_cell/study/SCP2702/htapp–mbc,reused,Cross-level Cross-Scale Inference and Imputation of Single-cell Spatial Proteomics,10.21203/rs.3.rs-7108570/v1,2025,PMC12324605,literature_search,unverified (unreachable during check: UnicodeEncodeError)
Human intestine dataset,Visium,spatial transcriptomics,human,colon,healthy,1,GSE158328,reused,Tissue characterization at an enhanced resolution across spatial omics platforms with deep generative model,10.1038/s41467-024-50837-5,2024,PMC11297205,literature_search,yes (GEO record GSE158328)
Mouse head dataset,Xenium,spatial transcriptomics,mouse,head,healthy,1,https://www.10xgenomics.com/datasets/mouse-pup-preview-data-xenium-mouse-tissue-atlassing-panel-1-standard,reused,Tissue characterization at an enhanced resolution across spatial omics platforms with deep generative model,10.1038/s41467-024-50837-5,2024,PMC11297205,literature_search,yes (http 200)
Mouse kidney dataset,Xenium,spatial transcriptomics,mouse,kidney,healthy,1,https://www.10xgenomics.com/datasets/mouse-pup-preview-data-xenium-mouse-tissue-atlassing-panel-1-standard,reused,Tissue characterization at an enhanced resolution across spatial omics platforms with deep generative model,10.1038/s41467-024-50837-5,2024,PMC11297205,literature_search,yes (http 200)
Human ductal carcinoma dataset,Xenium,spatial transcriptomics,human,breast,ductal carcinoma in situ,1,https://www.10xgenomics.com/products/xenium-in-situ/preview-dataset-human-breast,reused,Tissue characterization at an enhanced resolution across spatial omics platforms with deep generative model,10.1038/s41467-024-50837-5,2024,PMC11297205,literature_search,yes (http 200)
Mouse embryo dataset (E11),spatial-CUT&Tag,,mouse,embryo,healthy,1,GSE165217,reused,Tissue characterization at an enhanced resolution across spatial omics platforms with deep generative model,10.1038/s41467-024-50837-5,2024,PMC11297205,literature_search,yes (GEO record GSE165217)
Human embryonic heart dataset,Spatial Transcriptomics (ST),spatial transcriptomics,human,heart,healthy,1,https://data.mendeley.com/datasets/mbvhhf8m62/2,reused,Tissue characterization at an enhanced resolution across spatial omics platforms with deep generative model,10.1038/s41467-024-50837-5,2024,PMC11297205,literature_search,yes (http 200)
Mouse liver dataset,slide-DNA-seq and slide-RNA-seq,,mouse,liver,liver metastasis,1,PRJNA768453,reused,Tissue characterization at an enhanced resolution across spatial omics platforms with deep generative model,10.1038/s41467-024-50837-5,2024,PMC11297205,literature_search,yes (ENA PRJNA768453)
Human skin dataset,spatial-CITE-seq,,human,skin,early immune activation (COVID-19 vaccine injection),1,GSE213264,reused,Tissue characterization at an enhanced resolution across spatial omics platforms with deep generative model,10.1038/s41467-024-50837-5,2024,PMC11297205,literature_search,yes (GEO record GSE213264)
Mouse embryo dataset (E13),spatial ATAC-RNA-seq,,mouse,embryo,healthy,1,https://brain-spatial-omics.cells.ucsc.edu,reused,Tissue characterization at an enhanced resolution across spatial omics platforms with deep generative model,10.1038/s41467-024-50837-5,2024,PMC11297205,literature_search,"no (link is a site root, not a dataset)"
Spatial Mouse Atlas,seqFISH,spatial transcriptomics,mouse,embryo,healthy,3,,reused,STEM enables mapping of single-cell and spatial transcriptomics data with transfer learning,10.1038/s42003-023-05640-1,2024,PMC10771471,literature_search,no link
Human Middle Temporal Gyrus MERFISH,MERFISH,spatial transcriptomics,human,middle temporal gyrus,healthy,8,,reused,STEM enables mapping of single-cell and spatial transcriptomics data with transfer learning,10.1038/s42003-023-05640-1,2024,PMC10771471,literature_search,no link
Human Middle Temporal Gyrus Visium,Visium,spatial transcriptomics,human,middle temporal gyrus,Alzheimer's disease / healthy reference,1,,reused,STEM enables mapping of single-cell and spatial transcriptomics data with transfer learning,10.1038/s42003-023-05640-1,2024,PMC10771471,literature_search,no link
Human Squamous Cell Carcinoma Visium,Visium (Spatial Transcriptomics),spatial transcriptomics,human,squamous cell carcinoma tissue,squamous cell carcinoma,2,,reused,STEM enables mapping of single-cell and spatial transcriptomics data with transfer learning,10.1038/s42003-023-05640-1,2024,PMC10771471,literature_search,no link
Mouse Liver Visium,Visium,spatial transcriptomics,mouse,liver,healthy,4,,reused,STEM enables mapping of single-cell and spatial transcriptomics data with transfer learning,10.1038/s42003-023-05640-1,2024,PMC10771471,literature_search,no link
Human HeLa cell line 4i dataset,4i (iterative indirect immunofluorescence imaging),spatial proteomics,Human,HeLa cell line,Healthy,13,https://squidpy.readthedocs.io/en/stable/,reused,SOTIP is a versatile method for microenvironment modeling with spatial omics data,10.1038/s41467-022-34867-5,2022,PMC9705407,literature_search,yes (http 200)
Mouse brain cortex osmFISH dataset,osmFISH (cyclic-ouroboros single-molecule fluorescence in situ hybridization),spatial transcriptomics,Mouse,Brain cortex (somatosensory cortex),Healthy,,http://linnarssonlab.org/osmFISH,reused,SOTIP is a versatile method for microenvironment modeling with spatial omics data,10.1038/s41467-022-34867-5,2022,PMC9705407,literature_search,yes (http 200)
Mouse brain cortex seqFISH+ dataset,seqFISH+,spatial transcriptomics,Mouse,Brain cortex,Healthy,,https://github.com/CaiGroup/seqFISH-PLUS,reused,SOTIP is a versatile method for microenvironment modeling with spatial omics data,10.1038/s41467-022-34867-5,2022,PMC9705407,literature_search,yes (http 200)
Zebrafish melanoma Visium dataset,10x Visium,spatial transcriptomics,Zebrafish,Melanoma model,Melanoma,,GSE159709,reused,SOTIP is a versatile method for microenvironment modeling with spatial omics data,10.1038/s41467-022-34867-5,2022,PMC9705407,literature_search,yes (GEO record GSE159709)
Human brain cortex SpatialLIBD Visium dataset,10x Visium,spatial transcriptomics,Human,Dorsolateral prefrontal cortex,Healthy,12,http://research.libd.org/spatialLIBD/,reused,SOTIP is a versatile method for microenvironment modeling with spatial omics data,10.1038/s41467-022-34867-5,2022,PMC9705407,literature_search,yes (http 200)
Human colorectal carcinoma scMEP dataset,scMEP (spatial proteomics),,Human,Colorectal carcinoma and healthy controls,Colorectal carcinoma and healthy,4,https://zenodo.org/record/3951613,reused,SOTIP is a versatile method for microenvironment modeling with spatial omics data,10.1038/s41467-022-34867-5,2022,PMC9705407,literature_search,"yes (zenodo record, 7 files)"
Human triple negative breast cancer MIBI dataset,MIBI-TOF,spatial proteomics,Human,Triple-negative breast cancer,Triple negative breast cancer,41,https://mibi-share.ionpath.com/,reused,SOTIP is a versatile method for microenvironment modeling with spatial omics data,10.1038/s41467-022-34867-5,2022,PMC9705407,literature_search,"no (link is a site root, not a dataset)"
TOF-SIMS liver dataset,TOF-SIMS / SEAM (spatial single nuclear metabolomics),,Mouse,Liver,Liver fibrosis and healthy,2,https://github.com/yuanzhiyuan/SEAM/tree/master/SEAM/data/raw_tar,reused,SOTIP is a versatile method for microenvironment modeling with spatial omics data,10.1038/s41467-022-34867-5,2022,PMC9705407,literature_search,yes (http 200)
Dorsolateral Prefrontal Cortex (DLPFC) dataset,Spatial transcriptomics,,Human,Dorsolateral prefrontal cortex,normal,,http://research.libd.org/globus,reused,Spatially aligned graph transfer learning for characterizing spatial regulatory heterogeneity,10.1093/bib/bbaf021,2025,PMC11752617,literature_search,yes (http 200)
10X Visium mouse brain coronal data,10X Visium,spatial transcriptomics,Mouse,Brain,normal,,https://www.10xgenomics.com/resources/datasets/,reused,Spatially aligned graph transfer learning for characterizing spatial regulatory heterogeneity,10.1093/bib/bbaf021,2025,PMC11752617,literature_search,yes (http 200)
Slide-seqV2 mouse cerebellar data,Slide-seqV2,spatial transcriptomics,Mouse,Cerebellum,normal,,https://singlecell.broadinstitute.org/single_cell/study/SCP948,reused,Spatially aligned graph transfer learning for characterizing spatial regulatory heterogeneity,10.1093/bib/bbaf021,2025,PMC11752617,literature_search,yes (http 200)
Stereo-seq Drosophila embryo and larval datasets,Stereo-seq,spatial transcriptomics,Drosophila melanogaster,Embryo and larva,normal,,https://db.cngb.org/stomics/flysta3d/,reused,Spatially aligned graph transfer learning for characterizing spatial regulatory heterogeneity,10.1093/bib/bbaf021,2025,PMC11752617,literature_search,yes (http 200)
Human Dorsolateral Prefrontal Cortex (DLPFC) datasets,10x Visium,spatial transcriptomics,Human,Dorsolateral prefrontal cortex,,12,http://spatial.libd.org/spatialLIBD,reused,Multi-modal domain adaptation for revealing spatial functional landscape from spatially resolved transcriptomics,10.1093/bib/bbae257,2024,PMC11141295,literature_search,no (http 404)
Pancreatic ductal adenocarcinoma (PDAC) tissue slice,10x Visium,spatial transcriptomics,Human,Pancreas,Pancreatic ductal adenocarcinoma,1,,reused,Multi-modal domain adaptation for revealing spatial functional landscape from spatially resolved transcriptomics,10.1093/bib/bbae257,2024,PMC11141295,literature_search,no link
Mouse embryo slice,Stereo-seq,spatial transcriptomics,Mouse,Embryo,,1,https://github.com/JinmiaoChenLab/SEDR_analyses,reused,Multi-modal domain adaptation for revealing spatial functional landscape from spatially resolved transcriptomics,10.1093/bib/bbae257,2024,PMC11141295,literature_search,yes (http 200)
Human embryo slice,10x Visium,spatial transcriptomics,Human,Embryo,,1,,reused,Multi-modal domain adaptation for revealing spatial functional landscape from spatially resolved transcriptomics,10.1093/bib/bbae257,2024,PMC11141295,literature_search,no link
Mouse olfactory bulb dataset,Slide-seqV2,spatial transcriptomics,Mouse,Olfactory bulb,,1,https://singlecell.broadinstitute.org/single_cell/study/SCP815,reused,Multi-modal domain adaptation for revealing spatial functional landscape from spatially resolved transcriptomics,10.1093/bib/bbae257,2024,PMC11141295,literature_search,yes (http 200)
Mouse hippocampus dataset,Slide-seqV2,spatial transcriptomics,Mouse,Hippocampus,,1,,reused,Multi-modal domain adaptation for revealing spatial functional landscape from spatially resolved transcriptomics,10.1093/bib/bbae257,2024,PMC11141295,literature_search,no link
Human Dorsolateral Prefrontal Cortex (DLPFC) dataset,10x Visium,spatial transcriptomics,Human,Dorsolateral prefrontal cortex,,12,,reused,stHGC: a self-supervised graph representation learning for spatial domain recognition with hybrid graph and spatial regularization,10.1093/bib/bbae666,2025,PMC11663487,literature_search,no link
Mouse olfactory bulb dataset (Stereo-seq),Stereo-seq,spatial transcriptomics,Mouse,Olfactory bulb,,1,,reused,stHGC: a self-supervised graph representation learning for spatial domain recognition with hybrid graph and spatial regularization,10.1093/bib/bbae666,2025,PMC11663487,literature_search,no link
Mouse olfactory bulb dataset (Slide-seqV2),Slide-seqV2,spatial transcriptomics,Mouse,Olfactory bulb,,1,,reused,stHGC: a self-supervised graph representation learning for spatial domain recognition with hybrid graph and spatial regularization,10.1093/bib/bbae666,2025,PMC11663487,literature_search,no link
Human breast cancer (HBC) dataset,10x Visium,spatial transcriptomics,Human,Breast cancer tissue,Breast cancer,1,,reused,stHGC: a self-supervised graph representation learning for spatial domain recognition with hybrid graph and spatial regularization,10.1093/bib/bbae666,2025,PMC11663487,literature_search,no link
Human bronchial adenoma (BA) dataset,10x Visium,spatial transcriptomics,Human,Bronchial adenoma tissue,Bronchiolar adenoma,1,,reused,stHGC: a self-supervised graph representation learning for spatial domain recognition with hybrid graph and spatial regularization,10.1093/bib/bbae666,2025,PMC11663487,literature_search,no link
Zebrafish melanoma spatial transcriptomics,10x Visium,spatial transcriptomics,Zebrafish,Skin / Melanoma,Melanoma,3,GSE159709,reused,STMiner: Gene-centric spatial transcriptomics for deciphering tumor tissues,10.1016/j.xgen.2025.100771,2025,PMC11872602,literature_search,yes (GEO record GSE159709)
Mouse brain spatial transcriptomics,,,Mouse,Brain,Healthy,,GSE240715,reused,STMiner: Gene-centric spatial transcriptomics for deciphering tumor tissues,10.1016/j.xgen.2025.100771,2025,PMC11872602,literature_search,yes (GEO record GSE240715)
"Tumor spatial transcriptomics (human, mouse, rat)",,,"Human, mouse, rat","Tumors (heart, brain, lung, muscle, colon)",Tumor,,GSE211895,reused,STMiner: Gene-centric spatial transcriptomics for deciphering tumor tissues,10.1016/j.xgen.2025.100771,2025,PMC11872602,literature_search,yes (GEO record GSE211895)
Human spatial transcriptomics,,,Human,,Tumor,,GSE184510,reused,STMiner: Gene-centric spatial transcriptomics for deciphering tumor tissues,10.1016/j.xgen.2025.100771,2025,PMC11872602,literature_search,yes (GEO record GSE184510)
Pediatric and adult malignant gliomas spatial transcriptomics,,,Human,Brain / Glioma,Malignant glioma,,GSE194329,reused,STMiner: Gene-centric spatial transcriptomics for deciphering tumor tissues,10.1016/j.xgen.2025.100771,2025,PMC11872602,literature_search,yes (GEO record GSE194329)
Human primary liver cancer spatial transcriptomics,,,Human,Liver,Primary liver cancer,10,HRA000437,reused,STMiner: Gene-centric spatial transcriptomics for deciphering tumor tissues,10.1016/j.xgen.2025.100771,2025,PMC11872602,literature_search,yes (http 200)
Axolotl brain spatial transcriptomics,Stereo-seq,spatial transcriptomics,Axolotl,Brain,Regeneration,,CNP0002068,reused,STMiner: Gene-centric spatial transcriptomics for deciphering tumor tissues,10.1016/j.xgen.2025.100771,2025,PMC11872602,literature_search,yes (http 200)
MERFISH dataset,MERFISH,spatial transcriptomics,,Hypothalamic preoptic region,,,,reused,STMiner: Gene-centric spatial transcriptomics for deciphering tumor tissues,10.1016/j.xgen.2025.100771,2025,PMC11872602,literature_search,no link
Mouse pluripotent embryonic stem cell hyper LOPIT dataset (E14TG2a),"hyper LOPIT (TMT 10-plex, SPS-MS3)",,Mouse,Embryonic stem cells,pluripotent,2,,reused,A Bayesian mixture modelling approach for spatial proteomics,10.1371/journal.pcbi.1006516,2018,PMC6258510,literature_search,no link
Drosophila organelle mapping dataset,LOPIT (iTRAQ 4-plex),,Drosophila melanogaster,,healthy,,,reused,A Bayesian mixture modelling approach for spatial proteomics,10.1371/journal.pcbi.1006516,2018,PMC6258510,literature_search,no link
Chicken DT40 lymphocyte organelle proteome dataset,LOPIT (iTRAQ 4-plex),,Chicken,Lymphocytes (DT40 cell line),healthy,,,reused,A Bayesian mixture modelling approach for spatial proteomics,10.1371/journal.pcbi.1006516,2018,PMC6258510,literature_search,no link
Mouse pluripotent embryonic stem cells LOPIT dataset (iTRAQ 8-plex),LOPIT (iTRAQ 8-plex),,Mouse,Pluripotent embryonic stem cells,healthy,,,reused,A Bayesian mixture modelling approach for spatial proteomics,10.1371/journal.pcbi.1006516,2018,PMC6258510,literature_search,no link
Human bone osteosarcoma epithelial (U2-OS) cell line dataset,hyper LOPIT (TMT 10-plex),,Human,U2-OS cell line,healthy,,,reused,A Bayesian mixture modelling approach for spatial proteomics,10.1371/journal.pcbi.1006516,2018,PMC6258510,literature_search,no link
HeLa cell line differential centrifugation dataset,Differential centrifugation (SILAC),,Human,HeLa cell line,healthy,,,reused,A Bayesian mixture modelling approach for spatial proteomics,10.1371/journal.pcbi.1006516,2018,PMC6258510,literature_search,no link
HeLa wild type cell line dataset,Differential centrifugation (SILAC),,Human,HeLa cell line,wild type control,,,reused,A Bayesian mixture modelling approach for spatial proteomics,10.1371/journal.pcbi.1006516,2018,PMC6258510,literature_search,no link
HeLa AP5Z1-KO1 knockout cell line dataset,Differential centrifugation (SILAC),,Human,HeLa cell line,CRISPR-CAS9 knockout (AP5Z1-KO1),,,reused,A Bayesian mixture modelling approach for spatial proteomics,10.1371/journal.pcbi.1006516,2018,PMC6258510,literature_search,no link
HeLa AP5Z1-KO2 knockout cell line dataset,Differential centrifugation (SILAC),,Human,HeLa cell line,CRISPR-CAS9 knockout (AP5Z1-KO2),,,reused,A Bayesian mixture modelling approach for spatial proteomics,10.1371/journal.pcbi.1006516,2018,PMC6258510,literature_search,no link
Primary fibroblast spatio-temporal proteomics datasets during HCMV infection and mock control,TMT-based MS quantification,,Human,Primary fibroblasts,"Human cytomegalovirus (HCMV) infection / mock control (24, 48, 72, 96, 120 hpi)",10,,reused,A Bayesian mixture modelling approach for spatial proteomics,10.1371/journal.pcbi.1006516,2018,PMC6258510,literature_search,no link
seqFISH mouse organogenesis dataset,seqFISH,spatial transcriptomics,mouse,organogenesis,,,,reused,Reliable imputation of spatial transcriptomes with uncertainty estimation and spatial regularization,10.1016/j.patter.2024.101021,2024,PMC11368697,literature_search,no link
osmFISH AllenVISp dataset,osmFISH,spatial transcriptomics,mouse,brain,,,,reused,Reliable imputation of spatial transcriptomes with uncertainty estimation and spatial regularization,10.1016/j.patter.2024.101021,2024,PMC11368697,literature_search,no link
STARmap AllenVISp dataset,STARmap,spatial transcriptomics,mouse,brain,,,,reused,Reliable imputation of spatial transcriptomes with uncertainty estimation and spatial regularization,10.1016/j.patter.2024.101021,2024,PMC11368697,literature_search,no link
MERFISH Moffit dataset,MERFISH,spatial transcriptomics,,,,,,reused,Reliable imputation of spatial transcriptomes with uncertainty estimation and spatial regularization,10.1016/j.patter.2024.101021,2024,PMC11368697,literature_search,no link
Visium mouse liver c1 sample,Visium,spatial transcriptomics,mouse,liver,,1,,reused,Reliable imputation of spatial transcriptomes with uncertainty estimation and spatial regularization,10.1016/j.patter.2024.101021,2024,PMC11368697,literature_search,no link
Visium human intestine A1 sample,Visium,spatial transcriptomics,human,intestine,,1,,reused,Reliable imputation of spatial transcriptomes with uncertainty estimation and spatial regularization,10.1016/j.patter.2024.101021,2024,PMC11368697,literature_search,no link
Visium human breast cancer sample 1142243F,Visium,spatial transcriptomics,human,breast cancer,,1,,reused,Reliable imputation of spatial transcriptomes with uncertainty estimation and spatial regularization,10.1016/j.patter.2024.101021,2024,PMC11368697,literature_search,no link
Visium human melanoma dataset,Visium,spatial transcriptomics,human,skin/melanoma,cutaneous malignant melanoma,,,reused,Reliable imputation of spatial transcriptomes with uncertainty estimation and spatial regularization,10.1016/j.patter.2024.101021,2024,PMC11368697,literature_search,no link
Day 14 Chicken Heart dataset,,,chicken,heart,,,,reused,Reliable imputation of spatial transcriptomes with uncertainty estimation and spatial regularization,10.1016/j.patter.2024.101021,2024,PMC11368697,literature_search,no link
Developing Mouse Brain Atlas dataset,,,mouse,brain,,,,reused,Reliable imputation of spatial transcriptomes with uncertainty estimation and spatial regularization,10.1016/j.patter.2024.101021,2024,PMC11368697,literature_search,no link
High-grade serous carcinoma ovarian cancer dataset,Vectra-Polaris multi-spectral immunohistochemistry (IHC),,,tumor region,high-grade serous carcinoma (HGSOC),128,http://juliawrobel.com/MI_tutorial/MI_Data.html,reused,A Spatial Omnibus Test (SPOT) for Spatial Proteomic Data,10.1093/bioinformatics/btae425,2024,PMC11257711,literature_search,unverified (unreachable during check: URLError)
Non-small cell lung cancer dataset,multiplexed immunohistochemistry (mIHC),,,tumor,non-small cell lung cancer,153,http://juliawrobel.com/MI_tutorial/MI_Data.html,reused,A Spatial Omnibus Test (SPOT) for Spatial Proteomic Data,10.1093/bioinformatics/btae425,2024,PMC11257711,literature_search,unverified (unreachable during check: URLError)
human dorsolateral prefrontal cortex dataset,10x Visium,spatial transcriptomics,human,dorsolateral prefrontal cortex,healthy,12,,reused,Deciphering spatial domains from spatially resolved transcriptomics with an adaptive graph attention auto-encoder,10.1038/s41467-022-29439-6,2022,PMC8976049,literature_search,no link
Slide-seqV2 mouse hippocampus dataset,Slide-seqV2,spatial transcriptomics,mouse,hippocampus,healthy,,,reused,Deciphering spatial domains from spatially resolved transcriptomics with an adaptive graph attention auto-encoder,10.1038/s41467-022-29439-6,2022,PMC8976049,literature_search,no link
Slide-seq mouse hippocampus dataset,Slide-seq,spatial transcriptomics,mouse,hippocampus,healthy,,,reused,Deciphering spatial domains from spatially resolved transcriptomics with an adaptive graph attention auto-encoder,10.1038/s41467-022-29439-6,2022,PMC8976049,literature_search,no link
10x Visium mouse hippocampus dataset,10x Visium,spatial transcriptomics,mouse,hippocampus,healthy,,,reused,Deciphering spatial domains from spatially resolved transcriptomics with an adaptive graph attention auto-encoder,10.1038/s41467-022-29439-6,2022,PMC8976049,literature_search,no link
Stereo-seq mouse olfactory bulb dataset,Stereo-seq,spatial transcriptomics,mouse,olfactory bulb,healthy,,,reused,Deciphering spatial domains from spatially resolved transcriptomics with an adaptive graph attention auto-encoder,10.1038/s41467-022-29439-6,2022,PMC8976049,literature_search,no link
Slide-seqV2 mouse olfactory bulb dataset,Slide-seqV2,spatial transcriptomics,mouse,olfactory bulb,healthy,,,reused,Deciphering spatial domains from spatially resolved transcriptomics with an adaptive graph attention auto-encoder,10.1038/s41467-022-29439-6,2022,PMC8976049,literature_search,no link
10x Visium coronal mouse brain dataset,10x Visium,spatial transcriptomics,mouse,brain,healthy,,,reused,Deciphering spatial domains from spatially resolved transcriptomics with an adaptive graph attention auto-encoder,10.1038/s41467-022-29439-6,2022,PMC8976049,literature_search,no link
10x Visium mouse posterior brain dataset,10x Visium,spatial transcriptomics,mouse,posterior brain,healthy,,,reused,Deciphering spatial domains from spatially resolved transcriptomics with an adaptive graph attention auto-encoder,10.1038/s41467-022-29439-6,2022,PMC8976049,literature_search,no link
Slide-seq pseudo-3D hippocampus dataset,Slide-seq,spatial transcriptomics,mouse,hippocampus,healthy,7,,reused,Deciphering spatial domains from spatially resolved transcriptomics with an adaptive graph attention auto-encoder,10.1038/s41467-022-29439-6,2022,PMC8976049,literature_search,no link
STARMAP single-cell resolution dataset,STARMAP,spatial transcriptomics,,,healthy,,,reused,Deciphering spatial domains from spatially resolved transcriptomics with an adaptive graph attention auto-encoder,10.1038/s41467-022-29439-6,2022,PMC8976049,literature_search,no link
CK-p25 mouse coronal brain dataset,10x Genomics Visium Spatial Proteogenomics (SPG),spatial transcriptomics,Mouse,Coronal brain,,,https://www.10xgenomics.com/resources/datasets/,reused,Spatial domain detection using contrastive self-supervised learning for spatial multi-omics technologies,10.1101/2024.02.02.578662,2024,PMC10862910,literature_search,yes (http 200)
Visium SPG human dorsolateral prefrontal cortex (DLPFC) dataset,10x Genomics Visium Spatial Proteogenomics (SPG),spatial transcriptomics,Human,Dorsolateral prefrontal cortex (brain),Neurotypical,4,https://www.10xgenomics.com/resources/datasets/,reused,Spatial domain detection using contrastive self-supervised learning for spatial multi-omics technologies,10.1101/2024.02.02.578662,2024,PMC10862910,literature_search,yes (http 200)
Visium SPG human inferior temporal cortex dataset,10x Genomics Visium Spatial Proteogenomics (SPG),spatial transcriptomics,Human,Inferior temporal cortex (brain),Late-stage Alzheimer’s disease (AD),,https://www.10xgenomics.com/resources/datasets/,reused,Spatial domain detection using contrastive self-supervised learning for spatial multi-omics technologies,10.1101/2024.02.02.578662,2024,PMC10862910,literature_search,yes (http 200)
Visium human DLPFC H&E dataset,10x Genomics Visium Spatial platform,spatial transcriptomics,Human,Dorsolateral prefrontal cortex (brain),,12,https://www.10xgenomics.com/resources/datasets/,reused,Spatial domain detection using contrastive self-supervised learning for spatial multi-omics technologies,10.1101/2024.02.02.578662,2024,PMC10862910,literature_search,yes (http 200)
Vizgen pretraining dataset,Vizgen,,,,,,https://info.vizgen.com/ffpe-showcase,reused,AIDO.Tissue: Spatial Cell-Guided Pretraining for Scalable Spatial Transcriptomics Foundation Model,10.1101/2025.07.04.663102,2025,bio_eb450adc6f25,literature_search,yes (http 200)
Nanostring pretraining dataset,Nanostring,,,,,,https://nanostring.com/resources,reused,AIDO.Tissue: Spatial Cell-Guided Pretraining for Scalable Spatial Transcriptomics Foundation Model,10.1101/2025.07.04.663102,2025,bio_eb450adc6f25,literature_search,yes (http 200)
10x Genomics pretraining dataset,10xgenomics,,,,,,https://www.10xgenomics.com/datasets,reused,AIDO.Tissue: Spatial Cell-Guided Pretraining for Scalable Spatial Transcriptomics Foundation Model,10.1101/2025.07.04.663102,2025,bio_eb450adc6f25,literature_search,yes (http 200)
CosMx human liver dataset,CosMx,spatial transcriptomics,human,liver,,,,reused,AIDO.Tissue: Spatial Cell-Guided Pretraining for Scalable Spatial Transcriptomics Foundation Model,10.1101/2025.07.04.663102,2025,bio_eb450adc6f25,literature_search,no link
Xenium human lung dataset,Xenium,spatial transcriptomics,human,lung,,,https://www.10xgenomics.com/datasets,reused,AIDO.Tissue: Spatial Cell-Guided Pretraining for Scalable Spatial Transcriptomics Foundation Model,10.1101/2025.07.04.663102,2025,bio_eb450adc6f25,literature_search,yes (http 200)
"RaviGBM GBM dataset (UKF243_T_ST, etc.)",10x Visium,spatial transcriptomics,human,brain,glioblastoma,18,https://datadryad.org/dataset/10.5061/dryad.h70rxwdmj,reused,LSGI: interpretable spatial gradient analysis for spatial transcriptomics data,10.1186/s13059-025-03716-1,2025,PMC12333196,literature_search,no (http 404)
seqFISH mouse embryo dataset (embryo1),seqFISH,spatial transcriptomics,mouse,embryo / spinal cord,healthy (development),1,https://marionilab.cruk.cam.ac.uk/SpatialMouseAtlas/,reused,LSGI: interpretable spatial gradient analysis for spatial transcriptomics data,10.1186/s13059-025-03716-1,2025,PMC12333196,literature_search,unverified (unreachable during check: http 503)
Barkley2022 datasets,Spatial transcriptomics (early version) / 10x Visium,spatial transcriptomics,human,"various (breast, GIST, liver, ovary, pancreas, uterus)","various (breast cancer, gastrointestinal stromal tumor, liver hepatocellular carcinoma, ovarian cancer, pancreatic ductal adenocarcinoma, uterine corpus endometrial carcinoma)",10,,reused,LSGI: interpretable spatial gradient analysis for spatial transcriptomics data,10.1186/s13059-025-03716-1,2025,PMC12333196,literature_search,no link
Bergenstrahle2021 datasets,Spatial transcriptomics / ST,spatial transcriptomics,human,intestine / skin,"various (intestine cancer, squamous cell carcinoma)",8,,reused,LSGI: interpretable spatial gradient analysis for spatial transcriptomics data,10.1186/s13059-025-03716-1,2025,PMC12333196,literature_search,no link
Berglund2018 datasets,Spatial transcriptomics,,human,prostate,prostate cancer,14,,reused,LSGI: interpretable spatial gradient analysis for spatial transcriptomics data,10.1186/s13059-025-03716-1,2025,PMC12333196,literature_search,no link
WuPLC datasets,Spatial transcriptomics,,human,liver,primary liver carcinoma,7,https://ngdc.cncb.ac.cn/gsa-human/browse/HRA000437,reused,LSGI: interpretable spatial gradient analysis for spatial transcriptomics data,10.1186/s13059-025-03716-1,2025,PMC12333196,literature_search,yes (http 200)
Gouin2021 datasets,Spatial transcriptomics,,human,bladder,bladder cancer,4,,reused,LSGI: interpretable spatial gradient analysis for spatial transcriptomics data,10.1186/s13059-025-03716-1,2025,PMC12333196,literature_search,no link
Gracia2021 datasets,Spatial transcriptomics,,human,ovary,ovarian cancer,4,,reused,LSGI: interpretable spatial gradient analysis for spatial transcriptomics data,10.1186/s13059-025-03716-1,2025,PMC12333196,literature_search,no link
Ji2020 datasets,Spatial transcriptomics,,human,various,squamous cell carcinoma and other cancers,16,,reused,LSGI: interpretable spatial gradient analysis for spatial transcriptomics data,10.1186/s13059-025-03716-1,2025,PMC12333196,literature_search,no link
tenx datasets (from Ji2020 study collection),10x Visium,spatial transcriptomics,human,various,"various cancers (BRCA, CERVC, IC, OVCA, PACC, ProsC)",6,,reused,LSGI: interpretable spatial gradient analysis for spatial transcriptomics data,10.1186/s13059-025-03716-1,2025,PMC12333196,literature_search,no link
Visium human heart dataset,10x Visium,spatial transcriptomics,human,heart,healthy,1,https://www.10xgenomics.com/resources/datasets/human-heart-1-standard-1-1-0,reused,Integrating spatial and single-cell transcriptomics data using deep generative models with SpatialScope,10.1038/s41467-023-43629-w,2023,PMC10687049,literature_search,yes (http 200)
Visium mouse brain cortex dataset,10x Visium,spatial transcriptomics,mouse,brain cortex,healthy,2,,reused,Integrating spatial and single-cell transcriptomics data using deep generative models with SpatialScope,10.1038/s41467-023-43629-w,2023,PMC10687049,literature_search,no link
Slide-seq v2 mouse cerebellum dataset,Slide-seq V2,spatial transcriptomics,mouse,cerebellum,healthy,1,,reused,Integrating spatial and single-cell transcriptomics data using deep generative models with SpatialScope,10.1038/s41467-023-43629-w,2023,PMC10687049,literature_search,no link
MERFISH MOp dataset,MERFISH,spatial transcriptomics,mouse,primary motor cortex,healthy,1,https://cellxgene.cziscience.com/collections/31937775-0602-4e52-a799-b6acdd2bac2e,reused,Integrating spatial and single-cell transcriptomics data using deep generative models with SpatialScope,10.1038/s41467-023-43629-w,2023,PMC10687049,literature_search,yes (http 200)
CoNSep benchmarking dataset,H&E histology imaging,,human,colorectal adenocarcinoma / histology,healthy,,,reused,Integrating spatial and single-cell transcriptomics data using deep generative models with SpatialScope,10.1038/s41467-023-43629-w,2023,PMC10687049,literature_search,no link
Kumar benchmarking dataset,H&E histology imaging,,human,various tissues,healthy,,,reused,Integrating spatial and single-cell transcriptomics data using deep generative models with SpatialScope,10.1038/s41467-023-43629-w,2023,PMC10687049,literature_search,no link
STARmap PLUS Hippocampus 3D dataset (Dataset 5),STARmap PLUS,spatial transcriptomics,mouse,cortical and hippocampal regions,healthy,2,https://singlecell.broadinstitute.org/single_cell/study/SCP1375,reused,Integrating spatial and single-cell transcriptomics data using deep generative models with SpatialScope,10.1038/s41467-023-43629-w,2023,PMC10687049,literature_search,yes (http 200)
Allen ISH dataset,In situ hybridization (ISH),,mouse,brain,healthy,,,reused,Integrating spatial and single-cell transcriptomics data using deep generative models with SpatialScope,10.1038/s41467-023-43629-w,2023,PMC10687049,literature_search,no link
Human HER2-positive breast cancer dataset,10X Genomics platform,,human,breast,breast cancer,32,https://github.com/almaan/her2st/,reused,THItoGene: a deep learning method for predicting spatial transcriptomics from histological images,10.1093/bib/bbad464,2024,PMC10749789,literature_search,yes (http 200)
Human cutaneous squamous cell carcinoma dataset,10X Genomics platform,,human,skin,cutaneous squamous cell carcinoma,12,GSE144240,reused,THItoGene: a deep learning method for predicting spatial transcriptomics from histological images,10.1093/bib/bbad464,2024,PMC10749789,literature_search,yes (GEO record GSE144240)
Human dorsolateral prefrontal cortex dataset,10x Visium technology,spatial transcriptomics,human,dorsolateral prefrontal cortex,healthy,12,http://research.libd.org/spatialLIBD/,reused,THItoGene: a deep learning method for predicting spatial transcriptomics from histological images,10.1093/bib/bbad464,2024,PMC10749789,literature_search,yes (http 200)
"Mouse olfactory bulb spatial transcriptomics dataset (Replicates 5, 11, and 12)",Spatial transcriptomics through spatial barcoding,,mouse,olfactory bulb,healthy,3,https://www.spatialresearch.org/,reused,stAPAminer: Mining Spatial Patterns of Alternative Polyadenylation for Spatially Resolved Transcriptomic Studies,10.1016/j.gpb.2023.01.003,2023,PMC10787175,literature_search,"no (link is a site root, not a dataset)"
10x Visium mouse olfactory bulb dataset,10x Visium,spatial transcriptomics,mouse,olfactory bulb,healthy,,GSM4656181,reused,STForte: tissue context-specific encoding and consistency-aware spatial imputation for spatially resolved transcriptomics,10.1093/bib/bbaf174,2025,PMC12009714,literature_search,yes (GEO record GSM4656181)
Stereo-seq mouse olfactory bulb dataset,Stereo-seq,spatial transcriptomics,mouse,olfactory bulb,healthy,,https://github.com/JinmiaoChenLab/SEDR_analyses/tree/master/data,reused,STForte: tissue context-specific encoding and consistency-aware spatial imputation for spatially resolved transcriptomics,10.1093/bib/bbaf174,2025,PMC12009714,literature_search,yes (http 200)
10x Visium FFPE prostate adenocarcinoma dataset,10x Visium,spatial transcriptomics,human,prostate,prostate adenocarcinoma with invasive carcinoma,1,https://www.10xgenomics.com/datasets/human-prostate-cancer-adenocarcinoma-with-invasive-carcinoma-ffpe-1-standard-1-3-0,reused,STForte: tissue context-specific encoding and consistency-aware spatial imputation for spatially resolved transcriptomics,10.1093/bib/bbaf174,2025,PMC12009714,literature_search,yes (http 200)
Human OSCC dataset,10x Visium,spatial transcriptomics,human,oral squamous cell carcinoma tissue,oral squamous cell carcinoma,12,GSE208253,reused,STForte: tissue context-specific encoding and consistency-aware spatial imputation for spatially resolved transcriptomics,10.1093/bib/bbaf174,2025,PMC12009714,literature_search,yes (GEO record GSE208253)
Human dorsal lateral prefrontal cortex (DLPFC) dataset,10x Visium,spatial transcriptomics,human,dorsolateral prefrontal cortex,healthy,12,https://research.libd.org/spatialLIBD/,reused,STForte: tissue context-specific encoding and consistency-aware spatial imputation for spatially resolved transcriptomics,10.1093/bib/bbaf174,2025,PMC12009714,literature_search,yes (http 200)
10x Xenium mouse coronal brain dataset,10x Xenium,spatial transcriptomics,mouse,brain,healthy,1,https://www.10xgenomics.com/datasets/fresh-frozen-mouse-brain-for-xenium-explorer-demo-1-standard,reused,STForte: tissue context-specific encoding and consistency-aware spatial imputation for spatially resolved transcriptomics,10.1093/bib/bbaf174,2025,PMC12009714,literature_search,yes (http 200)
10x Visium human dorsolateral prefrontal cortex dataset,10x Visium,spatial transcriptomics,human,dorsolateral prefrontal cortex,,,,reused,JADE: Joint Alignment and Deep Embedding for Multi-Slice Spatial Transcriptomics,10.1101/2025.11.21.689823,2025,PMC12699533,literature_search,no link
Stereo-seq axolotl brain dataset,Stereo-seq,spatial transcriptomics,axolotl,brain,,,,reused,JADE: Joint Alignment and Deep Embedding for Multi-Slice Spatial Transcriptomics,10.1101/2025.11.21.689823,2025,PMC12699533,literature_search,no link
Murine Heart xDBiT dataset,xDBiT,spatial transcriptomics,mouse,heart,healthy,2,,generated,Spatial transcriptomics using multiplexed deterministic barcoding in tissue,10.1038/s41467-023-37111-w,2023,PMC10024691,literature_search,no link
Murine Kidney xDBiT dataset,xDBiT,spatial transcriptomics,mouse,kidney,healthy,4,,generated,Spatial transcriptomics using multiplexed deterministic barcoding in tissue,10.1038/s41467-023-37111-w,2023,PMC10024691,literature_search,no link
Murine Liver xDBiT dataset,xDBiT,spatial transcriptomics,mouse,liver,healthy,2,,generated,Spatial transcriptomics using multiplexed deterministic barcoding in tissue,10.1038/s41467-023-37111-w,2023,PMC10024691,literature_search,no link
Murine Spleen xDBiT dataset,xDBiT,spatial transcriptomics,mouse,spleen,healthy,4,,generated,Spatial transcriptomics using multiplexed deterministic barcoding in tissue,10.1038/s41467-023-37111-w,2023,PMC10024691,literature_search,no link
Murine Cerebellum xDBiT dataset,xDBiT,spatial transcriptomics,mouse,cerebellum,healthy,2,,generated,Spatial transcriptomics using multiplexed deterministic barcoding in tissue,10.1038/s41467-023-37111-w,2023,PMC10024691,literature_search,no link
Murine Pancreas xDBiT dataset,xDBiT,spatial transcriptomics,mouse,pancreas,healthy,2,,generated,Spatial transcriptomics using multiplexed deterministic barcoding in tissue,10.1038/s41467-023-37111-w,2023,PMC10024691,literature_search,no link
DBiT-seq mouse embryo E10 and E12 datasets,DBiT-seq,spatial transcriptomics,mouse,embryo,healthy,,GSE137986,reused,Spatial transcriptomics using multiplexed deterministic barcoding in tissue,10.1038/s41467-023-37111-w,2023,PMC10024691,literature_search,yes (GEO record GSE137986)
Mouse brain datasets (10x Genomics),Visium,spatial transcriptomics,mouse,brain,healthy,5,https://support.10xgenomics.com/spatial-gene-expression/datasets/,reused,GNTD: reconstructing spatial transcriptomes with graph-guided neural tensor decomposition informed by spatial and functional relations,10.1038/s41467-023-44017-0,2023,PMC10719260,literature_search,unverified (site blocks automated checks: http 403)
Mouse kidney dataset (10x Genomics),Visium,spatial transcriptomics,mouse,kidney,healthy,1,https://support.10xgenomics.com/spatial-gene-expression/datasets/,reused,GNTD: reconstructing spatial transcriptomes with graph-guided neural tensor decomposition informed by spatial and functional relations,10.1038/s41467-023-44017-0,2023,PMC10719260,literature_search,unverified (site blocks automated checks: http 403)
Human breast cancer datasets (10x Genomics),Visium,spatial transcriptomics,human,breast,cancer,2,https://github.com/JinmiaoChenLab/SEDR_analyses/tree/master/data/BRCA1,reused,GNTD: reconstructing spatial transcriptomes with graph-guided neural tensor decomposition informed by spatial and functional relations,10.1038/s41467-023-44017-0,2023,PMC10719260,literature_search,yes (http 200)
Human heart dataset (10x Genomics),Visium,spatial transcriptomics,human,heart,healthy,1,https://support.10xgenomics.com/spatial-gene-expression/datasets/,reused,GNTD: reconstructing spatial transcriptomes with graph-guided neural tensor decomposition informed by spatial and functional relations,10.1038/s41467-023-44017-0,2023,PMC10719260,literature_search,unverified (site blocks automated checks: http 403)
Human lymph node dataset (10x Genomics),Visium,spatial transcriptomics,human,lymph node,healthy,1,https://support.10xgenomics.com/spatial-gene-expression/datasets/,reused,GNTD: reconstructing spatial transcriptomes with graph-guided neural tensor decomposition informed by spatial and functional relations,10.1038/s41467-023-44017-0,2023,PMC10719260,literature_search,unverified (site blocks automated checks: http 403)
Human dorsolateral prefrontal cortex (DLPFC) sections (spatialLIBD),Visium,spatial transcriptomics,human,dorsolateral prefrontal cortex,healthy,12,http://spatial.libd.org/spatialLIBD/,reused,GNTD: reconstructing spatial transcriptomes with graph-guided neural tensor decomposition informed by spatial and functional relations,10.1038/s41467-023-44017-0,2023,PMC10719260,literature_search,yes (http 200)
Mouse brain coronal hemibrain section (Stereo-seq),Stereo-seq,spatial transcriptomics,mouse,brain,healthy,1,https://db.cngb.org/stomics/mosta/download/,reused,GNTD: reconstructing spatial transcriptomes with graph-guided neural tensor decomposition informed by spatial and functional relations,10.1038/s41467-023-44017-0,2023,PMC10719260,literature_search,yes (http 200)
Mouse olfactory bulb sections (Stereo-seq),Stereo-seq,spatial transcriptomics,mouse,olfactory bulb,healthy,2,https://db.cngb.org/stomics/mosta/download/,reused,GNTD: reconstructing spatial transcriptomes with graph-guided neural tensor decomposition informed by spatial and functional relations,10.1038/s41467-023-44017-0,2023,PMC10719260,literature_search,yes (http 200)
Human dorsolateral pre-frontal cortex (DLPFC) dataset,10X Visium,spatial transcriptomics,human,dorsolateral pre-frontal cortex,healthy,12,https://github.com/LieberInstitute/spatialLIBD,reused,stAA: adversarial graph autoencoder for spatial clustering task of spatially resolved transcriptomics,10.1093/bib/bbad500,2024,PMC10772985,literature_search,yes (http 200)
Mouse hippocampus dataset,Slide-seqV2,spatial transcriptomics,mouse,hippocampus,healthy,,https://singlecell.broadinstitute.org/single_cell/study/SCP354/slide-seq-study,reused,stAA: adversarial graph autoencoder for spatial clustering task of spatially resolved transcriptomics,10.1093/bib/bbad500,2024,PMC10772985,literature_search,yes (http 200)
Mouse olfactory bulb dataset,Slide-seqV2,spatial transcriptomics,mouse,olfactory bulb,healthy,,https://singlecell.broadinstitute.org/single_cell/study/SCP815/highly-sensitive-spatial-transcriptomics-at-near-cellular-resolution-with-slide-seqv2#study-summary,reused,stAA: adversarial graph autoencoder for spatial clustering task of spatially resolved transcriptomics,10.1093/bib/bbad500,2024,PMC10772985,literature_search,yes (http 200)
Mouse embryo E9.5 stage dataset (MOSTA database),Stereo-seq,spatial transcriptomics,mouse,embryo,healthy,5,https://db.cngb.org/stomics/mosta/,reused,stAA: adversarial graph autoencoder for spatial clustering task of spatially resolved transcriptomics,10.1093/bib/bbad500,2024,PMC10772985,literature_search,yes (http 200)
Human breast cancer dataset,10X Visium,spatial transcriptomics,human,breast cancer,breast cancer,,https://www.10xgenomics.com/resources/datasets/human-breast-cancer-block-a-section-1-1-standard-1-1-0,reused,stAA: adversarial graph autoencoder for spatial clustering task of spatially resolved transcriptomics,10.1093/bib/bbad500,2024,PMC10772985,literature_search,yes (http 200)
Mouse visual cortex dataset,STARmap,spatial transcriptomics,mouse,visual cortex,healthy,,https://www.dropbox.com/sh/f7ebheru1lbz91s/AADm6D54GSEFXB1feRy6OSASa/visual_1020/20180505_BY3_1kgenes?dl=0&subfolder_nav_tracking=1,reused,stAA: adversarial graph autoencoder for spatial clustering task of spatially resolved transcriptomics,10.1093/bib/bbad500,2024,PMC10772985,literature_search,yes (http 200)
Liu et al. DBiT-seq Embryo,DBiT-seq,spatial transcriptomics,,embryo,,,https://identifiers.org/geo:GSE137986,reused,Evaluating spatially variable gene detection methods for spatial transcriptomics data,10.1186/s13059-023-03145-y,2024,PMC10789051,literature_search,yes (http 200)
Rodriques et al. Slide-seq,Slide-seq,spatial transcriptomics,,,,,https://singlecell.broadinstitute.org/single_cell/study/SCP354/slide-seq-study,reused,Evaluating spatially variable gene detection methods for spatial transcriptomics data,10.1186/s13059-023-03145-y,2024,PMC10789051,literature_search,yes (http 200)
Stickels et al. Slide-seqV2,Slide-seqV2,spatial transcriptomics,,,,,https://singlecell.broadinstitute.org/single_cell/study/SCP815/highly-sensitive-spatial-transcriptomics-at-near-cellular-resolution-with-slide-seqv2,reused,Evaluating spatially variable gene detection methods for spatial transcriptomics data,10.1186/s13059-023-03145-y,2024,PMC10789051,literature_search,yes (http 200)
Vickovic et al. SM-Omics,SM-Omics,,,,,,https://singlecell.broadinstitute.org/single_cell/study/SCP979/sm-omics-an-automated-platform-for-high-throughput-spatial-multi-omics,reused,Evaluating spatially variable gene detection methods for spatial transcriptomics data,10.1186/s13059-023-03145-y,2024,PMC10789051,literature_search,yes (http 200)
Hunter et al. tumour-microenvironment interface,Visium,spatial transcriptomics,,tumor-microenvironment interface,cancer,,https://www.ncbi.nlm.nih.gov/geo/query/acc.cgi?acc=GSE159709,reused,Evaluating spatially variable gene detection methods for spatial transcriptomics data,10.1186/s13059-023-03145-y,2024,PMC10789051,literature_search,yes (http 200)
Wu et al. human breast cancers,Visium,spatial transcriptomics,human,breast cancer,breast cancer,,https://zenodo.org/records/4739739#.YY6N_pMzaWC,reused,Evaluating spatially variable gene detection methods for spatial transcriptomics data,10.1186/s13059-023-03145-y,2024,PMC10789051,literature_search,"yes (zenodo record, 5 files)"
Ji et al. human squamous cell carcinoma,ST,spatial transcriptomics,human,squamous cell carcinoma,human squamous cell carcinoma,,https://identifiers.org/geo:GSM4284322,reused,Evaluating spatially variable gene detection methods for spatial transcriptomics data,10.1186/s13059-023-03145-y,2024,PMC10789051,literature_search,yes (http 200)
Mouse embryo E9.5,Visium,spatial transcriptomics,mouse,embryo,,,https://10xgenomics.com,reused,Evaluating spatially variable gene detection methods for spatial transcriptomics data,10.1186/s13059-023-03145-y,2024,PMC10789051,literature_search,"no (link is a site root, not a dataset)"
Xenium In Situ Replicate 1 Human Breast,Xenium,spatial transcriptomics,human,breast,breast cancer,1,https://www.10xgenomics.com/products/xenium-in-situ/preview-dataset-human-breast,reused,Impact of Data Quality on Deep Learning Prediction of Spatial Transcriptomics from Histology Images,10.1101/2025.09.04.674228,2025,PMC12439975,literature_search,yes (http 200)
Xenium In Situ Replicate 2 Human Breast,Xenium,spatial transcriptomics,human,breast,breast cancer,1,https://www.10xgenomics.com/products/xenium-in-situ/preview-dataset-human-breast,reused,Impact of Data Quality on Deep Learning Prediction of Spatial Transcriptomics from Histology Images,10.1101/2025.09.04.674228,2025,PMC12439975,literature_search,yes (http 200)
Visium CytAssist Human Breast,Visium,spatial transcriptomics,human,breast,breast cancer,1,https://www.10xgenomics.com/products/xenium-in-situ/preview-dataset-human-breast,reused,Impact of Data Quality on Deep Learning Prediction of Spatial Transcriptomics from Histology Images,10.1101/2025.09.04.674228,2025,PMC12439975,literature_search,yes (http 200)
Mouse main olfactory bulb HDST dataset,High-Definition Spatial Transcriptomics (HDST),spatial transcriptomics,mouse,main olfactory bulb,healthy,3,,generated,High-definition spatial transcriptomics for  in situ  tissue profiling,10.1038/s41592-019-0548-y,2019,PMC6765407,literature_search,no link
Primary breast cancer HDST dataset,High-Definition Spatial Transcriptomics (HDST),spatial transcriptomics,human,breast,breast cancer,,,generated,High-definition spatial transcriptomics for  in situ  tissue profiling,10.1038/s41592-019-0548-y,2019,PMC6765407,literature_search,no link
Mouse brain M1 region single cell and single nucleus data,10x Chromium 3 v2 sequencing,,mouse,brain (M1 region),healthy,,,reused,High-definition spatial transcriptomics for  in situ  tissue profiling,10.1038/s41592-019-0548-y,2019,PMC6765407,literature_search,no link
Triple negative breast cancer single-cell RNA-seq dataset,single-cell RNA-seq,,human,breast cancer,breast cancer,,GSE118389,reused,High-definition spatial transcriptomics for  in situ  tissue profiling,10.1038/s41592-019-0548-y,2019,PMC6765407,literature_search,yes (GEO record GSE118389)
Public bulk RNA-Seq datasets of mouse main olfactory bulb,bulk RNA-Seq,,mouse,main olfactory bulb,healthy,,PRJNA316587,reused,High-definition spatial transcriptomics for  in situ  tissue profiling,10.1038/s41592-019-0548-y,2019,PMC6765407,literature_search,yes (ENA PRJNA316587)
Tumor and para-carcinoma spatial transcriptomics dataset,10x Genomics Visium,spatial transcriptomics,Human,Thyroid,Papillary thyroid cancer,4,https://ngdc.cncb.ac.cn/gsa-human (HRA003726),generated,Spatial and Single‐Cell Transcriptomics Unraveled Spatial Evolution of Papillary Thyroid Cancer,10.1002/advs.202404491,2024,PMC11727256,literature_search,unverified (unreachable during check: InvalidURL)
Human lymph node dataset,CytAssist Visium platform,spatial transcriptomics,human,lymph node,,2,,reused,Unveiling spatial domains from spatial multi-omics data using dual-graph regularized ensemble learning,10.1038/s42003-025-08372-6,2025,PMC12181418,literature_search,no link
Mouse breast cancer dataset,,,mouse,breast cancer tissue,breast cancer,,,reused,Unveiling spatial domains from spatial multi-omics data using dual-graph regularized ensemble learning,10.1038/s42003-025-08372-6,2025,PMC12181418,literature_search,no link
Mouse brain dataset (postnatal day 22),spatial-ATAC-RNA-seq,,mouse,brain,,,,reused,Unveiling spatial domains from spatial multi-omics data using dual-graph regularized ensemble learning,10.1038/s42003-025-08372-6,2025,PMC12181418,literature_search,no link
"10x Visium datasets (Human and Mouse Brain, Human Lymph Node, Human Prostate Cancer)",10x Visium,spatial transcriptomics,Human and Mouse,"Brain, lymph node, prostate cancer",,,https://www.10xgenomics.com/products/spatial-gene-expression,reused,Graph Fourier transform for spatial omics representation and analyses of complex organs,10.21203/rs.3.rs-3952048/v1,2024,PMC10896409,literature_search,yes (http 200)
Slide-DNA-seq data,Slide-DNA-seq,,,,,,https://singlecell.broadinstitute.org/single_cell/study/SCP1278,reused,Graph Fourier transform for spatial omics representation and analyses of complex organs,10.21203/rs.3.rs-3952048/v1,2024,PMC10896409,literature_search,yes (http 200)
Slide-TCR-seq data,Slide-TCR-seq,,,,,,https://singlecell.broadinstitute.org/single_cell/study/SCP1348/slide-tcr-seq-data,reused,Graph Fourier transform for spatial omics representation and analyses of complex organs,10.21203/rs.3.rs-3952048/v1,2024,PMC10896409,literature_search,yes (http 200)
GSM5519054 Visium Mouse Brain data,10x Visium,spatial transcriptomics,Mouse,Brain,,,GSM5519054,reused,Graph Fourier transform for spatial omics representation and analyses of complex organs,10.21203/rs.3.rs-3952048/v1,2024,PMC10896409,literature_search,yes (GEO record GSM5519054)
Human brain datasets (Libd Human Pilot 10x),10x Visium,spatial transcriptomics,Human,Brain (dorsolateral prefrontal cortex),,12,http://research.libd.org/globus/,reused,Graph Fourier transform for spatial omics representation and analyses of complex organs,10.21203/rs.3.rs-3952048/v1,2024,PMC10896409,literature_search,yes (http 200)
Human brain datasets (AD and normal),10x Visium,spatial transcriptomics,Human,Brain (middle temporal gyrus),Alzheimer's disease,6,GSE220442,reused,Graph Fourier transform for spatial omics representation and analyses of complex organs,10.21203/rs.3.rs-3952048/v1,2024,PMC10896409,literature_search,yes (GEO record GSE220442)
Slide-seqV2 datasets,Slide-seqV2,spatial transcriptomics,Mouse,Brain,,2,https://singlecell.broadinstitute.org/single_cell,reused,Graph Fourier transform for spatial omics representation and analyses of complex organs,10.21203/rs.3.rs-3952048/v1,2024,PMC10896409,literature_search,yes (http 200)
MERFISH mouse brain data,MERFISH,spatial transcriptomics,Mouse,Brain,,,https://console.cloud.google.com/marketplace/product/gcp-public-data-vizgen/vizgen-mouse-brain-map?pli=1&project=vizgen-gcp-share,reused,Graph Fourier transform for spatial omics representation and analyses of complex organs,10.21203/rs.3.rs-3952048/v1,2024,PMC10896409,literature_search,yes (http 200)
Xenium human breast dataset,Xenium,spatial transcriptomics,Human,Breast,Cancer,,https://www.10xgenomics.com/products/xenium-in-situ/human-breast-dataset-explorer,reused,Graph Fourier transform for spatial omics representation and analyses of complex organs,10.21203/rs.3.rs-3952048/v1,2024,PMC10896409,literature_search,yes (http 200)
Spatial-CITE-seq data,Spatial-CITE-seq,,,,,,GSE213264,reused,Graph Fourier transform for spatial omics representation and analyses of complex organs,10.21203/rs.3.rs-3952048/v1,2024,PMC10896409,literature_search,yes (GEO record GSE213264)
Spatial epigenome–transcriptome co-profiling data,Spatial epigenome-transcriptome co-profiling,,Mouse,Mouse embryo E13,,,GSE205055,reused,Graph Fourier transform for spatial omics representation and analyses of complex organs,10.21203/rs.3.rs-3952048/v1,2024,PMC10896409,literature_search,yes (GEO record GSE205055)
184A1 cell line 4i datasets,4i,spatial proteomics,,Cell line (184A1),,,https://doi.org/10.5281/zenodo.7299516,reused,Graph Fourier transform for spatial omics representation and analyses of complex organs,10.21203/rs.3.rs-3952048/v1,2024,PMC10896409,literature_search,"yes (zenodo record, 1 files)"
SPOT data,SPOT,,,,,,GSE198353,reused,Graph Fourier transform for spatial omics representation and analyses of complex organs,10.21203/rs.3.rs-3952048/v1,2024,PMC10896409,literature_search,yes (GEO record GSE198353)
CODEX human tonsil data,CODEX,spatial proteomics,Human,Tonsil,,6,https://zenodo.org/records/10433896,generated,Graph Fourier transform for spatial omics representation and analyses of complex organs,10.21203/rs.3.rs-3952048/v1,2024,PMC10896409,literature_search,"yes (zenodo record, 2 files)"
E8.5 mouse embryo seqFISH dataset,seqFISH,spatial transcriptomics,mouse,embryo (brain regions),healthy,3,,reused,A computational pipeline for spatial mechano-transcriptomics,10.1038/s41592-025-02618-1,2025,PMC11978512,literature_search,no link
Mouse ovary MERFISH dataset,MERFISH,spatial transcriptomics,mouse,ovary,,,,reused,Benchmarking sketching methods on spatial transcriptomics data,10.1101/2025.08.26.672376,2025,PMC12407997,literature_search,no link
Human breast cancer 10x Xenium dataset,Xenium,spatial transcriptomics,human,breast,infiltrating ductal carcinoma in situ,,https://www.bioconductor.org/packages/release/data/experiment/html/SubcellularSpatialData.html,reused,Benchmarking sketching methods on spatial transcriptomics data,10.1101/2025.08.26.672376,2025,PMC12407997,literature_search,yes (http 200)
Human lung 10x Xenium dataset,Xenium,spatial transcriptomics,human,lung,fibrotic / healthy,,https://www.10xgenomics.com/datasets/xenium-human-lung-preview-data-1-standard,reused,Benchmarking sketching methods on spatial transcriptomics data,10.1101/2025.08.26.672376,2025,PMC12407997,literature_search,yes (http 200)
Sagittal mouse brain MERFISH dataset,MERFISH,spatial transcriptomics,mouse,brain,,,https://alleninstitute.github.io/abc_atlas_access/notebooks/zhuang_merfish_tutorial.html,reused,Benchmarking sketching methods on spatial transcriptomics data,10.1101/2025.08.26.672376,2025,PMC12407997,literature_search,yes (http 200)
Coronal mouse brain 10x Visium HD dataset,Visium HD,spatial transcriptomics,mouse,brain,,,https://www.10xgenomics.com/datasets/visium-hd-cytassist-gene-expression-libraries-of-mouse-brain-he-v4,reused,Benchmarking sketching methods on spatial transcriptomics data,10.1101/2025.08.26.672376,2025,PMC12407997,literature_search,yes (http 200)
Triple-negative breast cancer MIBI-TOF dataset,MIBI-TOF,spatial proteomics,,breast cancer,triple-negative breast cancer,38,https://doi.org/10.18129/B9.bioc.SpatialDatasets,reused,Kontextual reframes analysis of spatial omics data and reveals consistent cell relationships across images,10.1016/j.crmeth.2025.101175,2025,PMC12570319,literature_search,yes (http 200)
DCIS Xenium image,Xenium,spatial transcriptomics,,breast cancer,breast cancer,,https://doi.org/10.5281/zenodo.16809537,reused,Kontextual reframes analysis of spatial omics data and reveals consistent cell relationships across images,10.1016/j.crmeth.2025.101175,2025,PMC12570319,literature_search,"yes (zenodo record, 2 files)"
Macaque Hypothalamus Spatial Transcriptomics Dataset,spatial transcriptomics,,macaque,hypothalamus (infundibular nucleus and PVN),"healthy (obese and sporadic type 2 diabetic macaques also mentioned for a specific spatial transcriptomics study cited, but for the paper's reviewed/analyzed datasets context varies; null if general)",,,reused,Single-cell and spatial omics: exploring hypothalamic heterogeneity,10.4103/NRR.NRR-D-24-00231,2025,PMC11688568,literature_search,no link
Rat Supraoptic Nucleus Visium Spatial Transcriptomics Dataset,Visium,spatial transcriptomics,rat,supraoptic nucleus of the hypothalamus,healthy,,,reused,Single-cell and spatial omics: exploring hypothalamic heterogeneity,10.4103/NRR.NRR-D-24-00231,2025,PMC11688568,literature_search,no link
Rat Arcuate Nucleus Visium Spatial Transcriptomics Dataset,Visium,spatial transcriptomics,rat,arcuate nucleus of the hypothalamus,healthy,,,reused,Single-cell and spatial omics: exploring hypothalamic heterogeneity,10.4103/NRR.NRR-D-24-00231,2025,PMC11688568,literature_search,no link
Mouse Whole Brain MERFISH Dataset,MERFISH,spatial transcriptomics,mouse,whole brain including hypothalamus,healthy,,,reused,Single-cell and spatial omics: exploring hypothalamic heterogeneity,10.4103/NRR.NRR-D-24-00231,2025,PMC11688568,literature_search,no link
Mouse Hypothalamic Preoptic Region MERFISH Dataset,MERFISH,spatial transcriptomics,mouse,hypothalamic preoptic area,healthy,,,reused,Single-cell and spatial omics: exploring hypothalamic heterogeneity,10.4103/NRR.NRR-D-24-00231,2025,PMC11688568,literature_search,no link
Mouse Lateral Hypothalamus EASI-FISH Dataset,EASI-FISH,,mouse,lateral hypothalamus,healthy,,,reused,Single-cell and spatial omics: exploring hypothalamic heterogeneity,10.4103/NRR.NRR-D-24-00231,2025,PMC11688568,literature_search,no link
Mouse Central Nervous System STARmap PLUS Dataset,STARmap PLUS,spatial transcriptomics,mouse,brain and spinal cord including hypothalamus,healthy,,,reused,Single-cell and spatial omics: exploring hypothalamic heterogeneity,10.4103/NRR.NRR-D-24-00231,2025,PMC11688568,literature_search,no link
Synthetic NSCLC Spatial Proteomics Data,CoxMx SMI (adapted for simulation),,Human,Lung,Non-small-cell lung cancer (NSCLC),,https://nanostring.com/resources/smi-ffpe-dataset-lung13-data,reused,Spatial-DC: a robust deep learning-based method for deconvolution of spatial proteomics,10.1101/2024.12.18.629082,2024,bio_5a92f7326c3f,literature_search,yes (http 200)
Human Palatine Tonsil Spatial Proteomics Data,Spatial CITE-seq (antibody-based spatial proteomics),,Human,Palatine tonsil,Healthy / Normal (Palatine tonsil),,https://zenodo.org/records/8373756,reused,Spatial-DC: a robust deep learning-based method for deconvolution of spatial proteomics,10.1101/2024.12.18.629082,2024,bio_5a92f7326c3f,literature_search,"yes (zenodo record, 8 files)"
Mouse Brain Coronal Spatial Proteomics Data,Micro-scaffold assisted spatial proteomics (MASP) / LC-MS/MS,,Mouse,Brain,Healthy / Normal (Mouse brain),208,,reused,Spatial-DC: a robust deep learning-based method for deconvolution of spatial proteomics,10.1101/2024.12.18.629082,2024,bio_5a92f7326c3f,literature_search,no link
Mouse Pancreatic Cancer (PDAC) Spatial Proteomics Data,Laser microdissection (LMD) coupled with LC-MS/MS,spatial transcriptomics,Mouse,Pancreas,Pancreatic ductal adenocarcinoma (PDAC),108,https://www.iprox.cn/page/SSV024.html;url=17337921146112PmZ,generated,Spatial-DC: a robust deep learning-based method for deconvolution of spatial proteomics,10.1101/2024.12.18.629082,2024,bio_5a92f7326c3f,literature_search,yes (http 200)
Mouse kidney Stereo-seq dataset,Stereo-seq,spatial transcriptomics,Mouse,Kidney,Lupus nephritis (IMQ-treated) and control,10,"PRJNA1099448, GSE265819, GSE264321",generated,Multiscale topology classifies cells in subcellular spatial transcriptomics,10.1038/s41586-024-07563-1,2024,PMC11208150,literature_search,"yes (ENA PRJNA1099448, first of several listed)"
Human kidney Xenium dataset,Xenium,spatial transcriptomics,Human,Kidney,IgA nephropathy (IgAN),1,GSE264334,generated,Multiscale topology classifies cells in subcellular spatial transcriptomics,10.1038/s41586-024-07563-1,2024,PMC11208150,literature_search,yes (GEO record GSE264334)
Mouse brain Stereo-seq dataset,Stereo-seq,spatial transcriptomics,Mouse,Brain,Healthy,,"https://db.cngb.org/stomics/mosta/, SRP135960",reused,Multiscale topology classifies cells in subcellular spatial transcriptomics,10.1038/s41586-024-07563-1,2024,PMC11208150,literature_search,unverified (unreachable during check: InvalidURL)
SPOTS murine spleen,SPOTS,,mouse,spleen,healthy,,GSE198353,reused,INLAomics for Scalable and Interpretable Spatial Multiomic Data Integration,10.1101/2025.05.02.651831,2025,PMC12247973,literature_search,yes (GEO record GSE198353)
10X Genomics human tonsil,Visium,spatial transcriptomics,human,tonsil,healthy,,Visium10x datasets,reused,INLAomics for Scalable and Interpretable Spatial Multiomic Data Integration,10.1101/2025.05.02.651831,2025,PMC12247973,literature_search,"no (free-text description, not a resolvable link)"
SPOTS murine breast cancer,SPOTS,,mouse,breast,breast cancer,,GSE198353,reused,INLAomics for Scalable and Interpretable Spatial Multiomic Data Integration,10.1101/2025.05.02.651831,2025,PMC12247973,literature_search,yes (GEO record GSE198353)
Murine spleen simulation slide,,,mouse,spleen,healthy,,SCP979,reused,INLAomics for Scalable and Interpretable Spatial Multiomic Data Integration,10.1101/2025.05.02.651831,2025,PMC12247973,literature_search,yes (http 200)
MERFISH mouse ileum dataset,MERFISH,spatial transcriptomics,mouse,ileum,,,https://doi.org/10.5061/dryad.jm63xsjb2,reused,BFAST: joint dimension reduction and spatial clustering with Bayesian factor analysis for zero-inflated spatial transcriptomics data,10.1093/bib/bbae594,2024,PMC11570543,literature_search,yes (http 200)
STARmap mouse medial prefrontal cortex dataset,STARmap,spatial transcriptomics,mouse,medial prefrontal cortex (mPFC),,3,https://zhengli09.github.io/BASS-Analysis/STARmap.html,reused,BFAST: joint dimension reduction and spatial clustering with Bayesian factor analysis for zero-inflated spatial transcriptomics data,10.1093/bib/bbae594,2024,PMC11570543,literature_search,yes (http 200)
Stereo-seq human liver cancer dataset,Stereo-seq,spatial transcriptomics,human,liver (tumor invasion areas),liver cancer,2,https://db.cngb.org/search/project/CNP0002199/,reused,BFAST: joint dimension reduction and spatial clustering with Bayesian factor analysis for zero-inflated spatial transcriptomics data,10.1093/bib/bbae594,2024,PMC11570543,literature_search,unverified (unreachable during check: http 502)
Visium Mouse Olfactory Bulb study,Visium,spatial transcriptomics,Mouse,Olfactory bulb,,10,,reused,Adding Highly Variable Genes to Spatially Variable Genes Can Improve Cell Type Clustering Performance in Spatial Transcriptomics Data,10.21203/rs.3.rs-5315913/v1,2024,PMC11537352,literature_search,no link
Visium Ovarian Cancer study,Visium,spatial transcriptomics,Human,Ovary,Ovarian cancer,,,reused,Adding Highly Variable Genes to Spatially Variable Genes Can Improve Cell Type Clustering Performance in Spatial Transcriptomics Data,10.21203/rs.3.rs-5315913/v1,2024,PMC11537352,literature_search,no link
Visium Breast Cancer study,Visium,spatial transcriptomics,Human,Breast,Breast cancer,,,reused,Adding Highly Variable Genes to Spatially Variable Genes Can Improve Cell Type Clustering Performance in Spatial Transcriptomics Data,10.21203/rs.3.rs-5315913/v1,2024,PMC11537352,literature_search,no link
merFISH Mouse Brain Hypothalamic region study,merFISH,spatial transcriptomics,Mouse,Brain (hypothalamic region),,12,,reused,Adding Highly Variable Genes to Spatially Variable Genes Can Improve Cell Type Clustering Performance in Spatial Transcriptomics Data,10.21203/rs.3.rs-5315913/v1,2024,PMC11537352,literature_search,no link
Xenium Human Kidney study,Xenium,spatial transcriptomics,Human,Kidney,,10,,reused,Adding Highly Variable Genes to Spatially Variable Genes Can Improve Cell Type Clustering Performance in Spatial Transcriptomics Data,10.21203/rs.3.rs-5315913/v1,2024,PMC11537352,literature_search,no link
Xenium Mouse Brain Anterior Thalamic Nuclei study,Xenium,spatial transcriptomics,Mouse,Brain (anterior thalamic nuclei),,,,reused,Adding Highly Variable Genes to Spatially Variable Genes Can Improve Cell Type Clustering Performance in Spatial Transcriptomics Data,10.21203/rs.3.rs-5315913/v1,2024,PMC11537352,literature_search,no link
CosMx Human Non-Small Cell Lung Cancer study,CosMx,spatial transcriptomics,Human,Lung,Non-Small Cell Lung Cancer (NSCLC),20,,reused,Adding Highly Variable Genes to Spatially Variable Genes Can Improve Cell Type Clustering Performance in Spatial Transcriptomics Data,10.21203/rs.3.rs-5315913/v1,2024,PMC11537352,literature_search,no link
Human heart dataset,MERFISH,spatial transcriptomics,human,heart,healthy,,,reused,Integration of single-cell and spatial transcriptomics by SEU-TCA reveals the spatial origin of early cardiac progenitors,10.1186/s13059-025-03633-3,2025,PMC12150484,literature_search,no link
Mouse olfactory bulb dataset,Spatial Transcriptomics,,mouse,olfactory bulb,healthy,,,reused,Integration of single-cell and spatial transcriptomics by SEU-TCA reveals the spatial origin of early cardiac progenitors,10.1186/s13059-025-03633-3,2025,PMC12150484,literature_search,no link
Human pancreatic ductal adenocarcinoma dataset,Spatial Transcriptomics,,human,pancreas,pancreatic ductal adenocarcinoma,,GSE111672,reused,Integration of single-cell and spatial transcriptomics by SEU-TCA reveals the spatial origin of early cardiac progenitors,10.1186/s13059-025-03633-3,2025,PMC12150484,literature_search,yes (GEO record GSE111672)
Mouse embryonic Geo-seq dataset (E7.5),Geo-seq,,mouse,embryo,healthy,,GSE120963,reused,Integration of single-cell and spatial transcriptomics by SEU-TCA reveals the spatial origin of early cardiac progenitors,10.1186/s13059-025-03633-3,2025,PMC12150484,literature_search,yes (GEO record GSE120963)
Mouse embryonic seqFISH dataset (E8.5),seqFISH,spatial transcriptomics,mouse,embryo,healthy,,,reused,Integration of single-cell and spatial transcriptomics by SEU-TCA reveals the spatial origin of early cardiac progenitors,10.1186/s13059-025-03633-3,2025,PMC12150484,literature_search,no link
osmFISH mouse brain,osmFISH,spatial transcriptomics,Mus musculus,brain,Healthy,,https://docs.scvi-tools.org/en/0.20.3/tutorials/notebooks/gimvi_tutorial.html,reused,spRefine Denoises and Imputes Spatial Transcriptomics with a Reference-Free Framework Powered by Genomic Language Model,10.1101/2025.04.22.649977,2025,PMC12236840,literature_search,yes (http 200)
Xenium human breast cancer,Xenium,spatial transcriptomics,Homo sapiens,breast,Cancer,,https://www.embopress.org/doi/full/10.15252/msb.20199389,reused,spRefine Denoises and Imputes Spatial Transcriptomics with a Reference-Free Framework Powered by Genomic Language Model,10.1101/2025.04.22.649977,2025,PMC12236840,literature_search,yes (http 200)
Xenium mouse brain,Xenium,spatial transcriptomics,Mus musculus,brain,Healthy,,https://www.biorxiv.org/content/10.1101/2023.02.13.528102v1.abstract,reused,spRefine Denoises and Imputes Spatial Transcriptomics with a Reference-Free Framework Powered by Genomic Language Model,10.1101/2025.04.22.649977,2025,PMC12236840,literature_search,yes (http 200)
seqFISH mouse embryo,seqFISH,spatial transcriptomics,Mus musculus,embryo,Healthy,,https://zenodo.org/records/7556184,reused,spRefine Denoises and Imputes Spatial Transcriptomics with a Reference-Free Framework Powered by Genomic Language Model,10.1101/2025.04.22.649977,2025,PMC12236840,literature_search,"yes (zenodo record, 2 files)"
SpatialLIBD human dorsolateral prefrontal cortex,Visium,spatial transcriptomics,Homo sapiens,dorsolateral prefrontal cortex,Healthy,12,https://research.libd.org/spatialLIBD/,reused,spRefine Denoises and Imputes Spatial Transcriptomics with a Reference-Free Framework Powered by Genomic Language Model,10.1101/2025.04.22.649977,2025,PMC12236840,literature_search,yes (http 200)
Xenium human breast cancer (COMMOT analysis),Xenium,spatial transcriptomics,Homo sapiens,breast,Cancer,,,reused,spRefine Denoises and Imputes Spatial Transcriptomics with a Reference-Free Framework Powered by Genomic Language Model,10.1101/2025.04.22.649977,2025,PMC12236840,literature_search,no link
HEST-1k spatial transcriptomics and histology dataset,"Visium, Visium HD, Xenium",spatial transcriptomics,Various,Various,Various,500,https://openreview.net/forum?id=mlhFJE7PKo,reused,spRefine Denoises and Imputes Spatial Transcriptomics with a Reference-Free Framework Powered by Genomic Language Model,10.1101/2025.04.22.649977,2025,PMC12236840,literature_search,yes (http 200)
STimage-1K4M histopathology image-gene expression dataset,ST,spatial transcriptomics,Various,Various,Various,1149,https://openreview.net/forum?id=iTyOWtcCU2,reused,spRefine Denoises and Imputes Spatial Transcriptomics with a Reference-Free Framework Powered by Genomic Language Model,10.1101/2025.04.22.649977,2025,PMC12236840,literature_search,yes (http 200)
Spatial ageing clock mouse brain,Visium,spatial transcriptomics,Mus musculus,brain,Healthy,,https://github.com/sunericd/SpatialAgingClock/tree/master/data,reused,spRefine Denoises and Imputes Spatial Transcriptomics with a Reference-Free Framework Powered by Genomic Language Model,10.1101/2025.04.22.649977,2025,PMC12236840,literature_search,yes (http 200)
A549 cell culture RAEFISH spatial transcriptomics dataset,RAEFISH,,Human,Cell culture (A549 cells),,,,generated,Sequencing-free whole genome spatial transcriptomics at molecular resolution in intact tissue,10.1101/2025.03.06.641951,2025,PMC11952344,literature_search,no link
Mouse liver RAEFISH spatial transcriptomics dataset,RAEFISH,,Mouse,Liver,,,,generated,Sequencing-free whole genome spatial transcriptomics at molecular resolution in intact tissue,10.1101/2025.03.06.641951,2025,PMC11952344,literature_search,no link
Mouse placenta RAEFISH spatial transcriptomics dataset,RAEFISH,,Mouse,Placenta (embryonic day 13.5),,,,generated,Sequencing-free whole genome spatial transcriptomics at molecular resolution in intact tissue,10.1101/2025.03.06.641951,2025,PMC11952344,literature_search,no link
Mouse lymph node RAEFISH spatial transcriptomics dataset,RAEFISH,,Mouse,Lymph node,,,,generated,Sequencing-free whole genome spatial transcriptomics at molecular resolution in intact tissue,10.1101/2025.03.06.641951,2025,PMC11952344,literature_search,no link
A549 Perturb-RAEFISH and RNA MERFISH dataset,Perturb-RAEFISH and RNA MERFISH,spatial transcriptomics,Human,Cell culture (A549 cells),,,,generated,Sequencing-free whole genome spatial transcriptomics at molecular resolution in intact tissue,10.1101/2025.03.06.641951,2025,PMC11952344,literature_search,no link
Mouse hindbrain coronal slice,Histology/Allen Brain Atlas,,mouse,hindbrain,healthy,1,http://api.brain-map.org/api/v2/image_download/102118006,reused,Image guided construction of a common coordinate framework for spatial transcriptome data,10.1038/s41598-025-01862-x,2025,PMC12103625,literature_search,yes (http 200)
Mouse brain sagittal posterior serial section 1,10x Genomics Visium,spatial transcriptomics,mouse,brain,healthy,1,https://www.10xgenomics.com/resources/datasets/mouse-brain-serial-section-1-sagittal-posterior-1-standard-1-1-0,reused,Image guided construction of a common coordinate framework for spatial transcriptome data,10.1038/s41598-025-01862-x,2025,PMC12103625,literature_search,yes (http 200)
Mouse brain sagittal posterior serial section 2,10x Genomics Visium,spatial transcriptomics,mouse,brain,healthy,1,https://www.10xgenomics.com/resources/datasets/mouse-brain-serial-section-2-sagittal-posterior-1-standard-1-0-0,reused,Image guided construction of a common coordinate framework for spatial transcriptome data,10.1038/s41598-025-01862-x,2025,PMC12103625,literature_search,yes (http 200)
Human lymph node,10x Genomics Visium,spatial transcriptomics,human,lymph node,healthy,1,https://www.10xgenomics.com/resources/datasets/human-lymph-node-1-standard-1-1-0,reused,Image guided construction of a common coordinate framework for spatial transcriptome data,10.1038/s41598-025-01862-x,2025,PMC12103625,literature_search,yes (http 200)
Human dorsolateral prefrontal cortex serial dissections,10x Genomics Visium,spatial transcriptomics,human,dorsolateral prefrontal cortex,healthy,4,https://github.com/LieberInstitute/HumanPilot,reused,Image guided construction of a common coordinate framework for spatial transcriptome data,10.1038/s41598-025-01862-x,2025,PMC12103625,literature_search,yes (http 200)
Mouse olfactory bulb biological replicates,Spatial Transcriptomics,,mouse,olfactory bulb,healthy,4,,reused,Image guided construction of a common coordinate framework for spatial transcriptome data,10.1038/s41598-025-01862-x,2025,PMC12103625,literature_search,no link
Mouse brain MERFISH slices,MERFISH,spatial transcriptomics,mouse,brain,healthy,3,https://info.vizgen.com/mouse-brain-data,reused,Image guided construction of a common coordinate framework for spatial transcriptome data,10.1038/s41598-025-01862-x,2025,PMC12103625,literature_search,yes (http 200)
Mouse brain hemisphere coronal dissection (Visium),10x Genomics Visium,spatial transcriptomics,mouse,brain hemisphere,healthy,1,https://www.10xgenomics.com/datasets/mouse-brain-section-coronal-1-standard,reused,Image guided construction of a common coordinate framework for spatial transcriptome data,10.1038/s41598-025-01862-x,2025,PMC12103625,literature_search,yes (http 200)
Mouse brain hemisphere coronal dissection (Xenium),Xenium,spatial transcriptomics,mouse,brain hemisphere,healthy,1,https://cf.10xgenomics.com/samples/xenium/1.4.0/Xenium_V1_FFPE_wildtype_5_7_months/Xenium_V1_FFPE_wildtype_5_7_months_outs.zip,reused,Image guided construction of a common coordinate framework for spatial transcriptome data,10.1038/s41598-025-01862-x,2025,PMC12103625,literature_search,yes (http 200)
mouse cerebellum data,Slide-seq V2,spatial transcriptomics,mouse,cerebellum,,,,reused,SMASH: Scalable Method for Analyzing Spatial Heterogeneity of genes in spatial transcriptomics data,10.1101/2023.03.23.533980,2023,PMC10055313,literature_search,no link
human dorsolateral prefrontal cortex data,10X Visium,spatial transcriptomics,human,dorsolateral prefrontal cortex,,,,reused,SMASH: Scalable Method for Analyzing Spatial Heterogeneity of genes in spatial transcriptomics data,10.1101/2023.03.23.533980,2023,PMC10055313,literature_search,no link
SCCOHT data,10X Visium,spatial transcriptomics,,ovary,small cell ovarian carcinoma of the ovary hypercalcemic type (SCCOHT),,,reused,SMASH: Scalable Method for Analyzing Spatial Heterogeneity of genes in spatial transcriptomics data,10.1101/2023.03.23.533980,2023,PMC10055313,literature_search,no link
mouse hypothalamus data,MERFISH,spatial transcriptomics,mouse,hypothalamus,,,,reused,SMASH: Scalable Method for Analyzing Spatial Heterogeneity of genes in spatial transcriptomics data,10.1101/2023.03.23.533980,2023,PMC10055313,literature_search,no link
Human Breast Cancer block 1 sample (HBC1),10X Visium,spatial transcriptomics,human,breast,breast cancer,1,https://github.com/linhuawang/SEAGAL/tree/main/test/data/VisiumData/Human_Breast_Cancer_BAS1,reused,Unravelling spatial gene associations with SEAGAL: a Python package for spatial transcriptomics data analysis and visualization,10.1093/bioinformatics/btad431,2023,PMC10363022,literature_search,yes (http 200)
adult murine heart spatial transcriptional dataset,RNA sequencing (microdissection and bulk RNA-sequencing of anatomical sections),spatial transcriptomics,mouse (murine),heart,,18,,reused,Spatially resolved transcriptomics in immersive environments,10.1186/s42492-021-00098-6,2022,PMC8743310,literature_search,no link
Mouse spleen dataset (Goltsev et al.),CODEX,spatial proteomics,mouse,spleen,healthy,1,https://portal.hubmapconsortium.org/,reused,Membrane marker selection for segmenting single cell spatial proteomics data,10.1038/s41467-022-29667-w,2022,PMC9010440,literature_search,"no (link is a site root, not a dataset)"
Human lymph node training dataset (HuBMAP ID: HBM869.VZJM.366),CODEX,spatial proteomics,human,lymph node,healthy,1,https://portal.hubmapconsortium.org/browse/dataset/077f7862f6306055899374c7807a30c3,generated,Membrane marker selection for segmenting single cell spatial proteomics data,10.1038/s41467-022-29667-w,2022,PMC9010440,literature_search,yes (http 200)
Human spleen training dataset (HuBMAP ID: HBM432.LLCF.677),CODEX,spatial proteomics,human,spleen,healthy,1,https://portal.hubmapconsortium.org/browse/dataset/077f7862f6306055899374c7807a30c3,generated,Membrane marker selection for segmenting single cell spatial proteomics data,10.1038/s41467-022-29667-w,2022,PMC9010440,literature_search,yes (http 200)
Human thymus training dataset (HuBMAP ID: HBM588.FHDS.363),CODEX,spatial proteomics,human,thymus,healthy,1,https://portal.hubmapconsortium.org/browse/dataset/077f7862f6306055899374c7807a30c3,generated,Membrane marker selection for segmenting single cell spatial proteomics data,10.1038/s41467-022-29667-w,2022,PMC9010440,literature_search,yes (http 200)
Human lymph node evaluation dataset 5 (HuBMAP ID: HBM279.TQRS.775),CODEX,spatial proteomics,human,lymph node,healthy,1,https://portal.hubmapconsortium.org/browse/dataset/077f7862f6306055899374c7807a30c3,generated,Membrane marker selection for segmenting single cell spatial proteomics data,10.1038/s41467-022-29667-w,2022,PMC9010440,literature_search,yes (http 200)
Human spleen evaluation dataset 6 (HuBMAP ID: HBM337.FSXL.564),CODEX,spatial proteomics,human,spleen,healthy,1,https://portal.hubmapconsortium.org/browse/dataset/f0c58e670ceb445e6ab02c6a20c83aee,generated,Membrane marker selection for segmenting single cell spatial proteomics data,10.1038/s41467-022-29667-w,2022,PMC9010440,literature_search,yes (http 200)
Human thymus evaluation dataset 7 (HuBMAP ID: HBM376.QCCJ.269),CODEX,spatial proteomics,human,thymus,healthy,1,https://portal.hubmapconsortium.org/browse/dataset/4514230f7473a496201a4e45c4ff9568,generated,Membrane marker selection for segmenting single cell spatial proteomics data,10.1038/s41467-022-29667-w,2022,PMC9010440,literature_search,yes (http 200)
Human lymph node evaluation dataset 8 (HuBMAP ID: HBM754.WKLP.262),CODEX,spatial proteomics,human,lymph node,healthy,1,https://portal.hubmapconsortium.org/browse/dataset/c95d9373d698faf60a66ffdc27499fe1,generated,Membrane marker selection for segmenting single cell spatial proteomics data,10.1038/s41467-022-29667-w,2022,PMC9010440,literature_search,yes (http 200)
Human spleen evaluation dataset 9 (HuBMAP ID: HBM556.KSFB.592),CODEX,spatial proteomics,human,spleen,healthy,1,https://portal.hubmapconsortium.org/browse/dataset/00d1a3623dac388773bc7780fcb42797,generated,Membrane marker selection for segmenting single cell spatial proteomics data,10.1038/s41467-022-29667-w,2022,PMC9010440,literature_search,yes (http 200)
Human thymus evaluation dataset 10 (HuBMAP ID: HBM288.XSQZ.633),CODEX,spatial proteomics,human,thymus,healthy,1,https://portal.hubmapconsortium.org/browse/dataset/f86b9efc87074bf03cd53932d8f1e76f,generated,Membrane marker selection for segmenting single cell spatial proteomics data,10.1038/s41467-022-29667-w,2022,PMC9010440,literature_search,yes (http 200)
Cancerous bone marrow dataset (Schürch et al.),CODEX,spatial proteomics,human,bone marrow,cancer,1,,reused,Membrane marker selection for segmenting single cell spatial proteomics data,10.1038/s41467-022-29667-w,2022,PMC9010440,literature_search,no link
Mouse Brain Serial Section 1 (Sagittal-Anterior),Visium,spatial transcriptomics,mouse,brain,healthy,,https://support.10xgenomics.com/spatial-gene-expression/datasets,reused,Nonnegative spatial factorization applied to spatial genomics,10.1038/s41592-022-01687-w,2022,PMC9911348,literature_search,unverified (site blocks automated checks: http 403)
Slide-seqV2 mouse hippocampus,Slide-seqV2,spatial transcriptomics,mouse,hippocampus,healthy,,https://singlecell.broadinstitute.org/single_cell/study/SCP815/highly-sensitivespatial-transcriptomics-at-study-summary,reused,Nonnegative spatial factorization applied to spatial genomics,10.1038/s41592-022-01687-w,2022,PMC9911348,literature_search,yes (http 200)
XYZeq mouse liver,XYZeq,,mouse,liver / tumor,tumor,1,GSE164430,reused,Nonnegative spatial factorization applied to spatial genomics,10.1038/s41592-022-01687-w,2022,PMC9911348,literature_search,yes (GEO record GSE164430)
human developing heart dataset,Spatial transcriptomics,,Human,developing heart,,,,reused,Improving cell-type composition inference in spatial transcriptomics with SpaDAMA,10.1371/journal.pcbi.1013354,2025,PMC12393736,literature_search,no link
mouse lymph node dataset,Spatial transcriptomics,,Mouse,lymph node,,,,reused,Improving cell-type composition inference in spatial transcriptomics with SpaDAMA,10.1371/journal.pcbi.1013354,2025,PMC12393736,literature_search,no link
zebrafish embryo dataset,Stereo-seq,spatial transcriptomics,Zebrafish,embryo,,,,reused,Improving cell-type composition inference in spatial transcriptomics with SpaDAMA,10.1371/journal.pcbi.1013354,2025,PMC12393736,literature_search,no link
human pancreatic ductal adenocarcinoma dataset,Spatial transcriptomics,,Human,pancreas,Pancreatic ductal adenocarcinoma,,,reused,Improving cell-type composition inference in spatial transcriptomics with SpaDAMA,10.1371/journal.pcbi.1013354,2025,PMC12393736,literature_search,no link
Dataset 1,MERFISH,spatial transcriptomics,mouse,brain,,3,https://info.vizgen.com/mouse-brain-map,reused,SCALE: unsupervised multiscale domain identification in spatial omics data,10.1093/nar/gkaf1456,2026,PMC12774663,literature_search,yes (http 200)
Dataset 2,VisiumHD,spatial transcriptomics,mouse,brain,,1,https://www.10xgenomics.com/datasets/visium-hd-cytassist-gene-expression-libraries-of-mouse-brain-he-v4,reused,SCALE: unsupervised multiscale domain identification in spatial omics data,10.1093/nar/gkaf1456,2026,PMC12774663,literature_search,yes (http 200)
Dataset 3,Xenium5k,spatial transcriptomics,mouse,brain,,1,https://www.10xgenomics.com/datasets/xenium-prime-fresh-frozen-mouse-brain,reused,SCALE: unsupervised multiscale domain identification in spatial omics data,10.1093/nar/gkaf1456,2026,PMC12774663,literature_search,yes (http 200)
Dataset 4,Xenium,spatial transcriptomics,human,kidney,,64,https://doi.org/10.1101/2024.12.18.629206,reused,SCALE: unsupervised multiscale domain identification in spatial omics data,10.1093/nar/gkaf1456,2026,PMC12774663,literature_search,yes (http 200)
Dataset 5,Xenium,spatial transcriptomics,mouse,brain,,3,https://zenodo.org/records/10516814,reused,SCALE: unsupervised multiscale domain identification in spatial omics data,10.1093/nar/gkaf1456,2026,PMC12774663,literature_search,"yes (zenodo record, 17 files)"
Arabidopsis thaliana callus dataset,LOPIT (mass spectrometry-based spatial proteomics),,Arabidopsis thaliana,callus cultures,healthy,,,reused,Learning from Heterogeneous Data Sources: An Application in Spatial Proteomics,10.1371/journal.pcbi.1004920,2016,PMC4866734,literature_search,no link
Arabidopsis thaliana roots dataset,LOPIT (mass spectrometry-based spatial proteomics),,Arabidopsis thaliana,roots,healthy,,,reused,Learning from Heterogeneous Data Sources: An Application in Spatial Proteomics,10.1371/journal.pcbi.1004920,2016,PMC4866734,literature_search,no link
Drosophila embryos dataset,LOPIT (mass spectrometry-based spatial proteomics),,Drosophila melanogaster,embryos,healthy,,,reused,Learning from Heterogeneous Data Sources: An Application in Spatial Proteomics,10.1371/journal.pcbi.1004920,2016,PMC4866734,literature_search,no link
Human embryonic kidney fibroblast dataset,LOPIT (mass spectrometry-based spatial proteomics),,Homo sapiens,embryonic kidney fibroblast cells (HEK293T),healthy,,,reused,Learning from Heterogeneous Data Sources: An Application in Spatial Proteomics,10.1371/journal.pcbi.1004920,2016,PMC4866734,literature_search,no link
Mouse embryonic stem cell dataset (E14TG2a),LOPIT and hyperLOPIT (mass spectrometry-based spatial proteomics),,Mus musculus,pluripotent embryonic stem cells,healthy,,https://lgatto.shinyapps.io/christoforou2015,reused,Learning from Heterogeneous Data Sources: An Application in Spatial Proteomics,10.1371/journal.pcbi.1004920,2016,PMC4866734,literature_search,yes (http 200)
Human Dorsolateral Prefrontal Cortex (dlPFC) dataset,Visium,spatial transcriptomics,Human,Dorsolateral prefrontal cortex,,12,http://spatial.libd.org/spatialLIBD,reused,Pianno: a probabilistic framework automating semantic annotation for spatial transcriptomics,10.1038/s41467-024-47152-4,2024,PMC11271244,literature_search,no (http 404)
Adult mouse coronal hemibrain dataset,Stereo-seq,spatial transcriptomics,Mouse,Coronal hemibrain / cortex,,1,https://db.cngb.org/stomics,reused,Pianno: a probabilistic framework automating semantic annotation for spatial transcriptomics,10.1038/s41467-024-47152-4,2024,PMC11271244,literature_search,yes (http 200)
Mouse olfactory bulb (MOB) dataset,Stereo-seq,spatial transcriptomics,Mouse,Olfactory bulb,,1,https://db.cngb.org/stomics,reused,Pianno: a probabilistic framework automating semantic annotation for spatial transcriptomics,10.1038/s41467-024-47152-4,2024,PMC11271244,literature_search,yes (http 200)
Mouse hippocampus dataset,Slide-seq V2,spatial transcriptomics,Mouse,Hippocampus,,1,https://github.com/scverse/squidpy,reused,Pianno: a probabilistic framework automating semantic annotation for spatial transcriptomics,10.1038/s41467-024-47152-4,2024,PMC11271244,literature_search,yes (http 200)
Human pancreatic ductal adenocarcinoma dataset,Microarray-based spatial transcriptomics (ST),spatial transcriptomics,Human,Pancreas,Pancreatic ductal adenocarcinoma,2,GSE111672,reused,Pianno: a probabilistic framework automating semantic annotation for spatial transcriptomics,10.1038/s41467-024-47152-4,2024,PMC11271244,literature_search,yes (GEO record GSE111672)
Human breast cancer dataset (BRCA),Visium,spatial transcriptomics,Human,Breast,Breast cancer,2,https://support.10xgenomics.com/spatial-gene-expression/datasets,reused,Pianno: a probabilistic framework automating semantic annotation for spatial transcriptomics,10.1038/s41467-024-47152-4,2024,PMC11271244,literature_search,unverified (site blocks automated checks: http 403)
Human primary motor cortex (M1C) and anterior cingulate cortex (ACC) dataset,Visium,spatial transcriptomics,Human,Primary motor cortex and anterior cingulate cortex,,1,HRA004425,generated,Pianno: a probabilistic framework automating semantic annotation for spatial transcriptomics,10.1038/s41467-024-47152-4,2024,PMC11271244,literature_search,yes (http 200)
Human Visium datasets from CROST,Visium,spatial transcriptomics,Human,Various tissues,"Various (diverse disease states, cancer, development stages)",432,,reused,stFormer: a foundation model for spatial transcriptomics,10.1101/2024.09.27.615337,2024,bio_4240e82d707c,literature_search,no link
Myocardial Visium sections,Visium,spatial transcriptomics,Human,Heart / Myocardium,Myocardial infarction / normal / fibrotic / ischemic myocardium,,,reused,stFormer: a foundation model for spatial transcriptomics,10.1101/2024.09.27.615337,2024,bio_4240e82d707c,literature_search,no link
Pancreas CosMx SMI dataset,CosMx SMI,spatial transcriptomics,Human,Pancreas,Human pancreas tissue,,,reused,stFormer: a foundation model for spatial transcriptomics,10.1101/2024.09.27.615337,2024,bio_4240e82d707c,literature_search,no link
C-G2P liver spatial transcriptomics dataset,10X Visium for FFPE and 10X CytAssist,spatial transcriptomics,mouse,liver,liver cancer,12,,generated,Integrated in vivo combinatorial functional genomics and spatial transcriptomics of tumours to decode genotype-to-phenotype relationships,10.1038/s41551-025-01437-1,2025,PMC12823398,literature_search,no link
Murine liver bulk RNA-seq dataset for barcode selection,bulk RNA-seq,,mouse,liver,healthy / control,128,GSE137385,reused,Integrated in vivo combinatorial functional genomics and spatial transcriptomics of tumours to decode genotype-to-phenotype relationships,10.1038/s41551-025-01437-1,2025,PMC12823398,literature_search,yes (GEO record GSE137385)
Murine liver control dataset for sensory receptor expression validation,bulk RNA-seq,,mouse,liver,liver cancer / control,,GSE148379,reused,Integrated in vivo combinatorial functional genomics and spatial transcriptomics of tumours to decode genotype-to-phenotype relationships,10.1038/s41551-025-01437-1,2025,PMC12823398,literature_search,yes (GEO record GSE148379)
Visium breast cancer dataset (CID44971),10x Visium,spatial transcriptomics,human,breast cancer tissue,breast cancer,,,reused,SpaIM: Single-cell Spatial Transcriptomics Imputation via Style Transfer,10.1101/2025.01.24.634756,2025,PMC11838188,literature_search,no link
CosMx lung cancer dataset (Lung9-rep1),NanoString CosMx SMI,spatial transcriptomics,,lung cancer tissue,lung cancer,,,reused,SpaIM: Single-cell Spatial Transcriptomics Imputation via Style Transfer,10.1101/2025.01.24.634756,2025,PMC11838188,literature_search,no link
CosMx lung cancer dataset (Lung5-rep3),NanoString CosMx SMI,spatial transcriptomics,,lung cancer tissue,lung cancer,,,reused,SpaIM: Single-cell Spatial Transcriptomics Imputation via Style Transfer,10.1101/2025.01.24.634756,2025,PMC11838188,literature_search,no link
human dorsolateral prefrontal cortex dataset,10x Visium,spatial transcriptomics,human,dorsolateral prefrontal cortex,,12,,reused,stGuide advances label transfer in spatial transcriptomics through attention-based supervised graph representation learning,10.3389/fgene.2025.1566675,2025,PMC12137301,literature_search,no link
human Luminal B breast cancer dataset,10X Genomics,,human,breast cancer tissue,Luminal B breast cancer,2,,reused,stGuide advances label transfer in spatial transcriptomics through attention-based supervised graph representation learning,10.3389/fgene.2025.1566675,2025,PMC12137301,literature_search,no link
human triple-negative breast cancer dataset,,,human,breast cancer,triple-negative breast cancer,2,,reused,stGuide advances label transfer in spatial transcriptomics through attention-based supervised graph representation learning,10.3389/fgene.2025.1566675,2025,PMC12137301,literature_search,no link
mouse hypothalamus dataset,MERFISH,spatial transcriptomics,mouse,hypothalamus,,2,,reused,stGuide advances label transfer in spatial transcriptomics through attention-based supervised graph representation learning,10.3389/fgene.2025.1566675,2025,PMC12137301,literature_search,no link
mouse medial prefrontal cortex dataset,STARmap,spatial transcriptomics,mouse,medial prefrontal cortex,,2,,reused,stGuide advances label transfer in spatial transcriptomics through attention-based supervised graph representation learning,10.3389/fgene.2025.1566675,2025,PMC12137301,literature_search,no link
Human dorsolateral prefrontal cortex (DLPFC),10X Visium,spatial transcriptomics,Human,Brain prefrontal cortex,healthy,12,http://research.libd.org/globus/jhpce_HumanPilot10x/index.html,reused,Benchmarking computational methods for detecting spatial domains and domain-specific spatially variable genes from spatial transcriptomics data,10.1093/nar/gkaf303,2025,PMC12000868,literature_search,yes (http 200)
Breast Cancer Block A Section_1,10X Visium,spatial transcriptomics,Human,Breast ductal epithelial tissue,Cancer,1,https://www.10xgenomics.com/datasets/human-breast-cancer-block-a-section-1-1-standard-1-1-0,reused,Benchmarking computational methods for detecting spatial domains and domain-specific spatially variable genes from spatial transcriptomics data,10.1093/nar/gkaf303,2025,PMC12000868,literature_search,yes (http 200)
Mouse Brain (Coronal),10X Visium,spatial transcriptomics,Mouse,Brain (Nervous Tissue),healthy,1,https://squidpy.readthedocs.io/en/stable/api/squidpy.datasets.visium_hne_adata.html,reused,Benchmarking computational methods for detecting spatial domains and domain-specific spatially variable genes from spatial transcriptomics data,10.1093/nar/gkaf303,2025,PMC12000868,literature_search,yes (http 200)
PDAC_A,ST,spatial transcriptomics,Human,Pancreatic ductal epithelial tissue,Cancer,1,https://doi.org/10.1038/s41587-019-0392-8,reused,Benchmarking computational methods for detecting spatial domains and domain-specific spatially variable genes from spatial transcriptomics data,10.1093/nar/gkaf303,2025,PMC12000868,literature_search,yes (http 200)
Hippocampus 1 and 2,ST,spatial transcriptomics,Mouse,Brain (Nervous Tissue),Alzheimer's disease,2,https://data.mendeley.com/datasets/6s959w2zyr/1,reused,Benchmarking computational methods for detecting spatial domains and domain-specific spatially variable genes from spatial transcriptomics data,10.1093/nar/gkaf303,2025,PMC12000868,literature_search,yes (http 200)
Axolotl brain,Stereo-seq,spatial transcriptomics,Axolotl,Brain (Nervous Tissue),healthy,1,https://db.cngb.org/stomics/artista/,reused,Benchmarking computational methods for detecting spatial domains and domain-specific spatially variable genes from spatial transcriptomics data,10.1093/nar/gkaf303,2025,PMC12000868,literature_search,yes (http 200)
Axolotl brain 2DPI,Stereo-seq,spatial transcriptomics,Axolotl,Brain (Nervous Tissue),The regeneration phase of the telencephalon two days post-injury(DPI),1,https://db.cngb.org/stomics/artista/,reused,Benchmarking computational methods for detecting spatial domains and domain-specific spatially variable genes from spatial transcriptomics data,10.1093/nar/gkaf303,2025,PMC12000868,literature_search,yes (http 200)
Mouse_brain (SS200000135TL_D1),Stereo-seq,spatial transcriptomics,Mouse,Brain (Nervous Tissue),healthy,1,https://db.cngb.org/stomics/datasets/STDS0000234,reused,Benchmarking computational methods for detecting spatial domains and domain-specific spatially variable genes from spatial transcriptomics data,10.1093/nar/gkaf303,2025,PMC12000868,literature_search,yes (http 200)
Mouse kidney diabete (Puck_191206_03),Slide-seqV2,spatial transcriptomics,Mouse,Kidney,diabetes,1,https://cellxgene.cziscience.com/collections/d74b6979-efba-47cd-990a-9d80ccf29055,reused,Benchmarking computational methods for detecting spatial domains and domain-specific spatially variable genes from spatial transcriptomics data,10.1093/nar/gkaf303,2025,PMC12000868,literature_search,yes (http 200)
Mouse kidney normal (Puck_200104_03),Slide-seqV2,spatial transcriptomics,Mouse,Kidney,healthy,1,https://cellxgene.cziscience.com/collections/d74b6979-efba-47cd-990a-9d80ccf29055,reused,Benchmarking computational methods for detecting spatial domains and domain-specific spatially variable genes from spatial transcriptomics data,10.1093/nar/gkaf303,2025,PMC12000868,literature_search,yes (http 200)
Mouse embryo E8.5,Slide-seqV2,spatial transcriptomics,Mouse,Embryo,healthy,1,https://cellxgene.cziscience.com/collections/d74b6979-efba-47cd-990a-9d80ccf29055,reused,Benchmarking computational methods for detecting spatial domains and domain-specific spatially variable genes from spatial transcriptomics data,10.1093/nar/gkaf303,2025,PMC12000868,literature_search,yes (http 200)
Mouse visual cortex,STARmap,spatial transcriptomics,Mouse,Brain visual cortex,healthy,1,https://stagate.readthedocs.io/en/latest/index.html#,reused,Benchmarking computational methods for detecting spatial domains and domain-specific spatially variable genes from spatial transcriptomics data,10.1093/nar/gkaf303,2025,PMC12000868,literature_search,yes (http 200)
Medial prefrontal cortex,STARmap,spatial transcriptomics,Mouse,Brain visual cortex,healthy,1,https://github.com/libedeutch/BOOST-HMI/blob/main/data,reused,Benchmarking computational methods for detecting spatial domains and domain-specific spatially variable genes from spatial transcriptomics data,10.1093/nar/gkaf303,2025,PMC12000868,literature_search,yes (http 200)
Mouse BZ5,STARmap,spatial transcriptomics,Mouse,Brain medial prefrontal cortex,healthy,1,https://www.starmapresources.org/data,reused,Benchmarking computational methods for detecting spatial domains and domain-specific spatially variable genes from spatial transcriptomics data,10.1093/nar/gkaf303,2025,PMC12000868,literature_search,no (http 404)
Mouse AD (8months-disease-replicate_1),STARmap,spatial transcriptomics,Mouse,Brain (Nervous Tissue),Alzheimer's disease,1,https://zenodo.org/records/7332091,reused,Benchmarking computational methods for detecting spatial domains and domain-specific spatially variable genes from spatial transcriptomics data,10.1093/nar/gkaf303,2025,PMC12000868,literature_search,"yes (zenodo record, 27 files)"
Mouse embryo 1 (E8.5),SeqFISH,spatial transcriptomics,Mouse,Embryo,healthy,1,https://github.com/MarioniLab/SpatialMouseAtlas2020,reused,Benchmarking computational methods for detecting spatial domains and domain-specific spatially variable genes from spatial transcriptomics data,10.1093/nar/gkaf303,2025,PMC12000868,literature_search,yes (http 200)
Mouse embryo 2 (E8.5),SeqFISH,spatial transcriptomics,Mouse,Embryo,healthy,1,https://github.com/MarioniLab/SpatialMouseAtlas2020,reused,Benchmarking computational methods for detecting spatial domains and domain-specific spatially variable genes from spatial transcriptomics data,10.1093/nar/gkaf303,2025,PMC12000868,literature_search,yes (http 200)
Somatosensory cortex,SeqFISH,spatial transcriptomics,Mouse,Brain Somatosensory cortex,healthy,1,https://github.com/CaiGroup/seqFISH-PLUS,reused,Benchmarking computational methods for detecting spatial domains and domain-specific spatially variable genes from spatial transcriptomics data,10.1093/nar/gkaf303,2025,PMC12000868,literature_search,yes (http 200)
STARmap mouse cortex dataset,STARmap,spatial transcriptomics,mouse,cortex,normal,,https://www.dropbox.com/sh/f7ebheru1lbz91s/AABYSSjSTppBmVmWl2H4s_K-a?dl=0,reused,Knowledge-graph-based cell-cell communication inference for spatially resolved transcriptomic data with SpaTalk,10.1038/s41467-022-32111-8,2022,PMC9338929,literature_search,yes (http 200)
MERFISH mouse hypothalamic preoptic region dataset,MERFISH,spatial transcriptomics,mouse,hypothalamic preoptic region,normal,1,https://datadryad.org/stash/dataset/doi:10.5061/dryad.8t8s248,reused,Knowledge-graph-based cell-cell communication inference for spatially resolved transcriptomic data with SpaTalk,10.1038/s41467-022-32111-8,2022,PMC9338929,literature_search,yes (http 200)
seqFISH+ mouse cortex and olfactory bulb dataset,seqFISH+,spatial transcriptomics,mouse,cortex and olfactory bulb,normal,,https://github.com/CaiGroup/seqFISH-PLUS,reused,Knowledge-graph-based cell-cell communication inference for spatially resolved transcriptomic data with SpaTalk,10.1038/s41467-022-32111-8,2022,PMC9338929,literature_search,yes (http 200)
Slide-seq mouse liver dataset (Puck_180803_8),Slide-seq,spatial transcriptomics,mouse,liver,normal,1,https://singlecell.broadinstitute.org/single_cell/study/SCP354/slide-seq-study,reused,Knowledge-graph-based cell-cell communication inference for spatially resolved transcriptomic data with SpaTalk,10.1038/s41467-022-32111-8,2022,PMC9338929,literature_search,yes (http 200)
Slide-seqV2 mouse somatosensory cortex dataset,Slide-seq,spatial transcriptomics,mouse,somatosensory cortex,normal,1,https://singlecell.broadinstitute.org/single_cell/study/SCP815/highly-sensitive-spatial-transcriptomics-at-near-cellular-resolution-with-slide-seqv2,reused,Knowledge-graph-based cell-cell communication inference for spatially resolved transcriptomic data with SpaTalk,10.1038/s41467-022-32111-8,2022,PMC9338929,literature_search,yes (http 200)
Slide-seq (v2) human and mouse kidney ST datasets,Slide-seq,spatial transcriptomics,mouse and human,kidney,normal,,https://cellxgene.cziscience.com/collections/8e880741-bf9a-4c8e-9227-934204631d2a,reused,Knowledge-graph-based cell-cell communication inference for spatially resolved transcriptomic data with SpaTalk,10.1038/s41467-022-32111-8,2022,PMC9338929,literature_search,yes (http 200)
10x Visium human skin squamous cell carcinoma dataset,10x Visium,spatial transcriptomics,human,skin,squamous cell carcinoma,,GSE144240,reused,Knowledge-graph-based cell-cell communication inference for spatially resolved transcriptomic data with SpaTalk,10.1038/s41467-022-32111-8,2022,PMC9338929,literature_search,yes (GEO record GSE144240)
10x Visium adult mouse kidney (FFPE) dataset,10x Visium,spatial transcriptomics,mouse,kidney,normal,,https://www.10xgenomics.com/resources/datasets,reused,Knowledge-graph-based cell-cell communication inference for spatially resolved transcriptomic data with SpaTalk,10.1038/s41467-022-32111-8,2022,PMC9338929,literature_search,yes (http 200)
Visium spatial transcriptomics IPF and control lung sections,Visium for FFPE and Visium CytAssist,spatial transcriptomics,Human,Lung,Idiopathic pulmonary fibrosis and control,11,10.5281/zenodo.10012934,generated,Spatial transcriptomic characterization of pathologic niches in IPF,10.1126/sciadv.adl5473,2024,PMC11313858,literature_search,"yes (zenodo record, 6 files)"
Xenium in situ mRNA imaging IPF and control lung sections,Xenium in situ,spatial transcriptomics,Human,Lung,Idiopathic pulmonary fibrosis and control,4,null,generated,Spatial transcriptomic characterization of pathologic niches in IPF,10.1126/sciadv.adl5473,2024,PMC11313858,literature_search,no link
COMET high-plex sequential protein immunofluorescence lung sections,Lunaphore COMET,spatial proteomics,Human,Lung,Idiopathic pulmonary fibrosis and control,5,null,generated,Spatial transcriptomic characterization of pathologic niches in IPF,10.1126/sciadv.adl5473,2024,PMC11313858,literature_search,no link
scRNA-seq dataset 1 from GEO,scRNA-seq,,Human,Lung,Idiopathic pulmonary fibrosis and control,,GSE128169,reused,Spatial transcriptomic characterization of pathologic niches in IPF,10.1126/sciadv.adl5473,2024,PMC11313858,literature_search,yes (GEO record GSE128169)
scRNA-seq dataset 2 from GEO,scRNA-seq,,Human,Lung,Idiopathic pulmonary fibrosis and control,,GSE128033,reused,Spatial transcriptomic characterization of pathologic niches in IPF,10.1126/sciadv.adl5473,2024,PMC11313858,literature_search,yes (GEO record GSE128033)
scRNA-seq dataset 3 from GEO,scRNA-seq,,Human,Lung,Idiopathic pulmonary fibrosis and control,,GSE135893,reused,Spatial transcriptomic characterization of pathologic niches in IPF,10.1126/sciadv.adl5473,2024,PMC11313858,literature_search,yes (GEO record GSE135893)
scRNA-seq dataset 4 from GEO,scRNA-seq,,Human,Lung,Idiopathic pulmonary fibrosis and control,,GSE122960,reused,Spatial transcriptomic characterization of pathologic niches in IPF,10.1126/sciadv.adl5473,2024,PMC11313858,literature_search,yes (GEO record GSE122960)
scRNA-seq dataset 5 from GEO,scRNA-seq,,Human,Lung,Idiopathic pulmonary fibrosis and control,,GSE136831,reused,Spatial transcriptomic characterization of pathologic niches in IPF,10.1126/sciadv.adl5473,2024,PMC11313858,literature_search,yes (GEO record GSE136831)
scRNA-seq dataset 6 from GEO,scRNA-seq,,Human,Lung,Idiopathic pulmonary fibrosis and control,,GSE158127,reused,Spatial transcriptomic characterization of pathologic niches in IPF,10.1126/sciadv.adl5473,2024,PMC11313858,literature_search,yes (GEO record GSE158127)
human dorsolateral prefrontal cortex (DLPFC) sections,10X Genomics Visium,spatial transcriptomics,human,dorsolateral prefrontal cortex,,12,,reused,SINFONIA: Scalable Identification of Spatially Variable Genes for Deciphering Spatial Domains,10.3390/cells12040604,2023,PMC9954745,literature_search,no link
mouse brain coronal (MBC) section,10X Genomics Visium,spatial transcriptomics,mouse,brain,,1,,reused,SINFONIA: Scalable Identification of Spatially Variable Genes for Deciphering Spatial Domains,10.3390/cells12040604,2023,PMC9954745,literature_search,no link
mouse hippocampus dataset,Slide-seqV2,spatial transcriptomics,mouse,hippocampus,,1,,reused,SINFONIA: Scalable Identification of Spatially Variable Genes for Deciphering Spatial Domains,10.3390/cells12040604,2023,PMC9954745,literature_search,no link
mouse olfactory bulb dataset,Stereo-seq,spatial transcriptomics,mouse,olfactory bulb,,1,,reused,SINFONIA: Scalable Identification of Spatially Variable Genes for Deciphering Spatial Domains,10.3390/cells12040604,2023,PMC9954745,literature_search,no link
seqFISH of a developing mouse embryo,seqFISH,spatial transcriptomics,mouse,embryo,,,https://doi.org/10.1038/s41587-021-01006-2,reused,A unified pipeline for FISH spatial transcriptomics,10.1016/j.xgen.2023.100384,2023,PMC10504669,literature_search,yes (http 200)
targeted in situ sequencing (ISS) of a whole coronal slice of a mouse brain,in situ sequencing (ISS),spatial transcriptomics,mouse,brain,,,https://doi.org/10.1101/2021.10.12.464086,reused,A unified pipeline for FISH spatial transcriptomics,10.1016/j.xgen.2023.100384,2023,PMC10504669,literature_search,yes (http 200)
MERFISH of human U2-OS cell cultures,MERFISH,spatial transcriptomics,human,U2-OS cell culture,,,https://doi.org/10.1073/pnas.1612826113,reused,A unified pipeline for FISH spatial transcriptomics,10.1016/j.xgen.2023.100384,2023,PMC10504669,literature_search,unverified (site blocks automated checks: http 403)
osmFISH mouse cortex,osmFISH,spatial transcriptomics,mouse,cortex,healthy,1,http://linnarssonlab.org/osmFISH/,reused,A model-based constrained deep learning clustering approach for spatially resolved single-cell data,10.1101/gr.276477.121,2022,PMC9712636,literature_search,yes (http 200)
spatialLIBD human cortex,10x Visium,spatial transcriptomics,human,dorsolateral prefrontal cortex,healthy,12,,reused,A model-based constrained deep learning clustering approach for spatially resolved single-cell data,10.1101/gr.276477.121,2022,PMC9712636,literature_search,no link
10x mouse brain AD and WT dataset (10xMBAD),10x Visium,spatial transcriptomics,mouse,brain,Alzheimer's disease and wild-type,12,https://www.10xgenomics.com/resources/datasets,reused,A model-based constrained deep learning clustering approach for spatially resolved single-cell data,10.1101/gr.276477.121,2022,PMC9712636,literature_search,yes (http 200)
10x Visium human dorsolateral prefrontal cortex (DLPFC) dataset,10x Visium,spatial transcriptomics,human,dorsolateral prefrontal cortex,healthy,12,https://support.10xgenomics.com/spatial-gene-expression/datasets/1.2.0/V1_Human_DLPFC,reused,STAHD: a scalable and accurate method to detect spatial domains in high-resolution spatial transcriptomics data,10.1093/bioinformatics/btaf619,2026,PMC12790823,literature_search,unverified (site blocks automated checks: http 403)
Xenium platform whole adult mouse brain dataset (xenium_whole_adult_mouse),10x Xenium,spatial transcriptomics,mouse,whole adult mouse,healthy,,https://www.10xgenomics.com/datasets/xenium-prime-ffpe-neonatal-mouse,reused,STAHD: a scalable and accurate method to detect spatial domains in high-resolution spatial transcriptomics data,10.1093/bioinformatics/btaf619,2026,PMC12790823,literature_search,yes (http 200)
CosMx SMI human lymph node dataset (Cosmx lymph),CosMx SMI,spatial transcriptomics,human,lymph node,healthy,,https://nanostring.com/products/cosmx-spatial-molecular-imager/ffpe-dataset/cosmx-human-lymph-node-ffpe-dataset/,reused,STAHD: a scalable and accurate method to detect spatial domains in high-resolution spatial transcriptomics data,10.1093/bioinformatics/btaf619,2026,PMC12790823,literature_search,yes (http 200)
10x Genomics Visium-HD human breast cancer dataset (FFPE-IF),Visium-HD,spatial transcriptomics,human,breast cancer,breast cancer,,https://www.10xgenomics.com/datasets/visium-hd-cytassist-gene-expression-libraries-human-breast-cancer-ffpe-if,reused,STAHD: a scalable and accurate method to detect spatial domains in high-resolution spatial transcriptomics data,10.1093/bioinformatics/btaf619,2026,PMC12790823,literature_search,yes (http 200)
"10x Genomics Visium-HD human tonsil dataset (fresh frozen, IF)",Visium-HD,spatial transcriptomics,human,tonsil,healthy,,https://www.10xgenomics.com/datasets/visium-hd-cytassist-gene-expression-human-tonsil-fresh-frozen-if,reused,STAHD: a scalable and accurate method to detect spatial domains in high-resolution spatial transcriptomics data,10.1093/bioinformatics/btaf619,2026,PMC12790823,literature_search,yes (http 200)
Human breast cancer dataset 1,Visium Spatial Gene Expression,spatial transcriptomics,Human,Breast,Cancer,,https://www.10xgenomics.com/resources/datasets,reused,TIST: Transcriptome and Histopathological Image Integrative Analysis for Spatial Transcriptomics,10.1016/j.gpb.2022.11.012,2022,PMC10025771,literature_search,yes (http 200)
Breast cancer block A section 1,Visium Spatial Gene Expression,spatial transcriptomics,Human,Breast,Cancer,,https://www.10xgenomics.com/resources/datasets,reused,TIST: Transcriptome and Histopathological Image Integrative Analysis for Spatial Transcriptomics,10.1016/j.gpb.2022.11.012,2022,PMC10025771,literature_search,yes (http 200)
Human lymph node,Visium Spatial Gene Expression,spatial transcriptomics,Human,Lymph node,Healthy,,https://www.10xgenomics.com/resources/datasets,reused,TIST: Transcriptome and Histopathological Image Integrative Analysis for Spatial Transcriptomics,10.1016/j.gpb.2022.11.012,2022,PMC10025771,literature_search,yes (http 200)
Human spinal cord,Visium Spatial Gene Expression,spatial transcriptomics,Human,Spinal cord,Healthy,,https://www.10xgenomics.com/resources/datasets,reused,TIST: Transcriptome and Histopathological Image Integrative Analysis for Spatial Transcriptomics,10.1016/j.gpb.2022.11.012,2022,PMC10025771,literature_search,yes (http 200)
Human cerebellum neuroscience,Visium Spatial Gene Expression,spatial transcriptomics,Human,Cerebellum,Healthy,,https://www.10xgenomics.com/resources/datasets,reused,TIST: Transcriptome and Histopathological Image Integrative Analysis for Spatial Transcriptomics,10.1016/j.gpb.2022.11.012,2022,PMC10025771,literature_search,yes (http 200)
Human colorectal cancer,Visium Spatial Gene Expression,spatial transcriptomics,Human,Colorectal,Cancer,,https://www.10xgenomics.com/resources/datasets,reused,TIST: Transcriptome and Histopathological Image Integrative Analysis for Spatial Transcriptomics,10.1016/j.gpb.2022.11.012,2022,PMC10025771,literature_search,yes (http 200)
Human ovarian cancer,Visium Spatial Gene Expression,spatial transcriptomics,Human,Ovary,Cancer,,https://www.10xgenomics.com/resources/datasets,reused,TIST: Transcriptome and Histopathological Image Integrative Analysis for Spatial Transcriptomics,10.1016/j.gpb.2022.11.012,2022,PMC10025771,literature_search,yes (http 200)
Adult mouse cerebral cortex,Visium Spatial Gene Expression,spatial transcriptomics,Mouse,Cerebral cortex,Healthy,,https://www.10xgenomics.com/resources/datasets,reused,TIST: Transcriptome and Histopathological Image Integrative Analysis for Spatial Transcriptomics,10.1016/j.gpb.2022.11.012,2022,PMC10025771,literature_search,yes (http 200)
Mouse brain sagittal anterior,Visium Spatial Gene Expression,spatial transcriptomics,Mouse,Brain (sagittal anterior),Healthy,,https://www.10xgenomics.com/resources/datasets,reused,TIST: Transcriptome and Histopathological Image Integrative Analysis for Spatial Transcriptomics,10.1016/j.gpb.2022.11.012,2022,PMC10025771,literature_search,yes (http 200)
Mouse brain sagittal posterior,Visium Spatial Gene Expression,spatial transcriptomics,Mouse,Brain (sagittal posterior),Healthy,,https://www.10xgenomics.com/resources/datasets,reused,TIST: Transcriptome and Histopathological Image Integrative Analysis for Spatial Transcriptomics,10.1016/j.gpb.2022.11.012,2022,PMC10025771,literature_search,yes (http 200)
Mouse kidney,Visium Spatial Gene Expression,spatial transcriptomics,Mouse,Kidney,Healthy,,https://www.10xgenomics.com/resources/datasets,reused,TIST: Transcriptome and Histopathological Image Integrative Analysis for Spatial Transcriptomics,10.1016/j.gpb.2022.11.012,2022,PMC10025771,literature_search,yes (http 200)
HCC-1N,Visium Spatial Gene Expression,spatial transcriptomics,Human,Liver,Hepatocellular carcinoma (adjacent normal),,https://ngdc.cncb.ac.cn/gsa-human/browse/HRA000437,reused,TIST: Transcriptome and Histopathological Image Integrative Analysis for Spatial Transcriptomics,10.1016/j.gpb.2022.11.012,2022,PMC10025771,literature_search,yes (http 200)
HCC-1L,Visium Spatial Gene Expression,spatial transcriptomics,Human,Liver,Hepatocellular carcinoma,,https://ngdc.cncb.ac.cn/gsa-human/browse/HRA000437,reused,TIST: Transcriptome and Histopathological Image Integrative Analysis for Spatial Transcriptomics,10.1016/j.gpb.2022.11.012,2022,PMC10025771,literature_search,yes (http 200)
HCC-1T,Visium Spatial Gene Expression,spatial transcriptomics,Human,Liver,Hepatocellular carcinoma (tumor),,https://ngdc.cncb.ac.cn/gsa-human/browse/HRA000437,reused,TIST: Transcriptome and Histopathological Image Integrative Analysis for Spatial Transcriptomics,10.1016/j.gpb.2022.11.012,2022,PMC10025771,literature_search,yes (http 200)
cHC-1N,Visium Spatial Gene Expression,spatial transcriptomics,Human,Liver,Combined hepatocellular carcinoma (adjacent normal),,https://ngdc.cncb.ac.cn/gsa-human/browse/HRA000437,reused,TIST: Transcriptome and Histopathological Image Integrative Analysis for Spatial Transcriptomics,10.1016/j.gpb.2022.11.012,2022,PMC10025771,literature_search,yes (http 200)
cHC-1L,Visium Spatial Gene Expression,spatial transcriptomics,Human,Liver,Combined hepatocellular carcinoma,,https://ngdc.cncb.ac.cn/gsa-human/browse/HRA000437,reused,TIST: Transcriptome and Histopathological Image Integrative Analysis for Spatial Transcriptomics,10.1016/j.gpb.2022.11.012,2022,PMC10025771,literature_search,yes (http 200)
cHC-1T,Visium Spatial Gene Expression,spatial transcriptomics,Human,Liver,Combined hepatocellular carcinoma (tumor),,https://ngdc.cncb.ac.cn/gsa-human/browse/HRA000437,reused,TIST: Transcriptome and Histopathological Image Integrative Analysis for Spatial Transcriptomics,10.1016/j.gpb.2022.11.012,2022,PMC10025771,literature_search,yes (http 200)
HCC-2N,Visium Spatial Gene Expression,spatial transcriptomics,Human,Liver,Hepatocellular carcinoma (adjacent normal),,https://ngdc.cncb.ac.cn/gsa-human/browse/HRA000437,reused,TIST: Transcriptome and Histopathological Image Integrative Analysis for Spatial Transcriptomics,10.1016/j.gpb.2022.11.012,2022,PMC10025771,literature_search,yes (http 200)
HCC-2L,Visium Spatial Gene Expression,spatial transcriptomics,Human,Liver,Hepatocellular carcinoma,,https://ngdc.cncb.ac.cn/gsa-human/browse/HRA000437,reused,TIST: Transcriptome and Histopathological Image Integrative Analysis for Spatial Transcriptomics,10.1016/j.gpb.2022.11.012,2022,PMC10025771,literature_search,yes (http 200)
HCC-2T,Visium Spatial Gene Expression,spatial transcriptomics,Human,Liver,Hepatocellular carcinoma (tumor),,https://ngdc.cncb.ac.cn/gsa-human/browse/HRA000437,reused,TIST: Transcriptome and Histopathological Image Integrative Analysis for Spatial Transcriptomics,10.1016/j.gpb.2022.11.012,2022,PMC10025771,literature_search,yes (http 200)
HCC-2P,Visium Spatial Gene Expression,spatial transcriptomics,Human,Liver,Hepatocellular carcinoma,,https://ngdc.cncb.ac.cn/gsa-human/browse/HRA000437,reused,TIST: Transcriptome and Histopathological Image Integrative Analysis for Spatial Transcriptomics,10.1016/j.gpb.2022.11.012,2022,PMC10025771,literature_search,yes (http 200)
HCC-3N,Visium Spatial Gene Expression,spatial transcriptomics,Human,Liver,Hepatocellular carcinoma (adjacent normal),,https://ngdc.cncb.ac.cn/gsa-human/browse/HRA000437,reused,TIST: Transcriptome and Histopathological Image Integrative Analysis for Spatial Transcriptomics,10.1016/j.gpb.2022.11.012,2022,PMC10025771,literature_search,yes (http 200)
HCC-3L,Visium Spatial Gene Expression,spatial transcriptomics,Human,Liver,Hepatocellular carcinoma,,https://ngdc.cncb.ac.cn/gsa-human/browse/HRA000437,reused,TIST: Transcriptome and Histopathological Image Integrative Analysis for Spatial Transcriptomics,10.1016/j.gpb.2022.11.012,2022,PMC10025771,literature_search,yes (http 200)
HCC-3T,Visium Spatial Gene Expression,spatial transcriptomics,Human,Liver,Hepatocellular carcinoma (tumor),,https://ngdc.cncb.ac.cn/gsa-human/browse/HRA000437,reused,TIST: Transcriptome and Histopathological Image Integrative Analysis for Spatial Transcriptomics,10.1016/j.gpb.2022.11.012,2022,PMC10025771,literature_search,yes (http 200)
HCC-4N,Visium Spatial Gene Expression,spatial transcriptomics,Human,Liver,Hepatocellular carcinoma (adjacent normal),,https://ngdc.cncb.ac.cn/gsa-human/browse/HRA000437,reused,TIST: Transcriptome and Histopathological Image Integrative Analysis for Spatial Transcriptomics,10.1016/j.gpb.2022.11.012,2022,PMC10025771,literature_search,yes (http 200)
HCC-4L,Visium Spatial Gene Expression,spatial transcriptomics,Human,Liver,Hepatocellular carcinoma,,https://ngdc.cncb.ac.cn/gsa-human/browse/HRA000437,reused,TIST: Transcriptome and Histopathological Image Integrative Analysis for Spatial Transcriptomics,10.1016/j.gpb.2022.11.012,2022,PMC10025771,literature_search,yes (http 200)
HCC-4T,Visium Spatial Gene Expression,spatial transcriptomics,Human,Liver,Hepatocellular carcinoma (tumor),,https://ngdc.cncb.ac.cn/gsa-human/browse/HRA000437,reused,TIST: Transcriptome and Histopathological Image Integrative Analysis for Spatial Transcriptomics,10.1016/j.gpb.2022.11.012,2022,PMC10025771,literature_search,yes (http 200)
ICC-1L,Visium Spatial Gene Expression,spatial transcriptomics,Human,Liver,Intrahepatic cholangiocarcinoma,,https://ngdc.cncb.ac.cn/gsa-human/browse/HRA000437,reused,TIST: Transcriptome and Histopathological Image Integrative Analysis for Spatial Transcriptomics,10.1016/j.gpb.2022.11.012,2022,PMC10025771,literature_search,yes (http 200)
HCC-5A,Visium Spatial Gene Expression,spatial transcriptomics,Human,Liver,Hepatocellular carcinoma,,https://ngdc.cncb.ac.cn/gsa-human/browse/HRA000437,reused,TIST: Transcriptome and Histopathological Image Integrative Analysis for Spatial Transcriptomics,10.1016/j.gpb.2022.11.012,2022,PMC10025771,literature_search,yes (http 200)
HCC-5B,Visium Spatial Gene Expression,spatial transcriptomics,Human,Liver,Hepatocellular carcinoma,,https://ngdc.cncb.ac.cn/gsa-human/browse/HRA000437,reused,TIST: Transcriptome and Histopathological Image Integrative Analysis for Spatial Transcriptomics,10.1016/j.gpb.2022.11.012,2022,PMC10025771,literature_search,yes (http 200)
HCC-5C,Visium Spatial Gene Expression,spatial transcriptomics,Human,Liver,Hepatocellular carcinoma,,https://ngdc.cncb.ac.cn/gsa-human/browse/HRA000437,reused,TIST: Transcriptome and Histopathological Image Integrative Analysis for Spatial Transcriptomics,10.1016/j.gpb.2022.11.012,2022,PMC10025771,literature_search,yes (http 200)
HCC-5D,Visium Spatial Gene Expression,spatial transcriptomics,Human,Liver,Hepatocellular carcinoma,,https://ngdc.cncb.ac.cn/gsa-human/browse/HRA000437,reused,TIST: Transcriptome and Histopathological Image Integrative Analysis for Spatial Transcriptomics,10.1016/j.gpb.2022.11.012,2022,PMC10025771,literature_search,yes (http 200)
STARMAPplus Mouse Brain dataset,STARMAPplus,spatial transcriptomics,Mouse,Brain,,,https://zenodo.org/records/8327576,reused,SuperSpot: coarse graining spatial transcriptomics data into metaspots,10.1093/bioinformatics/btae734,2025,PMC11725322,literature_search,"yes (zenodo record, 83 files)"
10x Visium Mouse Cortex dataset,10x Visium,spatial transcriptomics,Mouse,Cortex (Dorsolateral Prefrontal Cortex / Brain),,,http://research.libd.org/globus,reused,SuperSpot: coarse graining spatial transcriptomics data into metaspots,10.1093/bioinformatics/btae734,2025,PMC11725322,literature_search,yes (http 200)
10x Visium Human Breast Cancer dataset,10x Visium,spatial transcriptomics,Human,Breast,Breast Cancer,,https://www.10xgenomics.com/datasets/human-breast-cancer-block-a-section-1-1-standard-1-1-0,reused,SuperSpot: coarse graining spatial transcriptomics data into metaspots,10.1093/bioinformatics/btae734,2025,PMC11725322,literature_search,yes (http 200)
Nanostring CosMx Human Pancreas dataset,Nanostring CosMx SMI,spatial transcriptomics,Human,Pancreas,,,https://nanostring.com/products/cosmx-spatial-molecular-imager/ffpe-dataset/cosmx-smi-human-pancreas-ffpe-dataset/,reused,SuperSpot: coarse graining spatial transcriptomics data into metaspots,10.1093/bioinformatics/btae734,2025,PMC11725322,literature_search,yes (http 200)
VisiumHD Human Colorectal Cancer dataset,VisiumHD,spatial transcriptomics,Human,Colorectal,Colorectal Cancer,,https://www.10xgenomics.com/datasets/visium-hd-cytassist-gene-expression-libraries-of-human-crc,reused,SuperSpot: coarse graining spatial transcriptomics data into metaspots,10.1093/bioinformatics/btae734,2025,PMC11725322,literature_search,yes (http 200)
VisiumHD Mouse Brain dataset,VisiumHD,spatial transcriptomics,Mouse,Brain,,,https://www.10xgenomics.com/datasets/visium-hd-cytassist-gene-expression-libraries-of-mouse-brain-he,reused,SuperSpot: coarse graining spatial transcriptomics data into metaspots,10.1093/bioinformatics/btae734,2025,PMC11725322,literature_search,yes (http 200)
Normal human liver spatial transcriptomics,10X Genomics Visium,spatial transcriptomics,human,liver,healthy,2,PRJNA821403,generated,Spatial transcriptome profiling of normal human liver,10.1038/s41597-022-01676-w,2022,PMC9581974,literature_search,yes (ENA PRJNA821403)
Mouse Ovarian Tissue Granulosa Cells Spatial Transcriptome,PHOTON,,mouse,ovary,healthy,,,generated,Subcellular level spatial transcriptomics with PHOTON,10.1038/s41467-025-59801-3,2025,PMC12078482,literature_search,no link
HeLa Cells Nucleoli Spatial Transcriptome,PHOTON,,human,HeLa cell line (nucleoli),healthy,,,generated,Subcellular level spatial transcriptomics with PHOTON,10.1038/s41467-025-59801-3,2025,PMC12078482,literature_search,no link
HeLa Cells Mitochondria Spatial Transcriptome,PHOTON,,human,HeLa cell line (mitochondria),healthy,,,generated,Subcellular level spatial transcriptomics with PHOTON,10.1038/s41467-025-59801-3,2025,PMC12078482,literature_search,no link
HeLa Cells Stress Granules Spatial Transcriptome,PHOTON,,human,HeLa cell line (stress granules),healthy,,,generated,Subcellular level spatial transcriptomics with PHOTON,10.1038/s41467-025-59801-3,2025,PMC12078482,literature_search,no link
MEF Cells Stress Granules Spatial Transcriptome,PHOTON,,mouse,MEF cell line (stress granules),healthy,,,generated,Subcellular level spatial transcriptomics with PHOTON,10.1038/s41467-025-59801-3,2025,PMC12078482,literature_search,no link
Mouse Ovarian Tissue Slide-seqV2 Dataset,Slide-seqV2,spatial transcriptomics,mouse,ovary,healthy,,,reused,Subcellular level spatial transcriptomics with PHOTON,10.1038/s41467-025-59801-3,2025,PMC12078482,literature_search,no link
Squamous cell carcinoma spatial transcriptomics dataset,10x Visium,spatial transcriptomics,human,tumor tissue sections,squamous cell carcinoma,12,,reused,SPIN-AI: A Deep Learning Model That Identifies Spatially Predictive Genes,10.3390/biom13060895,2023,PMC10296445,literature_search,no link
LIBD human dorsolateral prefrontal cortex dataset,10x Visium,spatial transcriptomics,Human,Dorsolateral prefrontal cortex,,12,http://spatial.libd.org/spatialLIBD,reused,STMGraph: spatial-context-aware of transcriptomes via a dual-remasked dynamic graph attention model,10.1093/bib/bbae685,2025,PMC11704419,literature_search,no (http 404)
Human breast cancer dataset,10x Visium,spatial transcriptomics,Human,Breast cancer,Breast cancer,1,https://support.10xgenomics.com/spatial-gene-expression/datasets/1.1.0/V1_Breast_Cancer_Block_A_Section_1,reused,STMGraph: spatial-context-aware of transcriptomes via a dual-remasked dynamic graph attention model,10.1093/bib/bbae685,2025,PMC11704419,literature_search,unverified (site blocks automated checks: http 403)
Coronal mouse brain section,10x Visium,spatial transcriptomics,Mouse,Brain,,1,https://www.10xgenomics.com/datasets/adult-mouse-brain-section-1-coronal-stains-dapi-anti-neu-n-1-standard-1-1-0,reused,STMGraph: spatial-context-aware of transcriptomes via a dual-remasked dynamic graph attention model,10.1093/bib/bbae685,2025,PMC11704419,literature_search,yes (http 200)
Mouse posterior brain section,10x Visium,spatial transcriptomics,Mouse,Posterior brain,,1,https://support.10xgenomics.com/spatial-gene-expression/datasets,reused,STMGraph: spatial-context-aware of transcriptomes via a dual-remasked dynamic graph attention model,10.1093/bib/bbae685,2025,PMC11704419,literature_search,unverified (site blocks automated checks: http 403)
Mouse olfactory bulb dataset (Stereo-seq),Stereo-seq,spatial transcriptomics,Mouse,Olfactory bulb,,1,https://github.com/JinmiaoChenLab/SEDR_analyses,reused,STMGraph: spatial-context-aware of transcriptomes via a dual-remasked dynamic graph attention model,10.1093/bib/bbae685,2025,PMC11704419,literature_search,yes (http 200)
Mouse visual cortex dataset,STARmap,spatial transcriptomics,Mouse,Visual cortex,,1,https://www.starmapresources.com/data,reused,STMGraph: spatial-context-aware of transcriptomes via a dual-remasked dynamic graph attention model,10.1093/bib/bbae685,2025,PMC11704419,literature_search,no (http 404)
Mouse olfactory bulb dataset (Slide-seqV2),slide-seqV2,spatial transcriptomics,Mouse,Olfactory bulb,,1,https://portals.broadinstitute.org/single_cell/study/slide-seq-study,reused,STMGraph: spatial-context-aware of transcriptomes via a dual-remasked dynamic graph attention model,10.1093/bib/bbae685,2025,PMC11704419,literature_search,yes (http 200)
Mouse embryo dataset,Stereo-seq,spatial transcriptomics,Mouse,Embryo,,4,https://db.cngb.org/stomics/mosta/,reused,STMGraph: spatial-context-aware of transcriptomes via a dual-remasked dynamic graph attention model,10.1093/bib/bbae685,2025,PMC11704419,literature_search,yes (http 200)
Mouse brain horizontal integration dataset (Anterior and Posterior),10x Visium,spatial transcriptomics,Mouse,Brain,,2,https://zenodo.org/record/6925603#.YuM5WXZBwuU,reused,STMGraph: spatial-context-aware of transcriptomes via a dual-remasked dynamic graph attention model,10.1093/bib/bbae685,2025,PMC11704419,literature_search,"yes (zenodo record, 1 files)"
Mouse breast cancer batch integration dataset,10x Visium,spatial transcriptomics,Mouse,Breast cancer,Breast cancer,2,https://zenodo.org/record/6925603#.YuM5WXZBwuU,reused,STMGraph: spatial-context-aware of transcriptomes via a dual-remasked dynamic graph attention model,10.1093/bib/bbae685,2025,PMC11704419,literature_search,"yes (zenodo record, 1 files)"
Orchid flower-buds dataset,10x Visium,spatial transcriptomics,Orchid,Flower buds,,1,https://academic.oup.com/nar/article/50/17/9724/6696353#supplementary-data,reused,STMGraph: spatial-context-aware of transcriptomes via a dual-remasked dynamic graph attention model,10.1093/bib/bbae685,2025,PMC11704419,literature_search,unverified (site blocks automated checks: http 403)
Healthy mouse femur spatial transcriptomics,Visium Spatial Gene Expression,spatial transcriptomics,mouse,bone marrow (femur),healthy,2,,generated,Characterization of the bone marrow architecture of multiple myeloma using spatial transcriptomics,10.1038/s42003-025-08975-z,2025,PMC12634688,literature_search,no link
MM mouse model femur spatial transcriptomics,Visium Spatial Gene Expression,spatial transcriptomics,mouse,bone marrow (femur),Multiple Myeloma (MM),4,,generated,Characterization of the bone marrow architecture of multiple myeloma using spatial transcriptomics,10.1038/s42003-025-08975-z,2025,PMC12634688,literature_search,no link
Healthy human bone marrow spatial transcriptomics,Visium Spatial Gene Expression,spatial transcriptomics,human,bone marrow,healthy,3,,generated,Characterization of the bone marrow architecture of multiple myeloma using spatial transcriptomics,10.1038/s42003-025-08975-z,2025,PMC12634688,literature_search,no link
Human Multiple Myeloma bone marrow spatial transcriptomics,Visium Spatial Gene Expression,spatial transcriptomics,human,bone marrow,Multiple Myeloma (MM),6,GSE269875,generated,Characterization of the bone marrow architecture of multiple myeloma using spatial transcriptomics,10.1038/s42003-025-08975-z,2025,PMC12634688,literature_search,yes (GEO record GSE269875)
MACSima imaging data of tonsil cancer,MACSima (cyclic immunofluorescence),,human,tonsil,tonsil cancer,,BioImage Archive: S-BIAD1116,generated,Protocol for spatial proteomic profiling of tonsil cancer microenvironments using multiplexed imaging-powered deep visual proteomics,10.1016/j.xpro.2025.103901,2025,PMC12221282,literature_search,yes (BioStudies S-BIAD1116)
Mass spectrometry proteomics data of tonsil cancer microenvironments,timsTOF SCP mass spectrometry,,human,tonsil,tonsil cancer,,PRIDE: PXD057118,generated,Protocol for spatial proteomic profiling of tonsil cancer microenvironments using multiplexed imaging-powered deep visual proteomics,10.1016/j.xpro.2025.103901,2025,PMC12221282,literature_search,yes (PRIDE PXD057118)
Mouse cerebral cortex SNARE-seq data,SNARE-seq,,mouse,cerebral cortex,,,GSE126074,reused,Spatial integration of multi-omics single-cell data with SIMO,10.1038/s41467-025-56523-4,2025,PMC11787318,literature_search,yes (GEO record GSE126074)
ISSAAC-seq data of mouse brain cortex,ISSAAC-seq,spatial transcriptomics,mouse,brain cortex,,,https://www.ebi.ac.uk/biostudies/arrayexpress/studies/E-MTAB-11264,reused,Spatial integration of multi-omics single-cell data with SIMO,10.1038/s41467-025-56523-4,2025,PMC11787318,literature_search,yes (http 200)
Mouse embryonic Spatial ATAC-RNA-seq data (Dataset 1),Spatial ATAC-RNA-seq,,mouse,embryo,,,https://web.atlasxomics.com/visualization/Fan,reused,Spatial integration of multi-omics single-cell data with SIMO,10.1038/s41467-025-56523-4,2025,PMC11787318,literature_search,yes (http 200)
Mouse brain Spatial ATAC-RNA-seq data (Dataset 2),Spatial ATAC-RNA-seq,,mouse,brain,,,https://web.atlasxomics.com/visualization/Fan,reused,Spatial integration of multi-omics single-cell data with SIMO,10.1038/s41467-025-56523-4,2025,PMC11787318,literature_search,yes (http 200)
Mouse brain Spatial CUT&Tag-RNA-seq (H3K27me3) data (Dataset 3),Spatial CUT&Tag-RNA-seq,,mouse,brain,,,https://web.atlasxomics.com/visualization/Fan,reused,Spatial integration of multi-omics single-cell data with SIMO,10.1038/s41467-025-56523-4,2025,PMC11787318,literature_search,yes (http 200)
Mouse cerebral cortex Drop-seq data,Drop-seq,,mouse,cerebral cortex,,,http://dropviz.org/,reused,Spatial integration of multi-omics single-cell data with SIMO,10.1038/s41467-025-56523-4,2025,PMC11787318,literature_search,"no (link is a site root, not a dataset)"
Mouse cerebral cortex snmC-seq data,snmC-seq,,mouse,cerebral cortex,,,https://brainome.ucsd.edu/annoj/brain_single_nuclei/,reused,Spatial integration of multi-omics single-cell data with SIMO,10.1038/s41467-025-56523-4,2025,PMC11787318,literature_search,yes (http 200)
Mouse cerebral cortex 10x Visium data,10x Visium,spatial transcriptomics,mouse,cerebral cortex,,,https://satijalab.org/seurat/articles/spatial_vignette,reused,Spatial integration of multi-omics single-cell data with SIMO,10.1038/s41467-025-56523-4,2025,PMC11787318,literature_search,yes (http 200)
"Human myocardial infarction scRNA-seq, scATAC-seq and 10x Visium data",10x Visium,spatial transcriptomics,human,heart,myocardial infarction,,https://cellxgene.cziscience.com/collections/8191c283-0816-424b-9b61-c3e1d6258a77,reused,Spatial integration of multi-omics single-cell data with SIMO,10.1038/s41467-025-56523-4,2025,PMC11787318,literature_search,yes (http 200)
Tissue microarrays (TMAs) profiling tumor and normal tissues,10X Xenium,spatial transcriptomics,human,multiple tumor and normal tissues,cancer and healthy,,https://www.ncbi.nlm.nih.gov/geo/query/acc.cgi?acc=GSExxx,generated,Systematic benchmarking of imaging spatial transcriptomics platforms in FFPE tissues,10.1038/s41467-025-64990-y,2025,PMC12635344,literature_search,yes (http 200)
Tissue microarrays (TMAs) profiling tumor and normal tissues,Vizgen MERSCOPE,,human,multiple tumor and normal tissues,cancer and healthy,,https://www.ncbi.nlm.nih.gov/geo/query/acc.cgi?acc=GSExxx,generated,Systematic benchmarking of imaging spatial transcriptomics platforms in FFPE tissues,10.1038/s41467-025-64990-y,2025,PMC12635344,literature_search,yes (http 200)
Tissue microarrays (TMAs) profiling tumor and normal tissues,Nanostring CosMx SMI,spatial transcriptomics,human,multiple tumor and normal tissues,cancer and healthy,,https://www.ncbi.nlm.nih.gov/geo/query/acc.cgi?acc=GSExxx,generated,Systematic benchmarking of imaging spatial transcriptomics platforms in FFPE tissues,10.1038/s41467-025-64990-y,2025,PMC12635344,literature_search,yes (http 200)
Single-cell RNA sequencing reference dataset for tTMA1 and tTMA2,10x Chromium Single Cell Gene Expression FLEX,,human,tumor tissue microarrays (tTMA1 and tTMA2),cancer and healthy,,https://www.ncbi.nlm.nih.gov/geo/query/acc.cgi?acc=GSExxx,generated,Systematic benchmarking of imaging spatial transcriptomics platforms in FFPE tissues,10.1038/s41467-025-64990-y,2025,PMC12635344,literature_search,yes (http 200)
intralobar lung sample,SCRINSHOT,,human,lung,healthy,1,,generated,Probe set selection for targeted spatial transcriptomics,10.1038/s41592-024-02496-z,2024,PMC11621025,literature_search,no link
tracheal lung sample,SCRINSHOT,,human,trachea,healthy,1,,generated,Probe set selection for targeted spatial transcriptomics,10.1038/s41592-024-02496-z,2024,PMC11621025,literature_search,no link
developing human heart spatial dataset,in situ sequencing (ISS),spatial transcriptomics,human,heart,healthy,,10.6084/m9.figshare.10058048.v1,reused,Probe set selection for targeted spatial transcriptomics,10.1038/s41592-024-02496-z,2024,PMC11621025,literature_search,unverified (server answered http 202)
human middle temporal gyrus MERFISH dataset,MERFISH,spatial transcriptomics,human,brain,healthy,5,10.5061/dryad.x3ffbg7mw,reused,Probe set selection for targeted spatial transcriptomics,10.1038/s41592-024-02496-z,2024,PMC11621025,literature_search,yes (http 200)
Human Dorsolateral Prefrontal Cortex (DLPFC) dataset,10x Visium,spatial transcriptomics,human,dorsolateral prefrontal cortex (brain),healthy (and brain function/disease study context),12,,reused,AugGCL: Multimodal graph learning for spatial transcriptomics analysis with enhanced gene and morphological data,10.1371/journal.pcbi.1013912,2026,PMC12863693,literature_search,no link
Human breast cancer dataset,,,human,breast,breast cancer,,,reused,AugGCL: Multimodal graph learning for spatial transcriptomics analysis with enhanced gene and morphological data,10.1371/journal.pcbi.1013912,2026,PMC12863693,literature_search,no link
Mouse Embryo E9.5 dataset,,,mouse,"embryo (including AGM, brain, heart, liver, and neural crest)",embryonic development,,,reused,AugGCL: Multimodal graph learning for spatial transcriptomics analysis with enhanced gene and morphological data,10.1371/journal.pcbi.1013912,2026,PMC12863693,literature_search,no link
Arabidopsis thaliana untreated lateral leaf cross-section spatial transcriptome,GaST-seq,spatial transcriptomics,Arabidopsis thaliana,leaf,healthy,3,,generated,Spatially resolved transcriptomics reveals plant host responses to pathogens,10.1186/s13007-019-0498-5,2019,PMC6785889,literature_search,no link
Arabidopsis thaliana flg22 infiltrated lateral leaf spatial transcriptome,GaST-seq,spatial transcriptomics,Arabidopsis thaliana,leaf,PAMP immune response (flg22 infiltration),6,,generated,Spatially resolved transcriptomics reveals plant host responses to pathogens,10.1186/s13007-019-0498-5,2019,PMC6785889,literature_search,no link
Arabidopsis thaliana flg22 droplet spotted lateral leaf spatial transcriptome,GaST-seq,spatial transcriptomics,Arabidopsis thaliana,leaf,PAMP immune response (flg22 droplet spotting),6,,generated,Spatially resolved transcriptomics reveals plant host responses to pathogens,10.1186/s13007-019-0498-5,2019,PMC6785889,literature_search,no link
Arabidopsis thaliana Albugo laibachii infected dual host-pathogen spatial transcriptome,GaST-seq,spatial transcriptomics,Arabidopsis thaliana,leaf,Oomycete infection (Albugo laibachii NC14),2,,generated,Spatially resolved transcriptomics reveals plant host responses to pathogens,10.1186/s13007-019-0498-5,2019,PMC6785889,literature_search,no link
Human lung adenocarcinoma Visium dataset,Visium spatial transcriptomics,spatial transcriptomics,Human,Lung,Lung adenocarcinoma,11,https://zenodo.org/record/7306132,generated,STopover captures spatial colocalization and interaction in the tumor microenvironment using topological analysis in spatial transcriptomics data,10.1186/s13073-025-01457-1,2025,PMC11963362,literature_search,"yes (zenodo record, 1 files)"
Non-small cell lung cancer CosMx SMI dataset,CosMx SMI,spatial transcriptomics,Human,Lung,Non-small cell lung cancer,,https://nanostring.com/products/cosmx-spatial-molecular-imager/nsclc-ffpe-dataset/,reused,STopover captures spatial colocalization and interaction in the tumor microenvironment using topological analysis in spatial transcriptomics data,10.1186/s13073-025-01457-1,2025,PMC11963362,literature_search,yes (http 200)
Human breast cancer Visium and single-cell transcriptomics dataset,Visium spatial transcriptomics,spatial transcriptomics,Human,Breast,Breast cancer (ER+ and TNBC),4,https://www.ncbi.nlm.nih.gov/geo/query/acc.cgi?acc=GSE176078,reused,STopover captures spatial colocalization and interaction in the tumor microenvironment using topological analysis in spatial transcriptomics data,10.1186/s13073-025-01457-1,2025,PMC11963362,literature_search,yes (http 200)
Xenium mouse kidney spatial transcriptomics,Xenium,spatial transcriptomics,Mouse,Kidney,"Ischemia-reperfusion injury and repair stages (sham, 4h, 12h, 2d, 14d, 6w)",12,GSE269719,generated,Multimodal spatial transcriptomic characterization of mouse kidney injury and repair,10.1038/s41467-025-62599-9,2025,PMC12354736,literature_search,yes (GEO record GSE269719)
Visium mouse kidney spatial transcriptomics,Visium,spatial transcriptomics,Mouse,Kidney,"Ischemia-reperfusion injury and repair stages (sham, 4h, 12h, 2d, 14d, 6w)",,GSE269622,generated,Multimodal spatial transcriptomic characterization of mouse kidney injury and repair,10.1038/s41467-025-62599-9,2025,PMC12354736,literature_search,yes (GEO record GSE269622)
Polonsky et al. mouse spatial transcriptomics,,,Mouse,Kidney,Mouse IRI,,https://zenodo.org/records/12709329,reused,Multimodal spatial transcriptomic characterization of mouse kidney injury and repair,10.1038/s41467-025-62599-9,2025,PMC12354736,literature_search,"yes (zenodo record, 5 files)"
Abedini et al. human spatial transcriptomics,,,Human,Kidney,Chronic Kidney Disease (CKD),,GSE211785,reused,Multimodal spatial transcriptomic characterization of mouse kidney injury and repair,10.1038/s41467-025-62599-9,2025,PMC12354736,literature_search,yes (GEO record GSE211785)
Mouse olfactory bulb spatial transcriptomics dataset,Spatial transcriptomics platform,,Mouse,Olfactory bulb,,12,,reused,Flexible analysis of spatial transcriptomics data (FAST): a deconvolution approach,10.1186/s12859-025-06054-y,2025,PMC11786350,literature_search,no link
Human breast cancer spatial transcriptomics dataset,Spatial transcriptomics platform,,Human,Breast,Breast cancer (DCIS and IDC),,,reused,Flexible analysis of spatial transcriptomics data (FAST): a deconvolution approach,10.1186/s12859-025-06054-y,2025,PMC11786350,literature_search,no link
Mouse brain spatial transcriptomics dataset,10X Visium,spatial transcriptomics,Mouse,Brain,,,,reused,Flexible analysis of spatial transcriptomics data (FAST): a deconvolution approach,10.1186/s12859-025-06054-y,2025,PMC11786350,literature_search,no link
IMC Breast Cancer Dataset,IMC,spatial proteomics,,breast,,,https://doi.org/10.5281/zenodo.6909419,reused,SpatialSort: a Bayesian model for clustering and cell population annotation of spatial proteomics data,10.1093/bioinformatics/btad242,2023,PMC10311307,literature_search,"yes (zenodo record, 1 files)"
CyTOF Bone Marrow Mononuclear Cells Dataset,CyTOF,,,bone marrow,,,https://doi.org/10.5281/zenodo.6909419,reused,SpatialSort: a Bayesian model for clustering and cell population annotation of spatial proteomics data,10.1093/bioinformatics/btad242,2023,PMC10311307,literature_search,"yes (zenodo record, 1 files)"
MIBI DLBCL Dataset,MIBI,spatial proteomics,human,,diffuse large B-cell lymphoma (DLBCL),29,https://doi.org/10.5281/zenodo.6909419,reused,SpatialSort: a Bayesian model for clustering and cell population annotation of spatial proteomics data,10.1093/bioinformatics/btad242,2023,PMC10311307,literature_search,"yes (zenodo record, 1 files)"
CyTOF DLBCL Dataset,CyTOF,,human,,diffuse large B-cell lymphoma (DLBCL),29,https://doi.org/10.5281/zenodo.6909419,reused,SpatialSort: a Bayesian model for clustering and cell population annotation of spatial proteomics data,10.1093/bioinformatics/btad242,2023,PMC10311307,literature_search,"yes (zenodo record, 1 files)"
Human Stereo-seq pretraining dataset,Stereo-seq,spatial transcriptomics,Human,Various (26 human spatial tissue types),,,,reused,OmniCell: Unified Foundation Modelling of Single-Cell and Spatial Transcriptomics for Cellular and Molecular Insights,10.64898/2025.12.29.696804,2025,bio_121d0c8b6f58,literature_search,no link
Human hippocampus Stereo-seq dataset,Stereo-seq,spatial transcriptomics,Human,Hippocampus,Alzheimer's disease and control,,,reused,OmniCell: Unified Foundation Modelling of Single-Cell and Spatial Transcriptomics for Cellular and Molecular Insights,10.64898/2025.12.29.696804,2025,bio_121d0c8b6f58,literature_search,no link
MERFISH mouse brain ageing datasets,MERFISH,spatial transcriptomics,Mouse,Brain,Ageing,31,,reused,OmniCell: Unified Foundation Modelling of Single-Cell and Spatial Transcriptomics for Cellular and Molecular Insights,10.64898/2025.12.29.696804,2025,bio_121d0c8b6f58,literature_search,no link
LC5-M human liver cancer Stereo-seq dataset,Stereo-seq,spatial transcriptomics,Human,Liver,Liver cancer,,,reused,OmniCell: Unified Foundation Modelling of Single-Cell and Spatial Transcriptomics for Cellular and Molecular Insights,10.64898/2025.12.29.696804,2025,bio_121d0c8b6f58,literature_search,no link
osmFISH mouse cortex dataset,osmFISH,spatial transcriptomics,Mouse,Cortex,,,,reused,OmniCell: Unified Foundation Modelling of Single-Cell and Spatial Transcriptomics for Cellular and Molecular Insights,10.64898/2025.12.29.696804,2025,bio_121d0c8b6f58,literature_search,no link
Mouse single-cell spatial transcriptomic atlas,Spatial transcriptomics,,Mouse,Whole brain,,,,reused,OmniCell: Unified Foundation Modelling of Single-Cell and Spatial Transcriptomics for Cellular and Molecular Insights,10.64898/2025.12.29.696804,2025,bio_121d0c8b6f58,literature_search,no link
Macaque spatial transcriptomic atlas,Spatial transcriptomics,,Macaque,Cortex,,,,reused,OmniCell: Unified Foundation Modelling of Single-Cell and Spatial Transcriptomics for Cellular and Molecular Insights,10.64898/2025.12.29.696804,2025,bio_121d0c8b6f58,literature_search,no link
Macaque cortical sections T450 and T483,Spatial transcriptomics,,Macaque,Cortex,,2,,reused,OmniCell: Unified Foundation Modelling of Single-Cell and Spatial Transcriptomics for Cellular and Molecular Insights,10.64898/2025.12.29.696804,2025,bio_121d0c8b6f58,literature_search,no link
mouse hippocampus single-cell microzone spatial transcriptome dataset,ulRNA-seq library construction method combined with single-cell RNA-sequencing and spatial transcriptome sequencing (laser capture microdissection),spatial transcriptomics,mouse,hippocampus,Parkinson's disease,74,,generated,Spatial Transcriptome Profiling of Mouse Hippocampal Single Cell Microzone in Parkinson’s Disease,10.3390/ijms24031810,2023,PMC9915078,literature_search,no link
Human dorsolateral prefrontal cortex Visium dataset,Visium,spatial transcriptomics,human,dorsolateral prefrontal cortex,neurotypical,12,,reused,CellDART: cell type inference by domain adaptation of single-cell and spatial transcriptomic data,10.1093/nar/gkac084,2022,PMC9177989,literature_search,no link
Human DLPFC single-nucleus dataset,snRNA-seq,,human,dorsolateral prefrontal cortex,healthy control,17,GSE144136,reused,CellDART: cell type inference by domain adaptation of single-cell and spatial transcriptomic data,10.1093/nar/gkac084,2022,PMC9177989,literature_search,yes (GEO record GSE144136)
Mouse brain Visium dataset,Visium,spatial transcriptomics,mouse,brain,wild-type / normal,1,,reused,CellDART: cell type inference by domain adaptation of single-cell and spatial transcriptomic data,10.1093/nar/gkac084,2022,PMC9177989,literature_search,no link
Mouse primary visual cortex and anterior lateral motor cortex scRNA-seq dataset,scRNA-seq,,mouse,brain (primary visual cortex and anterior lateral motor cortex),wild-type / normal,,GSE115746,reused,CellDART: cell type inference by domain adaptation of single-cell and spatial transcriptomic data,10.1093/nar/gkac084,2022,PMC9177989,literature_search,yes (GEO record GSE115746)
Mouse hippocampus Slide-seq dataset,Slide-seq,spatial transcriptomics,mouse,hippocampus,wild-type / normal,,https://singlecell.broadinstitute.org/single_cell/study/SCP815,reused,CellDART: cell type inference by domain adaptation of single-cell and spatial transcriptomic data,10.1093/nar/gkac084,2022,PMC9177989,literature_search,yes (http 200)
Mouse hippocampus scRNA-seq dataset,scRNA-seq,,mouse,hippocampus,wild-type / normal,,http://dropviz.org/,reused,CellDART: cell type inference by domain adaptation of single-cell and spatial transcriptomic data,10.1093/nar/gkac084,2022,PMC9177989,literature_search,"no (link is a site root, not a dataset)"
Normal human lung Visium dataset (Lung 1 and Lung 2),Visium,spatial transcriptomics,human,lung,normal (tumor-free adjacent tissue),2,GSE172416,generated,CellDART: cell type inference by domain adaptation of single-cell and spatial transcriptomic data,10.1093/nar/gkac084,2022,PMC9177989,literature_search,yes (GEO record GSE172416)
Human normal lung single-cell dataset (Human Lung Cell Atlas),scRNA-seq,,human,lung,normal,3,https://www.synapse.org/#!Synapse:syn21041850,reused,CellDART: cell type inference by domain adaptation of single-cell and spatial transcriptomic data,10.1093/nar/gkac084,2022,PMC9177989,literature_search,yes (http 200)
Human pancreatic ductal adenocarcinoma dataset,ST (Spatial Transcriptomics),spatial transcriptomics,human,pancreas,pancreatic ductal adenocarcinoma,,GSE111672,reused,Precise gene expression deconvolution in spatial transcriptomics with STged,10.1093/nar/gkaf087,2025,PMC11838043,literature_search,yes (GEO record GSE111672)
Human squamous cell carcinoma dataset,ST (Spatial Transcriptomics),spatial transcriptomics,human,skin / tumor,squamous cell carcinoma,,GSE144240,reused,Precise gene expression deconvolution in spatial transcriptomics with STged,10.1093/nar/gkaf087,2025,PMC11838043,literature_search,yes (GEO record GSE144240)
Mouse kidney 10x SRT dataset,Visium v1,spatial transcriptomics,mouse,kidney,healthy,,GSE129798,reused,Precise gene expression deconvolution in spatial transcriptomics with STged,10.1093/nar/gkaf087,2025,PMC11838043,literature_search,yes (GEO record GSE129798)
SeqFISH+ mouse cortex dataset,seqFISH+,spatial transcriptomics,mouse,cortex,healthy,,,reused,Precise gene expression deconvolution in spatial transcriptomics with STged,10.1093/nar/gkaf087,2025,PMC11838043,literature_search,no link
MERFISH mouse medial preoptic area dataset,MERFISH,spatial transcriptomics,mouse,medial preoptic area,healthy,,,reused,Precise gene expression deconvolution in spatial transcriptomics with STged,10.1093/nar/gkaf087,2025,PMC11838043,literature_search,no link
Yale NSCLC Cohort,PhenoCycler Fusion (CODEX) and DSP-GeoMx WTA/CTA,spatial proteomics,human,lung,non-small cell lung cancer,113,,generated,Spatial signatures for predicting immunotherapy outcomes using multi-omics in non-small cell lung cancer,10.1038/s41588-025-02351-7,2025,PMC12513832,literature_search,no link
University of Queensland (UQ) NSCLC Cohort,PhenoCycler Fusion (CODEX) and DSP-GeoMx CTA,spatial proteomics,human,lung,non-small cell lung cancer,42,,generated,Spatial signatures for predicting immunotherapy outcomes using multi-omics in non-small cell lung cancer,10.1038/s41588-025-02351-7,2025,PMC12513832,literature_search,no link
University of Athens (Greek) NSCLC Cohort,PhenoCycler Fusion (CODEX) and DSP-GeoMx WTA,spatial proteomics,human,lung,non-small cell lung cancer,79,,generated,Spatial signatures for predicting immunotherapy outcomes using multi-omics in non-small cell lung cancer,10.1038/s41588-025-02351-7,2025,PMC12513832,literature_search,no link
10x Visium CID44971 and scRNA-seq,10x Visium / 10x Chromium,spatial transcriptomics,human,breast cancer,breast cancer,,GSE176078,reused,SpaIM: single-cell spatial transcriptomics imputation via style transfer,10.1038/s41467-025-63185-9,2025,PMC12375071,literature_search,yes (GEO record GSE176078)
NanoString CosMx SMI Lung9-rep1,NanoString CosMx SMI,spatial transcriptomics,,lung cancer,lung cancer,,,reused,SpaIM: single-cell spatial transcriptomics imputation via style transfer,10.1038/s41467-025-63185-9,2025,PMC12375071,literature_search,no link
NanoString CosMx SMI Lung5-rep3,NanoString CosMx SMI,spatial transcriptomics,,lung cancer,lung cancer,,,reused,SpaIM: single-cell spatial transcriptomics imputation via style transfer,10.1038/s41467-025-63185-9,2025,PMC12375071,literature_search,no link
Sequencing-based ST and scRNA-seq datasets,"Visium, Slide-seq, Slide-seq V2, Seq-scope, HDST",spatial transcriptomics,"Drosophila, mouse, zebrafish, human","embryo, somatosensory cortex, primary visual cortex, breast, prostate, kidney, brain",,,GSE161318,reused,SpaIM: single-cell spatial transcriptomics imputation via style transfer,10.1038/s41467-025-63185-9,2025,PMC12375071,literature_search,yes (GEO record GSE161318)
Imaging-based ST datasets,"seqFISH, seqFISH+, MERFISH, STARmap, ISS, osmFISH",spatial transcriptomics,"mouse, human","gastrulation, embryonic, hippocampus, cortex",,,,reused,SpaIM: single-cell spatial transcriptomics imputation via style transfer,10.1038/s41467-025-63185-9,2025,PMC12375071,literature_search,no link
human dorsolateral prefrontal cortex,10x Visium,spatial transcriptomics,human,dorsolateral prefrontal cortex,,12,,reused,A multi-modality and multi-granularity collaborative learning framework for identifying spatial domains and spatially variable genes,10.1093/bioinformatics/btae607,2024,PMC11513014,literature_search,no link
human breast cancer,10x Visium,spatial transcriptomics,human,breast cancer,breast cancer,,,reused,A multi-modality and multi-granularity collaborative learning framework for identifying spatial domains and spatially variable genes,10.1093/bioinformatics/btae607,2024,PMC11513014,literature_search,no link
mouse brain,10x Visium,spatial transcriptomics,mouse,brain,,2,,reused,A multi-modality and multi-granularity collaborative learning framework for identifying spatial domains and spatially variable genes,10.1093/bioinformatics/btae607,2024,PMC11513014,literature_search,no link
mouse olfactory bulb,Stereo-seq,spatial transcriptomics,mouse,olfactory bulb,,,,reused,A multi-modality and multi-granularity collaborative learning framework for identifying spatial domains and spatially variable genes,10.1093/bioinformatics/btae607,2024,PMC11513014,literature_search,no link
Spatial transcriptomics liver tissue dataset,Visium,spatial transcriptomics,Human,Liver,"Healthy, Simple Steatosis, and MASH",5,,generated,Spatial and Single‐Cell Transcriptomics Reveals the Regional Division of the Spatial Structure of  MASH  Fibrosis,10.1111/liv.16125,2024,PMC11891380,literature_search,no link
Single-cell RNA-seq dataset,Single-cell RNA-seq,,Human,Liver,MASLD / MASH,,GSE189175,reused,Spatial and Single‐Cell Transcriptomics Reveals the Regional Division of the Spatial Structure of  MASH  Fibrosis,10.1111/liv.16125,2024,PMC11891380,literature_search,yes (GEO record GSE189175)
PBMC CITE-seq dataset,CITE-seq,,human,peripheral blood mononuclear cells,healthy,,https://support.10xgenomics.com/single-cell-gene-expression/datasets,reused,SMOPCA: spatially aware dimension reduction integrating multi-omics improves the efficiency of spatial domain detection,10.1186/s13059-025-03576-9,2025,PMC12096709,literature_search,unverified (site blocks automated checks: http 403)
Mouse Spleen Lymph Node dataset SLN111D1,CITE-seq,,mouse,spleen lymph node,healthy,,https://github.com/YosefLab/totalVI_reproducibility,reused,SMOPCA: spatially aware dimension reduction integrating multi-omics improves the efficiency of spatial domain detection,10.1186/s13059-025-03576-9,2025,PMC12096709,literature_search,yes (http 200)
Mouse Spleen Lymph Node dataset SLN111D2,CITE-seq,,mouse,spleen lymph node,healthy,,https://github.com/YosefLab/totalVI_reproducibility,reused,SMOPCA: spatially aware dimension reduction integrating multi-omics improves the efficiency of spatial domain detection,10.1186/s13059-025-03576-9,2025,PMC12096709,literature_search,yes (http 200)
Mouse Spleen Lymph Node dataset SLN208D1,CITE-seq,,mouse,spleen lymph node,healthy,,https://github.com/YosefLab/totalVI_reproducibility,reused,SMOPCA: spatially aware dimension reduction integrating multi-omics improves the efficiency of spatial domain detection,10.1186/s13059-025-03576-9,2025,PMC12096709,literature_search,yes (http 200)
Mouse Spleen Lymph Node dataset SLN208D2,CITE-seq,,mouse,spleen lymph node,healthy,,https://github.com/YosefLab/totalVI_reproducibility,reused,SMOPCA: spatially aware dimension reduction integrating multi-omics improves the efficiency of spatial domain detection,10.1186/s13059-025-03576-9,2025,PMC12096709,literature_search,yes (http 200)
PBMC3K SMAGE-seq dataset,SMAGE-seq,,human,peripheral blood mononuclear cells,healthy,,https://www.10xgenomics.com/resources/datasets,reused,SMOPCA: spatially aware dimension reduction integrating multi-omics improves the efficiency of spatial domain detection,10.1186/s13059-025-03576-9,2025,PMC12096709,literature_search,yes (http 200)
PBMC10K SMAGE-seq dataset,SMAGE-seq,,human,peripheral blood mononuclear cells,healthy,,https://www.10xgenomics.com/resources/datasets,reused,SMOPCA: spatially aware dimension reduction integrating multi-omics improves the efficiency of spatial domain detection,10.1186/s13059-025-03576-9,2025,PMC12096709,literature_search,yes (http 200)
LIBD human dorsolateral prefrontal cortex dataset,10X Genomics Visium,spatial transcriptomics,human,dorsolateral prefrontal cortex,healthy,12,http://spatial.libd.org/spatialLIBD/,reused,SMOPCA: spatially aware dimension reduction integrating multi-omics improves the efficiency of spatial domain detection,10.1186/s13059-025-03576-9,2025,PMC12096709,literature_search,yes (http 200)
Human tonsil spatial-CITE-seq dataset,spatial-CITE-seq,,human,tonsil,healthy,1,https://www.ncbi.nlm.nih.gov/geo/query/acc.cgi?acc=GSE213264,reused,SMOPCA: spatially aware dimension reduction integrating multi-omics improves the efficiency of spatial domain detection,10.1186/s13059-025-03576-9,2025,PMC12096709,literature_search,yes (http 200)
Stereo-CITE-seq mouse thymus dataset,Stereo-CITE-seq,,mouse,thymus,healthy,1,https://zenodo.org/records/10362607,reused,SMOPCA: spatially aware dimension reduction integrating multi-omics improves the efficiency of spatial domain detection,10.1186/s13059-025-03576-9,2025,PMC12096709,literature_search,"yes (zenodo record, 1 files)"
MISAR-seq mouse embryonic brain dataset,MISAR-seq,,mouse,embryonic brain,healthy,1,10.5281/zenodo.7480069,reused,SMOPCA: spatially aware dimension reduction integrating multi-omics improves the efficiency of spatial domain detection,10.1186/s13059-025-03576-9,2025,PMC12096709,literature_search,"yes (zenodo record, 18 files)"
Spatial ATAC-RNA-seq mouse brain dataset,spatial ATAC-RNA-seq,,mouse,brain coronal section,healthy,1,https://zenodo.org/records/10362607,reused,SMOPCA: spatially aware dimension reduction integrating multi-omics improves the efficiency of spatial domain detection,10.1186/s13059-025-03576-9,2025,PMC12096709,literature_search,"yes (zenodo record, 1 files)"
Mouse wild-type testis Slide-seq dataset,Slide-seq,spatial transcriptomics,mouse,testis,healthy,3,PRJNA668433,generated,Dissecting mammalian spermatogenesis using spatial transcriptomics,10.1016/j.celrep.2021.109915,2021,PMC8606188,literature_search,yes (ENA PRJNA668433)
Human healthy testis Slide-seq dataset,Slide-seq,spatial transcriptomics,human,testis,healthy,2,PRJNA668433,generated,Dissecting mammalian spermatogenesis using spatial transcriptomics,10.1016/j.celrep.2021.109915,2021,PMC8606188,literature_search,yes (ENA PRJNA668433)
Leptin-deficient diabetic (ob/ob) mouse testis Slide-seq dataset,Slide-seq,spatial transcriptomics,mouse,testis,diabetic,3,PRJNA668433,generated,Dissecting mammalian spermatogenesis using spatial transcriptomics,10.1016/j.celrep.2021.109915,2021,PMC8606188,literature_search,yes (ENA PRJNA668433)
Mouse testis targeted in situ RNA sequencing dataset,in situ RNA sequencing,,mouse,testis,healthy,3,PRJNA668433,generated,Dissecting mammalian spermatogenesis using spatial transcriptomics,10.1016/j.celrep.2021.109915,2021,PMC8606188,literature_search,yes (ENA PRJNA668433)
STARmap primary visual cortex dataset,STARmap,spatial transcriptomics,mouse,primary visual cortex,healthy,4,,reused,Joint Bayesian estimation of cell dependence and gene associations in spatially resolved transcriptomic data,10.1038/s41598-024-60002-z,2024,PMC11045727,literature_search,no link
Dorsolateral prefrontal cortex (DLFPC) dataset,10x Genomics Visium,spatial transcriptomics,human,dorsolateral prefrontal cortex,healthy,,,reused,Joint Bayesian estimation of cell dependence and gene associations in spatially resolved transcriptomic data,10.1038/s41598-024-60002-z,2024,PMC11045727,literature_search,no link
Human breast cancer dataset,10x Genomics Visium,spatial transcriptomics,human,breast,invasive ductal carcinoma,,,reused,Joint Bayesian estimation of cell dependence and gene associations in spatially resolved transcriptomic data,10.1038/s41598-024-60002-z,2024,PMC11045727,literature_search,no link
DLPFC,10x Genomics Visium,spatial transcriptomics,human,dorsolateral prefrontal cortex,neurotypical adult donors,12,,reused,Spatial information matters: are traditional imputation methods effective for spatial transcriptomics data?,10.1093/bib/bbag027,2026,PMC12862982,literature_search,no link
BRCA,10x Genomics Visium,spatial transcriptomics,human,breast tissue,breast cancer,,,reused,Spatial information matters: are traditional imputation methods effective for spatial transcriptomics data?,10.1093/bib/bbag027,2026,PMC12862982,literature_search,no link
Mouse liver atlas,Stereo-seq,spatial transcriptomics,mouse,liver,healthy (homeostasis and regeneration),,,reused,Spatial information matters: are traditional imputation methods effective for spatial transcriptomics data?,10.1093/bib/bbag027,2026,PMC12862982,literature_search,no link
"Slide-seqV2 mouse brain (WT, diabetes, mouse)",Slide-seqV2,spatial transcriptomics,mouse,brain (hippocampus and embryonic neocortex),,,,reused,Spatial information matters: are traditional imputation methods effective for spatial transcriptomics data?,10.1093/bib/bbag027,2026,PMC12862982,literature_search,no link
sci-Space E14.0 mouse embryos (GSE166692),sci-Space,,mouse,embryo,,14,GSE166692,reused,Spatial information matters: are traditional imputation methods effective for spatial transcriptomics data?,10.1093/bib/bbag027,2026,PMC12862982,literature_search,yes (GEO record GSE166692)
"XYZeq mouse tumor models (GSE164430, GSM5009529, GSM5009539)",XYZeq,,mouse,liver and tumor tissues / spleen,murine tumor models,,GSE164430,reused,Spatial information matters: are traditional imputation methods effective for spatial transcriptomics data?,10.1093/bib/bbag027,2026,PMC12862982,literature_search,yes (GEO record GSE164430)
"Recent Visium control datasets (Control02, Control05, Control06, Control09)",10x Genomics Visium,spatial transcriptomics,mouse,embryonic mouse brain,,,,reused,Spatial information matters: are traditional imputation methods effective for spatial transcriptomics data?,10.1093/bib/bbag027,2026,PMC12862982,literature_search,no link
fifth edition spatial transcriptomics dataset,Spatial Transcriptomics,,human,breast,breast cancer,68,10.17632/29ntw7sh4r.5,reused,Breast cancer histopathology image-based gene expression prediction using spatial transcriptomics data and deep learning,10.1038/s41598-023-40219-0,2023,PMC10442349,literature_search,yes (http 200)
MOSTA mouse spatial transcriptomic dataset,Stereo-seq,spatial transcriptomics,mouse,mouse embryo,,24,,reused,"STOmicsDB: a comprehensive database for spatial transcriptomics data sharing, analysis and visualization",10.1093/nar/gkad933,2024,PMC10767841,literature_search,no link
Human Colorectal Cancer Spatial Transcriptomics Dataset,10x Genomics Visium,spatial transcriptomics,human,colon / tumor tissue,colorectal cancer,4,https://ngdc.cncb.ac.cn/gsa-human (HRA011642),generated,Single-cell and spatial transcriptome profiling identifies the immunosuppressive spatial niche in KRAS-mutant colorectal cancer,10.1136/jitc-2025-013763,2025,PMC12766835,literature_search,unverified (unreachable during check: InvalidURL)
MERFISH mouse brain pre-optic area datasets,MERFISH,spatial transcriptomics,mouse,brain (medial pre-optic area),healthy,12,,reused,A comprehensive benchmarking with practical guidelines for cellular deconvolution of spatial transcriptomics,10.1038/s41467-023-37168-7,2023,PMC10027878,literature_search,no link
seqFISH+ mouse brain cortex dataset,seqFISH+,spatial transcriptomics,mouse,brain (cortex),healthy,,,reused,A comprehensive benchmarking with practical guidelines for cellular deconvolution of spatial transcriptomics,10.1038/s41467-023-37168-7,2023,PMC10027878,literature_search,no link
Spatial Transcriptomics pancreatic ductal adenocarcinoma dataset,Spatial Transcriptomics (ST),spatial transcriptomics,,pancreas (PDAC),pancreatic cancer,,,reused,A comprehensive benchmarking with practical guidelines for cellular deconvolution of spatial transcriptomics,10.1038/s41467-023-37168-7,2023,PMC10027878,literature_search,no link
10x Visium mouse brain dataset,10X Visium,spatial transcriptomics,mouse,brain,healthy,,,reused,A comprehensive benchmarking with practical guidelines for cellular deconvolution of spatial transcriptomics,10.1038/s41467-023-37168-7,2023,PMC10027878,literature_search,no link
Slide-seqV2 mouse hippocampus dataset,Slide-seqV2,spatial transcriptomics,mouse,hippocampus,healthy,,,reused,A comprehensive benchmarking with practical guidelines for cellular deconvolution of spatial transcriptomics,10.1038/s41467-023-37168-7,2023,PMC10027878,literature_search,no link
Stereo-seq mouse olfactory bulb dataset,stereo-seq,spatial transcriptomics,mouse,olfactory bulb,healthy,,,reused,A comprehensive benchmarking with practical guidelines for cellular deconvolution of spatial transcriptomics,10.1038/s41467-023-37168-7,2023,PMC10027878,literature_search,no link
Stereo-seq zebrafish embryo dataset,stereo-seq,spatial transcriptomics,zebrafish,embryo,healthy,,,reused,A comprehensive benchmarking with practical guidelines for cellular deconvolution of spatial transcriptomics,10.1038/s41467-023-37168-7,2023,PMC10027878,literature_search,no link
Human dorsal prefrontal cortex dataset,Visium,spatial transcriptomics,Human,Dorsal prefrontal cortex,,12,,reused,SpatialPrompt: spatially aware scalable and accurate tool for spot deconvolution and domain identification in spatial transcriptomics,10.1038/s42003-024-06349-5,2024,PMC11127982,literature_search,no link
Mouse 10X Visium cortex dataset,10X Visium,spatial transcriptomics,Mouse,Cortex,,,,reused,SpatialPrompt: spatially aware scalable and accurate tool for spot deconvolution and domain identification in spatial transcriptomics,10.1038/s42003-024-06349-5,2024,PMC11127982,literature_search,no link
Mouse hippocampus Slide-seq dataset,Slide-seq,spatial transcriptomics,Mouse,Hippocampus,,,,reused,SpatialPrompt: spatially aware scalable and accurate tool for spot deconvolution and domain identification in spatial transcriptomics,10.1038/s42003-024-06349-5,2024,PMC11127982,literature_search,no link
Mouse Visium kidney dataset,Visium,spatial transcriptomics,Mouse,Kidney,,5,,reused,SpatialPrompt: spatially aware scalable and accurate tool for spot deconvolution and domain identification in spatial transcriptomics,10.1038/s42003-024-06349-5,2024,PMC11127982,literature_search,no link
Whole mouse brain MERFISH dataset,MERFISH,spatial transcriptomics,Mouse,Whole brain,,1,,reused,SpatialPrompt: spatially aware scalable and accurate tool for spot deconvolution and domain identification in spatial transcriptomics,10.1038/s42003-024-06349-5,2024,PMC11127982,literature_search,no link
STARmap mouse cortex dataset,STARmap,spatial transcriptomics,Mouse,Cortex,,,,reused,SpatialPrompt: spatially aware scalable and accurate tool for spot deconvolution and domain identification in spatial transcriptomics,10.1038/s42003-024-06349-5,2024,PMC11127982,literature_search,no link
Visium mouse brain data,Visium,spatial transcriptomics,mouse,brain (sagittal-posterior region),healthy,1,10x Genomics website (Datasets page titled Mouse Brain Serial Section 1 (Sagittal-Posterior)),reused,Optimizing the design of spatial genomic studies,10.1101/2023.01.29.526115,2023,PMC9915499,literature_search,"no (free-text description, not a resolvable link)"
Allen Brain Atlas mouse brain data,in situ hybridization (ISH),,mouse,brain,healthy,,brainrender Python API (experiment ID 79912613),reused,Optimizing the design of spatial genomic studies,10.1101/2023.01.29.526115,2023,PMC9915499,literature_search,"no (free-text description, not a resolvable link)"
Visium prostate cancer data,Visium,spatial transcriptomics,human,prostate,adenocarcinoma with invasive carcinoma,1,"10x Genomics website (Datasets page titled Human Prostate Cancer, Adenocarcinoma with Invasive Carcinoma (FFPE))",reused,Optimizing the design of spatial genomic studies,10.1101/2023.01.29.526115,2023,PMC9915499,literature_search,"no (free-text description, not a resolvable link)"
Human Dorsolateral Prefrontal Cortex (DLPFC),10x Visium,spatial transcriptomics,Human,Dorsolateral prefrontal cortex,healthy,12,http://spatial.libd.org/spatialLIBD/,reused,spCLUE: a contrastive learning approach to unified spatial transcriptomics analysis across single-slice and multi-slice data,10.1186/s13059-025-03636-0,2025,PMC12183872,literature_search,yes (http 200)
Human Breast Cancer (BRCA),10x Visium,spatial transcriptomics,Human,Breast tissue,Breast tumor,1,https://www.10xgenomics.com/,reused,spCLUE: a contrastive learning approach to unified spatial transcriptomics analysis across single-slice and multi-slice data,10.1186/s13059-025-03636-0,2025,PMC12183872,literature_search,"no (link is a site root, not a dataset)"
Mouse Embryo (MOSTA) E9.5,Stereo-seq,spatial transcriptomics,Mouse,Embryo,healthy,5,https://db.cngb.org/stomics/mosta/,reused,spCLUE: a contrastive learning approach to unified spatial transcriptomics analysis across single-slice and multi-slice data,10.1186/s13059-025-03636-0,2025,PMC12183872,literature_search,yes (http 200)
Mouse Primary Visual Cortex (BARISTA),BaristaSeq,,Mouse,Primary visual cortex,healthy,3,http://sdmbench.drai.cn,reused,spCLUE: a contrastive learning approach to unified spatial transcriptomics analysis across single-slice and multi-slice data,10.1186/s13059-025-03636-0,2025,PMC12183872,literature_search,"no (link is a site root, not a dataset)"
Mouse Olfactory Bulb (MOB1),Slide-seqV2,spatial transcriptomics,Mouse,Olfactory bulb,healthy,1,https://singlecell.broadinstitute.org/single_cell/study/SCP815/highly-sensitive-spatial-transcriptomics-at-near-cellular-resolution-with-slide-seqv2#study-summary,reused,spCLUE: a contrastive learning approach to unified spatial transcriptomics analysis across single-slice and multi-slice data,10.1186/s13059-025-03636-0,2025,PMC12183872,literature_search,yes (http 200)
Mouse Olfactory Bulb (MOB2),Stereo-seq,spatial transcriptomics,Mouse,Olfactory bulb,healthy,1,https://github.com/JinmiaoChenLab/SEDR_analyses/tree/master/data,reused,spCLUE: a contrastive learning approach to unified spatial transcriptomics analysis across single-slice and multi-slice data,10.1186/s13059-025-03636-0,2025,PMC12183872,literature_search,yes (http 200)
Whole mouse brain MERFISH dataset,MERFISH,spatial transcriptomics,mouse,brain,healthy,59,https://doi.org/10.35077/g.610,generated,Transcriptomic and spatial organization of telencephalic GABAergic neurons,10.1038/s41586-025-09296-1,2025,PMC12589142,literature_search,yes (http 200)
Human Dorsolateral Prefrontal Cortex (DLPFC),10X Visium,spatial transcriptomics,Human,Dorsolateral prefrontal cortex,,12,,reused,m2ST: dual multi-scale graph clustering for spatially resolved transcriptomics,10.1093/bioinformatics/btaf221,2025,PMC12085222,literature_search,no link
Human Breast Cancer,10X Visium,spatial transcriptomics,Human,Breast,Breast cancer,1,,reused,m2ST: dual multi-scale graph clustering for spatially resolved transcriptomics,10.1093/bioinformatics/btaf221,2025,PMC12085222,literature_search,no link
Mouse Visual Cortex (STARmap),STARmap,spatial transcriptomics,Mouse,Visual cortex,,1,,reused,m2ST: dual multi-scale graph clustering for spatially resolved transcriptomics,10.1093/bioinformatics/btaf221,2025,PMC12085222,literature_search,no link
Mouse Hippocampus,Slide-seqV2,spatial transcriptomics,Mouse,Hippocampus,,1,,reused,m2ST: dual multi-scale graph clustering for spatially resolved transcriptomics,10.1093/bioinformatics/btaf221,2025,PMC12085222,literature_search,no link
Mouse Cerebellum,Slide-seq,spatial transcriptomics,Mouse,Cerebellum,,1,,reused,m2ST: dual multi-scale graph clustering for spatially resolved transcriptomics,10.1093/bioinformatics/btaf221,2025,PMC12085222,literature_search,no link
Human Heart,Xenium,spatial transcriptomics,Human,Heart,Non-diseased,1,,reused,m2ST: dual multi-scale graph clustering for spatially resolved transcriptomics,10.1093/bioinformatics/btaf221,2025,PMC12085222,literature_search,no link
Human HER2-positive breast cancer ST data (Anderson et al.),Spatial Transcriptomics,,Homo sapiens,Breast,HER2-positive breast cancer,36,https://github.com/almaan/her2st/,reused,"A histology foundation model for high-resolution spatial omics prediction, tumor detection, and, clustering of spatial transcriptomics",10.1101/2025.08.07.669202,2025,bio_04269b317bed,literature_search,yes (http 200)
Human Squamous Cell Carcinoma ST data (Andrew et al. / Ji et al.),Spatial Transcriptomics,,Homo sapiens,Skin,Squamous Cell Carcinoma,12,https://www.ncbi.nlm.nih.gov/geo/query/acc.cgi?acc=GSE144240,reused,"A histology foundation model for high-resolution spatial omics prediction, tumor detection, and, clustering of spatial transcriptomics",10.1101/2025.08.07.669202,2025,bio_04269b317bed,literature_search,yes (http 200)
Human breast cancer ST data (He et al.),Spatial Transcriptomics,,Homo sapiens,Breast,Breast cancer,68,https://data.mendeley.com/datasets/29ntw7sh4r/5,reused,"A histology foundation model for high-resolution spatial omics prediction, tumor detection, and, clustering of spatial transcriptomics",10.1101/2025.08.07.669202,2025,bio_04269b317bed,literature_search,yes (http 200)
10x Visium HD Human Breast Cancer data,10x Visium HD,spatial transcriptomics,Homo sapiens,Breast,Breast cancer,1,https://www.10xgenomics.com/cn/datasets/visium-hd-cytassist-gene-expression-libraries-human-breast-cancer-ff-ultima,reused,"A histology foundation model for high-resolution spatial omics prediction, tumor detection, and, clustering of spatial transcriptomics",10.1101/2025.08.07.669202,2025,bio_04269b317bed,literature_search,yes (http 200)
HEST-1K dataset,"Spatial Transcriptomics, Xenium, Visium (including Visium HD)",spatial transcriptomics,Homo sapiens and Mus musculus,Various organs (26 tissue types),Various / Mixed,1229,https://huggingface.co/datasets/MahmoodLab/hest,reused,"A histology foundation model for high-resolution spatial omics prediction, tumor detection, and, clustering of spatial transcriptomics",10.1101/2025.08.07.669202,2025,bio_04269b317bed,literature_search,yes (http 200)
Normal human heart spatial transcriptomics dataset,,,human,heart,normal,39,,reused,"SciCore-Omics: a tri-modal foundation model unifying histology, spatial transcriptomics and language for spatial biology",10.64898/2026.05.30.728937,2026,bio_1caedd336dc4,literature_search,no link
Human dorsolateral prefrontal cortex (DLPFC) spatial transcriptomics dataset,10x Genomics Visium,spatial transcriptomics,human,dorsolateral prefrontal cortex,healthy,12,,reused,"SciCore-Omics: a tri-modal foundation model unifying histology, spatial transcriptomics and language for spatial biology",10.64898/2026.05.30.728937,2026,bio_1caedd336dc4,literature_search,no link
Internal breast cancer cohort,,,,breast,breast cancer,10,,generated,"SciCore-Omics: a tri-modal foundation model unifying histology, spatial transcriptomics and language for spatial biology",10.64898/2026.05.30.728937,2026,bio_1caedd336dc4,literature_search,no link
Drosophila stage 6 embryo spatial reference atlas,RNA in situ hybridization atlas,,Drosophila melanogaster,embryo,healthy,,https://github.com/nlamanno/novoSpaRc,reused,Spatial-scERA: a method for reconstructing spatial single-cell enhancer activity in multicellular organisms,10.1093/nar/gkaf684,2025,PMC12282952,literature_search,no (http 404)
Nuclear cycle 14 Drosophila embryo Micro-C dataset,Micro-C,,Drosophila melanogaster,embryo,healthy,,GEO:GSE171396,reused,Spatial-scERA: a method for reconstructing spatial single-cell enhancer activity in multicellular organisms,10.1093/nar/gkaf684,2025,PMC12282952,literature_search,yes (GEO record GSE171396)
Human dorsolateral prefrontal cortex (DLPFC) dataset,10x Genomics (Visium),spatial transcriptomics,Human,Dorsolateral prefrontal cortex,,12,http://spatial.libd.org/spatialLIBD/,reused,Deep clustering representation of spatially resolved transcriptomics data using multi-view variational graph auto-encoders with consensus clustering,10.1016/j.csbj.2024.11.041,2024,PMC11664090,literature_search,yes (http 200)
Human breast cancer: ductal carcinoma in situ (BCDC) dataset,10x Genomics (Visium),spatial transcriptomics,Human,Breast,Ductal carcinoma in situ / invasive carcinoma,1,https://www.10xgenomics.com/datasets/human-breast-cancer-ductal-carcinoma-in-situ-invasive-carcinoma-ffpe-1-standard-1-3-0,reused,Deep clustering representation of spatially resolved transcriptomics data using multi-view variational graph auto-encoders with consensus clustering,10.1016/j.csbj.2024.11.041,2024,PMC11664090,literature_search,yes (http 200)
Human melanoma cancer dataset (Melanoma),Spatial Research ST platform,spatial transcriptomics,Human,Skin / Melanoma,Melanoma cancer,1,https://github.com/1alnoman/ScribbleDom,reused,Deep clustering representation of spatially resolved transcriptomics data using multi-view variational graph auto-encoders with consensus clustering,10.1016/j.csbj.2024.11.041,2024,PMC11664090,literature_search,yes (http 200)
Human breast cancer (BRCA) dataset,10x Genomics (Visium),spatial transcriptomics,Human,Breast,Breast cancer,1,https://www.10xgenomics.com/datasets/human-breast-cancer-block-a-section-1-1-standard-1-1-0,reused,Deep clustering representation of spatially resolved transcriptomics data using multi-view variational graph auto-encoders with consensus clustering,10.1016/j.csbj.2024.11.041,2024,PMC11664090,literature_search,yes (http 200)
Mouse olfactory bulb cell dataset (Olfactory),Stereo-seq,spatial transcriptomics,Mouse,Olfactory bulb,,1,https://github.com/JinmiaoChenLab/SEDR_analyses,reused,Deep clustering representation of spatially resolved transcriptomics data using multi-view variational graph auto-encoders with consensus clustering,10.1016/j.csbj.2024.11.041,2024,PMC11664090,literature_search,yes (http 200)
E. coli transcriptome spatial organization and RNA lifetime measurements,3D-STORM and τ-seq,,Escherichia coli,,healthy,,http://www.ncbi.nlm.nih.gov/geo/query/acc.cgi?acc=GSE75818,generated,Spatial organization shapes the turnover of a bacterial transcriptome,10.7554/eLife.13065.029,2016,PMC4874777,literature_search,yes (http 200)
Human intestinal organoids single-cell RNA-seq dataset,Seq-Well,,human,small intestine,healthy,,GSE175882,generated,Live cell tagging tracking and isolation for spatial transcriptomics using photoactivatable cell dyes,10.1038/s41467-021-25279-y,2021,PMC8371137,literature_search,yes (GEO record GSE175882)
Human intestinal organoids internal reference dataset,scRNA-seq,,human,small intestine,healthy,,https://singlecell.broadinstitute.org/single_cell/study/SCP1457/spacecat-intestinal-organoid,reused,Live cell tagging tracking and isolation for spatial transcriptomics using photoactivatable cell dyes,10.1038/s41467-021-25279-y,2021,PMC8371137,literature_search,yes (http 200)
Mouse KP autochthonous lung tumors single-cell RNA-seq dataset,Seq-Well,,mouse,lung tumor,lung tumor model,2,https://www.ncbi.nlm.nih.gov/geo/query/acc.cgi?acc=GSE175882,generated,Live cell tagging tracking and isolation for spatial transcriptomics using photoactivatable cell dyes,10.1038/s41467-021-25279-y,2021,PMC8371137,literature_search,yes (http 200)
"HTAPP MBC Slide-seq datasets (HTAPP-895-SMP-7359, HTAPP-944-SMP-7479, HTAPP-878-SMP-7149, HTAPP-880-SMP-7179)",Slide-seq,spatial transcriptomics,Human,Liver metastases / Breast cancer,Metastatic breast cancer,4,https://www.ncbi.nlm.nih.gov/projects/gap/cgi-bin/study.cgi?study_id=phs002371.v6.p1,generated,SlideCNA: spatial copy number alteration detection from Slide-seq-like spatial transcriptomics data,10.1186/s13059-025-03573-y,2025,PMC12046676,literature_search,yes (http 200)
"Primary breast cancer scRNA-seq derived in silico spatial datasets (CID4530N, CID4535)",Slide-seq,spatial transcriptomics,Human,Breast,Primary breast cancer,2,https://ega-archive.org/datasets/EGAD00001007495,reused,SlideCNA: spatial copy number alteration detection from Slide-seq-like spatial transcriptomics data,10.1186/s13059-025-03573-y,2025,PMC12046676,literature_search,yes (http 200)
Healthy mouse brain Slide-seq dataset,Slide-seq,spatial transcriptomics,Mouse,Brain (hippocampal region),Healthy,1,https://singlecell.broadinstitute.org/single_cell/study/SCP815/highly-sensitive-spatial-transcriptomics-at-near-cellular-resolution-with-slide-seqv2#study-summary,reused,SlideCNA: spatial copy number alteration detection from Slide-seq-like spatial transcriptomics data,10.1186/s13059-025-03573-y,2025,PMC12046676,literature_search,yes (http 200)
Mouse embryo Geo-seq and scRNA-seq,Geo-seq / scRNA-seq,,Mouse,Embryo,healthy,,GSE120963,reused,Spatial Reconstruction of Oligo and Single Cells by De Novo Coalescent Embedding of Transcriptomic Networks,10.1002/advs.202206307,2023,PMC10369275,literature_search,yes (GEO record GSE120963)
Human cerebral cortex frontal and parietal lobe scRNA-seq,scRNA-seq,,Human,Cerebral cortex,healthy,,GSE103723,reused,Spatial Reconstruction of Oligo and Single Cells by De Novo Coalescent Embedding of Transcriptomic Networks,10.1002/advs.202206307,2023,PMC10369275,literature_search,yes (GEO record GSE103723)
Mouse neocortical layer microsurgical RNA-seq,LCM-seq,,Mouse,Neocortex,healthy,,,reused,Spatial Reconstruction of Oligo and Single Cells by De Novo Coalescent Embedding of Transcriptomic Networks,10.1002/advs.202206307,2023,PMC10369275,literature_search,no link
Mouse embryo brain ISH,ISH,,Mouse,Embryonic brain,healthy,,GSE27243,reused,Spatial Reconstruction of Oligo and Single Cells by De Novo Coalescent Embedding of Transcriptomic Networks,10.1002/advs.202206307,2023,PMC10369275,literature_search,yes (GEO record GSE27243)
Berkeley Drosophila Transcription Network Project (BDTNP),3D gene expression dataset,,Drosophila,Embryo,healthy,,S-EPMC4381528,reused,Spatial Reconstruction of Oligo and Single Cells by De Novo Coalescent Embedding of Transcriptomic Networks,10.1002/advs.202206307,2023,PMC10369275,literature_search,yes (BioStudies S-EPMC4381528)
Mouse olfactory bulb spatial transcriptomics,Spatial transcriptomics,,Mouse,Olfactory bulb,healthy,12,GSE113576,reused,Spatial Reconstruction of Oligo and Single Cells by De Novo Coalescent Embedding of Transcriptomic Networks,10.1002/advs.202206307,2023,PMC10369275,literature_search,yes (GEO record GSE113576)
Human breast cancer spatial transcriptomics,Spatial transcriptomics,,Human,Breast,Cancer,4,www.spatialtranscriptomicsresearch.com,reused,Spatial Reconstruction of Oligo and Single Cells by De Novo Coalescent Embedding of Transcriptomic Networks,10.1002/advs.202206307,2023,PMC10369275,literature_search,unverified (unreachable during check: URLError)
Cancerous prostate spatial transcriptomics,Spatial transcriptomics,,Human,Prostate,Cancer,12,www.spatialtranscriptomicsresearch.com,reused,Spatial Reconstruction of Oligo and Single Cells by De Novo Coalescent Embedding of Transcriptomic Networks,10.1002/advs.202206307,2023,PMC10369275,literature_search,unverified (unreachable during check: URLError)
Melanoma lymph node spatial transcriptomics,Spatial transcriptomics,,Human,Lymph node,Cancer,8,www.spatialtranscriptomicsresearch.com,reused,Spatial Reconstruction of Oligo and Single Cells by De Novo Coalescent Embedding of Transcriptomic Networks,10.1002/advs.202206307,2023,PMC10369275,literature_search,unverified (unreachable during check: URLError)
Postmortem lumbar and cervical spinal cord tissue spatial transcriptomics,Spatial transcriptomics,,Mouse,Spinal cord,ALS / healthy,407,https://als-st.nygenome.org,reused,Spatial Reconstruction of Oligo and Single Cells by De Novo Coalescent Embedding of Transcriptomic Networks,10.1002/advs.202206307,2023,PMC10369275,literature_search,"no (link is a site root, not a dataset)"
Mouse hippocampus seqFISH,seqFISH,spatial transcriptomics,Mouse,Hippocampus,healthy,21,http://dx.doi.org/10.1016/j.neuron.2016.10.001,reused,Spatial Reconstruction of Oligo and Single Cells by De Novo Coalescent Embedding of Transcriptomic Networks,10.1002/advs.202206307,2023,PMC10369275,literature_search,yes (http 200)
Mouse brain seqFISH,seqFISH,spatial transcriptomics,Mouse,Brain,healthy,14,GSE98674,reused,Spatial Reconstruction of Oligo and Single Cells by De Novo Coalescent Embedding of Transcriptomic Networks,10.1002/advs.202206307,2023,PMC10369275,literature_search,yes (GEO record GSE98674)
Mouse medial ganglionic eminence LCM-seq,LCM-seq,,Mouse,Medial ganglionic eminence,healthy,4,GSE60402,reused,Spatial Reconstruction of Oligo and Single Cells by De Novo Coalescent Embedding of Transcriptomic Networks,10.1002/advs.202206307,2023,PMC10369275,literature_search,yes (GEO record GSE60402)
Mouse hypothalamic preoptic region MERFISH,MERFISH,spatial transcriptomics,Mouse,Hypothalamic preoptic region,healthy,,,reused,Spatial Reconstruction of Oligo and Single Cells by De Novo Coalescent Embedding of Transcriptomic Networks,10.1002/advs.202206307,2023,PMC10369275,literature_search,no link
GeoMx spatial transcriptomics and proteomics maternal-fetal interface dataset,Nanostring GeoMx Digital Spatial Profiling,spatial transcriptomics,Human,Placental-maternal interface / myometrium,Placenta accreta spectrum (placenta accreta and placenta increta) and controls,6,,generated,Spatial proteomics and transcriptomics of placenta accreta spectrum,10.1101/2024.03.21.585167,2024,bio_556a56026cb5,literature_search,no link
Visium training and evaluation datasets,10x Visium,spatial transcriptomics,"Homo sapiens, Mus musculus, Phalaenopsis aphrodite","Various (including stomach, flower, lymph node, brain, etc.)","Various biological conditions (including Cancer, CNS lymphoma, etc.)",167,STOmics DB and 10x Genomics website (detailed in Additional file 1: Table S2),reused,Vispro improves imaging analysis for Visium spatial transcriptomics,10.1186/s13059-025-03648-w,2025,PMC12177973,literature_search,"no (free-text description, not a resolvable link)"
Visium CytAssist dataset,10x CytAssist,spatial transcriptomics,Homo sapiens,"Colorectal, Glioblastoma, Lung","Colorectal Cancer, Glioblastoma, Lung issues",13,https://www.10xgenomics.com/datasets/human-colorectal-cancer-spatial,reused,Vispro improves imaging analysis for Visium spatial transcriptomics,10.1186/s13059-025-03648-w,2025,PMC12177973,literature_search,no (http 404)
Dorsolateral Prefrontal Cortex (DLPFC) Visium dataset,10x Visium,spatial transcriptomics,Homo sapiens,Brain (DLPFC),Healthy / Normal (DLPFC brain slices),12,https://github.com/LieberInstitute/HumanPilot,reused,Vispro improves imaging analysis for Visium spatial transcriptomics,10.1186/s13059-025-03648-w,2025,PMC12177973,literature_search,yes (http 200)
Stereo-seq demo data,Stereo-seq,spatial transcriptomics,Mus musculus,"Brain, Eyeball, Ovary",Normal / Demo data,4,https://en.stomics.tech/resources/demo-data/list.html,reused,Vispro improves imaging analysis for Visium spatial transcriptomics,10.1186/s13059-025-03648-w,2025,PMC12177973,literature_search,yes (http 200)
Xenium dataset,10x Xenium,spatial transcriptomics,Homo sapiens,"Follicular hyperplasia, Lymphoid hyperplasia, Skin","Follicular hyperplasia, Lymphoid hyperplasia, Skin conditions",10,https://cf.10xgenomics.com/samples/xenium/1.9.0/Xenium_V1...,reused,Vispro improves imaging analysis for Visium spatial transcriptomics,10.1186/s13059-025-03648-w,2025,PMC12177973,literature_search,unverified (site blocks automated checks: http 403)
MERFISH fibroblast dataset,MERFISH,spatial transcriptomics,human,lung,healthy,53,,reused,Subcellular spatially resolved gene neighborhood networks in single cells,10.1016/j.crmeth.2023.100476,2023,PMC10261906,literature_search,no link
MERFISH U2-OS dataset,MERFISH,spatial transcriptomics,human,bone,healthy,53,,reused,Subcellular spatially resolved gene neighborhood networks in single cells,10.1016/j.crmeth.2023.100476,2023,PMC10261906,literature_search,no link
Human Umbilical Cord MSC seqFISH dataset,seqFISH,spatial transcriptomics,human,umbilical cord,healthy,121,https://doi.org/10.5281/zenodo.7651412,generated,Subcellular spatially resolved gene neighborhood networks in single cells,10.1016/j.crmeth.2023.100476,2023,PMC10261906,literature_search,"yes (zenodo record, 1 files)"
Human Bone Marrow MSC seqFISH dataset,seqFISH,spatial transcriptomics,human,bone marrow,healthy,237,https://doi.org/10.5281/zenodo.7651412,generated,Subcellular spatially resolved gene neighborhood networks in single cells,10.1016/j.crmeth.2023.100476,2023,PMC10261906,literature_search,"yes (zenodo record, 1 files)"
Human Primary Chondrocytes seqFISH dataset,seqFISH,spatial transcriptomics,human,hip,healthy,247,https://doi.org/10.5281/zenodo.7651412,generated,Subcellular spatially resolved gene neighborhood networks in single cells,10.1016/j.crmeth.2023.100476,2023,PMC10261906,literature_search,"yes (zenodo record, 1 files)"
Human dorsolateral prefrontal cortex (DLPFC),10X Visium,spatial transcriptomics,Human,Dorsolateral prefrontal cortex,,12,http://research.libd.org/spatialLIBD/,reused,GraphPCA: a fast and interpretable dimension reduction algorithm for spatial transcriptomics data,10.1186/s13059-024-03429-x,2024,PMC11545739,literature_search,yes (http 200)
Mouse medial prefrontal cortex (mPFC),STARmap,spatial transcriptomics,Mouse,Medial prefrontal cortex,,4,https://www.starmapresources.org/data,reused,GraphPCA: a fast and interpretable dimension reduction algorithm for spatial transcriptomics data,10.1186/s13059-024-03429-x,2024,PMC11545739,literature_search,no (http 404)
Simulated mouse brain sagittal data,10X Visium simulation via scDesign3,spatial transcriptomics,Mouse,Brain sagittal,,,,reused,GraphPCA: a fast and interpretable dimension reduction algorithm for spatial transcriptomics data,10.1186/s13059-024-03429-x,2024,PMC11545739,literature_search,no link
Mouse cerebellum data,Slide-seq,spatial transcriptomics,Mouse,Cerebellum,,1,https://singlecell.broadinstitute.org/single_cell/study/SCP354/,reused,GraphPCA: a fast and interpretable dimension reduction algorithm for spatial transcriptomics data,10.1186/s13059-024-03429-x,2024,PMC11545739,literature_search,yes (http 200)
Mouse hippocampus data,Slide-seqV2,spatial transcriptomics,Mouse,Hippocampus,,1,https://singlecell.broadinstitute.org/single_cell/study/SCP815/,reused,GraphPCA: a fast and interpretable dimension reduction algorithm for spatial transcriptomics data,10.1186/s13059-024-03429-x,2024,PMC11545739,literature_search,yes (http 200)
Murine liver data,10X Visium,spatial transcriptomics,Mouse,Liver,,1,https://www.livercellatlas.org/,reused,GraphPCA: a fast and interpretable dimension reduction algorithm for spatial transcriptomics data,10.1186/s13059-024-03429-x,2024,PMC11545739,literature_search,"no (link is a site root, not a dataset)"
Human dorsolateral prefrontal cortex dataset,10x Visium,spatial transcriptomics,Human,Dorsolateral prefrontal cortex,healthy,12,http://spatial.libd.org/spatialLIBD,reused,STAMarker: determining spatial domain-specific variable genes with saliency maps in deep learning,10.1093/nar/gkad801,2023,PMC10639070,literature_search,no (http 404)
Human lymph node dataset,10x Visium,spatial transcriptomics,Human,Lymph node,healthy,,https://www.10xgenomics.com/resources/datasets/human-lymph-node-1-standard-1-1-0,reused,STAMarker: determining spatial domain-specific variable genes with saliency maps in deep learning,10.1093/nar/gkad801,2023,PMC10639070,literature_search,yes (http 200)
10x Visium mouse olfactory bulb dataset,10x Visium,spatial transcriptomics,Mouse,Olfactory bulb,healthy,,https://www.10xgenomics.com/resources/datasets/adult-mouse-olfactory-bulb-1-standard,reused,STAMarker: determining spatial domain-specific variable genes with saliency maps in deep learning,10.1093/nar/gkad801,2023,PMC10639070,literature_search,yes (http 200)
Mouse hippocampus dataset of Alzheimer's disease,Slide-seq V2,spatial transcriptomics,Mouse,Hippocampus,Alzheimer's disease,,https://singlecell.broadinstitute.org/single_cell/study/SCP1663/cell-type-specific-inference-of-differential-expression-in-spatial-transcriptomics,reused,STAMarker: determining spatial domain-specific variable genes with saliency maps in deep learning,10.1093/nar/gkad801,2023,PMC10639070,literature_search,yes (http 200)
Mouse cerebellum dataset,Slide-seq V2,spatial transcriptomics,Mouse,Cerebellum,healthy,,https://singlecell.broadinstitute.org/single_cell/study/SCP354/slide-seq-study,reused,STAMarker: determining spatial domain-specific variable genes with saliency maps in deep learning,10.1093/nar/gkad801,2023,PMC10639070,literature_search,yes (http 200)
Mouse olfactory bulb dataset (Stereo-seq),Stereo-seq,spatial transcriptomics,Mouse,Olfactory bulb,healthy,,https://doi.org/10.5281/zenodo.8356092,reused,STAMarker: determining spatial domain-specific variable genes with saliency maps in deep learning,10.1093/nar/gkad801,2023,PMC10639070,literature_search,"yes (zenodo record, 2 files)"
Mouse visual cortex dataset (STARmap),STARmap,spatial transcriptomics,Mouse,Visual cortex,healthy,,,reused,STAMarker: determining spatial domain-specific variable genes with saliency maps in deep learning,10.1093/nar/gkad801,2023,PMC10639070,literature_search,no link
Mouse brain Stereo-seq dataset,Stereo-seq,spatial transcriptomics,mouse,brain,healthy,,https://db.cngb.org/stomics/mosta/,reused,stVAE deconvolves cell-type composition in large-scale cellular resolution spatial transcriptomics,10.1093/bioinformatics/btad642,2023,PMC10612402,literature_search,yes (http 200)
Mouse brain Slide-seqV2 dataset,Slide-seqV2,spatial transcriptomics,mouse,brain and hippocampus,healthy,,https://portals.broadinstitute.org/single_cell/study/slide-seq-study,reused,stVAE deconvolves cell-type composition in large-scale cellular resolution spatial transcriptomics,10.1093/bioinformatics/btad642,2023,PMC10612402,literature_search,yes (http 200)
E12.5 mouse embryo Stereo-seq dataset,Stereo-seq,spatial transcriptomics,mouse,embryo,healthy,,https://db.cngb.org/stomics/mosta/,reused,stVAE deconvolves cell-type composition in large-scale cellular resolution spatial transcriptomics,10.1093/bioinformatics/btad642,2023,PMC10612402,literature_search,yes (http 200)
Mouse olfactory bulb Stereo-seq dataset,Stereo-seq,spatial transcriptomics,mouse,olfactory bulb,healthy,,https://db.cngb.org/stomics/mosta/,reused,stVAE deconvolves cell-type composition in large-scale cellular resolution spatial transcriptomics,10.1093/bioinformatics/btad642,2023,PMC10612402,literature_search,yes (http 200)
Mouse olfactory bulb Pixel-seq dataset,Pixel-seq,,mouse,olfactory bulb,healthy,,https://github.com/GuLABatUW/Pixel-seq,reused,stVAE deconvolves cell-type composition in large-scale cellular resolution spatial transcriptomics,10.1093/bioinformatics/btad642,2023,PMC10612402,literature_search,yes (http 200)
Colorectal Cancer PhenoCycler Dataset,PhenoCycler (CODEX),spatial proteomics,human,colorectal cancer tissue microarrays,colorectal cancer,140,https://data.mendeley.com/datasets/mpjzbtfgfr/1,reused,Spatial Deconvolution of Cell Types and Cell States at Scale Utilizing TACIT,10.21203/rs.3.rs-4536158/v1,2024,PMC11230516,literature_search,yes (http 200)
Healthy Intestine PhenoCycler Dataset,PhenoCycler (CODEX),spatial proteomics,human,intestine,healthy,64,https://datadryad.org/stash/dataset/doi:10.5061/dryad.pk0p2ngrf,reused,Spatial Deconvolution of Cell Types and Cell States at Scale Utilizing TACIT,10.21203/rs.3.rs-4536158/v1,2024,PMC11230516,literature_search,yes (http 200)
Murine Hypothalamic Preoptic Region MERFISH Dataset,MERFISH,spatial transcriptomics,mouse,brain (hypothalamic preoptic region),healthy,36,https://datadryad.org/stash/dataset/doi:10.5061/dryad.pk0p2ngrf,reused,Spatial Deconvolution of Cell Types and Cell States at Scale Utilizing TACIT,10.21203/rs.3.rs-4536158/v1,2024,PMC11230516,literature_search,yes (http 200)
Xenium Sjögren's Disease Dataset,Xenium,spatial transcriptomics,human,minor salivary glands,Sjogren's Disease and healthy,21,,generated,Spatial Deconvolution of Cell Types and Cell States at Scale Utilizing TACIT,10.21203/rs.3.rs-4536158/v1,2024,PMC11230516,literature_search,no link
Xenium Graft-versus-Host Disease Dataset,Xenium,spatial transcriptomics,human,minor salivary glands,chronic graft-versus-host disease and healthy,3,,generated,Spatial Deconvolution of Cell Types and Cell States at Scale Utilizing TACIT,10.21203/rs.3.rs-4536158/v1,2024,PMC11230516,literature_search,no link
PhenoCycler GvHD Dataset,PhenoCycler-Fusion,spatial proteomics,human,minor salivary glands,chronic graft-versus-host disease,6,https://zenodo.org/records/11397609,generated,Spatial Deconvolution of Cell Types and Cell States at Scale Utilizing TACIT,10.21203/rs.3.rs-4536158/v1,2024,PMC11230516,literature_search,no (zenodo record has no files)
Combined Xenium and PhenoCycler GvHD Dataset,Xenium and PhenoCycler-Fusion,spatial proteomics,human,minor salivary glands,chronic graft-versus-host disease,6,https://zenodo.org/records/11397609,generated,Spatial Deconvolution of Cell Types and Cell States at Scale Utilizing TACIT,10.21203/rs.3.rs-4536158/v1,2024,PMC11230516,literature_search,no (zenodo record has no files)
10x Visium mouse kidney data,10x Visium,spatial transcriptomics,mouse,kidney,acute kidney injury (AKI),,GSM5224981,reused,Spatial-Live: A  li ghtweight and  ve rsatile tool for single cell spatial-omics data visualization,10.1101/2023.09.24.559173,2023,PMC10592799,literature_search,yes (GEO record GSM5224981)
Vizgen MERFISH mouse liver data (Liver1Slice1),MERFISH,spatial transcriptomics,mouse,liver,healthy,1,https://info.vizgen.com/mouse-liver-access,reused,Spatial-Live: A  li ghtweight and  ve rsatile tool for single cell spatial-omics data visualization,10.1101/2023.09.24.559173,2023,PMC10592799,literature_search,yes (http 200)
Rat kidney spatial transcriptomics dataset,Visium Spatial Gene Expression (10x Genomics),spatial transcriptomics,rat,kidney,healthy,6,DRA012650,generated,Spatial and single-cell transcriptome analysis reveals changes in gene expression in response to drug perturbation in rat kidney,10.1093/dnares/dsac007,2022,PMC9014450,literature_search,"no (free-text description, not a resolvable link)"
Mouse kidney spatial transcriptomics dataset,Spatial transcriptomics,,mouse,kidney,healthy,,GSE171406,reused,Spatial and single-cell transcriptome analysis reveals changes in gene expression in response to drug perturbation in rat kidney,10.1093/dnares/dsac007,2022,PMC9014450,literature_search,yes (GEO record GSE171406)
Mouse primary visual cortex V1,STARmap,spatial transcriptomics,Mouse,Primary visual cortex,healthy,1,,reused,Inferring causal trajectories from spatial transcriptomics using CASCAT,10.1093/nar/gkaf791,2025,PMC12362255,literature_search,no link
Mouse medial prefrontal cortex BZ5,STARmap,spatial transcriptomics,Mouse,Medial prefrontal cortex,healthy,1,,reused,Inferring causal trajectories from spatial transcriptomics using CASCAT,10.1093/nar/gkaf791,2025,PMC12362255,literature_search,no link
Mouse medial prefrontal cortex BZ9,STARmap,spatial transcriptomics,Mouse,Medial prefrontal cortex,healthy,1,,reused,Inferring causal trajectories from spatial transcriptomics using CASCAT,10.1093/nar/gkaf791,2025,PMC12362255,literature_search,no link
Mouse medial prefrontal cortex BZ14,STARmap,spatial transcriptomics,Mouse,Medial prefrontal cortex,healthy,1,,reused,Inferring causal trajectories from spatial transcriptomics using CASCAT,10.1093/nar/gkaf791,2025,PMC12362255,literature_search,no link
Human breast cancer HER2ST,10x Visium,spatial transcriptomics,Human,Breast cancer,Breast cancer,1,https://github.com/almaan/her2st,reused,Inferring causal trajectories from spatial transcriptomics using CASCAT,10.1093/nar/gkaf791,2025,PMC12362255,literature_search,yes (http 200)
Mouse brain coronal section Zhuang-ABCA-2.005,MERFISH,spatial transcriptomics,Mouse,Brain coronal section,healthy,1,,reused,Inferring causal trajectories from spatial transcriptomics using CASCAT,10.1093/nar/gkaf791,2025,PMC12362255,literature_search,no link
Mouse brain coronal section Zhuang-ABCA-2.053,MERFISH,spatial transcriptomics,Mouse,Brain coronal section,healthy,1,,reused,Inferring causal trajectories from spatial transcriptomics using CASCAT,10.1093/nar/gkaf791,2025,PMC12362255,literature_search,no link
Oral squamous cell carcinoma OSCC1,10x Visium,spatial transcriptomics,Human,Oral squamous cell carcinoma,Oral squamous cell carcinoma,1,GSE208253,reused,Inferring causal trajectories from spatial transcriptomics using CASCAT,10.1093/nar/gkaf791,2025,PMC12362255,literature_search,yes (GEO record GSE208253)
Oral squamous cell carcinoma OSCC2,10x Visium,spatial transcriptomics,Human,Oral squamous cell carcinoma,Oral squamous cell carcinoma,1,GSE208253,reused,Inferring causal trajectories from spatial transcriptomics using CASCAT,10.1093/nar/gkaf791,2025,PMC12362255,literature_search,yes (GEO record GSE208253)
Oral squamous cell carcinoma OSCC3,10x Visium,spatial transcriptomics,Human,Oral squamous cell carcinoma,Oral squamous cell carcinoma,1,GSE208253,reused,Inferring causal trajectories from spatial transcriptomics using CASCAT,10.1093/nar/gkaf791,2025,PMC12362255,literature_search,yes (GEO record GSE208253)
Oral squamous cell carcinoma OSCC5,10x Visium,spatial transcriptomics,Human,Oral squamous cell carcinoma,Oral squamous cell carcinoma,1,GSE208253,reused,Inferring causal trajectories from spatial transcriptomics using CASCAT,10.1093/nar/gkaf791,2025,PMC12362255,literature_search,yes (GEO record GSE208253)
Oral squamous cell carcinoma OSCC7,10x Visium,spatial transcriptomics,Human,Oral squamous cell carcinoma,Oral squamous cell carcinoma,1,GSE208253,reused,Inferring causal trajectories from spatial transcriptomics using CASCAT,10.1093/nar/gkaf791,2025,PMC12362255,literature_search,yes (GEO record GSE208253)
Oral squamous cell carcinoma OSCC8,10x Visium,spatial transcriptomics,Human,Oral squamous cell carcinoma,Oral squamous cell carcinoma,1,GSE208253,reused,Inferring causal trajectories from spatial transcriptomics using CASCAT,10.1093/nar/gkaf791,2025,PMC12362255,literature_search,yes (GEO record GSE208253)
Vestibular schwannoma spatial transcriptomics samples VS_S1-2,Visium Spatial Gene Expression,spatial transcriptomics,human,vestibular schwannoma,vestibular schwannoma,2,,generated,Integrating single-cell and spatial transcriptomics reveals the cellular heterogeneity of vestibular schwannoma,10.1038/s41698-025-01028-y,2025,PMC12238636,literature_search,no link
Castleman disease spatial transcriptomics dataset,Visium (10x Genomics),spatial transcriptomics,Human,Lymph node,"Castleman disease (hyaline vascular variant, plasma cell variant, mixed variant) and normal",4,10.1186/s12967-025-06456-9,generated,Spatial transcriptomics study of Castleman disease,10.1186/s12967-025-06456-9,2025,PMC12009523,literature_search,yes (http 200)
Breast Cancer Cohort 1,ST,spatial transcriptomics,,breast,breast cancer,68,https://data.mendeley.com/datasets/29ntw7sh4r/5,reused,Predicting spatially resolved gene expression via tissue morphology using adaptive spatial GNNs,10.1093/bioinformatics/btae383,2024,PMC11373608,literature_search,yes (http 200)
Breast Cancer Cohort 2 (HER2-positive),ST,spatial transcriptomics,,breast,HER2-positive breast cancer,36,https://zenodo.org/records/4751624,reused,Predicting spatially resolved gene expression via tissue morphology using adaptive spatial GNNs,10.1093/bioinformatics/btae383,2024,PMC11373608,literature_search,"yes (zenodo record, 5 files)"
Human breast cancer in situ capturing transcriptomics,Spatial Transcriptomics,,human,breast,breast cancer,68,10.17632/29ntw7sh4r.5,reused,MOSBY enables multi-omic inference and spatial biomarker discovery from whole slide images,10.1038/s41598-024-69198-6,2024,PMC11303705,literature_search,yes (http 200)
human diabetic kidney dataset,Nanostring GeoMx Digital Spatial Profiler (DSP),spatial transcriptomics,human,kidney,diabetic,,https://nanostring.com/products/geomx-digital-spatial-profiler/spatial-organ-atlas/,reused,standR: spatial transcriptomic analysis for GeoMx DSP data,10.1093/nar/gkad1026,2024,PMC10783521,literature_search,yes (http 200)
human lymph node dataset,Nanostring GeoMx Digital Spatial Profiler (DSP),spatial transcriptomics,human,lymph node,healthy,,https://nanostring.com/products/geomx-digital-spatial-profiler/spatial-organ-atlas/,reused,standR: spatial transcriptomic analysis for GeoMx DSP data,10.1093/nar/gkad1026,2024,PMC10783521,literature_search,yes (http 200)
human colon dataset,Nanostring GeoMx Digital Spatial Profiler (DSP),spatial transcriptomics,human,colon,healthy,,https://nanostring.com/products/geomx-digital-spatial-profiler/spatial-organ-atlas/,reused,standR: spatial transcriptomic analysis for GeoMx DSP data,10.1093/nar/gkad1026,2024,PMC10783521,literature_search,yes (http 200)
human brain dataset,Nanostring GeoMx Digital Spatial Profiler (DSP),spatial transcriptomics,human,brain,healthy,,https://nanostring.com/products/geomx-digital-spatial-profiler/spatial-organ-atlas/,reused,standR: spatial transcriptomic analysis for GeoMx DSP data,10.1093/nar/gkad1026,2024,PMC10783521,literature_search,yes (http 200)
Honey bee brain MERFISH dataset,MERFISH,spatial transcriptomics,honey bee,brain,healthy,,,generated,RESCUE: recovery of idiosyncratic expression patterns in spatial transcriptomics,10.1101/2025.08.11.669542,2025,PMC12363788,literature_search,no link
Human breast cancer Visium dataset,10x Visium,spatial transcriptomics,human,breast cancer tissue,breast cancer,,GSE243280,reused,RESCUE: recovery of idiosyncratic expression patterns in spatial transcriptomics,10.1101/2025.08.11.669542,2025,PMC12363788,literature_search,yes (GEO record GSE243280)
Human DLPFC Visium dataset,10x Visium,spatial transcriptomics,human,dorsolateral prefrontal cortex (DLPFC),neurotypical,8,https://github.com/LieberInstitute/spatialLIBD,reused,RESCUE: recovery of idiosyncratic expression patterns in spatial transcriptomics,10.1101/2025.08.11.669542,2025,PMC12363788,literature_search,yes (http 200)
Cichlid fish telencephalon Visium dataset,10x Visium,spatial transcriptomics,cichlid fish,dorsal telencephalon / brain,distinct social behaviors,,GSE217619,reused,RESCUE: recovery of idiosyncratic expression patterns in spatial transcriptomics,10.1101/2025.08.11.669542,2025,PMC12363788,literature_search,yes (GEO record GSE217619)
Adult Mouse Brain Coronal Section,10x Genomics Visium,spatial transcriptomics,mouse,brain,healthy,,https://support.10xgenomics.com/spatial-gene-expression/datasets/1.1.0/V1_Adult_Mouse_Brain_Coronal_Section_2,reused,Cell type identification in spatial transcriptomics data can be improved by leveraging cell-type-informative paired tissue images using a Bayesian probabilistic model,10.1093/nar/gkac320,2022,PMC9371936,literature_search,unverified (site blocks automated checks: http 403)
Breast Cancer Spatial Transcriptomics Slides,Spatial Transcriptomics,,human,breast,breast cancer,8,https://github.com/almaan/her2st,reused,Cell type identification in spatial transcriptomics data can be improved by leveraging cell-type-informative paired tissue images using a Bayesian probabilistic model,10.1093/nar/gkac320,2022,PMC9371936,literature_search,yes (http 200)
"HCC, cirrhosis, and non-carcinoma liver spatial transcriptome dataset",Visium spatial gene expression (10x Genomics),spatial transcriptomics,Human,Liver,"Hepatocellular carcinoma, cirrhosis, and non-carcinoma control",7,,generated,Single cell-spatial transcriptomics and bulk multi-omics analysis of heterogeneity and ecosystems in hepatocellular carcinoma,10.1038/s41698-024-00752-1,2024,PMC11568154,literature_search,no link
HCC2 spatial transcriptome dataset,Visium spatial gene expression (10x Genomics),spatial transcriptomics,Human,Liver,Hepatocellular carcinoma,1,,generated,Single cell-spatial transcriptomics and bulk multi-omics analysis of heterogeneity and ecosystems in hepatocellular carcinoma,10.1038/s41698-024-00752-1,2024,PMC11568154,literature_search,no link
HCC3 spatial transcriptome dataset,Visium spatial gene expression (10x Genomics),spatial transcriptomics,Human,Liver,Hepatocellular carcinoma,1,,generated,Single cell-spatial transcriptomics and bulk multi-omics analysis of heterogeneity and ecosystems in hepatocellular carcinoma,10.1038/s41698-024-00752-1,2024,PMC11568154,literature_search,no link
HCC4 and CIR4 spatial transcriptome dataset,Visium spatial gene expression (10x Genomics),spatial transcriptomics,Human,Liver,Hepatocellular carcinoma and cirrhosis,2,,generated,Single cell-spatial transcriptomics and bulk multi-omics analysis of heterogeneity and ecosystems in hepatocellular carcinoma,10.1038/s41698-024-00752-1,2024,PMC11568154,literature_search,no link
HCC5 spatial transcriptome dataset,Visium spatial gene expression (10x Genomics),spatial transcriptomics,Human,Liver,Hepatocellular carcinoma,1,,generated,Single cell-spatial transcriptomics and bulk multi-omics analysis of heterogeneity and ecosystems in hepatocellular carcinoma,10.1038/s41698-024-00752-1,2024,PMC11568154,literature_search,no link
MERSCOPE human liver hepatocellular carcinoma dataset,MERSCOPE,,human,liver,Human liver hepatocellular carcinoma (HCC),,,reused,Sopa: a technology-invariant pipeline for analyses of image-based spatial omics,10.1038/s41467-024-48981-z,2024,PMC11167053,literature_search,no link
Xenium human pancreatic cancer dataset,Xenium,spatial transcriptomics,human,pancreas,"Pancreatic cancer (adenocarcinoma, Grade I-II)",,,reused,Sopa: a technology-invariant pipeline for analyses of image-based spatial omics,10.1038/s41467-024-48981-z,2024,PMC11167053,literature_search,no link
PhenoCycler human tonsil dataset,PhenoCycler,spatial proteomics,human,tonsil,Healthy,,https://www.akoyabio.com/fusion/data-gallery/,reused,Sopa: a technology-invariant pipeline for analyses of image-based spatial omics,10.1038/s41467-024-48981-z,2024,PMC11167053,literature_search,unverified (site blocks automated checks: http 403)
MACSima HNSCC dataset,MACSima,,human,head and neck,Head and neck squamous cell carcinoma (HNSCC),,,reused,Sopa: a technology-invariant pipeline for analyses of image-based spatial omics,10.1038/s41467-024-48981-z,2024,PMC11167053,literature_search,no link
Murine bone marrow megakaryocytes spatial transcriptomics,GeoMx digital spatial profiling platform,spatial transcriptomics,mouse,bone marrow (femur),healthy,2,GSE224838,generated,Spatial transcriptomics of murine bone marrow megakaryocytes at single-cell resolution,10.1016/j.rpth.2023.100158,2023,PMC10225915,literature_search,yes (GEO record GSE224838)
TRACERx 100 NSCLC IMC cohort,IMC,spatial proteomics,human,"resected tumour, lymph node, and tumour-adjacent normal tissue",non-small cell lung cancer (NSCLC),236,,generated,Deep cell phenotyping and spatial analysis of multiplexed imaging with TRACERx-PHLEX,10.1038/s41467-024-48870-5,2024,PMC11180132,literature_search,no link
"TRACERx control tissues (tonsil, kidney, normal lung)",IMC,spatial proteomics,human,"tonsil, kidney, normal lung",benign tumour-adjacent and normal lung control,,,generated,Deep cell phenotyping and spatial analysis of multiplexed imaging with TRACERx-PHLEX,10.1038/s41467-024-48870-5,2024,PMC11180132,literature_search,no link
Schürch et al. CRC CODEX dataset,CODEX,spatial proteomics,human,colorectal cancer (TMA cores),colorectal cancer (CRC),140,10.17632/mpjzbtfgfr.1,reused,Deep cell phenotyping and spatial analysis of multiplexed imaging with TRACERx-PHLEX,10.1038/s41467-024-48870-5,2024,PMC11180132,literature_search,yes (http 200)
Brbić et al. Barrett's oesophagus dataset,CODEX,spatial proteomics,human,Barrett's oesophagus,Barrett's oesophagus,,https://datadryad.org/stash/share/1OQtxew0Unh3iAdP-ELew-ctwuPTBz6Oy8uuyxqliZk,reused,Deep cell phenotyping and spatial analysis of multiplexed imaging with TRACERx-PHLEX,10.1038/s41467-024-48870-5,2024,PMC11180132,literature_search,yes (http 200)
HuBMAP healthy intestine dataset,CODEX,spatial proteomics,human,healthy intestine,healthy,,https://datadryad.org/stash/share/1OQtxew0Unh3iAdP-ELew-ctwuPTBz6Oy8uuyxqliZk,reused,Deep cell phenotyping and spatial analysis of multiplexed imaging with TRACERx-PHLEX,10.1038/s41467-024-48870-5,2024,PMC11180132,literature_search,yes (http 200)
Jackson et al. breast cancer IMC dataset,IMC,spatial proteomics,human,breast,breast cancer,,,reused,Deep cell phenotyping and spatial analysis of multiplexed imaging with TRACERx-PHLEX,10.1038/s41467-024-48870-5,2024,PMC11180132,literature_search,no link
van Maldegem et al. mouse lung cancer IMC dataset,IMC,spatial proteomics,mouse,lung,mouse lung cancer,,crick.c.5270621.v2,reused,Deep cell phenotyping and spatial analysis of multiplexed imaging with TRACERx-PHLEX,10.1038/s41467-024-48870-5,2024,PMC11180132,literature_search,"no (free-text description, not a resolvable link)"
TissueNet breast cancer dataset,IMC,spatial proteomics,human,breast,breast cancer,,,reused,Deep cell phenotyping and spatial analysis of multiplexed imaging with TRACERx-PHLEX,10.1038/s41467-024-48870-5,2024,PMC11180132,literature_search,no link
CosMx hepatocellular carcinoma dataset,CosMx,spatial transcriptomics,human,liver,Hepatocellular carcinoma and normal,2,https://nanostring.com/wp-content/uploads/2023/01/LiverPublicDataRelease.html,reused,SST-editing:  in silico  spatial transcriptomic editing at single-cell resolution,10.1093/bioinformatics/btae077,2024,PMC10914437,literature_search,yes (http 200)
Xenium lung tumor dataset,Xenium,spatial transcriptomics,human,lung,Invasive adenocarcinoma and normal,2,https://cf.10xgenomics.com/samples/xenium/1.3.0/Xenium_Preview_Human_Non_diseased_Lung_With_Add_on_FFPE/Xenium_Preview_Human_Non_diseased_Lung_With_Add_on_FFPE_analysis_summary.html,reused,SST-editing:  in silico  spatial transcriptomic editing at single-cell resolution,10.1093/bioinformatics/btae077,2024,PMC10914437,literature_search,yes (http 200)
ALK-rearranged pulmonary adenocarcinoma spatial multi-omics dataset,NanoString GeoMx Digital Spatial Profiler and mass-spectrometry-based proteomics,spatial transcriptomics,human,lung,pulmonary adenocarcinoma with ALK rearrangement,7,https://github.com/bszeitz/ALK_rearranged_pADCs_multiomics,generated,Spatially Resolved Proteomic and Transcriptomic Profiling of Anaplastic Lymphoma Kinase-Rearranged Pulmonary Adenocarcinomas Reveals Key Players in Inter- and Intratumoral Heterogeneity,10.3390/ijms241411369,2023,PMC10380216,literature_search,yes (http 200)
Spatial Transcriptomics mouse liver tissue sections,Spatial Transcriptomics,,mouse,liver,healthy,8,10.5281/zenodo.5595907,generated,Spatial Transcriptomics to define transcriptional patterns of zonation and structural components in the mouse liver,10.1038/s41467-021-27354-w,2021,PMC8640072,literature_search,"yes (zenodo record, 5 files)"
Mouse Cell Atlas single-cell RNA sequencing liver data,scRNA-seq,,mouse,liver,healthy,,,reused,Spatial Transcriptomics to define transcriptional patterns of zonation and structural components in the mouse liver,10.1038/s41467-021-27354-w,2021,PMC8640072,literature_search,no link
CosMx Frontal Cortex Data,CosMx Spatial Molecular Imager,spatial transcriptomics,human,frontal cortex,,1,https://nanostring.com/resources/cosmx-frontal-cortex-data-files/,reused,ZipAEr: A compressive convolutional autoencoder for high-dimensional spatial omics data at subcellular resolution,10.21203/rs.3.rs-7541289/v1,2025,PMC12458541,literature_search,yes (http 200)
MERFISH mouse primary motor cortex dataset,MERFISH,spatial transcriptomics,mouse,primary motor cortex (MOp),healthy,4,,reused,ENGEP: advancing spatial transcriptomics with accurate unmeasured gene expression prediction,10.1186/s13059-023-03139-w,2023,PMC10734203,literature_search,no link
osmFISH mouse somatosensory cortex dataset,osmFISH,spatial transcriptomics,mouse,somatosensory cortex (SMSc),healthy,1,http://linnarssonlab.org/osmFISH/,reused,ENGEP: advancing spatial transcriptomics with accurate unmeasured gene expression prediction,10.1186/s13059-023-03139-w,2023,PMC10734203,literature_search,yes (http 200)
STARmap mouse visual cortex dataset,STARmap,spatial transcriptomics,mouse,visual cortex (VISp/VISc),healthy,1,https://kangaroo-goby.squarespace.com/data,reused,ENGEP: advancing spatial transcriptomics with accurate unmeasured gene expression prediction,10.1186/s13059-023-03139-w,2023,PMC10734203,literature_search,no (http 404)
Oral squamous cell carcinoma (OSCC) dataset,Visium,spatial transcriptomics,human,oral cavity,oral squamous cell carcinoma,12,https://www.ncbi.nlm.nih.gov/geo/query/acc.cgi?acc=GSE208253,reused,spVelo: RNA velocity inference for multi-batch spatial transcriptomics data,10.1186/s13059-025-03701-8,2025,PMC12337411,literature_search,yes (http 200)
Simulated pancreas dataset,ST (square neighborhood structure),spatial transcriptomics,mouse,pancreas,healthy (simulated development),3,https://zenodo.org/records/15873541,reused,spVelo: RNA velocity inference for multi-batch spatial transcriptomics data,10.1186/s13059-025-03701-8,2025,PMC12337411,literature_search,"yes (zenodo record, 3 files)"
Stereo-seq mouse brain dataset,Stereo-seq,spatial transcriptomics,mouse,brain,healthy,1,https://www.dropbox.com/s/wxgkim87uhpaz1c/mousebrain_bin60_clustered.h5ad?dl=1,reused,spVelo: RNA velocity inference for multi-batch spatial transcriptomics data,10.1186/s13059-025-03701-8,2025,PMC12337411,literature_search,yes (http 200)
Mouse SSp 20-gene MERFISH dataset,MERFISH,spatial transcriptomics,mouse,brain (somatosensory cortex),healthy,1,,generated,Optimization-based decoding of Imaging Spatial Transcriptomics data,10.1093/bioinformatics/btad362,2023,PMC10287917,literature_search,no link
Mouse MOp 115-gene MERFISH dataset,MERFISH,spatial transcriptomics,mouse,brain (primary motor cortex),healthy,2,,generated,Optimization-based decoding of Imaging Spatial Transcriptomics data,10.1093/bioinformatics/btad362,2023,PMC10287917,literature_search,no link
Mouse liver MERFISH dataset,MERFISH,spatial transcriptomics,mouse,liver,healthy,,,reused,Optimization-based decoding of Imaging Spatial Transcriptomics data,10.1093/bioinformatics/btad362,2023,PMC10287917,literature_search,no link
Mouse cortex BARseq2 dataset,BARseq2,,mouse,brain (cortex),healthy,,,reused,Optimization-based decoding of Imaging Spatial Transcriptomics data,10.1093/bioinformatics/btad362,2023,PMC10287917,literature_search,no link
STARmap single-FOV dataset,STARmap,spatial transcriptomics,mouse,,healthy,,,reused,Optimization-based decoding of Imaging Spatial Transcriptomics data,10.1093/bioinformatics/btad362,2023,PMC10287917,literature_search,no link
Murine pancreatic tumor xenograft spatial transcriptomics,Takara (Curio) Seeker,,mouse,tumor,pancreatic cancer,,,generated,Mitochondrial clone tracing within spatially intact human tissues,10.1101/2025.07.11.664452,2025,PMC12338592,literature_search,no link
Barrett's esophagus biopsy spatial transcriptomics,Takara (Curio) Seeker,,human,esophagus,nondysplastic Barrett's esophagus,,,generated,Mitochondrial clone tracing within spatially intact human tissues,10.1101/2025.07.11.664452,2025,PMC12338592,literature_search,no link
Small bowel tissue spatial transcriptomics,Takara (Curio) Seeker,,human,small bowel,healthy (Lynch syndrome patient),,,generated,Mitochondrial clone tracing within spatially intact human tissues,10.1101/2025.07.11.664452,2025,PMC12338592,literature_search,no link
Normal gastric cardia spatial transcriptomics,Takara (Curio) Seeker,,human,gastric cardia,healthy,,,generated,Mitochondrial clone tracing within spatially intact human tissues,10.1101/2025.07.11.664452,2025,PMC12338592,literature_search,no link
Colorectal cancer tissue spatial transcriptomics,Takara (Curio) Seeker,,human,colorectal cancer,colorectal cancer,,,generated,Mitochondrial clone tracing within spatially intact human tissues,10.1101/2025.07.11.664452,2025,PMC12338592,literature_search,no link
Tissue microarray (TMA) of post-treatment HCC surgical samples,Hyperion Imaging System (IMC),spatial proteomics,Human,Liver (Tumor),Hepatocellular carcinoma,37,,reused,Informing virtual clinical trials of hepatocellular carcinoma with spatial multi-omics analysis of a human neoadjuvant immunotherapy clinical trial,10.1101/2023.08.11.553000,2023,PMC10462044,literature_search,no link
Visium spatial transcriptomics post-treatment surgical resections,Visium Gene Expression slide (10x Genomics),spatial transcriptomics,Human,Liver (Tumor),Hepatocellular carcinoma,12,,reused,Informing virtual clinical trials of hepatocellular carcinoma with spatial multi-omics analysis of a human neoadjuvant immunotherapy clinical trial,10.1101/2023.08.11.553000,2023,PMC10462044,literature_search,no link
Human breast cancer Xenium and Visium dataset,10x Genomics Xenium and Visium,spatial transcriptomics,human,breast cancer tumor,breast cancer,2,https://www.10xgenomics.com/products/xenium-in-situ/preview-dataset-human-breast,reused,SpatialData: an open and universal data framework for spatial omics,10.1038/s41592-024-02212-x,2024,PMC11725494,literature_search,yes (http 200)
Prostate cancer Visium dataset,Visium,spatial transcriptomics,human,prostate section,prostate cancer,15,https://github.com/scverse/spatialdata-notebooks/blob/main/notebooks/paper_reproducibility/lundeberg.ipynb,reused,SpatialData: an open and universal data framework for spatial omics,10.1038/s41592-024-02212-x,2024,PMC11725494,literature_search,yes (http 200)
Human Dorsolateral Prefrontal Cortex (DLPFC) dataset,10X Visium,spatial transcriptomics,Human,Dorsolateral prefrontal cortex,,12,http://spatial.libd.org/spatialLIBD/,reused,SGCAST: symmetric graph convolutional auto-encoder for scalable and accurate study of spatial transcriptomics,10.1093/bib/bbad490,2024,PMC10782917,literature_search,yes (http 200)
Mouse olfactory bulb dataset,Stereo-seq,spatial transcriptomics,Mouse,Olfactory bulb,,,https://github.com/JinmiaoChenLab/SEDR_analyses,reused,SGCAST: symmetric graph convolutional auto-encoder for scalable and accurate study of spatial transcriptomics,10.1093/bib/bbad490,2024,PMC10782917,literature_search,yes (http 200)
Mouse colon dataset,Seq-scope,,Mouse,Colon,,,https://deepblue.lib.umich.edu/data/concern/data_sets/9c67wn05f,reused,SGCAST: symmetric graph convolutional auto-encoder for scalable and accurate study of spatial transcriptomics,10.1093/bib/bbad490,2024,PMC10782917,literature_search,unverified (site blocks automated checks: http 403)
"Mouse embryo spatiotemporal transcriptomic atlas (MOSTA) stages E12.5, E14.5, and E16.5",Stereo-seq,spatial transcriptomics,Mouse,Embryo,,3,https://db.cngb.org/stomics/mosta/download/,reused,SGCAST: symmetric graph convolutional auto-encoder for scalable and accurate study of spatial transcriptomics,10.1093/bib/bbad490,2024,PMC10782917,literature_search,yes (http 200)
human dorsolateral prefrontal cortex Visium dataset,Visium,spatial transcriptomics,human,dorsolateral prefrontal cortex,,12,https://doi.org/doi:10.18129/B9.bioc.spatialLIBD,reused,Characterization of spatial homogeneous regions in tissues with concordex,10.1101/2023.06.28.546949,2025,PMC11275758,literature_search,yes (http 200)
adult mouse primary visual neocortex STARmap dataset,STARmap,spatial transcriptomics,mouse,primary visual neocortex,,,https://doi.org/10.6084/m9.figshare.22565209.v1,reused,Characterization of spatial homogeneous regions in tissues with concordex,10.1101/2023.06.28.546949,2025,PMC11275758,literature_search,unverified (server answered http 202)
mouse cerebellum Slide-Seq V2 dataset,Slide-Seq V2,spatial transcriptomics,mouse,cerebellum,,1,https://singlecell.broadinstitute.org/single_cell/study/SCP948,reused,Characterization of spatial homogeneous regions in tissues with concordex,10.1101/2023.06.28.546949,2025,PMC11275758,literature_search,yes (http 200)
mouse small intestine VisiumHD dataset,VisiumHD,spatial transcriptomics,mouse,small intestine,,,,reused,Characterization of spatial homogeneous regions in tissues with concordex,10.1101/2023.06.28.546949,2025,PMC11275758,literature_search,no link
PPC Spatial Transcriptomics Dataset,GeoMx DSP (Whole Transcriptome Atlas),spatial transcriptomics,human,lung,pulmonary pleomorphic carcinoma,9,https://doi.org/10.5281/zenodo.16736588,generated,Single-cell and spatial transcriptomic characterization of pulmonary pleomorphic carcinoma,10.1038/s42003-025-09162-w,2025,PMC12708732,literature_search,"yes (zenodo record, 4 files)"
10x Visium Human DLPFC dataset,10x Visium,spatial transcriptomics,Human,Dorsolateral prefrontal cortex,,12,http://spatial.libd.org/spatialLIBD,reused,STGIC: A graph and image convolution-based method for spatial transcriptomic clustering,10.1371/journal.pcbi.1011935,2024,PMC10927115,literature_search,no (http 404)
10x Visium Human breast cancer dataset,10x Visium,spatial transcriptomics,Human,Breast,Cancer,,https://support.10xgenomics.com/spatial-gene-expression/datasets,reused,STGIC: A graph and image convolution-based method for spatial transcriptomic clustering,10.1371/journal.pcbi.1011935,2024,PMC10927115,literature_search,unverified (site blocks automated checks: http 403)
10x Visium MouseBrain dataset of sagittal slice,10x Visium,spatial transcriptomics,Mouse,Brain,,,https://support.10xgenomics.com/spatial-gene-expression/datasets,reused,STGIC: A graph and image convolution-based method for spatial transcriptomic clustering,10.1371/journal.pcbi.1011935,2024,PMC10927115,literature_search,unverified (site blocks automated checks: http 403)
Stereo-seq mouse olfactory bulb tissue,Stereo-seq,spatial transcriptomics,Mouse,Olfactory bulb,,,https://github.com/JinmiaoChenLab/SEDR_analyses,reused,STGIC: A graph and image convolution-based method for spatial transcriptomic clustering,10.1371/journal.pcbi.1011935,2024,PMC10927115,literature_search,yes (http 200)
Pristionchus pacificus young adult hermaphrodite spatial transcriptomics,RNA tomography (tomo-seq),,Pristionchus pacificus,whole worm (adult hermaphrodite),healthy,4,PRJEB37439,generated,Spatial Transcriptomics of Nematodes Identifies Sperm Cells as a Source of Genomic Novelty and Rapid Evolution,10.1093/molbev/msaa207,2021,PMC8480184,literature_search,yes (ENA PRJEB37439)
Caenorhabditis elegans hermaphrodite and male spatial transcriptomics,RNA tomography (tomo-seq),,Caenorhabditis elegans,whole worm (hermaphrodite and male),healthy,,,reused,Spatial Transcriptomics of Nematodes Identifies Sperm Cells as a Source of Genomic Novelty and Rapid Evolution,10.1093/molbev/msaa207,2021,PMC8480184,literature_search,no link
Caenorhabditis elegans germline spatial transcriptomics,RNA tomography (tomo-seq),,Caenorhabditis elegans,gonad / germline,healthy,,,reused,Spatial Transcriptomics of Nematodes Identifies Sperm Cells as a Source of Genomic Novelty and Rapid Evolution,10.1093/molbev/msaa207,2021,PMC8480184,literature_search,no link
Human Skin Quantitative Proteomic Atlas,Mass spectrometry-based proteomics,,human,skin,healthy,,https://skin.science/,generated,Spatially and cell-type resolved quantitative proteomic atlas of healthy human skin,10.1038/s41467-020-19383-8,2020,PMC7645789,literature_search,"no (link is a site root, not a dataset)"
Human head and neck squamous cell carcinoma metastatic lymph node tissue,Open-ST,spatial transcriptomics,Human,metastatic lymph node,head and neck squamous cell carcinoma metastatic lymph node,,GSE251926,reused,Protocol for high-resolution 3D spatial transcriptomics using Open-ST,10.1016/j.xpro.2024.103521,2024,PMC11731217,literature_search,yes (GEO record GSE251926)
STARmap PLUS mouse brain dataset,STARmap PLUS,spatial transcriptomics,mouse,brain,,2,,reused,SANTO: a coarse-to-fine alignment and stitching method for spatial omics,10.1038/s41467-024-50308-x,2024,PMC11258319,literature_search,no link
Visium human dorsolateral prefrontal cortex dataset,Visium,spatial transcriptomics,human,dorsolateral prefrontal cortex,healthy,,,reused,SANTO: a coarse-to-fine alignment and stitching method for spatial omics,10.1038/s41467-024-50308-x,2024,PMC11258319,literature_search,no link
MERFISH mouse hypothalamic preoptic region dataset,MERFISH,spatial transcriptomics,mouse,hypothalamic preoptic region,,24,,reused,SANTO: a coarse-to-fine alignment and stitching method for spatial omics,10.1038/s41467-024-50308-x,2024,PMC11258319,literature_search,no link
Xenium and Visium human breast cancer dataset,Xenium and Visium,spatial transcriptomics,human,breast,breast cancer,3,https://www.10xgenomics.com/products/xenium-in-situ/preview-dataset-human-breast,reused,SANTO: a coarse-to-fine alignment and stitching method for spatial omics,10.1038/s41467-024-50308-x,2024,PMC11258319,literature_search,yes (http 200)
Stereo-seq mouse embryo dataset,Stereo-seq,spatial transcriptomics,mouse,embryo,,8,https://db.cngb.org/stomics/mosta/,reused,SANTO: a coarse-to-fine alignment and stitching method for spatial omics,10.1038/s41467-024-50308-x,2024,PMC11258319,literature_search,yes (http 200)
Spatial CUT&Tag-RNA-seq mouse brain dataset,Spatial CUT&Tag-RNA-seq,,mouse,brain,,2,GSE165217,reused,SANTO: a coarse-to-fine alignment and stitching method for spatial omics,10.1038/s41467-024-50308-x,2024,PMC11258319,literature_search,yes (GEO record GSE165217)
MIBI-TOF human lymph node and tonsil dataset,MIBI-TOF,spatial proteomics,human,lymph node and tonsil,,6,https://doi.org/10.5281/zenodo.5945388,reused,SANTO: a coarse-to-fine alignment and stitching method for spatial omics,10.1038/s41467-024-50308-x,2024,PMC11258319,literature_search,"yes (zenodo record, 3 files)"
HER2-positive Breast Cancer (HER2+) dataset,ST,spatial transcriptomics,Human,Breast,HER2-positive breast cancer,7,https://github.com/almaan/HER2st/,reused,SpaConTDS: A multimodal contrastive learning framework for identifying spatial domains by applying tuple disturbing strategy,10.1371/journal.pcbi.1013893,2026,PMC12854462,literature_search,yes (http 200)
Dorsolateral Prefrontal Cortex (DLPFC) dataset,10x Visium,spatial transcriptomics,Human,Dorsolateral prefrontal cortex,Healthy,12,http://research.libd.org/spatialLIBD/,reused,SpaConTDS: A multimodal contrastive learning framework for identifying spatial domains by applying tuple disturbing strategy,10.1371/journal.pcbi.1013893,2026,PMC12854462,literature_search,yes (http 200)
Human Breast Cancer (HBC-10x) dataset,10x Visium,spatial transcriptomics,Human,Breast,Breast cancer,,https://zenodo.org/records/10437391,reused,SpaConTDS: A multimodal contrastive learning framework for identifying spatial domains by applying tuple disturbing strategy,10.1371/journal.pcbi.1013893,2026,PMC12854462,literature_search,"yes (zenodo record, 2 files)"
Invasive Ductal Carcinoma (IDC) dataset,10x Visium,spatial transcriptomics,Human,Breast,Invasive ductal carcinoma,,https://support.10xgenomics.com/spatial-gene-expression/datasets,reused,SpaConTDS: A multimodal contrastive learning framework for identifying spatial domains by applying tuple disturbing strategy,10.1371/journal.pcbi.1013893,2026,PMC12854462,literature_search,unverified (site blocks automated checks: http 403)
Zebrafish Melanoma dataset,10x Visium,spatial transcriptomics,Zebrafish,Melanoma and surrounding tissue,Melanoma,2,https://zenodo.org/records/10437391,reused,SpaConTDS: A multimodal contrastive learning framework for identifying spatial domains by applying tuple disturbing strategy,10.1371/journal.pcbi.1013893,2026,PMC12854462,literature_search,"yes (zenodo record, 2 files)"
Human Placental Bed dataset,10x Visium,spatial transcriptomics,Human,"Placental bed (Myometrium, Decidua, and Placenta)",Early pregnancy / Healthy,3,https://zenodo.org/records/10437391,reused,SpaConTDS: A multimodal contrastive learning framework for identifying spatial domains by applying tuple disturbing strategy,10.1371/journal.pcbi.1013893,2026,PMC12854462,literature_search,"yes (zenodo record, 2 files)"
Human Tonsil dataset,Spatial CITE-seq,,Human,Tonsil,Healthy,1,https://www.10xgenomics.com/datasets/gene-protein-expression-library-of-human-tonsilcytassist-ffpe-2-standard,reused,SpaConTDS: A multimodal contrastive learning framework for identifying spatial domains by applying tuple disturbing strategy,10.1371/journal.pcbi.1013893,2026,PMC12854462,literature_search,no (http 404)
Human Breast Cancer (HBC-Xenium) dataset,10x Xenium,spatial transcriptomics,Human,Breast,Breast cancer,,https://www.10xgenomics.com/products/xenium in-situ/preview-dataset-human-breast/,reused,SpaConTDS: A multimodal contrastive learning framework for identifying spatial domains by applying tuple disturbing strategy,10.1371/journal.pcbi.1013893,2026,PMC12854462,literature_search,unverified (unreachable during check: InvalidURL)
Neonatal mouse heart spatial transcriptomics across postnatal timepoints and regeneration,10X Visium Spatial Gene Expression,spatial transcriptomics,mouse,heart,healthy (postnatal heart maturation) and resected injury (regenerative repair),,,generated,"Characterizing Neonatal Heart Maturation, Regeneration, and Scar Resolution Using Spatial Transcriptomics",10.3390/jcdd9010001,2021,PMC8779463,literature_search,no link
Mouse steady state colon spatial transcriptomics,Visium 10X Genomics,spatial transcriptomics,mouse,colon,healthy,1,https://www.ncbi.nlm.nih.gov/geo/query/acc.cgi?acc=GSE169749,generated,The spatial transcriptomic landscape of the healing mouse intestine following damage,10.1038/s41467-022-28497-0,2022,PMC8837647,literature_search,yes (http 200)
Mouse healing colon spatial transcriptomics (primary dataset),Visium 10X Genomics,spatial transcriptomics,mouse,colon,healing / DSS colitis,2,https://www.ncbi.nlm.nih.gov/geo/query/acc.cgi?acc=GSE169749,generated,The spatial transcriptomic landscape of the healing mouse intestine following damage,10.1038/s41467-022-28497-0,2022,PMC8837647,literature_search,yes (http 200)
Mouse healing colon spatial transcriptomics (biological replicate),Visium 10X Genomics,spatial transcriptomics,mouse,colon,healing / DSS colitis,,https://www.ncbi.nlm.nih.gov/geo/query/acc.cgi?acc=GSE190595,generated,The spatial transcriptomic landscape of the healing mouse intestine following damage,10.1038/s41467-022-28497-0,2022,PMC8837647,literature_search,yes (http 200)
Gastric cancer Xenium dataset 1,Xenium,spatial transcriptomics,Human,Gastric cancer,Gastric cancer,,https://zenodo.org/records/15164980,generated,Designing smart spatial omics experiments with S2Omics,10.1101/2025.09.21.677634,2025,PMC12458107,literature_search,"yes (zenodo record, 2 files)"
Gastric cancer H&E dataset,,,Human,Gastric cancer,Gastric cancer,,https://upenn.box.com/s/nazcbustyepbf7dsv0ih8enxw3wr04x6,generated,Designing smart spatial omics experiments with S2Omics,10.1101/2025.09.21.677634,2025,PMC12458107,literature_search,no (http 404)
Gastric cancer with signet-ring cells H&E dataset,,,Human,Gastric cancer,Gastric cancer,,https://upenn.box.com/s/psdx9qj6gmeiyr4kgedsdb9gvssbvcn4,generated,Designing smart spatial omics experiments with S2Omics,10.1101/2025.09.21.677634,2025,PMC12458107,literature_search,no (http 404)
Human kidney non-diseased Xenium data,Xenium,spatial transcriptomics,Human,Kidney,Non-diseased,,https://www.10xgenomics.com/datasets/human-kidney-preview-data-xenium-human-multi-tissue-and-cancer-panel-1-standard,reused,Designing smart spatial omics experiments with S2Omics,10.1101/2025.09.21.677634,2025,PMC12458107,literature_search,yes (http 200)
Human kidney cancer Xenium data,Xenium,spatial transcriptomics,Human,Kidney cancer,Kidney cancer,,https://www.10xgenomics.com/datasets/human-kidney-preview-data-xenium-human-multi-tissue-and-cancer-panel-1-standard,reused,Designing smart spatial omics experiments with S2Omics,10.1101/2025.09.21.677634,2025,PMC12458107,literature_search,yes (http 200)
Human liver non-diseased Xenium data,Xenium,spatial transcriptomics,Human,Liver,Non-diseased,,https://www.10xgenomics.com/datasets/human-liver-data-xenium-human-multi-tissue-and-cancer-panel-1-standard,reused,Designing smart spatial omics experiments with S2Omics,10.1101/2025.09.21.677634,2025,PMC12458107,literature_search,yes (http 200)
Human liver cancer Xenium data,Xenium,spatial transcriptomics,Human,Liver cancer,Liver cancer,,https://www.10xgenomics.com/datasets/human-liver-data-xenium-human-multi-tissue-and-cancer-panel-1-standard,reused,Designing smart spatial omics experiments with S2Omics,10.1101/2025.09.21.677634,2025,PMC12458107,literature_search,yes (http 200)
Human breast cancer Xenium in situ sample 1 replicate 1,Xenium,spatial transcriptomics,Human,Breast cancer,Breast cancer,,https://www.10xgenomics.com/products/xenium-in-situ/preview-dataset-human-breast,reused,Designing smart spatial omics experiments with S2Omics,10.1101/2025.09.21.677634,2025,PMC12458107,literature_search,yes (http 200)
Human breast cancer Xenium in situ sample 2,Xenium,spatial transcriptomics,Human,Breast cancer,Breast cancer,,https://www.10xgenomics.com/products/xenium-in-situ/preview-dataset-human-breast,reused,Designing smart spatial omics experiments with S2Omics,10.1101/2025.09.21.677634,2025,PMC12458107,literature_search,yes (http 200)
Human colorectal cancer Visium HD sample p1 CRC,Visium HD,spatial transcriptomics,Human,Colorectal cancer,Colorectal cancer,,https://www.10xgenomics.com/products/visium-hd-spatial-gene-expression/dataset-human-crc,reused,Designing smart spatial omics experiments with S2Omics,10.1101/2025.09.21.677634,2025,PMC12458107,literature_search,yes (http 200)
Human colorectal cancer Xenium In Situ sample p1 CRC,Xenium,spatial transcriptomics,Human,Colorectal cancer,Colorectal cancer,,https://www.10xgenomics.com/products/visium-hd-spatial-gene-expression/dataset-human-crc,reused,Designing smart spatial omics experiments with S2Omics,10.1101/2025.09.21.677634,2025,PMC12458107,literature_search,yes (http 200)
Human colorectal cancer Visium HD sample p2 CRC,Visium HD,spatial transcriptomics,Human,Colorectal cancer,Colorectal cancer,,https://www.10xgenomics.com/products/visium-hd-spatial-gene-expression/dataset-human-crc,reused,Designing smart spatial omics experiments with S2Omics,10.1101/2025.09.21.677634,2025,PMC12458107,literature_search,yes (http 200)
Human colon non-diseased Visium HD sample p3 NAT,Visium HD,spatial transcriptomics,Human,Colon,Non-diseased,,https://www.10xgenomics.com/products/visium-hd-spatial-gene-expression/dataset-human-crc,reused,Designing smart spatial omics experiments with S2Omics,10.1101/2025.09.21.677634,2025,PMC12458107,literature_search,yes (http 200)
Human colorectal cancer Visium HD sample p5 CRC,Visium HD,spatial transcriptomics,Human,Colorectal cancer,Colorectal cancer,,https://www.10xgenomics.com/products/visium-hd-spatial-gene-expression/dataset-human-crc,reused,Designing smart spatial omics experiments with S2Omics,10.1101/2025.09.21.677634,2025,PMC12458107,literature_search,yes (http 200)
Human kidney CosMx data,CosMx,spatial transcriptomics,Human,Kidney,Type 2 Diabetes and Normal,,https://upenn.box.com/s/5zjynedjrachn1p8c4y1us1vonhgqm3d,generated,Designing smart spatial omics experiments with S2Omics,10.1101/2025.09.21.677634,2025,PMC12458107,literature_search,no (http 404)
Human breast cancer ST data G1,ST,spatial transcriptomics,Human,Breast cancer,Breast cancer,,https://zenodo.org/records/3957257,reused,Designing smart spatial omics experiments with S2Omics,10.1101/2025.09.21.677634,2025,PMC12458107,literature_search,"yes (zenodo record, 4 files)"
Human breast cancer ST data G2,ST,spatial transcriptomics,Human,Breast cancer,Breast cancer,,https://zenodo.org/records/3957257,reused,Designing smart spatial omics experiments with S2Omics,10.1101/2025.09.21.677634,2025,PMC12458107,literature_search,"yes (zenodo record, 4 files)"
Human breast cancer ST data G3,ST,spatial transcriptomics,Human,Breast cancer,Breast cancer,,https://zenodo.org/records/3957257,reused,Designing smart spatial omics experiments with S2Omics,10.1101/2025.09.21.677634,2025,PMC12458107,literature_search,"yes (zenodo record, 4 files)"
Breast cancer biopsies H&E image dataset,,,Human,Breast cancer,Breast cancer,,https://upenn.box.com/s/nrahq680fbr3aegm5uz3vz9yxyhspv4l,generated,Designing smart spatial omics experiments with S2Omics,10.1101/2025.09.21.677634,2025,PMC12458107,literature_search,no (http 404)
Equine lateral cerebellar hemisphere spatial transcriptomics dataset,NanoString GeoMx RNA-NGS (GeoMx),spatial transcriptomics,Equine (Horse),Lateral cerebellar hemisphere (Purkinje cell soma and white matter),Shivers and control,4,,generated,Cerebellar axonopathy in Shivers horses identified by spatial transcriptomic and proteomic analyses,10.1111/jvim.16784,2023,PMC10365050,literature_search,no link
P14 mouse brain spatial transcriptomics sections,spatial transcriptomics,,mouse,brain,,,DOI: 10.12412/BSDC.1699433096.20001,reused,Cellfm-datasets: A Unified Data Infrastructure for Single-Cell and Spatial Transcriptomics Foundation Model Pretraining,10.64898/2026.06.11.731508,2026,bio_a5d591606d94,literature_search,"no (free-text description, not a resolvable link)"
LIBD human DLPFC dataset,10x Visium,spatial transcriptomics,human,dorsolateral prefrontal cortex,healthy,12,https://github.com/LieberInstitute/spatialLIBD,reused,A comprehensive overview of graph neural network-based approaches to clustering for spatial transcriptomics,10.1016/j.csbj.2023.11.055,2023,PMC10714345,literature_search,yes (http 200)
Mouse brain coronal section,10x Visium,spatial transcriptomics,mouse,brain,healthy,,https://squidpy.readthedocs.io/en/stable/auto_tutorials/tutorial_visium_hne.html,reused,A comprehensive overview of graph neural network-based approaches to clustering for spatial transcriptomics,10.1016/j.csbj.2023.11.055,2023,PMC10714345,literature_search,no (http 404)
Mouse olfactory bulbs Slide-seqV2 dataset,Slide-seqV2,spatial transcriptomics,mouse,olfactory bulb,healthy,1,https://stagate.readthedocs.io/en/latest/T3_Slide-seqV2.html,reused,A comprehensive overview of graph neural network-based approaches to clustering for spatial transcriptomics,10.1016/j.csbj.2023.11.055,2023,PMC10714345,literature_search,yes (http 200)
Mouse olfactory bulbs Stereo-seq dataset,Stereo-seq,spatial transcriptomics,mouse,olfactory bulb,healthy,1,https://github.com/JinmiaoChenLab/SEDR_analyses/,reused,A comprehensive overview of graph neural network-based approaches to clustering for spatial transcriptomics,10.1016/j.csbj.2023.11.055,2023,PMC10714345,literature_search,yes (http 200)
Human breast cancer 10x Visium dataset,10x Visium,spatial transcriptomics,human,breast,breast cancer,1,https://github.com/JinmiaoChenLab/SEDR_analyses/,reused,A comprehensive overview of graph neural network-based approaches to clustering for spatial transcriptomics,10.1016/j.csbj.2023.11.055,2023,PMC10714345,literature_search,yes (http 200)
MERFISH mouse liver dataset,MERFISH,spatial transcriptomics,mouse,liver,healthy,1,https://squidpy.readthedocs.io/en/stable/notebooks/tutorials/tutorial_vizgen_mouse_liver.html#single-cell-clustering-of-vizgen-merfish-mouse-liver-data,reused,A comprehensive overview of graph neural network-based approaches to clustering for spatial transcriptomics,10.1016/j.csbj.2023.11.055,2023,PMC10714345,literature_search,yes (http 200)
seqFISH mouse embryo dataset,seqFISH,spatial transcriptomics,mouse,embryo,healthy,,https://squidpy.readthedocs.io/en/stable/notebooks/tutorials/tutorial_seqfish.html,reused,A comprehensive overview of graph neural network-based approaches to clustering for spatial transcriptomics,10.1016/j.csbj.2023.11.055,2023,PMC10714345,literature_search,yes (http 200)
10x Xenium breast cancer dataset,10x Xenium,spatial transcriptomics,human,breast,breast cancer,,https://squidpy.readthedocs.io/en/stable/notebooks/tutorials/tutorial_xenium.html,reused,A comprehensive overview of graph neural network-based approaches to clustering for spatial transcriptomics,10.1016/j.csbj.2023.11.055,2023,PMC10714345,literature_search,yes (http 200)
Human skin wound-healing spatial transcriptomics,Spatial transcriptomics,,Human,Skin,Wound healing (cutaneous wound healing across multiple temporal stages),,GSE241124,reused,Deep Learning for Cross-Domain Spatial Transcriptomic Modeling of Tissue Repair,10.64898/2026.05.13.724803,2026,bio_842c125f8967,literature_search,yes (GEO record GSE241124)
Human oral squamous cell carcinoma spatial transcriptomics,Spatial transcriptomics,,Human,Oral tissue (oral squamous cell carcinoma),Oral squamous cell carcinoma (OSCC),,GSE208253,reused,Deep Learning for Cross-Domain Spatial Transcriptomic Modeling of Tissue Repair,10.64898/2026.05.13.724803,2026,bio_842c125f8967,literature_search,yes (GEO record GSE208253)
Human head and neck squamous cell carcinoma spatial transcriptomics,Spatial transcriptomics,,Human,Head and neck (head and neck squamous cell carcinoma),Head and neck squamous cell carcinoma (HNSCC),,GSE181300,reused,Deep Learning for Cross-Domain Spatial Transcriptomic Modeling of Tissue Repair,10.64898/2026.05.13.724803,2026,bio_842c125f8967,literature_search,yes (GEO record GSE181300)
mouse hippocampus Slide-seqV2 dataset (ssq-mHippo),Slide-seqV2,spatial transcriptomics,Mouse,Hippocampus,Healthy,,https://singlecell.broadinstitute.org/single_cell/study/SCP815/sensitive-spatial-genome-wide-expression-profiling-at-cellular-resolutionstudy-summary,reused,"Learning context-aware, distributed gene representations in spatial transcriptomics with SpaCEX",10.1101/2024.06.07.598026,2024,bio_58221a8e6f34,literature_search,yes (http 200)
human dorsolateral prefrontal cortex 10x Visium datasets (10x-hDLPFC),10x Visium,spatial transcriptomics,Human,dorsolateral prefrontal cortex,,12,http://spatial.libd.org/spatialLIBD,reused,"Learning context-aware, distributed gene representations in spatial transcriptomics with SpaCEX",10.1101/2024.06.07.598026,2024,bio_58221a8e6f34,literature_search,no (http 404)
human breast cancer dataset (10x-hBC),10x Visium,spatial transcriptomics,Human,Breast tissue,Cancer,,https://support.10xgenomics.com/spatial-gene-expression/datasets/1.1.0/V1_Breast_Cancer_Block_A_Section_1,reused,"Learning context-aware, distributed gene representations in spatial transcriptomics with SpaCEX",10.1101/2024.06.07.598026,2024,bio_58221a8e6f34,literature_search,unverified (site blocks automated checks: http 403)
healthy human middle temporal gyrus 10x Visium datasets (10x-hMTG-1-1 and 10x-hMTG-18-64),10x Visium,spatial transcriptomics,Human,Middle temporal gyrus,Healthy,2,GSE220442,reused,"Learning context-aware, distributed gene representations in spatial transcriptomics with SpaCEX",10.1101/2024.06.07.598026,2024,bio_58221a8e6f34,literature_search,yes (GEO record GSE220442)
Alzheimer's Disease brain tissue dataset (10x-hMTG-2-3),10x Visium,spatial transcriptomics,Human,Middle temporal gyrus,Alzheimer's Disease,1,GSE220442,reused,"Learning context-aware, distributed gene representations in spatial transcriptomics with SpaCEX",10.1101/2024.06.07.598026,2024,bio_58221a8e6f34,literature_search,yes (GEO record GSE220442)
healthy human middle temporal gyrus dataset (10x-hMTG-2-5),10x Visium,spatial transcriptomics,Human,Middle temporal gyrus,,,,reused,"Learning context-aware, distributed gene representations in spatial transcriptomics with SpaCEX",10.1101/2024.06.07.598026,2024,bio_58221a8e6f34,literature_search,no link
mouse embryo SeqFISH dataset (sqf-mEmb),SeqFISH,spatial transcriptomics,Mouse,Embryo tissues,,,https://crukci.shinyapps.io/SpatialMouseAtlas/,reused,"Learning context-aware, distributed gene representations in spatial transcriptomics with SpaCEX",10.1101/2024.06.07.598026,2024,bio_58221a8e6f34,literature_search,yes (http 200)
mouse embryo 10x Visium dataset (10x-mEmb),10x Visium,spatial transcriptomics,Mouse,Embryo tissues,,,https://www.ncbi.nlm.nih.gov/geo/query/acc.cgi?acc=GSE178636,reused,"Learning context-aware, distributed gene representations in spatial transcriptomics with SpaCEX",10.1101/2024.06.07.598026,2024,bio_58221a8e6f34,literature_search,yes (http 200)
Allen Brain Cell Atlas / MERSCOPE adult mouse brain dataset,Vizgen MERSCOPE (MERFISH),spatial transcriptomics,mouse,brain,healthy,641,https://portal.brain-map.org/atlases-and-data/bkp/abc-atlas,generated,MerQuaCo: a computational tool for quality control in image-based spatial transcriptomics,10.1101/2024.12.04.626766,2025,PMC11643037,literature_search,yes (http 200)
Vizgen MERFISH Mouse Liver Map,Vizgen MERSCOPE (MERFISH),spatial transcriptomics,,liver,healthy,1,https://info.vizgen.com/mouse-liver-access,reused,MerQuaCo: a computational tool for quality control in image-based spatial transcriptomics,10.1101/2024.12.04.626766,2025,PMC11643037,literature_search,yes (http 200)
Vizgen Data Release V1.0 May 2021 Mouse Brain,Vizgen MERSCOPE (MERFISH),spatial transcriptomics,mouse,brain,healthy,3,https://info.vizgen.com/mouse-brain-data,reused,MerQuaCo: a computational tool for quality control in image-based spatial transcriptomics,10.1101/2024.12.04.626766,2025,PMC11643037,literature_search,yes (http 200)
Xenium Alzheimer's Disease Mouse Model Brain,10x Genomics Xenium,spatial transcriptomics,mouse,brain,Alzheimer's Disease (TgCRND8 mouse model),1,https://www.10xgenomics.com/datasets/xenium-in-situ-analysis-of-alzheimers-disease-mouse-model-brain-coronal-sections-from-one-hemisphere-over-a-time-course-1-standard,reused,MerQuaCo: a computational tool for quality control in image-based spatial transcriptomics,10.1101/2024.12.04.626766,2025,PMC11643037,literature_search,yes (http 200)
Xenium Fresh Frozen Mouse Brain Replicates,10x Genomics Xenium,spatial transcriptomics,mouse,brain,healthy,3,https://www.10xgenomics.com/datasets/fresh-frozen-mouse-brain-replicates-1-standard,reused,MerQuaCo: a computational tool for quality control in image-based spatial transcriptomics,10.1101/2024.12.04.626766,2025,PMC11643037,literature_search,yes (http 200)
CosMx Human Frontal Cortex FFPE Dataset,NanoString CosMx,spatial transcriptomics,human,frontal cortex,healthy,1,httpsnanostring.com/products/cosmx-spatial-molecular-imager/ffpe-dataset/human-frontal-cortex-ffpe-dataset/,reused,MerQuaCo: a computational tool for quality control in image-based spatial transcriptomics,10.1101/2024.12.04.626766,2025,PMC11643037,literature_search,yes (http 200)
Resolve Molecular Cartography Mouse Brain Dataset,Resolve Molecular Cartography,,mouse,brain,healthy,1,https://resolvebiosciences.com/open-dataset/?dataset=mouse-brain-2021,reused,MerQuaCo: a computational tool for quality control in image-based spatial transcriptomics,10.1101/2024.12.04.626766,2025,PMC11643037,literature_search,no (http 404)
Melanoma spatial transcriptomics dataset,Spatial transcriptomics / 10x Visium,spatial transcriptomics,Human,Skin,Melanoma,,,reused,Estimation of cell lineages in tumors from spatial transcriptomics data,10.1038/s41467-023-36062-6,2023,PMC9895078,literature_search,no link
Breast cancer spatial transcriptomics dataset,10x Visium,spatial transcriptomics,Human,Breast,Breast cancer,,,reused,Estimation of cell lineages in tumors from spatial transcriptomics data,10.1038/s41467-023-36062-6,2023,PMC9895078,literature_search,no link
Squamous cell carcinoma spatial transcriptomics dataset,Spatial transcriptomics,,Human,,Squamous cell carcinoma,,,reused,Estimation of cell lineages in tumors from spatial transcriptomics data,10.1038/s41467-023-36062-6,2023,PMC9895078,literature_search,no link
Pancreatic ductal adenocarcinoma spatial transcriptomics dataset,Spatial transcriptomics,,Human,Pancreas,Pancreatic ductal adenocarcinoma,,,reused,Estimation of cell lineages in tumors from spatial transcriptomics data,10.1038/s41467-023-36062-6,2023,PMC9895078,literature_search,no link
Colon cancer Slide-seq dataset,Slide-seq / Slide-RNA-seq,spatial transcriptomics,Human,Colon,Colon cancer,,,reused,Estimation of cell lineages in tumors from spatial transcriptomics data,10.1038/s41467-023-36062-6,2023,PMC9895078,literature_search,no link
Healthy Human Liver MERFISH dataset,MERFISH,spatial transcriptomics,Human,Liver,healthy,3,,generated,Spatial transcriptomics of healthy and fibrotic human liver at single-cell resolution,10.1038/s41467-024-55325-4,2025,PMC11697218,literature_search,no link
Fibrotic Human Liver MERFISH dataset,MERFISH,spatial transcriptomics,Human,Liver,Fibrotic (liver injury and fibrosis),3,,generated,Spatial transcriptomics of healthy and fibrotic human liver at single-cell resolution,10.1038/s41467-024-55325-4,2025,PMC11697218,literature_search,no link
Human Liver snRNA-seq dataset,snRNA-seq,,Human,Liver,healthy and fibrotic,6,GSE210077,generated,Spatial transcriptomics of healthy and fibrotic human liver at single-cell resolution,10.1038/s41467-024-55325-4,2025,PMC11697218,literature_search,yes (GEO record GSE210077)
Dual Spatial Transcriptomics human host-pathogen FFPE lung tissue dataset,Visium Spatial Gene Expression for FFPE,spatial transcriptomics,Human,Lung,COVID-19 and Control,13,https://ega-archive.org/studies/EGAS00001006186,generated,Dual spatially resolved transcriptomics for human host–pathogen colocalization studies in FFPE tissue sections,10.1186/s13059-023-03080-y,2023,PMC10588020,literature_search,yes (http 200)
Trypanosoma brucei BSF spatial proteome,hyperLOPIT (quantitative proteomics with LC-SPS-MS3),,Trypanosoma brucei,,,3,,generated,Mapping diversity in African trypanosomes using high resolution spatial proteomics,10.1038/s41467-023-40125-z,2023,PMC10361982,literature_search,no link
Trypanosoma brucei PCF spatial proteome,hyperLOPIT (quantitative proteomics with LC-SPS-MS3),,Trypanosoma brucei,insect midgut,,3,,generated,Mapping diversity in African trypanosomes using high resolution spatial proteomics,10.1038/s41467-023-40125-z,2023,PMC10361982,literature_search,no link
Trypanosoma congolense BSF spatial proteome,hyperLOPIT (quantitative proteomics with LC-SPS-MS3),,Trypanosoma congolense,,,3,,generated,Mapping diversity in African trypanosomes using high resolution spatial proteomics,10.1038/s41467-023-40125-z,2023,PMC10361982,literature_search,no link
Trypanosoma congolense PCF spatial proteome,hyperLOPIT (quantitative proteomics with LC-SPS-MS3),,Trypanosoma congolense,insect midgut,,3,,generated,Mapping diversity in African trypanosomes using high resolution spatial proteomics,10.1038/s41467-023-40125-z,2023,PMC10361982,literature_search,no link
Deep Visual Proteomics (DVP) Spatial Proteomics Dataset,Deep Visual Proteomics (DVP) / Mass Spectrometry,,human,fallopian tube and omentum,"fallopian tube precursor lesions, high-grade serous carcinoma, and omental metastasis",24,PXD062349,generated,Integration of cell-type resolved spatial proteomics and transcriptomics reveals novel mechanisms in early ovarian cancer,10.1101/2025.08.25.25333715,2025,PMC12407665,literature_search,no (PRIDE PXD062349: http 404)
Nanostring GeoMx Spatial Transcriptomics Dataset,Nanostring GeoMx Digital Spatial Profiler,spatial transcriptomics,human,fallopian tube and omentum,"fallopian tube precursor lesions, high-grade serous carcinoma, and omental metastasis",13,GSE305176,generated,Integration of cell-type resolved spatial proteomics and transcriptomics reveals novel mechanisms in early ovarian cancer,10.1101/2025.08.25.25333715,2025,PMC12407665,literature_search,yes (GEO record GSE305176)
Pancreatic cancer progression spatial proteomics dataset,"LC-MS/MS (DIA-MS, SP-Max workflow with LMD)",,Human,Pancreas,"Normal duct, intraductal papillary mucinous neoplasm (IPMN), and pancreatic ductal adenocarcinoma (PDAC)",10,PXD060378,generated,High-Sensitive Spatial Proteomics for Pancreatic Cancer Progression Analysis,10.1101/2025.05.01.651678,2025,PMC12247709,literature_search,yes (PRIDE PXD060378)
SpatialLIBD human dorsolateral prefrontal cortex Visium dataset,Visium,spatial transcriptomics,human,dorsolateral prefrontal cortex (brain),healthy,12,https://github.com/LieberInstitute/spatialLIBD,reused,SpaTM: topic models for inferring spatially informed transcriptional programs,10.1093/bib/bbaf657,2025,PMC12684973,literature_search,yes (http 200)
DLPFC Slide-tags dataset,Slide-tags,,human,dorsolateral prefrontal cortex (brain),healthy,,https://doi.org/10.1038/s41586-023-06837-4,reused,SpaTM: topic models for inferring spatially informed transcriptional programs,10.1093/bib/bbaf657,2025,PMC12684973,literature_search,yes (http 200)
Human brain MDD snRNA-seq atlas,snRNA-seq,,human,dorsolateral prefrontal cortex (brain),Major Depressive Disorder (MDD) and healthy controls,71,,reused,SpaTM: topic models for inferring spatially informed transcriptional programs,10.1093/bib/bbaf657,2025,PMC12684973,literature_search,no link
Invasive ductal carcinoma breast tissue Visium dataset,Visium,spatial transcriptomics,human,breast,Invasive ductal carcinoma,,https://www.10xgenomics.com/datasets/human-breast-cancer-block-a-section-1-1-standard-1-0-0,reused,SpaTM: topic models for inferring spatially informed transcriptional programs,10.1093/bib/bbaf657,2025,PMC12684973,literature_search,yes (http 200)
seqFISH+ and MERFISH simulated datasets for spatial deconvolution,"seqFISH+, MERFISH",spatial transcriptomics,,,,,https://doi.org/10.5281/zenodo.7674290,reused,SpaTM: topic models for inferring spatially informed transcriptional programs,10.1093/bib/bbaf657,2025,PMC12684973,literature_search,"yes (zenodo record, 9 files)"
MERFISH mouse brain dataset,MERFISH,spatial transcriptomics,mouse,brain,,5,http://sdmbench.drai.cn/,reused,SpaTM: topic models for inferring spatially informed transcriptional programs,10.1093/bib/bbaf657,2025,PMC12684973,literature_search,"no (link is a site root, not a dataset)"
Visium and scRNA-seq datasets for SpaIM benchmarking,Visium,spatial transcriptomics,,,,21,https://zenodo.org/records/16684835,reused,SpaTM: topic models for inferring spatially informed transcriptional programs,10.1093/bib/bbaf657,2025,PMC12684973,literature_search,"yes (zenodo record, 4 files)"
SDMBench spatial transcriptome samples,"Visium, Stereo-seq, Barista-seq, MERFISH, osmFISH, STARmap",spatial transcriptomics,,,,34,http://sdmbench.drai.cn/,reused,SpaTM: topic models for inferring spatially informed transcriptional programs,10.1093/bib/bbaf657,2025,PMC12684973,literature_search,"no (link is a site root, not a dataset)"
DLPFC (Dorsolateral Prefrontal Cortex) 10x Visium dataset,10X Visium,spatial transcriptomics,Human,Dorsolateral prefrontal cortex,,3,http://research.libd.org/spatialLIBD,reused,Benchmarking multi-slice integration and downstream applications in spatial transcriptomics data analysis,10.1186/s13059-025-03796-z,2025,PMC12477787,literature_search,yes (http 200)
MERFISH Preoptic dataset,MERFISH,spatial transcriptomics,Mouse,Hypothalamic preoptic region,,1,http://sdmbench.drai.cn,reused,Benchmarking multi-slice integration and downstream applications in spatial transcriptomics data analysis,10.1186/s13059-025-03796-z,2025,PMC12477787,literature_search,"no (link is a site root, not a dataset)"
MERFISH Brain dataset,MERFISH,spatial transcriptomics,Mouse,Frontal cortex and striatum,,12,https://cellxgene.cziscience.com/collections/31937775-0602-4e52-a799-b6acdd2bac2e,reused,Benchmarking multi-slice integration and downstream applications in spatial transcriptomics data analysis,10.1186/s13059-025-03796-z,2025,PMC12477787,literature_search,yes (http 200)
Large-scale MERFISH dataset,MERFISH,spatial transcriptomics,Mouse,Primary motor cortex,,2,,reused,Benchmarking multi-slice integration and downstream applications in spatial transcriptomics data analysis,10.1186/s13059-025-03796-z,2025,PMC12477787,literature_search,no link
STARMap dataset,STARMap,spatial transcriptomics,Mouse,Medial prefrontal cortex,,1,http://sdmbench.drai.cn,reused,Benchmarking multi-slice integration and downstream applications in spatial transcriptomics data analysis,10.1186/s13059-025-03796-z,2025,PMC12477787,literature_search,"no (link is a site root, not a dataset)"
BaristaSeq dataset,BaristaSeq,,Mouse,Primary cortex,,1,http://sdmbench.drai.cn,reused,Benchmarking multi-slice integration and downstream applications in spatial transcriptomics data analysis,10.1186/s13059-025-03796-z,2025,PMC12477787,literature_search,"no (link is a site root, not a dataset)"
TNBC MIBI-TOF dataset,MIBI-TOF,spatial proteomics,Human,Breast tumor,Triple-negative breast cancer,41,https://mibi-share.ionpath.com,reused,Benchmarking multi-slice integration and downstream applications in spatial transcriptomics data analysis,10.1186/s13059-025-03796-z,2025,PMC12477787,literature_search,"no (link is a site root, not a dataset)"
Lung spatial transcriptomics dataset,10x Genomics Visium,spatial transcriptomics,human,lung,pulmonary tuberculosis and non-TB control,2,,generated,Spatial transcriptomic sequencing reveals immune microenvironment features of  Mycobacterium tuberculosis  granulomas in lung and omentum,10.7150/thno.99038,2024,PMC11488093,literature_search,no link
Omentum spatial transcriptomics dataset,10x Genomics Visium,spatial transcriptomics,human,omentum,omental tuberculosis and non-TB control,2,,generated,Spatial transcriptomic sequencing reveals immune microenvironment features of  Mycobacterium tuberculosis  granulomas in lung and omentum,10.7150/thno.99038,2024,PMC11488093,literature_search,no link
PIM001P TNBC PDX ST dataset,Visium Spatial Gene Expression,spatial transcriptomics,human / mouse,fourth mammary fat pads (tumor),triple-negative breast cancer,,,generated,Xenomake: a pipeline for processing and sorting xenograft reads from spatial transcriptomic experiments,10.1101/2023.09.04.556109,2023,PMC10508769,literature_search,no link
Medulloblastoma PDX ST dataset (control and palbociclib treated),spatial transcriptomics (Visium),spatial transcriptomics,human / mouse,,medulloblastoma,,,reused,Xenomake: a pipeline for processing and sorting xenograft reads from spatial transcriptomic experiments,10.1101/2023.09.04.556109,2023,PMC10508769,literature_search,no link
Human vastus lateralis muscle spatial transcriptomics dataset,Xenium,spatial transcriptomics,Homo sapiens,Vastus lateralis muscle,Osteoporosis and sarcopenia (old patient) / muscle pain after physical exercise (young control),2,,reused,Advancing muscle aging and sarcopenia research through spatial transcriptomics,10.1016/j.afos.2025.05.002,2025,PMC12288932,literature_search,no link
Mouse soleus muscle denervation spatial transcriptomics dataset,Seq-Scope,,Mus musculus,Soleus muscle,Denervation via sciatic nerve transection,11,,reused,Advancing muscle aging and sarcopenia research through spatial transcriptomics,10.1016/j.afos.2025.05.002,2025,PMC12288932,literature_search,no link
Mouse tibialis anterior muscle denervation spatial transcriptomics dataset,Visium,spatial transcriptomics,Mus musculus,Tibialis anterior muscle,Denervation by crushing the sciatic nerve,12,GSE198596,reused,Advancing muscle aging and sarcopenia research through spatial transcriptomics,10.1016/j.afos.2025.05.002,2025,PMC12288932,literature_search,yes (GEO record GSE198596)
Rabbit supraspinatus muscle tenotomy spatial transcriptomics dataset,Visium,spatial transcriptomics,Oryctolagus cuniculus,Supraspinatus muscle,Tenotomy (rotator cuff tear model),2,GSE210773,reused,Advancing muscle aging and sarcopenia research through spatial transcriptomics,10.1016/j.afos.2025.05.002,2025,PMC12288932,literature_search,yes (GEO record GSE210773)
Mouse gastrocnemius muscle dystrophy spatial transcriptomics dataset,Visium,spatial transcriptomics,Mus musculus,Gastrocnemius muscle,Dystrophic (severe muscular dystrophy),8,GSE225766,reused,Advancing muscle aging and sarcopenia research through spatial transcriptomics,10.1016/j.afos.2025.05.002,2025,PMC12288932,literature_search,yes (GEO record GSE225766)
Mouse tibialis anterior and gastrocnemius muscle injury/dystrophy spatial transcriptomics dataset,Visium,spatial transcriptomics,Mus musculus,Tibialis anterior and gastrocnemius muscle,Muscular dystrophy with cardiotoxin-induced muscle injury,12,"GSE161467, GSE223813",reused,Advancing muscle aging and sarcopenia research through spatial transcriptomics,10.1016/j.afos.2025.05.002,2025,PMC12288932,literature_search,"yes (GEO record GSE161467, first of several listed)"
Mouse gastrocnemius muscle dystrophy spatial transcriptomics dataset (2),Visium,spatial transcriptomics,Mus musculus,Gastrocnemius muscle,Dystrophic mice,12,"GSE225593, GSE226173",reused,Advancing muscle aging and sarcopenia research through spatial transcriptomics,10.1016/j.afos.2025.05.002,2025,PMC12288932,literature_search,"no (GEO lookup failed: HTTPError, first of several listed)"
Human quadriceps muscle sarcoidosis spatial transcriptomics dataset,Visium,spatial transcriptomics,Homo sapiens,Quadriceps muscle,Muscular sarcoidosis,2,GSE243291,reused,Advancing muscle aging and sarcopenia research through spatial transcriptomics,10.1016/j.afos.2025.05.002,2025,PMC12288932,literature_search,yes (GEO record GSE243291)
LIBD (dorso-lateral pre-frontal cortex),Visium,spatial transcriptomics,human,dorso-lateral pre-frontal cortex,healthy,12,spatialLIBD ExperimentHub R Bioconductor packages,reused,DESpace : spatially variable gene detection via differential expression testing of spatial clusters,10.1093/bioinformatics/btae027,2024,PMC10868334,literature_search,"no (free-text description, not a resolvable link)"
Melanoma lymph node,spatial transcriptomics (ST),spatial transcriptomics,,melanoma lymph node biopsies,stage IIIc melanoma,8,https://www.spatialresearch.org/resources-published-datasets/,reused,DESpace : spatially variable gene detection via differential expression testing of spatial clusters,10.1093/bioinformatics/btae027,2024,PMC10868334,literature_search,yes (http 200)
Mouse cerebellum,Slide-seqV2,spatial transcriptomics,mouse,cerebellum,,1,https://singlecell.broadinstitute.org/single_cell/study/SCP948,reused,DESpace : spatially variable gene detection via differential expression testing of spatial clusters,10.1093/bioinformatics/btae027,2024,PMC10868334,literature_search,yes (http 200)
Spatial omics datasets,,,,,,,,reused,Modeling Spatial Correlation of Transcripts with Application to Developing Pancreas,10.1038/s41598-019-41951-2,2019,PMC6447534,literature_search,no link
Moffit dataset,MERFISH,spatial transcriptomics,mouse,hypothalamic preoptic region,naive,,https://datadryad.org/stash/dataset/doi:10.5061/dryad.8t8s248,reused,Gene panel selection for targeted spatial transcriptomics,10.1101/2023.02.03.527053,2023,PMC10054990,literature_search,yes (http 200)
Codeluppi dataset,osmFISH,spatial transcriptomics,mouse,cortex,,,http://linnarssonlab.org/osmFISH/,reused,Gene panel selection for targeted spatial transcriptomics,10.1101/2023.02.03.527053,2023,PMC10054990,literature_search,yes (http 200)
Zhang dataset,DARTFISH,,human,kidney,healthy,,https://zenodo.org/record/6727546,reused,Gene panel selection for targeted spatial transcriptomics,10.1101/2023.02.03.527053,2023,PMC10054990,literature_search,"yes (zenodo record, 1 files)"
SpatialGlue synthetic multi-omics dataset,,,,,synthetic,,https://zenodo.org/records/7879713#.ZE3aOnZByUk,reused,Learning single-cell spatial context through integrated spatial multiomics with CORAL,10.1101/2025.02.01.636038,2025,bio_9cbaa1b27021,literature_search,"yes (zenodo record, 2 files)"
MERFISH mouse primary motor cortex dataset,MERFISH,spatial transcriptomics,mouse,brain (primary motor cortex),healthy,,https://github.com/YangLabHKUST/SpatialScope,reused,Learning single-cell spatial context through integrated spatial multiomics with CORAL,10.1101/2025.02.01.636038,2025,bio_9cbaa1b27021,literature_search,yes (http 200)
scDesign3 synthetic spatial CITE-seq dataset,CITE-seq,,,,synthetic,,https://figshare.com/ndownloader/files/40581968,reused,Learning single-cell spatial context through integrated spatial multiomics with CORAL,10.1101/2025.02.01.636038,2025,bio_9cbaa1b27021,literature_search,unverified (server answered http 202)
Stereo-CITE-seq mouse thymus dataset,Stereo-CITE-seq,,mouse,thymus,healthy,,https://zenodo.org/records/7879713#.ZE3aOnZByUk,reused,Learning single-cell spatial context through integrated spatial multiomics with CORAL,10.1101/2025.02.01.636038,2025,bio_9cbaa1b27021,literature_search,"yes (zenodo record, 2 files)"
Hepatocellular carcinoma CODEX and Visium dataset,CODEX and Visium,spatial proteomics,human,liver (tumor),hepatocellular carcinoma,4,,generated,Learning single-cell spatial context through integrated spatial multiomics with CORAL,10.1101/2025.02.01.636038,2025,bio_9cbaa1b27021,literature_search,no link
Human dorsolateral prefrontal cortex (DLPFC) dataset,10x Visium,spatial transcriptomics,Human,Dorsolateral prefrontal cortex,neurotypical,12,https://github.com/LieberInstitute/spatialDLPFC,reused,Spatial geometry-aware deep learning for deciphering tissue structure from spatially resolved transcriptomics,10.1101/2025.05.11.652625,2025,bio_f3e689137117,literature_search,yes (http 200)
Mouse anterior and posterior brain datasets,10x Visium,spatial transcriptomics,Mouse,Brain,healthy,,https://www.10xgenomics.com/resources/datasets,reused,Spatial geometry-aware deep learning for deciphering tissue structure from spatially resolved transcriptomics,10.1101/2025.05.11.652625,2025,bio_f3e689137117,literature_search,yes (http 200)
Human breast cancer dataset,10x Visium,spatial transcriptomics,Human,Breast,Breast cancer (BRCA),,https://www.10xgenomics.com/resources/datasets,reused,Spatial geometry-aware deep learning for deciphering tissue structure from spatially resolved transcriptomics,10.1101/2025.05.11.652625,2025,bio_f3e689137117,literature_search,yes (http 200)
osmFISH mouse somatosensory cortex dataset,osmFISH,spatial transcriptomics,Mouse,Somatosensory cortex,healthy,,http://linnarssonlab.org/osmFISH/,reused,Spatial geometry-aware deep learning for deciphering tissue structure from spatially resolved transcriptomics,10.1101/2025.05.11.652625,2025,bio_f3e689137117,literature_search,yes (http 200)
STARmap mouse visual cortex dataset,STARmap,spatial transcriptomics,Mouse,Visual cortex,healthy,,https://kangaroo-goby.squarespace.com/data,reused,Spatial geometry-aware deep learning for deciphering tissue structure from spatially resolved transcriptomics,10.1101/2025.05.11.652625,2025,bio_f3e689137117,literature_search,no (http 404)
Stereo-seq mouse embryo dataset,Stereo-seq,spatial transcriptomics,Mouse,Embryo (organogenesis),embryonic development,4,https://db.cngb.org/stomics/mosta/,reused,Spatial geometry-aware deep learning for deciphering tissue structure from spatially resolved transcriptomics,10.1101/2025.05.11.652625,2025,bio_f3e689137117,literature_search,yes (http 200)
Human DLPFC 10x Genomics Visium dataset,10x Genomics Visium,spatial transcriptomics,human,dorsolateral prefrontal cortex,healthy,12,http://spatial.libd.org/spatialLIBD/,reused,SPACE: Spatially variable gene clustering adjusting for cell type effect for improved spatial domain detection,10.1101/2024.08.23.609477,2024,PMC11370608,literature_search,yes (http 200)
HER2 breast tumor data,Spatial Transcriptomics,,human,breast tumor,HER2-positive breast tumor,1,https://github.com/shangll123/SpatialPCA_analysis_codes,reused,SPACE: Spatially variable gene clustering adjusting for cell type effect for improved spatial domain detection,10.1101/2024.08.23.609477,2024,PMC11370608,literature_search,yes (http 200)
Human breast cancer dataset,Spatial Transcriptomics,,human,breast,breast cancer,1,,reused,SPACE: Spatially variable gene clustering adjusting for cell type effect for improved spatial domain detection,10.1101/2024.08.23.609477,2024,PMC11370608,literature_search,no link
Pancreatic ductal adenocarcinoma (PDAC) dataset,Spatial Transcriptomics,,human,pancreas,pancreatic ductal adenocarcinoma,1,,generated,SPACE: Spatially variable gene clustering adjusting for cell type effect for improved spatial domain detection,10.1101/2024.08.23.609477,2024,PMC11370608,literature_search,no link
Simulated multi-omics datasets (Simulations 1-7),scMultiSim and non-negative spatial factorization / synthetic imaging,,,,simulated,7,,reused,SpaMOAL: A spatial multi-omics graph contrastive learning method for spatial domains identification,10.64898/2026.02.23.707433,2026,bio_5674c84076ef,literature_search,no link
Mouse brain development dataset (MISAR-seq),MISAR-seq,,mouse,brain,developing,4,OEP003285,reused,SpaMOAL: A spatial multi-omics graph contrastive learning method for spatial domains identification,10.64898/2026.02.23.707433,2026,bio_5674c84076ef,literature_search,"no (free-text description, not a resolvable link)"
Juvenile mouse brain dataset (P22 coronal section),"spatial ATAC-RNA-seq and CUT&Tag-seq (H3K4me3, H3K27ac, H3K27me3, ATAC)",,mouse,brain,healthy,1,,reused,SpaMOAL: A spatial multi-omics graph contrastive learning method for spatial domains identification,10.64898/2026.02.23.707433,2026,bio_5674c84076ef,literature_search,no link
Embryonic day 13 (E13) mouse brain dataset,spatial ATAC-RNA-seq,,mouse,brain,developing,1,https://cells.ucsc.edu/?ds=brain-spatial-omics,reused,SpaMOAL: A spatial multi-omics graph contrastive learning method for spatial domains identification,10.64898/2026.02.23.707433,2026,bio_5674c84076ef,literature_search,yes (http 200)
10x Visium human breast cancer dataset,"10x Visium (spatial transcriptomics, spatial proteomics, histological imaging)",spatial transcriptomics,human,breast cancer,breast cancer,1,https://www.10xgenomics.com/resources/datasets/gene-and-protein-expression-library-of-human-breast-cancer-cytassist-ffpe-2-standard,reused,SpaMOAL: A spatial multi-omics graph contrastive learning method for spatial domains identification,10.64898/2026.02.23.707433,2026,bio_5674c84076ef,literature_search,yes (http 200)
Spatial transcriptomics of mouse lungs after immunization,Visium,spatial transcriptomics,mouse,lung,immunization and re-challenge with Klebsiella pneumoniae,4,GSE190225,generated,Integrative analysis of spatial transcriptome with single-cell transcriptome and single-cell epigenome in mouse lungs after immunization,10.1016/j.isci.2022.104900,2022,PMC9418911,literature_search,yes (GEO record GSE190225)
Spatially-sorted hepatocyte RNA sequencing dataset,mcSCRB-seq,,mouse,liver,healthy,40,PRJNA556572,generated,Spatial sorting enables comprehensive characterization of liver zonation,10.1038/s42255-019-0109-9,2019,PMC6751089,literature_search,yes (ENA PRJNA556572)
Spatially-sorted hepatocyte mass spectrometry proteomics dataset,LC-MS/MS,,mouse,liver,healthy,40,PXD014512,generated,Spatial sorting enables comprehensive characterization of liver zonation,10.1038/s42255-019-0109-9,2019,PMC6751089,literature_search,yes (PRIDE PXD014512)
Spatially-sorted hepatocyte miRNA microarray dataset,Mouse miRNA Microarray,,mouse,liver,healthy,24,GSE134827,generated,Spatial sorting enables comprehensive characterization of liver zonation,10.1038/s42255-019-0109-9,2019,PMC6751089,literature_search,yes (GEO record GSE134827)
Human dorsolateral prefrontal cortex dataset,10x Visium,spatial transcriptomics,human,dorsolateral prefrontal cortex,,12,,reused,Spatial transcriptomic data denoising and domain identification by a community strength-augmented graph autoencoder,10.1093/bib/bbaf540,2025,PMC12513172,literature_search,no link
Human primary pancreatic cancer dataset,ST technology,spatial transcriptomics,human,pancreas,pancreatic cancer,,,reused,Spatial transcriptomic data denoising and domain identification by a community strength-augmented graph autoencoder,10.1093/bib/bbaf540,2025,PMC12513172,literature_search,no link
Healthy mouse hypothalamic preoptic dataset,MERFISH,spatial transcriptomics,mouse,hypothalamic preoptic region,healthy,5,,reused,Spatial transcriptomic data denoising and domain identification by a community strength-augmented graph autoencoder,10.1093/bib/bbaf540,2025,PMC12513172,literature_search,no link
Mouse olfactory bulb dataset,Slide-seqV2,spatial transcriptomics,mouse,olfactory bulb,,,,reused,Spatial transcriptomic data denoising and domain identification by a community strength-augmented graph autoencoder,10.1093/bib/bbaf540,2025,PMC12513172,literature_search,no link
allam2022spatially,IMC,spatial proteomics,human,lung,lung cancer,26,https://zenodo.org/records/6784253,reused,Spatially variant immune infiltration scoring in human cancer tissues,https://www.nature.com/articles/s41698-022-00305-4,2022,usr_7f070a9270d4,VirTues_spora_corpus,"yes (zenodo record, 1 files)"
borner2025collection,CODEX,spatial proteomics,human,,,15,https://portal.hubmapconsortium.org/search/datasets,reused,The human body at cellular resolution: the NIH Human Biomolecular Atlas Program,https://www.nature.com/articles/s41586-019-1629-x,2025,usr_7f070a9270d4,VirTues_spora_corpus,yes (http 200)
cho2025modeling,IMC,spatial proteomics,human,pancreatic,pancreatic cancer,12,https://zenodo.org/records/15601931,reused,Modeling cellular influence delineates functionally relevant cellular neighborhoods in primary and metastatic pancreatic ductal adenocarcinoma,https://pmc.ncbi.nlm.nih.gov/articles/PMC12262348/,2025,usr_7f070a9270d4,VirTues_spora_corpus,"yes (zenodo record, 7 files)"
cords2023cancer,IMC,spatial proteomics,human,breast,breast cancer,12,https://zenodo.org/records/7540604,reused,Cancer-associated fibroblast classification in single-cell and spatial proteomics data,https://www.nature.com/articles/s41467-023-39762-1,2023,usr_7f070a9270d4,VirTues_spora_corpus,"yes (zenodo record, 5 files)"
cords2024cancer,IMC,spatial proteomics,human,lung,lung cancer,1361,https://zenodo.org/records/7961844,reused,Cancer-associated fibroblast phenotypes are associated with patient outcome in non-small cell lung cancer,https://www.cell.com/cancer-cell/fulltext/S1535-6108(23)00449-X,2024,usr_7f070a9270d4,VirTues_spora_corpus,"yes (zenodo record, 24 files)"
damond2019map,IMC,spatial proteomics,human,,,12,https://data.mendeley.com/datasets/cydmwsfztj/1,reused,A map of human type 1 diabetes progression by imaging mass cytometry,https://www.cell.com/cell-metabolism/fulltext/S1550-4131(18)30691-0,2019,usr_7f070a9270d4,VirTues_spora_corpus,yes (http 200)
danenberg2022breast,IMC,spatial proteomics,human,breast,breast cancer,718,https://zenodo.org/records/5850952,reused,Breast tumor microenvironment structures are associated with genomic features and clinical outcome,https://www.nature.com/articles/s41588-022-01041-y,2022,usr_7f070a9270d4,VirTues_spora_corpus,"yes (zenodo record, 1 files)"
ehret2025shaking,IMC,spatial proteomics,human,colorectal,colorectal cancer,55,https://zenodo.org/records/15198804,reused,"Shaking organoid co-cultures: human-relevant models of epithelial, stromal and immune interactions for cancer research and immunotherapy development",https://zenodo.org/records/15198804,2025,usr_7f070a9270d4,VirTues_spora_corpus,"yes (zenodo record, 2 files)"
fischer2023multiplex,IMC,spatial proteomics,human,breast,breast cancer,892,https://doi.org/10.5281/zenodo.7494727,reused,Multiplex imaging of breast cancer lymph node metastases identifies prognostic single-cell populations independent of clinical classifiers,https://www.sciencedirect.com/science/article/pii/S2666379123000836,2023,usr_7f070a9270d4,VirTues_spora_corpus,"yes (zenodo record, 2 files)"
gupta2026single,IMC,spatial proteomics,human,,healthy,527,https://zenodo.org/records/18418221,reused,Single-cell spatial atlas of the aging human breast,https://www.nature.com/articles/s43587-026-01104-3,2026,usr_7f070a9270d4,VirTues_spora_corpus,"yes (zenodo record, 1 files)"
hickey2023organization,CODEX,spatial proteomics,human,,,8,https://datadryad.org/stash/dataset/doi:10.5061/dryad.gmsbcc2sq,reused,Organization of the human intestine at single-cell resolution,https://www.nature.com/articles/s41586-023-05915-x,2023,usr_7f070a9270d4,VirTues_spora_corpus,yes (http 200)
hoch2022multiplexed,IMC,spatial proteomics,human,skin (melanoma),skin (melanoma),35,https://zenodo.org/records/6004986,reused,Multiplexed imaging mass cytometry of the chemokine milieus in melanoma characterizes features of the response to immunotherapy,https://www.science.org/doi/full/10.1126/sciimmunol.abk1692,2022,usr_7f070a9270d4,VirTues_spora_corpus,"yes (zenodo record, 1 files)"
hu2023single,IMC,spatial proteomics,human,lung,lung cancer,12,https://zenodo.org/records/6784251,reused,Single-cell spatial metabolomics with cell-type specific protein profiling for tissue systems biology,https://www.nature.com/articles/s41467-023-43917-5,2023,usr_7f070a9270d4,VirTues_spora_corpus,"yes (zenodo record, 1 files)"
jackson2020single,IMC,spatial proteomics,human,breast,breast cancer,285,https://zenodo.org/records/3518284,reused,The single-cell pathology landscape of breast cancer,https://www.nature.com/articles/s41586-019-1876-x,2020,usr_7f070a9270d4,VirTues_spora_corpus,"yes (zenodo record, 3 files)"
lin2022multiplexed,CODEX,spatial proteomics,human,colorectal,colorectal cancer,6,https://humantumoratlas.org/explore,reused,Multiplexed 3D atlas of state transitions and immune interaction in colorectal cancer,https://www.sciencedirect.com/science/article/pii/S0092867422015719,2022,usr_7f070a9270d4,VirTues_spora_corpus,yes (http 200)
lin2023high,Orion,spatial proteomics,human,colorectal,colorectal cancer,40,https://www.tissue-atlas.org/atlas-datasets/lin-chen-campton-2023/,reused,High-plex immunofluorescence imaging and traditional histology of the same tissue section for discovering image-based biomarkers,https://www.nature.com/articles/s43018-023-00576-1,2023,usr_7f070a9270d4,VirTues_spora_corpus,yes (http 200)
liu2022reproducible,MIBI,spatial proteomics,human,"breast, colorectal","breast, colorectal cancer",28,https://zenodo.org/records/5945388,reused,"Reproducible, high-dimensional imaging in archival human tissue by multiplexed ion beam imaging by time-of-flight (MIBI-TOF)",https://www.sciencedirect.com/science/article/pii/S0023683722002112,2022,usr_7f070a9270d4,VirTues_spora_corpus,"yes (zenodo record, 3 files)"
malchiodi2024natural,IMC,spatial proteomics,human,"pancreatic, other disease","pancreatic, other disease cancer",63,https://zenodo.org/records/10582038,reused,Periductal fibroblast density defines lymphocyte exclusion via a CD44-dependent stromal checkpoint in pancreatic cancer,https://www.biorxiv.org/content/10.1101/2024.05.23.593868v3,2024,usr_7f070a9270d4,VirTues_spora_corpus,"yes (zenodo record, 9 files)"
meyer2025stratification,IMC,spatial proteomics,human,breast,breast cancer,215,https://zenodo.org/records/10942609,reused,A stratification system for breast cancer based on basoluminal tumor cells and spatial tumor architecture,https://www.sciencedirect.com/science/article/pii/S1535610825002697,2025,usr_7f070a9270d4,VirTues_spora_corpus,"yes (zenodo record, 2 files)"
moldoveanu2022spatially,IMC,spatial proteomics,human,skin (melanoma),skin (melanoma),90,https://zenodo.org/records/5903190,reused,Spatially mapping the immune landscape of melanoma using imaging mass cytometry,https://www.science.org/doi/10.1126/sciimmunol.abi5072,2022,usr_7f070a9270d4,VirTues_spora_corpus,"yes (zenodo record, 1 files)"
monkman2024spatial,CODEX,spatial proteomics,human,lung,lung cancer,42,https://zenodo.org/records/10258578,reused,Spatial insights into immunotherapy response in non-small cell lung cancer (NSCLC) by multiplexed tissue imaging,https://translational-medicine.biomedcentral.com/articles/10.1186/s12967-024-05035-8,2024,usr_7f070a9270d4,VirTues_spora_corpus,"yes (zenodo record, 45 files)"
phillips2021immune,CODEX,spatial proteomics,human,lymph node,lymphoma cancer,14,https://immunoatlas.org/NOLN/210920-1,reused,Immune cell topography predicts response to PD-1 blockade in cutaneous T cell lymphoma,https://www.nature.com/articles/s41467-021-26974-6,2021,usr_7f070a9270d4,VirTues_spora_corpus,yes (http 200)
rigamonti2024integrating,IMC,spatial proteomics,human,lung,lung cancer,108,,reused,"Integrating AI-powered digital pathology and imaging mass cytometry identifies key classifiers of tumor cells, stroma, and immune cells in non-small cell lung cancer",https://aacrjournals.org/cancerres/article/84/7/1165/742042/,2024,usr_7f070a9270d4,VirTues_spora_corpus,no link
ruf2023tumor,CODEX,spatial proteomics,human,liver,liver cancer,17,https://www.cancerimagingarchive.net/collection/codex-imaging-of-hcc/,reused,Tumor-associated macrophages trigger MAIT cell dysfunction at the HCC invasive margin,https://www.sciencedirect.com/science/article/pii/S0092867423008048?via%3Dihub,2023,usr_7f070a9270d4,VirTues_spora_corpus,yes (http 200)
rumberger2025automated,MIBI,spatial proteomics,human,breast,breast cancer,117,https://huggingface.co/datasets/JLrumberger/Pan-Multiplex/tree/main,reused,Automated classification of cellular expression in multiplexed imaging data with Nimbus,https://www.nature.com/articles/s41592-025-02826-9,2025,usr_7f070a9270d4,VirTues_spora_corpus,yes (http 200)
salie2025spatial,IMC,spatial proteomics,human,liver,liver cancer,96,https://zenodo.org/records/10793609,reused,Spatial single-cell profiling and neighbourhood analysis reveal the determinants of immune architecture connected to checkpoint inhibitor therapy outcome in hepatocellular carcinoma,https://gut.bmj.com/content/74/3/451,2025,usr_7f070a9270d4,VirTues_spora_corpus,"yes (zenodo record, 1 files)"
schulz2018simultaneous,IMC,spatial proteomics,human,breast,breast cancer,79,https://data.mendeley.com/datasets/m4b97v7myb/1,reused,Simultaneous multiplexed imaging of mRNA and proteins with subcellular resolution in breast cancer tissue samples by mass cytometry,https://www.cell.com/fulltext/S2405-4712(17)30543-4,2018,usr_7f070a9270d4,VirTues_spora_corpus,yes (http 200)
schulz2024immucan,IMC,spatial proteomics,human,"colorectal, lung, head & neck, breast","colorectal, lung, head & neck, breast cancer",179,https://zenodo.org/records/12912567,reused,Multi-modal image analysis for large-scale cancer tissue studies within IMMUcan,https://www.cell.com/cell-reports-methods/fulltext/S2667-2375(25)00206-1,2024,usr_7f070a9270d4,VirTues_spora_corpus,"yes (zenodo record, 7 files)"
schurch2020coordinated,CODEX,spatial proteomics,human,colorectal,colorectal cancer,102,https://www.cancerimagingarchive.net/collection/crc_ffpe-codex_cellneighs/,reused,Coordinated cellular neighborhoods orchestrate antitumoral immunity at the colorectal cancer invasive front,https://www.sciencedirect.com/science/article/pii/S0092867420308709?via%3Dihub,2020,usr_7f070a9270d4,VirTues_spora_corpus,yes (http 200)
xiao2022multiplexed,IMC,spatial proteomics,human,skin (melanoma),skin (melanoma),26,https://zenodo.org/records/6838169,reused,Multiplexed imaging mass cytometry reveals distinct tumor-immune microenvironments linked to immunotherapy responses in melanoma,https://www.nature.com/articles/s43856-022-00197-2,2022,usr_7f070a9270d4,VirTues_spora_corpus,"yes (zenodo record, 3 files)"
zhuhuman2025spatial,IMC,spatial proteomics,human,lung,lung cancer,62,https://www.synapse.org/Synapse:syn54951674/wiki/626860,reused,Spatial and multiomics analysis of human and mouse lung adenocarcinoma precursors reveals TIM-3 as a putative target for precancer interception,https://www.cell.com/cancer-cell/fulltext/S1535-6108(25)00162-X,2025,usr_7f070a9270d4,VirTues_spora_corpus,yes (http 200)
CosMx NSCLC FFPE (held-out donors),CosMx,spatial transcriptomics,human,lung,non-small cell lung cancer,,https://brukerspatialbiology.com/products/cosmx-spatial-molecular-imager/ffpe-dataset/nsclc-ffpe-data-set/,reused,Multi-scale modeling of human tissues from spatial transcriptomics with TERRA,10.64898/2026.07.29.741565,2026,usr_e71f77c1dcf1,TERRA_paper,no (http 404)
Xenium melanoma (held-out dataset),Xenium,spatial transcriptomics,human,skin,melanoma,1,https://www.10xgenomics.com/datasets/xenium-prime-ffpe-human-skin,reused,Multi-scale modeling of human tissues from spatial transcriptomics with TERRA,10.64898/2026.07.29.741565,2026,usr_e71f77c1dcf1,TERRA_paper,yes (http 200)
"ISS CARTANA healthy reproductive tract (in-house, held-out assay)",ISS (CARTANA),spatial transcriptomics,human,reproductive tract,healthy,6,,generated,Multi-scale modeling of human tissues from spatial transcriptomics with TERRA,10.64898/2026.07.29.741565,2026,usr_e71f77c1dcf1,TERRA_paper,no link
"Xenium skin niche atlas (in-house, 19 patients, ~1.1M cells)",Xenium,spatial transcriptomics,human,skin,,79,,generated,Multi-scale modeling of human tissues from spatial transcriptomics with TERRA,10.64898/2026.07.29.741565,2026,usr_e71f77c1dcf1,TERRA_paper,no link
"Xenium developing human pancreas (7 stages, 8 donors, in-house)",Xenium 5K + custom panel,spatial transcriptomics,human,pancreas (fetal),healthy,12,,generated,Multi-scale modeling of human tissues from spatial transcriptomics with TERRA,10.64898/2026.07.29.741565,2026,usr_e71f77c1dcf1,TERRA_paper,no link
Xenium adult pancreas nPOD (in-house),Xenium 5K + custom panel,spatial transcriptomics,human,pancreas,healthy,4,,generated,Multi-scale modeling of human tissues from spatial transcriptomics with TERRA,10.64898/2026.07.29.741565,2026,usr_e71f77c1dcf1,TERRA_paper,no link
Mouse brain MERFISH benchmark,MERFISH,spatial transcriptomics,mouse,brain,,,https://cellxgene.cziscience.com/collections/0cc8620-8dee-45d0-aef5-23f032a5cf09,reused,Multi-scale modeling of human tissues from spatial transcriptomics with TERRA,10.64898/2026.07.29.741565,2026,usr_e71f77c1dcf1,TERRA_paper,yes (http 200)
Mouse brain STARmap benchmark,STARmap,spatial transcriptomics,mouse,brain,,,https://zenodo.org/records/8327576,reused,Multi-scale modeling of human tissues from spatial transcriptomics with TERRA,10.64898/2026.07.29.741565,2026,usr_e71f77c1dcf1,TERRA_paper,"yes (zenodo record, 83 files)"
HuBMAP spleen and thymus CODEX (pretraining),CODEX,spatial proteomics,human,"spleen, thymus",,,https://portal.hubmapconsortium.org/,reused,A Foundation Model for Spatial Proteomics,10.48550/arXiv.2506.03373,2025,usr_74bab8c690a4,KRONOS_paper,"no (link is a site root, not a dataset)"
ImmunoAtlas (pretraining),multiplexed imaging,spatial proteomics,human,various,,,https://immunoatlas.org/,reused,A Foundation Model for Spatial Proteomics,10.48550/arXiv.2506.03373,2025,usr_74bab8c690a4,KRONOS_paper,"no (link is a site root, not a dataset)"
IBEX dataset (pretraining),IBEX,spatial proteomics,human,various,,,https://zenodo.org/records/5244551,reused,A Foundation Model for Spatial Proteomics,10.48550/arXiv.2506.03373,2025,usr_74bab8c690a4,KRONOS_paper,"yes (zenodo record, 14 files)"
CellDive dataset (pretraining),Cell DIVE,spatial proteomics,human,various,,,https://idr.openmicroscopy.org/,reused,A Foundation Model for Spatial Proteomics,10.48550/arXiv.2506.03373,2025,usr_74bab8c690a4,KRONOS_paper,"no (link is a site root, not a dataset)"
"Private pretraining cohorts (Stanford, NIH-NIAID, U. Florida, BIDMC; ~42M cells)",multiplexed imaging,spatial proteomics,human,various (16 tissue types),,,,generated,A Foundation Model for Spatial Proteomics,10.48550/arXiv.2506.03373,2025,usr_74bab8c690a4,KRONOS_paper,no link
"Classical Hodgkin lymphoma benchmark (cHL, >134k annotated cells)",CODEX,spatial proteomics,human,lymph node,classical Hodgkin lymphoma,,,reused,A Foundation Model for Spatial Proteomics,10.48550/arXiv.2506.03373,2025,usr_74bab8c690a4,KRONOS_paper,no link
DLBCL-1 benchmark (>361k annotated cells),multiplexed imaging,spatial proteomics,human,lymph node,diffuse large B-cell lymphoma,,,reused,A Foundation Model for Spatial Proteomics,10.48550/arXiv.2506.03373,2025,usr_74bab8c690a4,KRONOS_paper,no link
DLBCL-2 benchmark (>1M annotated cells),multiplexed imaging,spatial proteomics,human,lymph node,diffuse large B-cell lymphoma,,,reused,A Foundation Model for Spatial Proteomics,10.48550/arXiv.2506.03373,2025,usr_74bab8c690a4,KRONOS_paper,no link
HT1080-Cas9 GFP-pilot CRISPRmap screen,CRISPRmap,,human,HT1080 cell line,,,,generated,CRISPRmap: Sequencing-free optical pooled screens mapping multi-omic phenotypes in cells and tissue,10.1101/2023.12.26.572587,2023,bio_bf4d99f36cd2,literature_search,
MCF7-BE3 DNA damage response base-editing multi-omic screen (gamma-irradiation),"CRISPRmap, RNAmap, IBEX multiplexed immunofluorescence",spatial transcriptomics,human,MCF7 breast cancer cell line,Breast cancer,,,generated,CRISPRmap: Sequencing-free optical pooled screens mapping multi-omic phenotypes in cells and tissue,10.1101/2023.12.26.572587,2023,bio_bf4d99f36cd2,literature_search,
MCF7-BE3 DNA damage response base-editing multi-omic screen (DNA damaging agents),"CRISPRmap, RNAmap, IBEX multiplexed immunofluorescence",spatial transcriptomics,human,MCF7 breast cancer cell line,Breast cancer,,,generated,CRISPRmap: Sequencing-free optical pooled screens mapping multi-omic phenotypes in cells and tissue,10.1101/2023.12.26.572587,2023,bio_bf4d99f36cd2,literature_search,
OE19 tumor xenograft CRISPRmap and immunofluorescence screen,CRISPRmap and iterative immunofluorescence,,human (mouse xenograft),Tumor tissue,Esophageal carcinoma,,,generated,CRISPRmap: Sequencing-free optical pooled screens mapping multi-omic phenotypes in cells and tissue,10.1101/2023.12.26.572587,2023,bio_bf4d99f36cd2,literature_search,
124-gene PoC CellPaint-POSH screen dataset,CellPaint-POSH (pooled optical screening with Cell Painting and in situ sequencing),,human,A549 cells (adenocarcinomic human alveolar basal epithelial cells),,,,generated,A Pooled Cell Painting CRISPR Screening Platform Enables de novo Inference of Gene Function by Self-supervised Deep Learning,10.1101/2023.08.13.553051,2023,bio_74158cf56f1d,literature_search,
300-gene MoA CellPaint-POSH screen dataset,CellPaint-POSH,,human,A549 cells,,,,generated,A Pooled Cell Painting CRISPR Screening Platform Enables de novo Inference of Gene Function by Self-supervised Deep Learning,10.1101/2023.08.13.553051,2023,bio_74158cf56f1d,literature_search,
1640-gene druggable genome CellPaint-POSH screen dataset,CellPaint-POSH with pS6 antibody marker,,human,A549 cells,,,,generated,A Pooled Cell Painting CRISPR Screening Platform Enables de novo Inference of Gene Function by Self-supervised Deep Learning,10.1101/2023.08.13.553051,2023,bio_74158cf56f1d,literature_search,
PerturbView iPSC-derived neuron optical pooled screen,PerturbView (optical pooled screening + ISS),,human,iPSC-derived neurons,,,,generated,"Highly multiplexed, image-based pooled screens in primary cells and tissues with PerturbView",10.1101/2023.12.26.573143,2023,bio_30f9dfd36cdb,literature_search,
PerturbView primary bone-marrow-derived macrophage NFkB signaling screen,PerturbView (optical pooled screening + ISS),,mouse,primary bone-marrow-derived macrophages,,,,generated,"Highly multiplexed, image-based pooled screens in primary cells and tissues with PerturbView",10.1101/2023.12.26.573143,2023,bio_30f9dfd36cdb,literature_search,
PerturbView mouse tumor xenograft tissue screen with spatial transcriptomics,PerturbView (optical pooled screening + ISS),spatial transcriptomics,human,tumor xenograft tissue sections,,,,generated,"Highly multiplexed, image-based pooled screens in primary cells and tissues with PerturbView",10.1101/2023.12.26.573143,2023,bio_30f9dfd36cdb,literature_search,
Spatial Perturb-Seq Stereo-seq mouse brain dataset,Stereo-seq,spatial transcriptomics,mouse,Hippocampus / Brain,,4,GSE274447,generated,Spatial Perturb-Seq: Single-Cell Functional Genomics within Intact Tissue Architecture,10.1101/2024.12.19.628843,2024,bio_a89a46a56c46,literature_search,
THP1-derived macrophage LPS response Perturb-FISH dataset,Perturb-FISH (MERFISH combined with in situ transcription of gRNAs),spatial transcriptomics,human,THP1-derived macrophages,bacterial infection response / lipopolysaccharide (LPS) stimulation,2,,generated,"Simultaneous CRISPR screening and spatial transcriptomics reveal intracellular, intercellular, and functional transcriptional circuits",10.1016/j.cell.2025.02.012,2025,PMC12135205,literature_search,
hIPSC-derived astrocyte ASD risk gene Perturb-FISH dataset with calcium imaging,Perturb-FISH combined with live calcium imaging,,human,human-induced pluripotent stem cell (hIPSC)-derived astrocytes,autism spectrum disorder (ASD),3,,generated,"Simultaneous CRISPR screening and spatial transcriptomics reveal intracellular, intercellular, and functional transcriptional circuits",10.1016/j.cell.2025.02.012,2025,PMC12135205,literature_search,
A375 human melanoma xenograft mouse model Perturb-FISH dataset,Perturb-FISH (Vizgen FFPE protocol),,human / mouse,tumor xenograft / subcutaneous tumor,cancer / melanoma,,,generated,"Simultaneous CRISPR screening and spatial transcriptomics reveal intracellular, intercellular, and functional transcriptional circuits",10.1016/j.cell.2025.02.012,2025,PMC12135205,literature_search,
SMARTA TCR transgenic spleen Perturb-DBiT dataset,Perturb-DBiT,spatial transcriptomics,mouse,Spleen,,,,generated,Spatially Resolved Panoramic in vivo CRISPR Screen via Perturb-DBiT,10.21203/rs.3.rs-6481967/v1,2025,PMC12083649,literature_search,
B16-OVA mouse tumor Perturb-DBiT dataset,Perturb-DBiT,spatial transcriptomics,mouse,Tumor,Melanoma,,,generated,Spatially Resolved Panoramic in vivo CRISPR Screen via Perturb-DBiT,10.21203/rs.3.rs-6481967/v1,2025,PMC12083649,literature_search,
Autochthonous mouse liver tumors Perturb-DBiT dataset,Perturb-DBiT,spatial transcriptomics,mouse,Liver,Liver Cancer,,,generated,Spatially Resolved Panoramic in vivo CRISPR Screen via Perturb-DBiT,10.21203/rs.3.rs-6481967/v1,2025,PMC12083649,literature_search,
HT-29 lung metastatic colonization Perturb-DBiT dataset,Perturb-DBiT,spatial transcriptomics,human,Lung,Colorectal Cancer Metastasis,,,generated,Spatially Resolved Panoramic in vivo CRISPR Screen via Perturb-DBiT,10.21203/rs.3.rs-6481967/v1,2025,PMC12083649,literature_search,
E0771 syngeneic lung colonization tumors Perturb-DBiT dataset,Perturb-DBiT,spatial transcriptomics,mouse,Lung,Metastatic Cancer,,,generated,Spatially Resolved Panoramic in vivo CRISPR Screen via Perturb-DBiT,10.21203/rs.3.rs-6481967/v1,2025,PMC12083649,literature_search,
Kidney spatial mapping dataset,PerturbSpace spatial hashing combined with single-cell sequencing workflows,,mouse,kidney,,,,generated,"Spatially resolved, multimodal in vivo Perturb-seq using antibody-based cell hashing",10.64898/2026.05.25.727765,2026,bio_648c1917902a,literature_search,
Liver spatial mapping dataset,PerturbSpace spatial hashing combined with single-cell sequencing workflows,,mouse,liver,,,,generated,"Spatially resolved, multimodal in vivo Perturb-seq using antibody-based cell hashing",10.64898/2026.05.25.727765,2026,bio_648c1917902a,literature_search,
Perturbed spleen regenerative hematopoiesis dataset,"PerturbSpace (spatial hashing, scRNA-seq, CITE-seq, CRISPR sgRNA capture, clonal barcodes)",,mouse,spleen,,3,,generated,"Spatially resolved, multimodal in vivo Perturb-seq using antibody-based cell hashing",10.64898/2026.05.25.727765,2026,bio_648c1917902a,literature_search,
Perturbed liver cytokine overexpression dataset,"PerturbSpace (spatial hashing, scRNA-seq, ORF barcode capture)",,mouse,liver,,,,generated,"Spatially resolved, multimodal in vivo Perturb-seq using antibody-based cell hashing",10.64898/2026.05.25.727765,2026,bio_648c1917902a,literature_search,
Mouse single dispersed neuron transcriptome dataset,RNA-seq,,mouse,brain,normal,,GSE52525,generated,Transcriptome In Vivo Analysis (TIVA) of spatially defined single cells in intact live mouse and human brain tissue,10.1038/nmeth.2804,2014,PMC3964595,literature_search,
Human single cell brain tissue transcriptome dataset,RNA-seq,,human,brain,communicating hydrocephalus,5,,generated,Transcriptome In Vivo Analysis (TIVA) of spatially defined single cells in intact live mouse and human brain tissue,10.1038/nmeth.2804,2014,PMC3964595,literature_search,
CAT-ATAC iPSC pilot and K562 dataset,CAT-ATAC (10x Genomics Multiome with gRNA capture),,human,iPSCs and K562 cell lines,,,GSE288996,generated,"Simultaneous capture of single cell RNA-seq, ATAC-seq, and CRISPR perturbation enables multiomic screens to identify gene regulatory relationships",10.1016/j.crmeth.2025.101222,2025,PMC12859477,literature_search,
SHARE-seq dataset,SHARE-seq,,,,,,GSE140203,reused,"Simultaneous capture of single cell RNA-seq, ATAC-seq, and CRISPR perturbation enables multiomic screens to identify gene regulatory relationships",10.1016/j.crmeth.2025.101222,2025,PMC12859477,literature_search,
SNARE-seq dataset,SNARE-seq,,,,,,GSE126074,reused,"Simultaneous capture of single cell RNA-seq, ATAC-seq, and CRISPR perturbation enables multiomic screens to identify gene regulatory relationships",10.1016/j.crmeth.2025.101222,2025,PMC12859477,literature_search,
Paired-seq dataset,Paired-seq,,,,,,GSE130399,reused,"Simultaneous capture of single cell RNA-seq, ATAC-seq, and CRISPR perturbation enables multiomic screens to identify gene regulatory relationships",10.1016/j.crmeth.2025.101222,2025,PMC12859477,literature_search,
sci-CAR-seq dataset,sci-CAR-seq,,,,,,GSE117089,reused,"Simultaneous capture of single cell RNA-seq, ATAC-seq, and CRISPR perturbation enables multiomic screens to identify gene regulatory relationships",10.1016/j.crmeth.2025.101222,2025,PMC12859477,literature_search,
MultiPerturb-seq dataset,MultiPerturb-seq,spatial transcriptomics,,,,,GSE277747,reused,"Simultaneous capture of single cell RNA-seq, ATAC-seq, and CRISPR perturbation enables multiomic screens to identify gene regulatory relationships",10.1016/j.crmeth.2025.101222,2025,PMC12859477,literature_search,
Human subcutaneous abdominal white adipose tissue spatial mapping,10x Visium,spatial transcriptomics,human,Subcutaneous abdominal white adipose tissue,,,,reused,"Spatial Transcriptomics of Adipose Tissue: Technologies, Applications, and Challenges",10.7570/jomes25078,2025,PMC12583788,literature_search,
Mouse epididymal white adipose tissue early/late obesity spatial mapping,10x Visium,spatial transcriptomics,mouse,Epididymal white adipose tissue,Obesity (High fat diet-fed),,,reused,"Spatial Transcriptomics of Adipose Tissue: Technologies, Applications, and Challenges",10.7570/jomes25078,2025,PMC12583788,literature_search,
Mouse white adipose tissue fibrosis spatial mapping,10x Visium,spatial transcriptomics,mouse,White adipose tissue,Obesity (High fat diet-fed),,,reused,"Spatial Transcriptomics of Adipose Tissue: Technologies, Applications, and Challenges",10.7570/jomes25078,2025,PMC12583788,literature_search,
Mouse brown adipose tissue cold-exposure thermogenic memory spatial mapping,10x Visium,spatial transcriptomics,mouse,Brown adipose tissue,,,,reused,"Spatial Transcriptomics of Adipose Tissue: Technologies, Applications, and Challenges",10.7570/jomes25078,2025,PMC12583788,literature_search,
Mouse inguinal white adipose tissue exercise training spatial mapping,,,mouse,Inguinal white adipose tissue,,,,reused,"Spatial Transcriptomics of Adipose Tissue: Technologies, Applications, and Challenges",10.7570/jomes25078,2025,PMC12583788,literature_search,
Human and Mouse Cell Pellet Arrays (CPA),Digital Spatial Profiling (DSP) / Whole Transcriptome Atlas (WTA),spatial transcriptomics,human and mouse,Cell pellet arrays (cell lines),Normal / Homogeneous,,GSE190089,generated,Spatially resolved whole transcriptome profiling in human and mouse tissue using Digital Spatial Profiling,10.1101/gr.276206.121,2022,PMC9712633,literature_search,
Human Tonsil Tissue Profiling,Digital Spatial Profiling (DSP) / Whole Transcriptome Atlas (WTA),spatial transcriptomics,human,Tonsil tissue,Normal,,GSE190089,generated,Spatially resolved whole transcriptome profiling in human and mouse tissue using Digital Spatial Profiling,10.1101/gr.276206.121,2022,PMC9712633,literature_search,
Human Colorectal Cancer (CRC) and Non-Small Cell Lung Cancer (NSCLC),Digital Spatial Profiling (DSP) / Whole Transcriptome Atlas (WTA),spatial transcriptomics,human,Tumor and tumor microenvironment,Colorectal cancer and Non-small cell lung cancer,,GSE190089,generated,Spatially resolved whole transcriptome profiling in human and mouse tissue using Digital Spatial Profiling,10.1101/gr.276206.121,2022,PMC9712633,literature_search,
Human Kidney Disease Profiling (Diabetic Kidney Disease),Digital Spatial Profiling (DSP) / Whole Transcriptome Atlas (WTA),spatial transcriptomics,human,"Kidney (glomeruli, proximal and distal tubules)",Diabetic kidney disease (DKD),7,GSE190089,generated,Spatially resolved whole transcriptome profiling in human and mouse tissue using Digital Spatial Profiling,10.1101/gr.276206.121,2022,PMC9712633,literature_search,
Developing Mouse Embryo Organogenesis Profiling,Digital Spatial Profiling (DSP) / Whole Transcriptome Atlas (WTA),spatial transcriptomics,mouse,"Developing mouse embryo organs (heart, lung, metanephros, pancreas, midgut, duodenum, stomach, esophagus, trachea)",Normal development (E13.5 embryo),,GSE190089,generated,Spatially resolved whole transcriptome profiling in human and mouse tissue using Digital Spatial Profiling,10.1101/gr.276206.121,2022,PMC9712633,literature_search,
Mouse Strain Tissue Array Profiling,Digital Spatial Profiling (DSP) / Whole Transcriptome Atlas (WTA),spatial transcriptomics,mouse,"Seven organs (C57BL/6J, BALB/c, NOD/ShiLt strains)",Normal,,GSE190089,generated,Spatially resolved whole transcriptome profiling in human and mouse tissue using Digital Spatial Profiling,10.1101/gr.276206.121,2022,PMC9712633,literature_search,
Spatial Transcriptomics of mouse main olfactory bulb (MOB),ST (legacy),spatial transcriptomics,mouse,main olfactory bulb,,1,https://www.spatialresearch.org/,reused,Characterizing spatial gene expression heterogeneity in spatially resolved single-cell transcriptomic data with nonuniform cellular densities,10.1101/gr.271288.120,2021,PMC8494224,literature_search,
Slide-seq of mouse cerebellum,Slide-seq,spatial transcriptomics,mouse,cerebellum,,1,,reused,Characterizing spatial gene expression heterogeneity in spatially resolved single-cell transcriptomic data with nonuniform cellular densities,10.1101/gr.271288.120,2021,PMC8494224,literature_search,
3D in situ hybridization (ISH) of Drosophila melanogaster embryo,in situ hybridization (ISH),,drosophila melanogaster,embryo,,,https://shiny.mdc-berlin.de/DVEX/,reused,Characterizing spatial gene expression heterogeneity in spatially resolved single-cell transcriptomic data with nonuniform cellular densities,10.1101/gr.271288.120,2021,PMC8494224,literature_search,
Spatial transcriptomics of human breast cancer biopsy,ST (legacy),spatial transcriptomics,human,breast cancer tissue,breast cancer,4,https://www.spatialresearch.org/,reused,Characterizing spatial gene expression heterogeneity in spatially resolved single-cell transcriptomic data with nonuniform cellular densities,10.1101/gr.271288.120,2021,PMC8494224,literature_search,
MERFISH of mouse hypothalamic preoptic region,MERFISH,spatial transcriptomics,mouse,hypothalamic preoptic region,,,,reused,Characterizing spatial gene expression heterogeneity in spatially resolved single-cell transcriptomic data with nonuniform cellular densities,10.1101/gr.271288.120,2021,PMC8494224,literature_search,
10X Visium of mouse coronal brain section,10x Visium,spatial transcriptomics,mouse,coronal brain section,,1,https://www.10xgenomics.com/products/spatial-gene-expression,reused,Characterizing spatial gene expression heterogeneity in spatially resolved single-cell transcriptomic data with nonuniform cellular densities,10.1101/gr.271288.120,2021,PMC8494224,literature_search,
Whole mouse brain MERFISH dataset,MERFISH,spatial transcriptomics,mouse,brain,healthy,4,https://doi.org/10.35077/act-bag,generated,A molecularly defined and spatially resolved cell atlas of the whole mouse brain,10.1101/2023.03.06.531348,2023,PMC10028822,literature_search,
Whole mouse brain scRNA-seq dataset,scRNA-seq,,mouse,brain,healthy,,https://nemoarchive.org,reused,A molecularly defined and spatially resolved cell atlas of the whole mouse brain,10.1101/2023.03.06.531348,2023,PMC10028822,literature_search,
Image-seq and WCBM single-cell RNA sequencing datasets,10x Chromium (droplet-based scRNA-seq),,mouse,calvarium and tibia bone marrow,homeostasis and acute myeloid leukemia (AML),,https://www.ncbi.nlm.nih.gov/geo/query/acc.cgi?acc=GSE188902,generated,Image-seq: spatially resolved single-cell sequencing guided by in situ and in vivo imaging,10.1038/s41592-022-01673-2,2022,PMC9718684,literature_search,
Image-seq AML and stroma SMARTseq-v4 datasets,SMARTseq-v4,,mouse,bone marrow,acute myeloid leukemia (AML),,https://www.ncbi.nlm.nih.gov/geo/query/acc.cgi?acc=GSE188902,generated,Image-seq: spatially resolved single-cell sequencing guided by in situ and in vivo imaging,10.1038/s41592-022-01673-2,2022,PMC9718684,literature_search,
Oregon Health and Science University (OHSU) human AML bulk RNA-seq dataset,bulk RNA-seq,,human,,acute myeloid leukemia (AML),531,https://cbioportal-datahub.s3.amazonaws.com/aml_ohsu_2018.tar.gz,reused,Image-seq: spatially resolved single-cell sequencing guided by in situ and in vivo imaging,10.1038/s41592-022-01673-2,2022,PMC9718684,literature_search,
The Cancer Genome Atlas (TCGA) Firehose human AML bulk RNA-seq dataset,bulk RNA-seq,,human,,acute myeloid leukemia (AML),188,https://cbioportal-datahub.s3.amazonaws.com/laml_tcga_pan_can_atlas_2018.tar.gz,reused,Image-seq: spatially resolved single-cell sequencing guided by in situ and in vivo imaging,10.1038/s41592-022-01673-2,2022,PMC9718684,literature_search,
Mouse Primary Visual Cortex scRNA-seq Data,scRNA-seq,,mouse,visual cortex,,,,reused,Hybridization-based  in situ  sequencing (HybISS) for spatially resolved transcriptomics in human and mouse brain tissue,10.1093/nar/gkaa792,2020,PMC7641728,literature_search,
Human Middle Temporal Gyrus scRNA-seq Data,scRNA-seq,,human,middle temporal gyrus,,,,reused,Hybridization-based  in situ  sequencing (HybISS) for spatially resolved transcriptomics in human and mouse brain tissue,10.1093/nar/gkaa792,2020,PMC7641728,literature_search,
Mouse Coronal Brain Section HybISS Dataset,HybISS,spatial transcriptomics,mouse,whole coronal brain section,,,doi: 10.17045/sthlmuni.12821840,generated,Hybridization-based  in situ  sequencing (HybISS) for spatially resolved transcriptomics in human and mouse brain tissue,10.1093/nar/gkaa792,2020,PMC7641728,literature_search,
Human Middle Temporal Gyrus HybISS Dataset,HybISS,spatial transcriptomics,human,middle temporal gyrus,,3,doi: 10.17045/sthlmuni.12821840,generated,Hybridization-based  in situ  sequencing (HybISS) for spatially resolved transcriptomics in human and mouse brain tissue,10.1093/nar/gkaa792,2020,PMC7641728,literature_search,
Mouse primary motor cortex (MOP) dataset,MERFISH,spatial transcriptomics,mouse,brain - primary motor cortex,,12,https://doi.brainimagelibrary.org/doi/10.35077/g.21,reused,Spatial-ID: a cell typing method for spatially resolved transcriptomics via transfer learning and spatial embedding,10.1038/s41467-022-35288-0,2022,PMC9741613,literature_search,
Mouse hypothalamic preoptic region dataset,MERFISH,spatial transcriptomics,mouse,hypothalamic preoptic region,,3,https://datadryad.org/stash/dataset/doi:10.5061/dryad.8t8s248,reused,Spatial-ID: a cell typing method for spatially resolved transcriptomics via transfer learning and spatial embedding,10.1038/s41467-022-35288-0,2022,PMC9741613,literature_search,
Mouse spermatogenesis dataset,Slide-seq,spatial transcriptomics,mouse,testis,diabetic (ob/ob) and wild-type,6,https://www.dropbox.com/s/ygzpj0d0oh67br0/Testis_Slideseq_Data.zip?dl=0,reused,Spatial-ID: a cell typing method for spatially resolved transcriptomics via transfer learning and spatial embedding,10.1038/s41467-022-35288-0,2022,PMC9741613,literature_search,
Human non-small-cell lung cancer (NSCLC) dataset,CosMx,spatial transcriptomics,human,lung,non-small-cell lung cancer (NSCLC),20,https://nanostring.com/resources/smi-ffpe-dataset-lung9-rep1-data/,reused,Spatial-ID: a cell typing method for spatially resolved transcriptomics via transfer learning and spatial embedding,10.1038/s41467-022-35288-0,2022,PMC9741613,literature_search,
Mouse brain hemisphere dataset,Stereo-seq,spatial transcriptomics,mouse,brain hemisphere,,1,https://db.cngb.org/search/project/CNP0002966/,generated,Spatial-ID: a cell typing method for spatially resolved transcriptomics via transfer learning and spatial embedding,10.1038/s41467-022-35288-0,2022,PMC9741613,literature_search,
MERFISH mouse primary motor area dataset,MERFISH,spatial transcriptomics,mouse,primary motor area (MOp) / brain,healthy,,,reused,Deep learning and alignment of spatially resolved single-cell transcriptomes with Tangram,10.1038/s41592-021-01264-7,2021,PMC8566243,literature_search,
STARmap mouse visual area dataset,STARmap,spatial transcriptomics,mouse,visual area (VISp) / brain,healthy,,,reused,Deep learning and alignment of spatially resolved single-cell transcriptomes with Tangram,10.1038/s41592-021-01264-7,2021,PMC8566243,literature_search,
Visium mouse coronal brain slices dataset,Spatial Transcriptomics (Visium),spatial transcriptomics,mouse,brain (coronal slices including isocortex and hypothalamus),healthy,3,https://support.10xgenomics.com/spatial-gene-expression/datasets/1.1.0/V1_Adult_Mouse_Brain?,generated,Deep learning and alignment of spatially resolved single-cell transcriptomes with Tangram,10.1038/s41592-021-01264-7,2021,PMC8566243,literature_search,
MERFISH mouse brain slide for SHARE-seq mapping,MERFISH,spatial transcriptomics,mouse,brain,healthy,,,reused,Deep learning and alignment of spatially resolved single-cell transcriptomes with Tangram,10.1038/s41592-021-01264-7,2021,PMC8566243,literature_search,
Human MOp snRNA-seq / mouse MOp MERFISH cross-species mapping,MERFISH,spatial transcriptomics,human / mouse,primary motor cortex / brain,healthy,,https://portal.brain-map.org/atlases-and-data/rnaseq/human-m1-10x,reused,Deep learning and alignment of spatially resolved single-cell transcriptomes with Tangram,10.1038/s41592-021-01264-7,2021,PMC8566243,literature_search,
Human kidney scRNA-seq to mouse Visium cross-species dataset,Spatial Transcriptomics (Visium),spatial transcriptomics,human / mouse,kidney,healthy,,https://support.10xgenomics.com/spatial-gene-expression/datasets/1.1.0/V1_Mouse_Kidney,reused,Deep learning and alignment of spatially resolved single-cell transcriptomes with Tangram,10.1038/s41592-021-01264-7,2021,PMC8566243,literature_search,
Stereo-seq adult mouse brain spatial Perturb-Seq dataset,Stereo-seq,spatial transcriptomics,mouse,brain (hippocampus),,4,,generated,Spatial perturb-seq: single-cell functional genomics within intact tissue architecture,10.1038/s41467-026-69677-6,2026,PMC13035813,literature_search,
Xenium probe-based adult mouse brain spatial Perturb-Seq dataset,10x Xenium,spatial transcriptomics,mouse,brain (hippocampus),,2,,generated,Spatial perturb-seq: single-cell functional genomics within intact tissue architecture,10.1038/s41467-026-69677-6,2026,PMC13035813,literature_search,
Allen Brain Cell Atlas MERFISH dataset,MERFISH,spatial transcriptomics,mouse,brain (hippocampus),,,https://portal.brain-map.org/atlases-and-data/bkp/abc-atlas,reused,Spatial perturb-seq: single-cell functional genomics within intact tissue architecture,10.1038/s41467-026-69677-6,2026,PMC13035813,literature_search,
"Perturb-map mouse lung adenocarcinoma dataset [perturbation: single or double CRISPR knockouts (Jak2-KO, Tgfbr2-KO, Ifngr2-KO)]",10x Visium,spatial transcriptomics,mouse,lung,lung adenocarcinoma,4,https://figshare.com/articles/dataset/Datasets_-_Perturb-Map/29198468,reused,CONCERT predicts niche-aware perturbation responses in spatial transcriptomics,10.1101/2025.11.08.686890,2025,bio_c9adb5e76f53,literature_search,
Mouse colon inflammation dataset [perturbation: dextran sodium sulfate (DSS)-induced inflammation],spatial transcriptomics,spatial transcriptomics,mouse,colon,colitis,4,https://figshare.com/articles/dataset/Mouse_gut_inflammation_dataset/29882873,reused,CONCERT predicts niche-aware perturbation responses in spatial transcriptomics,10.1101/2025.11.08.686890,2025,bio_c9adb5e76f53,literature_search,
Mouse brain stroke dataset [perturbation: photothrombosis (PT)-induced focal ischemic stroke],spatial transcriptomics,spatial transcriptomics,mouse,brain,ischemic stroke,8,https://figshare.com/articles/dataset/Mouse_brain_stroke_dataset/29882900,reused,CONCERT predicts niche-aware perturbation responses in spatial transcriptomics,10.1101/2025.11.08.686890,2025,bio_c9adb5e76f53,literature_search,
GSE115978,,,,Skin,Melanoma,,,reused,SDMap: a comprehensive database of spatial drug perturbation maps,10.1093/nar/gkaf1046,2026,PMC12807743,literature_search,
GSE129845,,,,Bladder,Bladder Cancer,,,reused,SDMap: a comprehensive database of spatial drug perturbation maps,10.1093/nar/gkaf1046,2026,PMC12807743,literature_search,
GSE132465,,,,Colon,Colorectal Cancer,,,reused,SDMap: a comprehensive database of spatial drug perturbation maps,10.1093/nar/gkaf1046,2026,PMC12807743,literature_search,
GSE139448,,,,Brain,Glioblastoma,,,reused,SDMap: a comprehensive database of spatial drug perturbation maps,10.1093/nar/gkaf1046,2026,PMC12807743,literature_search,
GSE140819,,,,Lung,non-small cell lung carcinoma,,,reused,SDMap: a comprehensive database of spatial drug perturbation maps,10.1093/nar/gkaf1046,2026,PMC12807743,literature_search,
GSE151530,,,,Liver,Hepatocellular carcinoma,,,reused,SDMap: a comprehensive database of spatial drug perturbation maps,10.1093/nar/gkaf1046,2026,PMC12807743,literature_search,
GSE152938,,,,Kidney,Re-l Cell Carcinoma,,,reused,SDMap: a comprehensive database of spatial drug perturbation maps,10.1093/nar/gkaf1046,2026,PMC12807743,literature_search,
GSE154600,,,,Ovary,High-grade serous ovarian carcinoma,,,reused,SDMap: a comprehensive database of spatial drug perturbation maps,10.1093/nar/gkaf1046,2026,PMC12807743,literature_search,
GSE165399,,,,Pancreas,"Intraductal papillary mucinous neoplasm, Pancreatic adenosquamous carcinoma",,,reused,SDMap: a comprehensive database of spatial drug perturbation maps,10.1093/nar/gkaf1046,2026,PMC12807743,literature_search,
GSE168652,,,,cervical,Cervical Cancer,,,reused,SDMap: a comprehensive database of spatial drug perturbation maps,10.1093/nar/gkaf1046,2026,PMC12807743,literature_search,
GSE180286,,,,Breast,Breast Cancer,,,reused,SDMap: a comprehensive database of spatial drug perturbation maps,10.1093/nar/gkaf1046,2026,PMC12807743,literature_search,
GSE184198,,,,Gastric,Gastric Cancer,,,reused,SDMap: a comprehensive database of spatial drug perturbation maps,10.1093/nar/gkaf1046,2026,PMC12807743,literature_search,
GSE185344,,,,Prostate,Prostate Cancer,,,reused,SDMap: a comprehensive database of spatial drug perturbation maps,10.1093/nar/gkaf1046,2026,PMC12807743,literature_search,
GSE188711,,,,Colon,Colorectal Cancer,,,reused,SDMap: a comprehensive database of spatial drug perturbation maps,10.1093/nar/gkaf1046,2026,PMC12807743,literature_search,
GSE193960,,,,Lung,Small Cell Lung Cancer,,,reused,SDMap: a comprehensive database of spatial drug perturbation maps,10.1093/nar/gkaf1046,2026,PMC12807743,literature_search,
GSE195832,,,,Head And Neck Oral Cavity,Head And Neck Oral Cavity Squamous Cell Carcinoma,,,reused,SDMap: a comprehensive database of spatial drug perturbation maps,10.1093/nar/gkaf1046,2026,PMC12807743,literature_search,
GSE202371,,,,Brain,Gliomas,,,reused,SDMap: a comprehensive database of spatial drug perturbation maps,10.1093/nar/gkaf1046,2026,PMC12807743,literature_search,
GSE203612,,,,Breast,Breast Cancer,,,reused,SDMap: a comprehensive database of spatial drug perturbation maps,10.1093/nar/gkaf1046,2026,PMC12807743,literature_search,
GSE203612 [Endometrium],,,,Endometrium,Endometrial Carcinoma,,,reused,SDMap: a comprehensive database of spatial drug perturbation maps,10.1093/nar/gkaf1046,2026,PMC12807743,literature_search,
GSE203612 Stomach,,,,Stomach,Gastric Stromal Tumor,,,reused,SDMap: a comprehensive database of spatial drug perturbation maps,10.1093/nar/gkaf1046,2026,PMC12807743,literature_search,
GSE203612 Liver,,,,Liver,hepatocellular carcinoma,,,reused,SDMap: a comprehensive database of spatial drug perturbation maps,10.1093/nar/gkaf1046,2026,PMC12807743,literature_search,
GSE203612 Ovary,,,,Ovary,Ovarian Cancer,,,reused,SDMap: a comprehensive database of spatial drug perturbation maps,10.1093/nar/gkaf1046,2026,PMC12807743,literature_search,
GSE211956,,,,Ovary,Ovarian Cancer,,,reused,SDMap: a comprehensive database of spatial drug perturbation maps,10.1093/nar/gkaf1046,2026,PMC12807743,literature_search,
GSE215403,,,,Oral,Oral Squamous Cell Carcinoma,,,reused,SDMap: a comprehensive database of spatial drug perturbation maps,10.1093/nar/gkaf1046,2026,PMC12807743,literature_search,
GSE218170,,,,Skin,Cutaneous Squamous Cell Carcinoma,,,reused,SDMap: a comprehensive database of spatial drug perturbation maps,10.1093/nar/gkaf1046,2026,PMC12807743,literature_search,
GSE224333,,,,Ovary,Ovarian Clear Cell Carcinoma,,,reused,SDMap: a comprehensive database of spatial drug perturbation maps,10.1093/nar/gkaf1046,2026,PMC12807743,literature_search,
GSE228501,,,,Testis,Testicular Germ Cell Tumor,,,reused,SDMap: a comprehensive database of spatial drug perturbation maps,10.1093/nar/gkaf1046,2026,PMC12807743,literature_search,
GSE235931,,,,Ovary,High Grade Serous Ovarian Carcinoma,,,reused,SDMap: a comprehensive database of spatial drug perturbation maps,10.1093/nar/gkaf1046,2026,PMC12807743,literature_search,
GSE236698,,,,Colon,Mucinous Colorectal Adenocarcinoma,,,reused,SDMap: a comprehensive database of spatial drug perturbation maps,10.1093/nar/gkaf1046,2026,PMC12807743,literature_search,
GSE250521,,,,Thyroid,Thyroid Cancer,,,reused,SDMap: a comprehensive database of spatial drug perturbation maps,10.1093/nar/gkaf1046,2026,PMC12807743,literature_search,
GSE261917,,,,Lymph Node,Lymphoma,,,reused,SDMap: a comprehensive database of spatial drug perturbation maps,10.1093/nar/gkaf1046,2026,PMC12807743,literature_search,
GSE261957,,,,Liver,Hepatoblastoma,,,reused,SDMap: a comprehensive database of spatial drug perturbation maps,10.1093/nar/gkaf1046,2026,PMC12807743,literature_search,
GSE263521,,,,Peritoneum,Desmoplastic Small Round Cell Tumor,,,reused,SDMap: a comprehensive database of spatial drug perturbation maps,10.1093/nar/gkaf1046,2026,PMC12807743,literature_search,
GSE270667,,,,Lung,Lung Cancer,,,reused,SDMap: a comprehensive database of spatial drug perturbation maps,10.1093/nar/gkaf1046,2026,PMC12807743,literature_search,
GSE156405,,,,Pancreas,pancreatic cancer,,,reused,SDMap: a comprehensive database of spatial drug perturbation maps,10.1093/nar/gkaf1046,2026,PMC12807743,literature_search,
GSE179373,,,,brain,lung squamous cell carcinoma,,,reused,SDMap: a comprehensive database of spatial drug perturbation maps,10.1093/nar/gkaf1046,2026,PMC12807743,literature_search,
GSE200218,,,,Skin,Melanoma,,,reused,SDMap: a comprehensive database of spatial drug perturbation maps,10.1093/nar/gkaf1046,2026,PMC12807743,literature_search,
GSE140042,,,,Head And Neck,head and neck squamous cell carcinoma,,,reused,SDMap: a comprehensive database of spatial drug perturbation maps,10.1093/nar/gkaf1046,2026,PMC12807743,literature_search,
GSE150660,,,,brain,human leptomeningeal metastasis,,,reused,SDMap: a comprehensive database of spatial drug perturbation maps,10.1093/nar/gkaf1046,2026,PMC12807743,literature_search,
GSE281288,,,,pancreas,pancreatic cancer,,,reused,SDMap: a comprehensive database of spatial drug perturbation maps,10.1093/nar/gkaf1046,2026,PMC12807743,literature_search,
GSE219121,,,,Spi-l Cord,,,,reused,SDMap: a comprehensive database of spatial drug perturbation maps,10.1093/nar/gkaf1046,2026,PMC12807743,literature_search,
GSE228360 Ileal,,,,Ileal,,,,reused,SDMap: a comprehensive database of spatial drug perturbation maps,10.1093/nar/gkaf1046,2026,PMC12807743,literature_search,
GSE129308,,,,Brain,,,,reused,SDMap: a comprehensive database of spatial drug perturbation maps,10.1093/nar/gkaf1046,2026,PMC12807743,literature_search,
GSE134355,,,,Brain,,,,reused,SDMap: a comprehensive database of spatial drug perturbation maps,10.1093/nar/gkaf1046,2026,PMC12807743,literature_search,
GSE134355 [Cerebellum],,,,Cerebellum,,,,reused,SDMap: a comprehensive database of spatial drug perturbation maps,10.1093/nar/gkaf1046,2026,PMC12807743,literature_search,
GSE134355 Kidney,,,,Kidney,,,,reused,SDMap: a comprehensive database of spatial drug perturbation maps,10.1093/nar/gkaf1046,2026,PMC12807743,literature_search,
GSE134355 Liver,,,,Liver,,,,reused,SDMap: a comprehensive database of spatial drug perturbation maps,10.1093/nar/gkaf1046,2026,PMC12807743,literature_search,
GSE134355 Lung,,,,Lung,,,,reused,SDMap: a comprehensive database of spatial drug perturbation maps,10.1093/nar/gkaf1046,2026,PMC12807743,literature_search,
GSE153760,,,,Skin,,,,reused,SDMap: a comprehensive database of spatial drug perturbation maps,10.1093/nar/gkaf1046,2026,PMC12807743,literature_search,
GSE176499,,,,Colon,,,,reused,SDMap: a comprehensive database of spatial drug perturbation maps,10.1093/nar/gkaf1046,2026,PMC12807743,literature_search,
GSE185477 Liver,,,,Liver,,,,reused,SDMap: a comprehensive database of spatial drug perturbation maps,10.1093/nar/gkaf1046,2026,PMC12807743,literature_search,
GSE190442,,,,Spi-l Cord,,,,reused,SDMap: a comprehensive database of spatial drug perturbation maps,10.1093/nar/gkaf1046,2026,PMC12807743,literature_search,
GSE200161,,,,Adipose,,,,reused,SDMap: a comprehensive database of spatial drug perturbation maps,10.1093/nar/gkaf1046,2026,PMC12807743,literature_search,
GSE211630,,,,Oral,,,,reused,SDMap: a comprehensive database of spatial drug perturbation maps,10.1093/nar/gkaf1046,2026,PMC12807743,literature_search,
GSE212244,,,,Thymus,,,,reused,SDMap: a comprehensive database of spatial drug perturbation maps,10.1093/nar/gkaf1046,2026,PMC12807743,literature_search,
GSE239890,,,,Heart,,,,reused,SDMap: a comprehensive database of spatial drug perturbation maps,10.1093/nar/gkaf1046,2026,PMC12807743,literature_search,
GSE241132 Skin,,,,Skin,,,,reused,SDMap: a comprehensive database of spatial drug perturbation maps,10.1093/nar/gkaf1046,2026,PMC12807743,literature_search,
GSE248609,,,,Anterior tibial artery,,,,reused,SDMap: a comprehensive database of spatial drug perturbation maps,10.1093/nar/gkaf1046,2026,PMC12807743,literature_search,
GSE253200,,,,Knee,,,,reused,SDMap: a comprehensive database of spatial drug perturbation maps,10.1093/nar/gkaf1046,2026,PMC12807743,literature_search,
GSE260658 [Endometrium],,,,Endometrium,,,,reused,SDMap: a comprehensive database of spatial drug perturbation maps,10.1093/nar/gkaf1046,2026,PMC12807743,literature_search,
GSE260658 [Myometrium],,,,Myometrium,,,,reused,SDMap: a comprehensive database of spatial drug perturbation maps,10.1093/nar/gkaf1046,2026,PMC12807743,literature_search,
GSE260685,,,,Ovary,,,,reused,SDMap: a comprehensive database of spatial drug perturbation maps,10.1093/nar/gkaf1046,2026,PMC12807743,literature_search,
GSE280984,,,,Pancreas,,,,reused,SDMap: a comprehensive database of spatial drug perturbation maps,10.1093/nar/gkaf1046,2026,PMC12807743,literature_search,
GSE282362,,,,Muscle,,,,reused,SDMap: a comprehensive database of spatial drug perturbation maps,10.1093/nar/gkaf1046,2026,PMC12807743,literature_search,
MERFISH mouse brain aging dataset,MERFISH,spatial transcriptomics,mouse,brain,aging,,https://zenodo.org/records/13883177,reused,Haruka Resolves Perturbation Response Heterogeneity in Spatial Cell Niches,10.64898/2025.12.08.693051,2025,bio_835ee34d7e61,literature_search,
CODEX melanoma spatial proteomics dataset [perturbation: immune checkpoint blockade (ICB) therapy],CODEX,spatial proteomics,human,tumor / melanoma,metastatic melanoma,6,https://datadryad.org/dataset/doi:10.5061/dryad.k0p2ngfcc,reused,Haruka Resolves Perturbation Response Heterogeneity in Spatial Cell Niches,10.64898/2025.12.08.693051,2025,bio_835ee34d7e61,literature_search,
Human pulmonary lung fibrosis Xenium dataset,10x Xenium,spatial transcriptomics,human,lung,pulmonary fibrosis,45,,reused,Haruka Resolves Perturbation Response Heterogeneity in Spatial Cell Niches,10.64898/2025.12.08.693051,2025,bio_835ee34d7e61,literature_search,
KRAS G12D-mutated lung cancer Xenium dataset [perturbation: KRAS G12D specific inhibitor (MRTX1133)],10x Xenium,spatial transcriptomics,mouse,lung,metastatic lung cancer,8,,generated,Haruka Resolves Perturbation Response Heterogeneity in Spatial Cell Niches,10.64898/2025.12.08.693051,2025,bio_835ee34d7e61,literature_search,
Spatial transcriptomics datasets from stSNV,spatial transcriptomic,spatial transcriptomics,homo sapiens,"56 tissue types across normal, tumor, and other disease states",,315,,reused,CellSNVReg: a multidimensional resource for SNV-mediated regulatory perturbations in single-cell and spatial omics,10.1093/nar/gkaf1076,2026,PMC12807710,literature_search,
Murine gut microbiota HiPR-FISH spatial mapping dataset [perturbation: ampicillin or vancomycin treatment],HiPR-FISH (fluorescence in situ hybridization),,mouse,cecum and distal colon,healthy,648,https://figshare.com/articles/dataset/Spatial_recovery_of_the_murine_gut_microbiota_after_antibiotics_perturbation_-_Raw_data/25766280,generated,Spatial recovery of the murine gut microbiota after antibiotics perturbation,10.1128/mbio.00707-24,2024,PMC11253616,literature_search,
Imbibed and germinating seed spatial transcriptomic dataset,,,arabidopsis thaliana,Imbibed and germinating seeds,,10,,generated,"A single-cell, spatial transcriptomic atlas of the  Arabidopsis  life cycle",10.1038/s41477-025-02072-z,2025,PMC12416547,literature_search,
"Seedling spatial transcriptomic dataset (3-day, 6-day, 12-day)",,,arabidopsis thaliana,Seedlings (cotyledons and hypocotyls),,8,,generated,"A single-cell, spatial transcriptomic atlas of the  Arabidopsis  life cycle",10.1038/s41477-025-02072-z,2025,PMC12416547,literature_search,
Mature rosette leaf spatial transcriptomic dataset,,,arabidopsis thaliana,Mature rosette leaf,,2,,generated,"A single-cell, spatial transcriptomic atlas of the  Arabidopsis  life cycle",10.1038/s41477-025-02072-z,2025,PMC12416547,literature_search,
Stem spatial transcriptomic dataset,,,arabidopsis thaliana,"Stem (basal, apical, and branched regions)",,1,,generated,"A single-cell, spatial transcriptomic atlas of the  Arabidopsis  life cycle",10.1038/s41477-025-02072-z,2025,PMC12416547,literature_search,
Flower spatial transcriptomic dataset (cross and longitudinal sections),,,arabidopsis thaliana,Flower tissue (stages 6-15),,3,,generated,"A single-cell, spatial transcriptomic atlas of the  Arabidopsis  life cycle",10.1038/s41477-025-02072-z,2025,PMC12416547,literature_search,
Silique spatial transcriptomic dataset,,,arabidopsis thaliana,Developing siliques and seed sacs (stages 2-10),,3,,generated,"A single-cell, spatial transcriptomic atlas of the  Arabidopsis  life cycle",10.1038/s41477-025-02072-z,2025,PMC12416547,literature_search,
Etiolated hls1 seedling spatial transcriptomic dataset [perturbation: hookless1 (hls1) mutation],MERFISH,spatial transcriptomics,arabidopsis thaliana,Etiolated seedling shoot apex and hypocotyl,,8,,generated,"A single-cell, spatial transcriptomic atlas of the  Arabidopsis  life cycle",10.1038/s41477-025-02072-z,2025,PMC12416547,literature_search,
Metastatic melanoma dataset,imaging mass cytometry (IMC),spatial proteomics,human,skin and lymph node (tumour),metastatic melanoma,159,10.5281/zenodo.5994135,reused,Identifying perturbations that boost T-cell infiltration into tumours via counterfactual learning of their spatial proteomic profiles,10.1038/s41551-025-01357-0,2025,PMC11922765,literature_search,
CRC liver metastases dataset,imaging mass cytometry (IMC),spatial proteomics,human,"primary colorectal tumours, CRC metastases to the liver, and healthy liver",colorectal cancer with liver metastases,209,,reused,Identifying perturbations that boost T-cell infiltration into tumours via counterfactual learning of their spatial proteomic profiles,10.1038/s41551-025-01357-0,2025,PMC11922765,literature_search,
Breast tumor dataset,imaging mass cytometry (IMC),spatial proteomics,human,breast tumour,breast cancer,749,10.5281/zenodo.5850951,reused,Identifying perturbations that boost T-cell infiltration into tumours via counterfactual learning of their spatial proteomic profiles,10.1038/s41551-025-01357-0,2025,PMC11922765,literature_search,
Wild-type mouse liver physiological and diet dataset,RCA-MERFISH and 10x Flex scRNA-seq,spatial transcriptomics,mouse,liver,"normal (ad libitum), metabolic stress (fasting), high-fat diet (HFD)",6,https://huggingface.co/datasets/xingjiepan/PerturbMulti/tree/main,generated,Perturb-Multimodal: a platform for pooled genetic screens with sequencing and imaging in intact mammalian tissue,10.1016/j.cell.2025.05.022,2025,PMC12324982,literature_search,
CRISPR mosaic liver perturbation dataset (Perturb-Multi) [perturbation: CRISPR knockout library targeting 202 genes],RCA-MERFISH and fixed-cell Perturb-seq (10x Flex),spatial transcriptomics,mouse,liver,normal,4,GSE275483,generated,Perturb-Multimodal: a platform for pooled genetic screens with sequencing and imaging in intact mammalian tissue,10.1016/j.cell.2025.05.022,2025,PMC12324982,literature_search,
Human dorsolateral prefrontal cortex (DLPFC) dataset,10x Visium,spatial transcriptomics,human,human dorsolateral prefrontal cortex,none/observational,12,http://spatial.libd.org/spatialLIBD,reused,"Denoising spatially resolved transcriptomics with consistency of heterogeneous spatial coordinates, transcription, and morphology",10.1093/bib/bbaf528,2025,PMC12496014,literature_search,
Human breast cancer dataset,10x Visium,spatial transcriptomics,human,human breast cancer (invasive ductal carcinoma),invasive ductal carcinoma (IDC) / breast cancer,1,https://support.10xgenomics.com/spatial-gene-expression/datasets,reused,"Denoising spatially resolved transcriptomics with consistency of heterogeneous spatial coordinates, transcription, and morphology",10.1093/bib/bbaf528,2025,PMC12496014,literature_search,
Mouse primary visual cortex dataset,STARmap,spatial transcriptomics,mouse,mouse primary visual cortex,none/observational,,http://clarityresourcecenter.org/,reused,"Denoising spatially resolved transcriptomics with consistency of heterogeneous spatial coordinates, transcription, and morphology",10.1093/bib/bbaf528,2025,PMC12496014,literature_search,
Mouse brain cortex osmFISH dataset,osmFISH,spatial transcriptomics,mouse,mouse brain cortex,none/observational,,http://linnarssonlab.org/osmFISH,reused,"Denoising spatially resolved transcriptomics with consistency of heterogeneous spatial coordinates, transcription, and morphology",10.1093/bib/bbaf528,2025,PMC12496014,literature_search,
Mouse olfactory bulb Stereo-seq dataset,Stereo-seq,spatial transcriptomics,mouse,mouse olfactory bulb tissue,none/observational,,https://github.com/JinmiaoChenLab/SEDRanalyses,reused,"Denoising spatially resolved transcriptomics with consistency of heterogeneous spatial coordinates, transcription, and morphology",10.1093/bib/bbaf528,2025,PMC12496014,literature_search,
4i imaging-based molecular dataset,4i (iterative indirect immunofluorescence imaging),spatial proteomics,,,none/observational,,https://github.com/scverse/squidpy,reused,"Denoising spatially resolved transcriptomics with consistency of heterogeneous spatial coordinates, transcription, and morphology",10.1093/bib/bbaf528,2025,PMC12496014,literature_search,
Mouse embryogenesis SeqFISH dataset,seqFISH,spatial transcriptomics,mouse,mouse embryo tissue,none/observational,,https://crukci.shinyapps.io/SpatialMouseAtlas/,reused,"Denoising spatially resolved transcriptomics with consistency of heterogeneous spatial coordinates, transcription, and morphology",10.1093/bib/bbaf528,2025,PMC12496014,literature_search,
JUMP Cell Painting dataset [perturbation: 130 different gene overexpression perturbations],Cell Painting,,,U2OS cell line,,,https://github.com/jump-cellpainting/datasets/,reused,Prediction of cellular morphology changes under perturbations with a transcriptome-guided diffusion model,10.1038/s41467-025-63478-z,2025,PMC12405515,literature_search,
CDRP dataset [perturbation: 1028 drug perturbations / small-molecule treatments],Cell Painting and L1000,,,U2OS cell line,,,https://broad.io/rosetta/,reused,Prediction of cellular morphology changes under perturbations with a transcriptome-guided diffusion model,10.1038/s41467-025-63478-z,2025,PMC12405515,literature_search,
LINCS dataset [perturbation: 61 drug perturbations],Cell Painting and L1000,,,A549 cell line,,,,reused,Prediction of cellular morphology changes under perturbations with a transcriptome-guided diffusion model,10.1038/s41467-025-63478-z,2025,PMC12405515,literature_search,
Mouse cerebral cortex stab wound dataset [perturbation: stab injury],10x Visium,spatial transcriptomics,mouse,cerebral cortex,injury response / stab wound,4,GSE226211,reused,Anomaly detection in spatial transcriptomics via spatially localized density comparison,10.1093/bioinformatics/btaf242,2025,PMC12261494,literature_search,
Mouse lumbar spinal cord dataset [perturbation: epidural electrical stimulation (EES) therapy],10x Visium,spatial transcriptomics,mouse,lumbar spinal cord,spinal cord injury,,GSE184369,reused,Anomaly detection in spatial transcriptomics via spatially localized density comparison,10.1093/bioinformatics/btaf242,2025,PMC12261494,literature_search,
3D spatial atlas of spinal cord injury [perturbation: crush spinal cord injury],spatial transcriptomics,spatial transcriptomics,mouse,spinal cord,spinal cord injury,,GSE234774,reused,Identification of perturbation-responsive regions and genes in comparative spatial transcriptomics atlases,10.1101/2024.06.13.598641,2024,bio_a30b96686ca8,literature_search,
Myocardial infarction [perturbation: left anterior descending coronary artery ligation],10x Visium,spatial transcriptomics,mouse,heart,myocardial infarction,6,GSE214611,reused,Identification of perturbation-responsive regions and genes in comparative spatial transcriptomics atlases,10.1101/2024.06.13.598641,2024,bio_a30b96686ca8,literature_search,
Traumatic brain injury [perturbation: stab wound injury],spatial transcriptomics,spatial transcriptomics,mouse,"brain (cortex, white matter, and hippocampal formation)",traumatic brain injury,4,GSE226208,reused,Identification of perturbation-responsive regions and genes in comparative spatial transcriptomics atlases,10.1101/2024.06.13.598641,2024,bio_a30b96686ca8,literature_search,
ALS [perturbation: SOD1-G93A mutation],spatial transcriptomics,spatial transcriptomics,mouse,lumbar spinal cord,amyotrophic lateral sclerosis (ALS),,GSE120374,reused,Identification of perturbation-responsive regions and genes in comparative spatial transcriptomics atlases,10.1101/2024.06.13.598641,2024,bio_a30b96686ca8,literature_search,
Neuroprosthetic rehabilitation [perturbation: epidural electrical stimulation (EES) and neurorehabilitative training],10x Visium,spatial transcriptomics,mouse,lumbar spinal cord,spinal cord injury,,GSE184369,reused,Identification of perturbation-responsive regions and genes in comparative spatial transcriptomics atlases,10.1101/2024.06.13.598641,2024,bio_a30b96686ca8,literature_search,
Alzheimer’s disease [perturbation: TauPS2APP triple transgene],STARmap PLUS,spatial transcriptomics,mouse,brain (hippocampus),Alzheimer's disease,,,reused,Identification of perturbation-responsive regions and genes in comparative spatial transcriptomics atlases,10.1101/2024.06.13.598641,2024,bio_a30b96686ca8,literature_search,
"Comparative spatial transcriptomics of the injured spinal cord in young and old mice [perturbation: crush spinal cord injury, aging, and lentiviral vectors expressing growth factors (FGF2, EGF, VEGF, GDNF) combined with neurorehabilitation]",10x Visium,spatial transcriptomics,mouse,spinal cord,spinal cord injury,8,,generated,Identification of perturbation-responsive regions and genes in comparative spatial transcriptomics atlases,10.1101/2024.06.13.598641,2024,bio_a30b96686ca8,literature_search,
osmFISH-brain,osmFISH,spatial transcriptomics,mouse,brain,,,https://docs.scvi-tools.org/en/0.20.3/tutorials/notebooks/gimvi_tutorial.html,reused,VISTA Uncovers Missing Gene Expression and Spatial-induced Information for Spatial Transcriptomic Data Analysis,10.1101/2024.08.26.609718,2025,PMC11957009,literature_search,
Xenium-breast,10x Xenium,spatial transcriptomics,,breast,,,https://www.embopress.org/doi/full/10.15252/msb.20199389,reused,VISTA Uncovers Missing Gene Expression and Spatial-induced Information for Spatial Transcriptomic Data Analysis,10.1101/2024.08.26.609718,2025,PMC11957009,literature_search,
Xenium-brain,10x Xenium,spatial transcriptomics,mouse,brain,,,https://www.biorxiv.org/content/10.1101/2023.02.13.528102v1.abstract,reused,VISTA Uncovers Missing Gene Expression and Spatial-induced Information for Spatial Transcriptomic Data Analysis,10.1101/2024.08.26.609718,2025,PMC11957009,literature_search,
seqFISH-embryo,seqFISH,spatial transcriptomics,mouse,embryo,,,https://zenodo.org/records/7556184,reused,VISTA Uncovers Missing Gene Expression and Spatial-induced Information for Spatial Transcriptomic Data Analysis,10.1101/2024.08.26.609718,2025,PMC11957009,literature_search,
HybISS,HybISS,spatial transcriptomics,mouse,brain,,,https://zenodo.org/records/7556184,reused,VISTA Uncovers Missing Gene Expression and Spatial-induced Information for Spatial Transcriptomic Data Analysis,10.1101/2024.08.26.609718,2025,PMC11957009,literature_search,
AD/HC spatial data,,,mouse,brain,Alzheimer's disease,,https://singlecell.broadinstitute.org/single_cell/study/SCP1375/integrative-in-situ-mapping-of-single-cell-transcriptional-states-and-tissue-histopathology-in-an-alzheimer-disease-model#study-download,reused,VISTA Uncovers Missing Gene Expression and Spatial-induced Information for Spatial Transcriptomic Data Analysis,10.1101/2024.08.26.609718,2025,PMC11957009,literature_search,
lung cancer,MERFISH,spatial transcriptomics,human,lung,cancer,,https://info.vizgen.com/ffpe-showcase,reused,VISTA Uncovers Missing Gene Expression and Spatial-induced Information for Spatial Transcriptomic Data Analysis,10.1101/2024.08.26.609718,2025,PMC11957009,literature_search,
osmFISH-brain,osmFISH,spatial transcriptomics,mouse,brain,,,,reused,VISTA Uncovers Missing Gene Expression and Spatial-induced Information for Spatial Transcriptomic Data Analysis,10.21203/rs.3.rs-7564369/v1,2025,PMC12632580,literature_search,
Xenium-breast,10x Xenium,spatial transcriptomics,,breast,,,,reused,VISTA Uncovers Missing Gene Expression and Spatial-induced Information for Spatial Transcriptomic Data Analysis,10.21203/rs.3.rs-7564369/v1,2025,PMC12632580,literature_search,
seqFISH-embryo,seqFISH,spatial transcriptomics,mouse,embryo,,,,reused,VISTA Uncovers Missing Gene Expression and Spatial-induced Information for Spatial Transcriptomic Data Analysis,10.21203/rs.3.rs-7564369/v1,2025,PMC12632580,literature_search,
Xenium-brain,10x Xenium,spatial transcriptomics,mouse,brain,,,,reused,VISTA Uncovers Missing Gene Expression and Spatial-induced Information for Spatial Transcriptomic Data Analysis,10.21203/rs.3.rs-7564369/v1,2025,PMC12632580,literature_search,
Alzheimer's disease mouse brain spatial dataset,,,mouse,brain,Alzheimer's disease,,,reused,VISTA Uncovers Missing Gene Expression and Spatial-induced Information for Spatial Transcriptomic Data Analysis,10.21203/rs.3.rs-7564369/v1,2025,PMC12632580,literature_search,
Vizgen MERFISH FFPE Human Immuno-oncology Data Set,MERFISH,spatial transcriptomics,human,lung,cancer,,,reused,VISTA Uncovers Missing Gene Expression and Spatial-induced Information for Spatial Transcriptomic Data Analysis,10.21203/rs.3.rs-7564369/v1,2025,PMC12632580,literature_search,
Human Visium spatial transcriptomics dataset,10x Visium,spatial transcriptomics,human,15 organs,,416,,reused,SAGE-FM: A lightweight and interpretable spatial transcriptomics foundation model,,2026,PMC12869381,literature_search,
Visium HD spatial RNA-sequencing of embryonic palate tissues [perturbation: Pax9 knockout],Visium HD Spatial RNA-sequencing,spatial transcriptomics,mouse,embryonic palate tissues,cleft palate,4,GSE284271,generated,Single cell spatial transcriptomics links Wnt signaling disruption to extracellular matrix development in a cleft palate model,10.1038/s41598-025-14807-1,2025,PMC12350917,literature_search,
Xenium In Situ spatial mRNA profiling of embryonic palate tissues [perturbation: Pax9 knockout],Xenium In Situ RNA Localization,spatial transcriptomics,mouse,embryonic palate tissues,cleft palate,4,,generated,Single cell spatial transcriptomics links Wnt signaling disruption to extracellular matrix development in a cleft palate model,10.1038/s41598-025-14807-1,2025,PMC12350917,literature_search,
"2D-cultured SH-SY5Y-Cas9 cells spatial CRISPR dataset [perturbation: CRISPR knockout (TREM2, MERTK, and other gRNA-UGI pairs)]",RNAscope / SPACE,,human,2D-cultured cells,cancer,,,generated,SPACE: multimodal spatial CRISPR screening with whole-transcriptome readout at subcellular resolution in 3D models,10.1101/2025.09.14.675819,2025,bio_94e23b916ce7,literature_search,
"CAF-tumor spheroid CRISPR screen dataset (6K RNA panel + CRISPR gRNA/UGI) [perturbation: 43 CRISPR knockouts (including AAVS1 control, ISG20, RNF213, GBP4, ORMDL3)]",CosMx 6K RNA profiling and CRISPR gRNA/UGI detection,spatial transcriptomics,human,cancer-associated fibroblast (CAF)-tumor spheroids,cancer,186,,generated,SPACE: multimodal spatial CRISPR screening with whole-transcriptome readout at subcellular resolution in 3D models,10.1101/2025.09.14.675819,2025,bio_94e23b916ce7,literature_search,
"CAF-tumor spheroid whole-transcriptome spatial CRISPR dataset (WTX + CRISPR) [perturbation: 43 CRISPR knockouts (including AAVS1 control, ISG20, RNF213, GBP4)]",CosMx WTX RNA panel and CRISPR gRNA/UGI detection,spatial transcriptomics,human,cancer-associated fibroblast (CAF)-tumor spheroids,cancer,,,generated,SPACE: multimodal spatial CRISPR screening with whole-transcriptome readout at subcellular resolution in 3D models,10.1101/2025.09.14.675819,2025,bio_94e23b916ce7,literature_search,
Multimodal CAF-tumor spheroid spatial multiomic dataset [perturbation: CRISPR knockouts (including ORMDL3-KO and others)],CosMx 64-plex protein detection (oligo-conjugated antibody + sequential FISH) and WTX RNA profiling,spatial transcriptomics,human,cancer-associated fibroblast (CAF)-tumor spheroids,cancer,,,generated,SPACE: multimodal spatial CRISPR screening with whole-transcriptome readout at subcellular resolution in 3D models,10.1101/2025.09.14.675819,2025,bio_94e23b916ce7,literature_search,
MICSSS and MIBI Pro-Code lung and breast tumor imaging dataset,MICSSS and MIBI,spatial proteomics,mouse,lung and mammary fat pad / breast tumor,lung cancer / adenocarcinoma,10,,generated,Perturb-map enables CRISPR genomics with spatial resolution and identifies regulators of tumor immune composition,10.1101/2021.07.13.451021,2021,bio_75584b7f6c1b,literature_search,
Perturb-map MICSSS imaging dataset of CRISPR/Pro-Code library in lung tumors [perturbation: CRISPR knockout library targeting 35 genes],MICSSS,,mouse,lung tumor,lung adenocarcinoma,11,,generated,Perturb-map enables CRISPR genomics with spatial resolution and identifies regulators of tumor immune composition,10.1101/2021.07.13.451021,2021,bio_75584b7f6c1b,literature_search,
Visium spatial transcriptomics dataset of Pro-Code/CRISPR lung tumor sections [perturbation: CRISPR knockout library targeting 35 genes],10x Visium,spatial transcriptomics,mouse,lung tumor,lung adenocarcinoma,4,,generated,Perturb-map enables CRISPR genomics with spatial resolution and identifies regulators of tumor immune composition,10.1101/2021.07.13.451021,2021,bio_75584b7f6c1b,literature_search,
Imaging mass cytometry (Hyperion) dataset of Pro-Code/CRISPR lung tumor serial sections [perturbation: CRISPR knockout library targeting 35 genes],Imaging Mass Cytometry (Hyperion),,mouse,lung tumor,lung adenocarcinoma,4,,generated,Perturb-map enables CRISPR genomics with spatial resolution and identifies regulators of tumor immune composition,10.1101/2021.07.13.451021,2021,bio_75584b7f6c1b,literature_search,
10X Visium spatial transcriptomics of stroke time course [perturbation: Endothelin-1 (ET-1) induced focal cortical ischemic stroke or sham saline injection],10x Visium,spatial transcriptomics,mouse,brain cortex,"cortical ischemic stroke (acute, subacute, and chronic stages) and control sham",3,https://dataview.ncbi.nlm.nih.gov/object/PRJNA952594?reviewer=k4bk4puu65vkcq0qn0bv9g3ni6,generated,Integrating single-cell and spatially resolved transcriptomic strategies to survey the astrocyte response to stroke in male mice,10.1038/s41467-024-45821-y,2024,PMC10882052,literature_search,
Visium HD Spatial RNA-sequencing of Murine Embryonic Palate [perturbation: Pax9 knockout (Pax9-/-)],Visium HD Spatial RNA-seq,spatial transcriptomics,mouse (murine),Embryonic palate tissues (E12.5 and E13.5),Cleft Palate / Normal Development,4,GSE284271,generated,Single Cell Spatial Transcriptomics of the Murine Embryonic Palate Links Pax9 to Patterning and Organization of Extracellular Matrix Components,10.21203/rs.3.rs-5969552/v1,2025,PMC11875297,literature_search,
Xenium In Situ mRNA Spatial Profiling of Murine Embryonic Palate [perturbation: Pax9 knockout (Pax9-/-)],10x Xenium,spatial transcriptomics,mouse (murine),Embryonic palate tissues (E12.5 and E13.5),Cleft Palate / Normal Development,4,,generated,Single Cell Spatial Transcriptomics of the Murine Embryonic Palate Links Pax9 to Patterning and Organization of Extracellular Matrix Components,10.21203/rs.3.rs-5969552/v1,2025,PMC11875297,literature_search,
RNAscope Multiplex Immunofluorescent In Situ Hybridization of Murine Embryonic Palate [perturbation: Pax9 knockout (Pax9-/-)],RNAscope Multiplex,,mouse (murine),Embryonic palate tissues (E12.5 and E13.5),Normal Development / Cleft Palate Validation,4,,generated,Single Cell Spatial Transcriptomics of the Murine Embryonic Palate Links Pax9 to Patterning and Organization of Extracellular Matrix Components,10.21203/rs.3.rs-5969552/v1,2025,PMC11875297,literature_search,
"MERFISH-AgingCoronal (AC) (1,453,144 cells)",MERFISH,spatial transcriptomics,mouse,brain,aging,,,reused,SpatialProp: tissue perturbation modeling with spatially resolved single-cell transcriptomics,10.64898/2025.11.30.691355,2025,bio_f5919fdd76f6,literature_search,
"MERFISH-AgingSagittal (AS) (860,717 cells)",MERFISH,spatial transcriptomics,mouse,brain,aging,,,reused,SpatialProp: tissue perturbation modeling with spatially resolved single-cell transcriptomics,10.64898/2025.11.30.691355,2025,bio_f5919fdd76f6,literature_search,
"MERFISH-LocalInjury (MS) (280,176 cells)",MERFISH,spatial transcriptomics,mouse,brain,brain injury,,,reused,SpatialProp: tissue perturbation modeling with spatially resolved single-cell transcriptomics,10.64898/2025.11.30.691355,2025,bio_f5919fdd76f6,literature_search,
"MERFISH-Exercise (EX) (901,905 cells)",MERFISH,spatial transcriptomics,mouse,brain,exercise intervention,,,reused,SpatialProp: tissue perturbation modeling with spatially resolved single-cell transcriptomics,10.64898/2025.11.30.691355,2025,bio_f5919fdd76f6,literature_search,
"ISS-GlobalInjury (EA) (321,543 cells)",ISS,spatial transcriptomics,mouse,central nervous system,neuroinflammation / multiple sclerosis,,,reused,SpatialProp: tissue perturbation modeling with spatially resolved single-cell transcriptomics,10.64898/2025.11.30.691355,2025,bio_f5919fdd76f6,literature_search,
"MERFISH-AgingPilot (AP) (198,887 cells)",MERFISH,spatial transcriptomics,mouse,brain,aging,,,reused,SpatialProp: tissue perturbation modeling with spatially resolved single-cell transcriptomics,10.64898/2025.11.30.691355,2025,bio_f5919fdd76f6,literature_search,
"MERFISH-Reprogramming (RE) (1,015,177 cells)",MERFISH,spatial transcriptomics,mouse,brain,partial reprogramming,,,reused,SpatialProp: tissue perturbation modeling with spatially resolved single-cell transcriptomics,10.64898/2025.11.30.691355,2025,bio_f5919fdd76f6,literature_search,
"STARmap-Alzheimers (AD) (672,165 cells)",STARmap PLUS,spatial transcriptomics,mouse,brain,Alzheimer's disease model,,,reused,SpatialProp: tissue perturbation modeling with spatially resolved single-cell transcriptomics,10.64898/2025.11.30.691355,2025,bio_f5919fdd76f6,literature_search,
"MERFISH-HeartDevelopment (HD) (152,720 cells)",MERFISH,spatial transcriptomics,human,heart,healthy (developing),,,reused,SpatialProp: tissue perturbation modeling with spatially resolved single-cell transcriptomics,10.64898/2025.11.30.691355,2025,bio_f5919fdd76f6,literature_search,
THP1 Monocyte/Macrophage LPS Response Perturb-FISH Screen [perturbation: CRISPR knockout library targeting 35 genes (74 gRNAs) and stimulated with lipopolysaccharide (LPS)],MERFISH,spatial transcriptomics,human,THP1-derived macrophages,,2,,generated,"Simultaneous CRISPR screening and spatial transcriptomics reveals intracellular, intercellular, and functional transcriptional circuits",10.1101/2023.11.30.569494,2023,PMC10705493,literature_search,
"Astrocyte Autism Spectrum Disorder Risk Gene Perturb-FISH and Calcium Imaging Screen [perturbation: CRISPR inhibition (CRISPRi) library targeting 127 ASD risk genes, stimulated with ATP]",MERFISH combined with live calcium imaging,spatial transcriptomics,human,iPSC-derived astrocytes,Autism Spectrum Disorder,,,generated,"Simultaneous CRISPR screening and spatial transcriptomics reveals intracellular, intercellular, and functional transcriptional circuits",10.1101/2023.11.30.569494,2023,PMC10705493,literature_search,
immunotherapy-treated melanoma dataset,,,,,melanoma,,,reused,Haruka Resolves Perturbation Response Heterogeneity in Spatial Cell Niches,10.64898/2025.12.08.693051,2025,PMC12822672,literature_search,
human lung tissue fibrosis dataset,,,human,lung tissue,fibrosis,,,reused,Haruka Resolves Perturbation Response Heterogeneity in Spatial Cell Niches,10.64898/2025.12.08.693051,2025,PMC12822672,literature_search,
KRAS G12D-mutated lung cancer dataset,,,,lung cancer,KRAS G12D-mutated lung cancer,,,reused,Haruka Resolves Perturbation Response Heterogeneity in Spatial Cell Niches,10.64898/2025.12.08.693051,2025,PMC12822672,literature_search,
Human head and neck squamous cell carcinoma live tissue section,spatially annotated FUNseq / UFO microscope,,human,tumor tissue / human head and neck squamous cell carcinoma,human head and neck squamous cell carcinoma,,,generated,Spatial Transcriptomic Technologies,10.3390/cells12162042,2023,PMC10453065,literature_search,
Bleomycin-induced lung fibrosis mouse dataset [perturbation: Bleomycin administration],Visium Spatial Gene Expression and DESI MSI,spatial transcriptomics,mouse,lung,pulmonary fibrosis,11,"GSE267904, S-BSST1409, MTBLS13445",generated,Spatially resolved integrative analysis of transcriptomic and metabolomic changes in tissue injury studies,10.1038/s41467-025-68003-w,2026,PMC12780049,literature_search,
AZX-dosed rat lung dataset [perturbation: Inhaled AZX administration],Visium Spatial Gene Expression and DESI MSI,spatial transcriptomics,rat,lung,lung injury,1,"GSE312168, MTBLS13445",generated,Spatially resolved integrative analysis of transcriptomic and metabolomic changes in tissue injury studies,10.1038/s41467-025-68003-w,2026,PMC12780049,literature_search,
Mouse brain SMA dataset,Visium and MALDI-MSI,spatial transcriptomics,mouse,brain,healthy / control,3,,reused,Spatially resolved integrative analysis of transcriptomic and metabolomic changes in tissue injury studies,10.1038/s41467-025-68003-w,2026,PMC12780049,literature_search,
Human brain SMA dataset,Visium and MALDI-MSI,spatial transcriptomics,human,brain,Parkinson's disease,3,,reused,Spatially resolved integrative analysis of transcriptomic and metabolomic changes in tissue injury studies,10.1038/s41467-025-68003-w,2026,PMC12780049,literature_search,
Human breast cancer dataset,Visium and DESI-MSI,spatial transcriptomics,human,breast,breast cancer,3,10.7910/DVN/GZFCWC,reused,Spatially resolved integrative analysis of transcriptomic and metabolomic changes in tissue injury studies,10.1038/s41467-025-68003-w,2026,PMC12780049,literature_search,
SeqFISH dataset,seqFISH,spatial transcriptomics,mouse,"cortex, subventricular zone, and choroid plexus of the mouse brain",,,https://github.com/CaiGroup/seqFISH-PLUS,reused,SpatialMap: Spatial Mapping of Unmeasured Gene Expression Profiles in Spatial Transcriptomic Data Using Generalized Linear Spatial Models,10.3389/fgene.2022.893522,2022,PMC9181802,literature_search,
STARmap dataset,STARmap,spatial transcriptomics,mouse,mouse primary visual cortex,,,https://github.com/weallen/STARmap,reused,SpatialMap: Spatial Mapping of Unmeasured Gene Expression Profiles in Spatial Transcriptomic Data Using Generalized Linear Spatial Models,10.3389/fgene.2022.893522,2022,PMC9181802,literature_search,
OsmFISH dataset,cyclic smFISH,,mouse,mouse somatosensory cortex,,,http://linnarssonlab.org/osmFISH/,reused,SpatialMap: Spatial Mapping of Unmeasured Gene Expression Profiles in Spatial Transcriptomic Data Using Generalized Linear Spatial Models,10.3389/fgene.2022.893522,2022,PMC9181802,literature_search,
MERFISH dataset,MERFISH,spatial transcriptomics,mouse,preoptic region of the hypothalamus in mice,,,https://datadryad.org/stash/dataset/doi:10.5061/dryad.8t8s248,reused,SpatialMap: Spatial Mapping of Unmeasured Gene Expression Profiles in Spatial Transcriptomic Data Using Generalized Linear Spatial Models,10.3389/fgene.2022.893522,2022,PMC9181802,literature_search,
Developing human heart organ-wide ST dataset (Asp et al.),NGS-based ST (Visium precursor) and ISS-based ST,spatial transcriptomics,human,Developing heart (embryonic/fetal),,,,reused,Spatial Transcriptomics in Human Cardiac Tissue,10.3390/ijms26030995,2025,PMC11817049,literature_search,
Developing human heart MERFISH dataset (Farah et al.),MERFISH,spatial transcriptomics,human,Developing heart,,,,reused,Spatial Transcriptomics in Human Cardiac Tissue,10.3390/ijms26030995,2025,PMC11817049,literature_search,
Developing human heart Visium and ISS dataset (Lazar et al.),Visium and ISS,spatial transcriptomics,human,Developing heart,,,,reused,Spatial Transcriptomics in Human Cardiac Tissue,10.3390/ijms26030995,2025,PMC11817049,literature_search,
Human cardiac anatomical regions Visium dataset (Kanemaru et al.),10x Visium,spatial transcriptomics,human,Heart (8 anatomical regions),,,,reused,Spatial Transcriptomics in Human Cardiac Tissue,10.3390/ijms26030995,2025,PMC11817049,literature_search,
Epicardial adipose tissue and atrial tissue GeoMx DSP dataset (Vyas et al.),GeoMx,spatial transcriptomics,human,Epicardial adipose tissue and atrium,,,,reused,Spatial Transcriptomics in Human Cardiac Tissue,10.3390/ijms26030995,2025,PMC11817049,literature_search,
Human heart failure and fibrosis ST dataset (Amrute et al. / previous study),Spatial transcriptomics (referenced),spatial transcriptomics,human,"Cardiac tissue (healthy, acutely infarcted, and chronically failing hearts)",,,,reused,Spatial Transcriptomics in Human Cardiac Tissue,10.3390/ijms26030995,2025,PMC11817049,literature_search,
Human myocardial infarction spatial multi-omics dataset (Kuppe et al.),NGS-based ST,,human,Myocardial infarction heart tissue,,,,reused,Spatial Transcriptomics in Human Cardiac Tissue,10.3390/ijms26030995,2025,PMC11817049,literature_search,
Human ischemic heart disease ex vivo right atrial tissue dataset (Linna-Kuosmanen et al.),Visium and Molecular Cartography,spatial transcriptomics,human,Right atrial tissue,,,,reused,Spatial Transcriptomics in Human Cardiac Tissue,10.3390/ijms26030995,2025,PMC11817049,literature_search,
Coronary atherosclerotic plaque GeoMx DSP dataset (Gastanadui et al.),GeoMx,spatial transcriptomics,human,Coronary artery plaque (unstable plaques),,,,reused,Spatial Transcriptomics in Human Cardiac Tissue,10.3390/ijms26030995,2025,PMC11817049,literature_search,
Human dorsolateral prefrontal cortex (DLPFC) dataset,10x Visium,spatial transcriptomics,human,Dorsolateral prefrontal cortex,Alzheimer's disease,,,reused,Computational modeling for deciphering tissue microenvironment heterogeneity from spatially resolved transcriptomics,10.1016/j.csbj.2024.05.028,2024,PMC11126885,literature_search,
Invasive ductal carcinoma (IDC) dataset,,,,Invasive ductal carcinoma,Invasive ductal carcinoma,,,reused,Computational modeling for deciphering tissue microenvironment heterogeneity from spatially resolved transcriptomics,10.1016/j.csbj.2024.05.028,2024,PMC11126885,literature_search,
Mouse brain coronal and sagittal sections,,,mouse,Brain,,,,reused,Computational modeling for deciphering tissue microenvironment heterogeneity from spatially resolved transcriptomics,10.1016/j.csbj.2024.05.028,2024,PMC11126885,literature_search,
MERFISH mouse visual cortex dataset,MERFISH,spatial transcriptomics,mouse,Visual cortex,,,,reused,Computational modeling for deciphering tissue microenvironment heterogeneity from spatially resolved transcriptomics,10.1016/j.csbj.2024.05.028,2024,PMC11126885,literature_search,
10x Visium mouse brain sagittal anterior slice,10x Visium,spatial transcriptomics,mouse,Cortex,,,,reused,Computational modeling for deciphering tissue microenvironment heterogeneity from spatially resolved transcriptomics,10.1016/j.csbj.2024.05.028,2024,PMC11126885,literature_search,
E13 mouse embryo spatial ATAC-RNA-seq,spatial ATAC-RNA-seq,,mouse,embryo,normal,,GSE205055,generated,Spatial epigenome–transcriptome co-profiling of mammalian tissues,10.1038/s41586-023-05795-1,2023,PMC10076218,literature_search,
P21/P22 mouse brain spatial ATAC-RNA-seq and spatial CUT&Tag-RNA-seq,"spatial ATAC-RNA-seq, spatial CUT&Tag-RNA-seq",,mouse,"brain (coronal section, hippocampus, corpus callosum, striatum, cortex)",normal,,GSE205055,generated,Spatial epigenome–transcriptome co-profiling of mammalian tissues,10.1038/s41586-023-05795-1,2023,PMC10076218,literature_search,
Adult human brain spatial ATAC-RNA-seq,spatial ATAC-RNA-seq,,human,brain hippocampus,normal,,GSE205055,generated,Spatial epigenome–transcriptome co-profiling of mammalian tissues,10.1038/s41586-023-05795-1,2023,PMC10076218,literature_search,
Human dorsolateral prefrontal cortex data,Visium from 10x Genomics,spatial transcriptomics,human,dorsolateral prefrontal cortex,,12,http://spatial.libd.org/spatialLIBD/,reused,Spatially aware dimension reduction for spatial transcriptomics,10.1038/s41467-022-34879-1,2022,PMC9684472,literature_search,
Mouse cerebellum data,Slide-seq,spatial transcriptomics,mouse,cerebellum,,1,Broad Single Cell Portal ID SCP354,reused,Spatially aware dimension reduction for spatial transcriptomics,10.1038/s41467-022-34879-1,2022,PMC9684472,literature_search,
Mouse hippocampus data,Slide-seq,spatial transcriptomics,mouse,hippocampus,,1,https://singlecell.broadinstitute.org/single_cell/study/SCP815/sensitive-spatial-genome-wide-expression-profiling-at-cellular-resolution#study-summary,reused,Spatially aware dimension reduction for spatial transcriptomics,10.1038/s41467-022-34879-1,2022,PMC9684472,literature_search,
HER2-positive breast tumor data,spatial transcriptomics (ST) from 10x Genomics,spatial transcriptomics,human,breast tumor,HER2-positive breast tumor,8,https://github.com/almaan/her2st,reused,Spatially aware dimension reduction for spatial transcriptomics,10.1038/s41467-022-34879-1,2022,PMC9684472,literature_search,
MERFISH dataset,MERFISH,spatial transcriptomics,mouse,hypothalamus (preoptic region),,5,,reused,Spatially aware dimension reduction for spatial transcriptomics,10.1038/s41467-022-34879-1,2022,PMC9684472,literature_search,
Breast cancer spatial transcriptomics dataset,ST (legacy),spatial transcriptomics,human,breast tissue,breast cancer,,,reused,SpatialDB: a database for spatially resolved transcriptomes,10.1093/nar/gkz934,2020,PMC7145543,literature_search,
Prostate cancer spatial transcriptomics dataset,ST (legacy),spatial transcriptomics,human,prostate tissue,prostate cancer,,,reused,SpatialDB: a database for spatially resolved transcriptomes,10.1093/nar/gkz934,2020,PMC7145543,literature_search,
Slide-seq coronal hippocampus dataset,Slide-seq,spatial transcriptomics,mouse,coronal hippocampus,,,,reused,SpatialDB: a database for spatially resolved transcriptomes,10.1093/nar/gkz934,2020,PMC7145543,literature_search,
Slide-seq sagittal cerebellum dataset,Slide-seq,spatial transcriptomics,mouse,sagittal cerebellum,,,,reused,SpatialDB: a database for spatially resolved transcriptomes,10.1093/nar/gkz934,2020,PMC7145543,literature_search,
Slide-seq kidney dataset,Slide-seq,spatial transcriptomics,mouse,kidney,,,,reused,SpatialDB: a database for spatially resolved transcriptomes,10.1093/nar/gkz934,2020,PMC7145543,literature_search,
Slide-seq liver dataset,Slide-seq,spatial transcriptomics,mouse,liver,,,,reused,SpatialDB: a database for spatially resolved transcriptomes,10.1093/nar/gkz934,2020,PMC7145543,literature_search,
Slide-seq sagittal cortex dataset,Slide-seq,spatial transcriptomics,mouse,sagittal cortex,,,,reused,SpatialDB: a database for spatially resolved transcriptomes,10.1093/nar/gkz934,2020,PMC7145543,literature_search,
"PDAC neoadjuvant treatment tumor sections [perturbation: FOLFIRINOX chemotherapy followed by multifraction conformal radiotherapy with concurrent capecitabine or fluorouracil; 7 patients received losartan, and/or nivolumab]",NanoString GeoMx DSP,spatial transcriptomics,human,Pancreas,Pancreatic ductal adenocarcinoma,22,,reused,Dissecting the tumor microenvironment in response to immune checkpoint inhibitors via single-cell and spatial transcriptomics,10.1007/s10585-023-10246-2,2023,PMC11374862,literature_search,
Melanoma longitudinal tumor samples [perturbation: Intralesional TLR9 agonist + anti-PD-1],Tissue cyclic immunofluorescence,spatial proteomics,human,,Melanoma,37,,reused,Dissecting the tumor microenvironment in response to immune checkpoint inhibitors via single-cell and spatial transcriptomics,10.1007/s10585-023-10246-2,2023,PMC11374862,literature_search,
HCC neoadjuvant cabozantinib and nivolumab samples [perturbation: Cabozantinib + nivolumab],10x Visium,spatial transcriptomics,human,Liver,Hepatocellular carcinoma,7,,reused,Dissecting the tumor microenvironment in response to immune checkpoint inhibitors via single-cell and spatial transcriptomics,10.1007/s10585-023-10246-2,2023,PMC11374862,literature_search,
NSCLC macrophage infiltration samples [perturbation: ICI],NanoString GeoMx DSP,spatial transcriptomics,human,Lung,Non-small cell lung cancer,16,,reused,Dissecting the tumor microenvironment in response to immune checkpoint inhibitors via single-cell and spatial transcriptomics,10.1007/s10585-023-10246-2,2023,PMC11374862,literature_search,
Soft-tissue sarcomas PEMBROSARC trial cohort [perturbation: Pembrolizumab + low-dose cyclophosphamide],NanoString GeoMx DSP,spatial transcriptomics,human,,Soft-tissue sarcomas,6,,reused,Dissecting the tumor microenvironment in response to immune checkpoint inhibitors via single-cell and spatial transcriptomics,10.1007/s10585-023-10246-2,2023,PMC11374862,literature_search,
"RCC primary tumor sections [perturbation: Nivolumab, Nivolumab + Ipilimumab or tyrosine kinase VEGFR inhibitors]",10x Visium,spatial transcriptomics,human,Kidney,Renal cell cancer,24,,reused,Dissecting the tumor microenvironment in response to immune checkpoint inhibitors via single-cell and spatial transcriptomics,10.1007/s10585-023-10246-2,2023,PMC11374862,literature_search,
NSCLC tumor lesions with TLS and CAFs [perturbation: ICI],NanoString GeoMx DSP,spatial transcriptomics,human,Lung,Non-small cell lung cancer,6,,reused,Dissecting the tumor microenvironment in response to immune checkpoint inhibitors via single-cell and spatial transcriptomics,10.1007/s10585-023-10246-2,2023,PMC11374862,literature_search,
Medulloblastoma mouse model tumor interface [perturbation: Palbociclib],,,mouse,Brain,Medulloblastoma,1,,reused,Dissecting the tumor microenvironment in response to immune checkpoint inhibitors via single-cell and spatial transcriptomics,10.1007/s10585-023-10246-2,2023,PMC11374862,literature_search,
HCC tumor sections [perturbation: Anti-PD-1],10x Visium,spatial transcriptomics,human,Liver,Hepatocellular carcinoma,11,,reused,Dissecting the tumor microenvironment in response to immune checkpoint inhibitors via single-cell and spatial transcriptomics,10.1007/s10585-023-10246-2,2023,PMC11374862,literature_search,
HCC responder sample for cellular triads [perturbation: Cemiplimab or nivolumab],MERFISH,spatial transcriptomics,human,Liver,Hepatocellular carcinoma,1,,reused,Dissecting the tumor microenvironment in response to immune checkpoint inhibitors via single-cell and spatial transcriptomics,10.1007/s10585-023-10246-2,2023,PMC11374862,literature_search,
NSCLC immunotherapy response groups tumor and stroma ROIs [perturbation: ICI],NanoString GeoMx DSP,spatial transcriptomics,human,Lung,Non-small cell lung cancer,21,,reused,Dissecting the tumor microenvironment in response to immune checkpoint inhibitors via single-cell and spatial transcriptomics,10.1007/s10585-023-10246-2,2023,PMC11374862,literature_search,
NSCLC TMA spots [perturbation: ICI],NanoString GeoMx DSP,spatial transcriptomics,human,Lung,Non-small cell lung cancer,56,,reused,Dissecting the tumor microenvironment in response to immune checkpoint inhibitors via single-cell and spatial transcriptomics,10.1007/s10585-023-10246-2,2023,PMC11374862,literature_search,
Gastric cancer tumor samples [perturbation: ICI],NanoString GeoMx DSP,spatial transcriptomics,human,Stomach,Gastric cancer,12,,reused,Dissecting the tumor microenvironment in response to immune checkpoint inhibitors via single-cell and spatial transcriptomics,10.1007/s10585-023-10246-2,2023,PMC11374862,literature_search,
CROST Repository Spatial Transcriptomics Datasets,Sequencing-based and imaging-based spatial transcriptomics technologies (predominantly 10X Visium and others),spatial transcriptomics,"homo sapiens, mus musculus, danio rerio, gallus gallus, canis lupus familiaris, phalaenopsis aphrodite, rattus norvegicus","35 tissue types (including brain, liver, colorectal, etc.)","56 diseases (including cancers such as kidney cancer, liver cancer, melanoma, colorectal cancer, etc.)",1033,https://ngdc.cncb.ac.cn/crost,reused,CROST: a comprehensive repository of spatial transcriptomics,10.1093/nar/gkad782,2024,PMC10773281,literature_search,
Breast cancer ductal carcinoma samples,10x Visium,spatial transcriptomics,human,breast tumor,breast cancer,,,reused,Combining spatial transcriptomics with tissue morphology,10.1038/s41467-025-58989-8,2025,PMC12075478,literature_search,
Breast cancer patients dataset,spatial transcriptomics,spatial transcriptomics,human,breast tumor,breast cancer,23,,reused,Combining spatial transcriptomics with tissue morphology,10.1038/s41467-025-58989-8,2025,PMC12075478,literature_search,
HER2-positive breast cancer samples,spatial transcriptomics,spatial transcriptomics,human,breast tissue,HER2-positive breast cancer,32,,reused,Combining spatial transcriptomics with tissue morphology,10.1038/s41467-025-58989-8,2025,PMC12075478,literature_search,
Human squamous cell carcinoma dataset,spatial transcriptomics,spatial transcriptomics,human,squamous cell carcinoma,squamous cell carcinoma,,,reused,Combining spatial transcriptomics with tissue morphology,10.1038/s41467-025-58989-8,2025,PMC12075478,literature_search,
Mouse brain samples,10x Visium,spatial transcriptomics,mouse,brain,,,,reused,Combining spatial transcriptomics with tissue morphology,10.1038/s41467-025-58989-8,2025,PMC12075478,literature_search,
Human dorsolateral prefrontal cortex dataset,10x Visium,spatial transcriptomics,human,dorsolateral prefrontal cortex,,,,reused,Combining spatial transcriptomics with tissue morphology,10.1038/s41467-025-58989-8,2025,PMC12075478,literature_search,
MERFISH datasets (Pretraining),MERFISH,spatial transcriptomics,,,,,,reused,HEIST: A Graph Foundation Model for Spatial Transcriptomics and Proteomics Data,,2025,PMC12486056,literature_search,
Xenium datasets (Pretraining),10x Xenium,spatial transcriptomics,,,,,,reused,HEIST: A Graph Foundation Model for Spatial Transcriptomics and Proteomics Data,,2025,PMC12486056,literature_search,
Seattle Alzheimer's Brain Atlas (SEA-AD),,,,Brain,Alzheimer's Disease,,https://portal.brain-map.org/explore/seattle-alzheimers-disease,reused,HEIST: A Graph Foundation Model for Spatial Transcriptomics and Proteomics Data,,2025,PMC12486056,literature_search,
SEA-AD Spatial Transcriptomics Dataset,,,,Brain,Alzheimer's Disease,,,reused,HEIST: A Graph Foundation Model for Spatial Transcriptomics and Proteomics Data,,2025,PMC12486056,literature_search,
MERFISH Lung Cancer Dataset,MERFISH,spatial transcriptomics,,Lung,Cancer,,,reused,HEIST: A Graph Foundation Model for Spatial Transcriptomics and Proteomics Data,,2025,PMC12486056,literature_search,
Charville Proteomics Dataset,CODEX,spatial proteomics,,Colon,,,,reused,HEIST: A Graph Foundation Model for Spatial Transcriptomics and Proteomics Data,,2025,PMC12486056,literature_search,
UPMC Proteomics Dataset,CODEX,spatial proteomics,,Neck,,,,reused,HEIST: A Graph Foundation Model for Spatial Transcriptomics and Proteomics Data,,2025,PMC12486056,literature_search,
DFCI Proteomics Dataset,CODEX,spatial proteomics,,Neck,,,,reused,HEIST: A Graph Foundation Model for Spatial Transcriptomics and Proteomics Data,,2025,PMC12486056,literature_search,
Skin Cancer Dataset,MIBI-TOF,spatial proteomics,,Skin,Skin Cancer,,,reused,HEIST: A Graph Foundation Model for Spatial Transcriptomics and Proteomics Data,,2025,PMC12486056,literature_search,
Placenta Spatial Transcriptomics Dataset,10x Xenium,spatial transcriptomics,,Placenta,,,,reused,HEIST: A Graph Foundation Model for Spatial Transcriptomics and Proteomics Data,,2025,PMC12486056,literature_search,
LIBD human dorsolateral prefrontal cortex data (DLPFC),10x Visium,spatial transcriptomics,human,dorsolateral prefrontal cortex,,12,http://research.libd.org/spatialLIBD/,reused,Innovative super-resolution in spatial transcriptomics: a transformer model exploiting histology images and spatial gene expression,10.1093/bib/bbae052,2024,PMC10939304,literature_search,
Melanoma ST data,ST platform,,human,skin / melanoma,cutaneous malignant melanoma,,https://www.spatialresearch.org/wp-content/uploads/2019/03/ST-Melanoma-Datasets_1.zip,reused,Innovative super-resolution in spatial transcriptomics: a transformer model exploiting histology images and spatial gene expression,10.1093/bib/bbae052,2024,PMC10939304,literature_search,
Human epidermal growth factor receptor (HER) 2 amplified invasive ductal carcinoma (IDC) sample,10x Visium,spatial transcriptomics,human,breast,invasive ductal carcinoma (HER2+),,,reused,Innovative super-resolution in spatial transcriptomics: a transformer model exploiting histology images and spatial gene expression,10.1093/bib/bbae052,2024,PMC10939304,literature_search,
Mouse lung data [perturbation: immunization],10x Visium,spatial transcriptomics,mouse,lung,,4,,generated,Innovative super-resolution in spatial transcriptomics: a transformer model exploiting histology images and spatial gene expression,10.1093/bib/bbae052,2024,PMC10939304,literature_search,
HER2+ breast cancer dataset,10x Visium,spatial transcriptomics,human,breast,breast cancer,36,,reused,Innovative super-resolution in spatial transcriptomics: a transformer model exploiting histology images and spatial gene expression,10.1093/bib/bbae052,2024,PMC10939304,literature_search,
Stereo-seq mouse olfactory bulb data,Stereo-seq,spatial transcriptomics,mouse,olfactory bulb,,,,reused,Innovative super-resolution in spatial transcriptomics: a transformer model exploiting histology images and spatial gene expression,10.1093/bib/bbae052,2024,PMC10939304,literature_search,
Stereo-seq mouse lung data,Stereo-seq,spatial transcriptomics,mouse,lung,,,,reused,Innovative super-resolution in spatial transcriptomics: a transformer model exploiting histology images and spatial gene expression,10.1093/bib/bbae052,2024,PMC10939304,literature_search,
Xenium in situ human breast cancer block data,Xenium in situ / Visium / Chromium scFFPE-seq,spatial transcriptomics,human,breast,breast cancer (stage II-B),,,reused,Innovative super-resolution in spatial transcriptomics: a transformer model exploiting histology images and spatial gene expression,10.1093/bib/bbae052,2024,PMC10939304,literature_search,
E13 mouse embryo sagittal section (E13_50_μm_1),spatial-Mux-seq,,mouse,embryo,normal,,GSE263333,generated,"Multiplexed spatial mapping of chromatin features, transcriptome, and proteins in tissues",10.1101/2024.09.13.612892,2024,PMC11429933,literature_search,
E13 mouse embryo sagittal section replicate (E13_50_μm_2),spatial-Mux-seq,,mouse,embryo,normal,,GSE263333,generated,"Multiplexed spatial mapping of chromatin features, transcriptome, and proteins in tissues",10.1101/2024.09.13.612892,2024,PMC11429933,literature_search,
E13 mouse embryo sagittal section four-modal (E13_50_μm_3),spatial-Mux-seq,,mouse,embryo,normal,,GSE263333,generated,"Multiplexed spatial mapping of chromatin features, transcriptome, and proteins in tissues",10.1101/2024.09.13.612892,2024,PMC11429933,literature_search,
E13 mouse embryo hindbrain section near single-cell resolution (E13_20_μm),spatial-Mux-seq,,mouse,hindbrain,normal,,GSE263333,generated,"Multiplexed spatial mapping of chromatin features, transcriptome, and proteins in tissues",10.1101/2024.09.13.612892,2024,PMC11429933,literature_search,
P21 mouse hippocampus brain section (P21_20_μm),spatial-Mux-seq,,mouse,brain (hippocampus),normal,,GSE263333,generated,"Multiplexed spatial mapping of chromatin features, transcriptome, and proteins in tissues",10.1101/2024.09.13.612892,2024,PMC11429933,literature_search,
Adult mouse brain section 5-month EAE model (5M_20_μm) [perturbation: experimental autoimmune encephalomyelitis (EAE)],spatial-Mux-seq,,mouse,brain,experimental autoimmune encephalomyelitis (EAE),,GSE263333,generated,"Multiplexed spatial mapping of chromatin features, transcriptome, and proteins in tissues",10.1101/2024.09.13.612892,2024,PMC11429933,literature_search,
Mouse organogenesis cell atlas (MOCA) scRNA-seq dataset,scRNA-seq,,mouse,embryo,normal,,https://oncoscape.v3.sttrcancer.org/atlas.gs.washington.edu.mouse.rna/downloads,reused,"Multiplexed spatial mapping of chromatin features, transcriptome, and proteins in tissues",10.1101/2024.09.13.612892,2024,PMC11429933,literature_search,
ENCODE mouse embryo H3K27me3 and H3K27ac ChIP-seq datasets,ChIP-seq,,mouse,embryo,normal,,https://www.encodeproject.org/,reused,"Multiplexed spatial mapping of chromatin features, transcriptome, and proteins in tissues",10.1101/2024.09.13.612892,2024,PMC11429933,literature_search,
Mouse brain cell atlas scRNA-seq dataset,scRNA-seq,,mouse,brain,normal,,http://mousebrain.org/adolescent/downloads.html,reused,"Multiplexed spatial mapping of chromatin features, transcriptome, and proteins in tissues",10.1101/2024.09.13.612892,2024,PMC11429933,literature_search,
Allen Developing Mouse Brain Atlas In Situ Hybridization datasets,In Situ Hybridization,,mouse,brain,normal,,https://developingmouse.brain-map.org/,reused,"Multiplexed spatial mapping of chromatin features, transcriptome, and proteins in tissues",10.1101/2024.09.13.612892,2024,PMC11429933,literature_search,
Mouse visual cortex dataset (STAR-map),STAR-map,,mouse,visual cortex,,,,reused,SONAR enables cell type deconvolution with spatially weighted Poisson-Gamma model for spatial transcriptomics,10.1038/s41467-023-40458-9,2023,PMC10406862,literature_search,
Mouse hippocampus dataset (Slide-seqV2),Slide-seq,spatial transcriptomics,mouse,hippocampus,,,,reused,SONAR enables cell type deconvolution with spatially weighted Poisson-Gamma model for spatial transcriptomics,10.1038/s41467-023-40458-9,2023,PMC10406862,literature_search,
Developing human heart dataset,in situ sequencing,,human,heart,,,,reused,SONAR enables cell type deconvolution with spatially weighted Poisson-Gamma model for spatial transcriptomics,10.1038/s41467-023-40458-9,2023,PMC10406862,literature_search,
Human pancreatic ductal adenocarcinoma dataset (PDAC-A-1),ST technology,,human,pancreas,pancreatic ductal adenocarcinoma,,,reused,SONAR enables cell type deconvolution with spatially weighted Poisson-Gamma model for spatial transcriptomics,10.1038/s41467-023-40458-9,2023,PMC10406862,literature_search,
"Primary liver cancer dataset (HCC-1L, HCC-2L, HCC-3L, HCC-4L)",10x Visium platform,spatial transcriptomics,human,liver,primary liver cancer,4,,reused,SONAR enables cell type deconvolution with spatially weighted Poisson-Gamma model for spatial transcriptomics,10.1038/s41467-023-40458-9,2023,PMC10406862,literature_search,
Visium spatial transcriptomics human liver dataset,10x Genomics Visium Spatial Gene Expression Assay / Visium CytAssist,spatial transcriptomics,human,liver,biliary atresia with advanced fibrosis and histologically normal liver (from hepatoblastoma),2,,generated,Technical optimization of spatially resolved single-cell transcriptomic datasets to study clinical liver disease,10.1038/s41598-024-53993-2,2024,PMC10864257,literature_search,
Visium Spatial Gene Expression Dataset of Normal and Biliary Atresia Human Livers,10x Genomics Visium CytAssist / Visium Spatial Gene Expression Assay,spatial transcriptomics,human,Liver,Histologically normal (hepatoblastoma) and advanced fibrosis due to biliary atresia,2,https://usctransplantlab.shinyapps.io/BAliver/,generated,Technical optimization of spatially resolved single-cell transcriptomic datasets to study clinical liver disease,10.21203/rs.3.rs-3307940/v1,2023,PMC10503835,literature_search,
Human dorsolateral prefrontal cortex (DLPFC) dataset,10× Visium,spatial transcriptomics,human,Dorsolateral prefrontal cortex,,12,http://spatial.libd.org/spatialLIBD,reused,Network models for bridging denoising and identifying spatial domains of spatially resolved transcriptomics,10.1371/journal.pcbi.1013867,2026,PMC12799013,literature_search,
Mouse brain coronal and posterior sections,10× Visium,spatial transcriptomics,mouse,Brain,Brain anatomical reference (normal),,,reused,Network models for bridging denoising and identifying spatial domains of spatially resolved transcriptomics,10.1371/journal.pcbi.1013867,2026,PMC12799013,literature_search,
Human breast cancer dataset,10× Visium,spatial transcriptomics,human,Breast,Breast cancer,1,,reused,Network models for bridging denoising and identifying spatial domains of spatially resolved transcriptomics,10.1371/journal.pcbi.1013867,2026,PMC12799013,literature_search,
Mouse hypothalamic preoptic region MERFISH dataset,MERFISH,spatial transcriptomics,mouse,Hypothalamic preoptic region,,3,,reused,Network models for bridging denoising and identifying spatial domains of spatially resolved transcriptomics,10.1371/journal.pcbi.1013867,2026,PMC12799013,literature_search,
Mouse brain somatosensory cortex osmFISH dataset,osmFISH,spatial transcriptomics,mouse,Somatosensory cortex,,,,reused,Network models for bridging denoising and identifying spatial domains of spatially resolved transcriptomics,10.1371/journal.pcbi.1013867,2026,PMC12799013,literature_search,
Mouse visual cortex STARmap dataset,STARmap,spatial transcriptomics,mouse,Visual cortex,,,,reused,Network models for bridging denoising and identifying spatial domains of spatially resolved transcriptomics,10.1371/journal.pcbi.1013867,2026,PMC12799013,literature_search,
Mouse olfactory bulb Stereo-seq dataset,Stereo-seq,spatial transcriptomics,mouse,Olfactory bulb,,,,reused,Network models for bridging denoising and identifying spatial domains of spatially resolved transcriptomics,10.1371/journal.pcbi.1013867,2026,PMC12799013,literature_search,
Mouse embryo E9.5 Stereo-seq dataset,Stereo-seq,spatial transcriptomics,mouse,Embryo,,,,reused,Network models for bridging denoising and identifying spatial domains of spatially resolved transcriptomics,10.1371/journal.pcbi.1013867,2026,PMC12799013,literature_search,
Mouse breast cancer multi-batch dataset,10× Visium,spatial transcriptomics,mouse,Breast,,2,,reused,Network models for bridging denoising and identifying spatial domains of spatially resolved transcriptomics,10.1371/journal.pcbi.1013867,2026,PMC12799013,literature_search,
Human squamous cell carcinoma and breast carcinoma multimodal analysis dataset,spatial transcriptomics and multiplexed ion beam imaging,spatial transcriptomics,human,breast tissue,breast carcinoma,,,reused,Single-Cell RNA Sequencing with Spatial Transcriptomics of Cancer Tissues,10.3390/ijms23063042,2022,PMC8955933,literature_search,
Pancreatic ductal adenocarcinoma spatial transcriptomics dataset,microarray-based spatial transcriptomics,spatial transcriptomics,,pancreas,pancreatic ductal adenocarcinoma,,,reused,Single-Cell RNA Sequencing with Spatial Transcriptomics of Cancer Tissues,10.3390/ijms23063042,2022,PMC8955933,literature_search,
Cutaneous malignant melanoma spatial transcriptomics dataset,spatial transcriptomics,spatial transcriptomics,,skin,cutaneous malignant melanoma,,,reused,Single-Cell RNA Sequencing with Spatial Transcriptomics of Cancer Tissues,10.3390/ijms23063042,2022,PMC8955933,literature_search,
Prostate cancer spatial transcriptomics dataset,spatial transcriptomics,spatial transcriptomics,,prostate,prostate cancer,,,reused,Single-Cell RNA Sequencing with Spatial Transcriptomics of Cancer Tissues,10.3390/ijms23063042,2022,PMC8955933,literature_search,
Breast cancer spatial transcriptomics dataset,spatial transcriptomics,spatial transcriptomics,,breast,breast cancer,,,reused,Single-Cell RNA Sequencing with Spatial Transcriptomics of Cancer Tissues,10.3390/ijms23063042,2022,PMC8955933,literature_search,
Human dorsolateral prefrontal cortex (DLPFC) datasets,10x Visium,spatial transcriptomics,human,Dorsolateral prefrontal cortex,,12,,reused,Spatially informed graph transformers for spatially resolved transcriptomics,10.1038/s42003-025-08015-w,2025,PMC11972348,literature_search,
Somatosensory cortex osmFISH dataset,osmFISH,spatial transcriptomics,mouse,Somatosensory cortex,,1,,reused,Spatially informed graph transformers for spatially resolved transcriptomics,10.1038/s42003-025-08015-w,2025,PMC11972348,literature_search,
Liver Seq-Scope dataset,Seq-Scope,,,Liver,,1,,reused,Spatially informed graph transformers for spatially resolved transcriptomics,10.1038/s42003-025-08015-w,2025,PMC11972348,literature_search,
Triple-negative breast cancer ST dataset,ST,,human,Breast cancer tissue,Triple-negative breast cancer,1,,reused,Spatially informed graph transformers for spatially resolved transcriptomics,10.1038/s42003-025-08015-w,2025,PMC11972348,literature_search,
Mouse embryo Stereo-seq dataset,Stereo-seq,spatial transcriptomics,mouse,Mouse embryo,,1,,reused,Spatially informed graph transformers for spatially resolved transcriptomics,10.1038/s42003-025-08015-w,2025,PMC11972348,literature_search,
Mouse hippocampus Slide-seqV2 dataset,Slide-seq,spatial transcriptomics,mouse,Hippocampus,,1,,reused,Spatially informed graph transformers for spatially resolved transcriptomics,10.1038/s42003-025-08015-w,2025,PMC11972348,literature_search,
10x Visium Invasive Ductal Carcinoma slice,10x Visium,spatial transcriptomics,human,Breast tissue,Invasive Ductal Carcinoma,1,,reused,Spatially informed graph transformers for spatially resolved transcriptomics,10.1038/s42003-025-08015-w,2025,PMC11972348,literature_search,
MERSCOPE whole-brain atlas,MERFISH,,mouse,brain,healthy,,,reused,M IMYR : Generative modeling of missing tissue in spatial transcriptomics,10.1101/2025.11.24.690239,2025,PMC12697367,literature_search,
MERFISH whole-brain atlas,MERFISH,spatial transcriptomics,mouse,brain,healthy,,,reused,M IMYR : Generative modeling of missing tissue in spatial transcriptomics,10.1101/2025.11.24.690239,2025,PMC12697367,literature_search,
"Alzheimer's disease MERFISH dataset [perturbation: Trem2 R47H mutation, 5xFAD transgene, and Trem2 R47H ;5xFAD transgenic model]",MERFISH,spatial transcriptomics,mouse,brain,Alzheimer's disease,19,,reused,M IMYR : Generative modeling of missing tissue in spatial transcriptomics,10.1101/2025.11.24.690239,2025,PMC12697367,literature_search,
Spatial total RNA-sequencing of regenerating skeletal muscle (STRS) [perturbation: notexin injection injury],Visium Spatial Gene Expression (modified with STRS),spatial transcriptomics,mouse,Skeletal muscle (tibialis anterior),Skeletal muscle regeneration,,https://www.ncbi.nlm.nih.gov/geo/query/acc.cgi?acc=GSE200481,generated,Spatial mapping of the total transcriptome by in situ polyadenylation,10.1038/s41587-022-01517-6,2022,PMC10110464,literature_search,
Spatial total RNA-sequencing of REOV-infected heart tissue (STRS) [perturbation: type 1-Lang reovirus (REOV) oral gavage infection],Visium Spatial Gene Expression (modified with STRS),spatial transcriptomics,mouse,Heart,Viral-induced myocarditis,,https://www.ncbi.nlm.nih.gov/geo/query/acc.cgi?acc=GSE200481,generated,Spatial mapping of the total transcriptome by in situ polyadenylation,10.1038/s41587-022-01517-6,2022,PMC10110464,literature_search,
Regenerating skeletal muscle Visium dataset [perturbation: notexin injection injury],10x Visium,spatial transcriptomics,mouse,Skeletal muscle (tibialis anterior),Skeletal muscle regeneration,,https://www.ncbi.nlm.nih.gov/geo/query/acc.cgi?acc=GSE161318,reused,Spatial mapping of the total transcriptome by in situ polyadenylation,10.1038/s41587-022-01517-6,2022,PMC10110464,literature_search,
Infected heart tissue Visium dataset [perturbation: type 1-Lang reovirus (REOV) oral gavage infection],10x Visium,spatial transcriptomics,mouse,Heart,Viral-induced myocarditis,,https://www.ncbi.nlm.nih.gov/geo/query/acc.cgi?acc=GSE189636,reused,Spatial mapping of the total transcriptome by in situ polyadenylation,10.1038/s41587-022-01517-6,2022,PMC10110464,literature_search,
"Human lung cancer, para-cancer, and normal tissues spatial transcriptome dataset",Stereo-seq,spatial transcriptomics,human,lung,lung cancer,125,CNP0002374,generated,Clinical challenges of tissue preparation for spatial transcriptome,10.1002/ctm2.669,2022,PMC8792118,literature_search,
10x Visium human dorsolateral prefrontal cortex (DLPFC) data (Sample ID 151673),10x Visium,spatial transcriptomics,human,dorsolateral prefrontal cortex,healthy,1,https://research.libd.org/spatialLIBD/,reused,Uncover spatially informed variations for single-cell spatial transcriptomics with STew,10.1093/bioadv/vbae064,2024,PMC11142628,literature_search,
10x Visium Mouse Brain Sagittal Anterior dataset,10x Visium,spatial transcriptomics,mouse,brain,healthy,1,https://satijalab.org/seurat/articles/spatial_vignette.html,reused,Uncover spatially informed variations for single-cell spatial transcriptomics with STew,10.1093/bioadv/vbae064,2024,PMC11142628,literature_search,
Slide-seqV2 mouse hippocampus dataset,Slide-seq,spatial transcriptomics,mouse,hippocampus,healthy,1,https://singlecell.broadinstitute.org/single_cell/study/SCP815/highly-sensitive-spatial-transcriptomics-at-near-cellular-resolution-with-slide-seqv2#study-download,reused,Uncover spatially informed variations for single-cell spatial transcriptomics with STew,10.1093/bioadv/vbae064,2024,PMC11142628,literature_search,
Psoriasis skin ST dataset (Sample ID PP1),10x Genomics,,human,skin,psoriasis,1,GSE173706 and GSE225475,reused,Uncover spatially informed variations for single-cell spatial transcriptomics with STew,10.1093/bioadv/vbae064,2024,PMC11142628,literature_search,
Mouse main olfactory bulb (MOB) dataset,10x Visium,spatial transcriptomics,mouse,main olfactory bulb,healthy,1,https://jef.works/STdeconvolve/,reused,Uncover spatially informed variations for single-cell spatial transcriptomics with STew,10.1093/bioadv/vbae064,2024,PMC11142628,literature_search,
Mouse Brain Coronal single-cell resolution ST data,10x Xenium,spatial transcriptomics,mouse,brain,healthy,1,https://www.10xgenomics.com/datasets/fresh-frozen-mouse-brain-for-xenium-explorer-demo-1-standard,reused,Uncover spatially informed variations for single-cell spatial transcriptomics with STew,10.1093/bioadv/vbae064,2024,PMC11142628,literature_search,
Human dorsolateral prefrontal cortex dataset,10x Visium,spatial transcriptomics,human,Dorsolateral prefrontal cortex,,12,https://figshare.com/projects/stDGCC/186525,reused,Unraveling spatial domain characterization in spatially resolved transcriptomics with robust graph contrastive clustering,10.1093/bioinformatics/btae451,2024,PMC11272174,literature_search,
Mouse hippocampus dataset (Slide-seqV2),Slide-seq,spatial transcriptomics,mouse,Hippocampus,,,https://figshare.com/projects/stDGCC/186525,reused,Unraveling spatial domain characterization in spatially resolved transcriptomics with robust graph contrastive clustering,10.1093/bioinformatics/btae451,2024,PMC11272174,literature_search,
Mouse hippocampus dataset (Slide-seq),Slide-seq,spatial transcriptomics,mouse,Hippocampus,,,https://figshare.com/projects/stDGCC/186525,reused,Unraveling spatial domain characterization in spatially resolved transcriptomics with robust graph contrastive clustering,10.1093/bioinformatics/btae451,2024,PMC11272174,literature_search,
Mouse brain dataset (10x Visium),10x Visium,spatial transcriptomics,mouse,Brain,,,https://figshare.com/projects/stDGCC/186525,reused,Unraveling spatial domain characterization in spatially resolved transcriptomics with robust graph contrastive clustering,10.1093/bioinformatics/btae451,2024,PMC11272174,literature_search,
Xenium mouse brain dataset,10x Xenium,spatial transcriptomics,mouse,Brain,,,https://www.10xgenomics.com/datasets/fresh-frozen-mouse-brain-replicates-1-standard,reused,Unraveling spatial domain characterization in spatially resolved transcriptomics with robust graph contrastive clustering,10.1093/bioinformatics/btae451,2024,PMC11272174,literature_search,
CosMx mouse brain dataset,CosMx Mouse Neuroscience RNA panel,spatial transcriptomics,mouse,Brain,,,https://nanostring.com/,reused,Unraveling spatial domain characterization in spatially resolved transcriptomics with robust graph contrastive clustering,10.1093/bioinformatics/btae451,2024,PMC11272174,literature_search,
Vizgen MERFISH mouse brain dataset,MERFISH,spatial transcriptomics,mouse,Brain,,,https://vizgen.com/data-release-program/,reused,Unraveling spatial domain characterization in spatially resolved transcriptomics with robust graph contrastive clustering,10.1093/bioinformatics/btae451,2024,PMC11272174,literature_search,
MERFISH human osteosarcoma cell cycle dataset,MERFISH,spatial transcriptomics,human,Cultured cells,Osteosarcoma,3,https://figshare.com/projects/stDGCC/186525,reused,Unraveling spatial domain characterization in spatially resolved transcriptomics with robust graph contrastive clustering,10.1093/bioinformatics/btae451,2024,PMC11272174,literature_search,
Human lung cancer data,10x Visium,spatial transcriptomics,human,lung,squamous cell carcinoma,,https://www.10xgenomics.com/resources/datasets/human-lung-cancer-ffpe-2-standard,reused,Statistical identification of cell type-specific spatially variable genes in spatial transcriptomics,10.1038/s41467-025-56280-4,2025,PMC11770176,literature_search,
Human kidney cancer data,10x Visium,spatial transcriptomics,human,kidney,kidney cancer,2,https://data.mendeley.com/datasets/g67bkbnhhg/1,reused,Statistical identification of cell type-specific spatially variable genes in spatial transcriptomics,10.1038/s41467-025-56280-4,2025,PMC11770176,literature_search,
Mouse hippocampus data [perturbation: transgenic model (Alzheimer's model at 13 months of age)],STARmap-PLUS,spatial transcriptomics,mouse,hippocampus,Alzheimer's disease,,https://doi.org/10.5281/zenodo.14212866,reused,Statistical identification of cell type-specific spatially variable genes in spatial transcriptomics,10.1038/s41467-025-56280-4,2025,PMC11770176,literature_search,
Axolotl brain data,Stereo-seq,spatial transcriptomics,axolotl,brain,,,https://db.cngb.org/stomics/artista/download/,reused,Statistical identification of cell type-specific spatially variable genes in spatial transcriptomics,10.1038/s41467-025-56280-4,2025,PMC11770176,literature_search,
Dataset1_MERFISH,MERFISH,spatial transcriptomics,,,,,,reused,stDiff: a diffusion model for imputing spatial transcriptomics through single-cell transcriptomics,10.1093/bib/bbae171,2024,PMC11021815,literature_search,
Dataset2_osmFISH,osmFISH,spatial transcriptomics,,,,,,reused,stDiff: a diffusion model for imputing spatial transcriptomics through single-cell transcriptomics,10.1093/bib/bbae171,2024,PMC11021815,literature_search,
Dataset3_ExSeq,ExSeq,,,,,,,reused,stDiff: a diffusion model for imputing spatial transcriptomics through single-cell transcriptomics,10.1093/bib/bbae171,2024,PMC11021815,literature_search,
Dataset4,,,,,,,,reused,stDiff: a diffusion model for imputing spatial transcriptomics through single-cell transcriptomics,10.1093/bib/bbae171,2024,PMC11021815,literature_search,
Dataset5_MERFISH,MERFISH,spatial transcriptomics,,,,,,reused,stDiff: a diffusion model for imputing spatial transcriptomics through single-cell transcriptomics,10.1093/bib/bbae171,2024,PMC11021815,literature_search,
Dataset6_MERFISH,MERFISH,spatial transcriptomics,,,,,,reused,stDiff: a diffusion model for imputing spatial transcriptomics through single-cell transcriptomics,10.1093/bib/bbae171,2024,PMC11021815,literature_search,
Dataset7,,,,,,,,reused,stDiff: a diffusion model for imputing spatial transcriptomics through single-cell transcriptomics,10.1093/bib/bbae171,2024,PMC11021815,literature_search,
Dataset8_FISH,FISH,,,embryo tissue,,,,reused,stDiff: a diffusion model for imputing spatial transcriptomics through single-cell transcriptomics,10.1093/bib/bbae171,2024,PMC11021815,literature_search,
Dataset9,,,,,,,,reused,stDiff: a diffusion model for imputing spatial transcriptomics through single-cell transcriptomics,10.1093/bib/bbae171,2024,PMC11021815,literature_search,
Dataset10_seqFISH,seqFISH,spatial transcriptomics,,,,,,reused,stDiff: a diffusion model for imputing spatial transcriptomics through single-cell transcriptomics,10.1093/bib/bbae171,2024,PMC11021815,literature_search,
Dataset11,,,,,,,,reused,stDiff: a diffusion model for imputing spatial transcriptomics through single-cell transcriptomics,10.1093/bib/bbae171,2024,PMC11021815,literature_search,
Dataset12,,,,,,,,reused,stDiff: a diffusion model for imputing spatial transcriptomics through single-cell transcriptomics,10.1093/bib/bbae171,2024,PMC11021815,literature_search,
Dataset13,,,,,,,,reused,stDiff: a diffusion model for imputing spatial transcriptomics through single-cell transcriptomics,10.1093/bib/bbae171,2024,PMC11021815,literature_search,
Dataset14,,,,,,,,reused,stDiff: a diffusion model for imputing spatial transcriptomics through single-cell transcriptomics,10.1093/bib/bbae171,2024,PMC11021815,literature_search,
Dataset15,,,,,,,,reused,stDiff: a diffusion model for imputing spatial transcriptomics through single-cell transcriptomics,10.1093/bib/bbae171,2024,PMC11021815,literature_search,
Dataset16,,,,,,,,reused,stDiff: a diffusion model for imputing spatial transcriptomics through single-cell transcriptomics,10.1093/bib/bbae171,2024,PMC11021815,literature_search,
Normal brain spatial transcriptomics dataset,10x Visium,spatial transcriptomics,mouse,brain section,normal,,https://www.ncbi.nlm.nih.gov/geo/query/acc.cgi?acc=GSE199066,generated,Detection of differentially expressed genes in spatial transcriptomics data by spatial analysis of spatial transcriptomics: A novel method based on spatial statistics,10.3389/fnins.2022.1086168,2022,PMC9745188,literature_search,
Ischemic stroke brain spatial transcriptomics dataset [perturbation: occlusion of the distal middle cerebral artery (cortical stroke model)],10x Visium,spatial transcriptomics,mouse,brain section,ischemic stroke,3,https://www.ncbi.nlm.nih.gov/geo/query/acc.cgi?acc=GSE199067,generated,Detection of differentially expressed genes in spatial transcriptomics data by spatial analysis of spatial transcriptomics: A novel method based on spatial statistics,10.3389/fnins.2022.1086168,2022,PMC9745188,literature_search,
Human dorsolateral prefrontal cortex (DLPFC) datasets,10x Visium,spatial transcriptomics,human,Dorsolateral prefrontal cortex,,12,http://spatial.libd.org/spatialLIBD,reused,Spatially contrastive variational autoencoder for deciphering tissue heterogeneity from spatially resolved transcriptomics,10.1093/bib/bbae016,2024,PMC10849194,literature_search,
MIBI-TOF dataset,MIBI-TOF,spatial proteomics,,,,,https://github.com/scverse/squidpy,reused,Spatially contrastive variational autoencoder for deciphering tissue heterogeneity from spatially resolved transcriptomics,10.1093/bib/bbae016,2024,PMC10849194,literature_search,
osmFISH dataset of mouse somatosensory cortex,osmFISH,spatial transcriptomics,mouse,Somatosensory cortex,,,https://github.com/drieslab/spatial-datasets,reused,Spatially contrastive variational autoencoder for deciphering tissue heterogeneity from spatially resolved transcriptomics,10.1093/bib/bbae016,2024,PMC10849194,literature_search,
Mouse hippocampus data by Slide-seq V2,Slide-seq,spatial transcriptomics,mouse,Hippocampus,,1,https://singlecell.broadinstitute.org/single_cell/study/SCP815,reused,Spatially contrastive variational autoencoder for deciphering tissue heterogeneity from spatially resolved transcriptomics,10.1093/bib/bbae016,2024,PMC10849194,literature_search,
HER2-positive breast tumor data from ST platform,ST,,human,Breast tumor,HER2-positive breast tumor,,https://github.com/almaan/her2st,reused,Spatially contrastive variational autoencoder for deciphering tissue heterogeneity from spatially resolved transcriptomics,10.1093/bib/bbae016,2024,PMC10849194,literature_search,
Mouse Hippocampus seqFISH dataset,seqFISH,spatial transcriptomics,mouse,hippocampus,healthy,,https://content.cruk.cam.ac.uk/jmlab/SpatialMouseAtlas2020/,reused,TISSUE: uncertainty-calibrated prediction of single-cell spatial transcriptomics improves downstream analyses,10.1101/2023.04.25.538326,2023,PMC10168375,literature_search,
Mouse VISP MERFISH dataset,MERFISH,spatial transcriptomics,mouse,primary visual cortex,healthy,,https://github.com/spacetx-spacejam/data/,reused,TISSUE: uncertainty-calibrated prediction of single-cell spatial transcriptomics improves downstream analyses,10.1101/2023.04.25.538326,2023,PMC10168375,literature_search,
Mouse Prefrontal Cortex STARmap dataset,STARmap,spatial transcriptomics,mouse,prefrontal cortex,healthy,,https://www.starmapresources.com/data,reused,TISSUE: uncertainty-calibrated prediction of single-cell spatial transcriptomics improves downstream analyses,10.1101/2023.04.25.538326,2023,PMC10168375,literature_search,
Human Middle Temporal Gyrus ISS dataset,ISS,spatial transcriptomics,human,middle temporal gyrus,healthy,,https://github.com/spacetx-spacejam/data,reused,TISSUE: uncertainty-calibrated prediction of single-cell spatial transcriptomics improves downstream analyses,10.1101/2023.04.25.538326,2023,PMC10168375,literature_search,
Mouse VISP ISS dataset,ISS,spatial transcriptomics,mouse,primary visual cortex,healthy,,https://github.com/spacetx-spacejam/data,reused,TISSUE: uncertainty-calibrated prediction of single-cell spatial transcriptomics improves downstream analyses,10.1101/2023.04.25.538326,2023,PMC10168375,literature_search,
Drosophila Embryo FISH dataset,FISH,,drosophila,embryo,healthy,,https://github.com/rajewsky-lab/distmap,reused,TISSUE: uncertainty-calibrated prediction of single-cell spatial transcriptomics improves downstream analyses,10.1101/2023.04.25.538326,2023,PMC10168375,literature_search,
Mouse Somatosensory Cortex osmFISH dataset,osmFISH,spatial transcriptomics,mouse,somatosensory cortex,healthy,,http://linnarssonlab.org/osmFISH/,reused,TISSUE: uncertainty-calibrated prediction of single-cell spatial transcriptomics improves downstream analyses,10.1101/2023.04.25.538326,2023,PMC10168375,literature_search,
Mouse VISP ExSeq dataset,ExSeq,,mouse,primary visual cortex,healthy,,https://github.com/spacetx-spacejam/data,reused,TISSUE: uncertainty-calibrated prediction of single-cell spatial transcriptomics improves downstream analyses,10.1101/2023.04.25.538326,2023,PMC10168375,literature_search,
Mouse Gastrulation seqFISH dataset,seqFISH,spatial transcriptomics,mouse,embryo,healthy,,https://content.cruk.cam.ac.uk/jmlab/SpatialMouseAtlas2020/,reused,TISSUE: uncertainty-calibrated prediction of single-cell spatial transcriptomics improves downstream analyses,10.1101/2023.04.25.538326,2023,PMC10168375,literature_search,
Axolotl Telencephalon Stereo-seq dataset,Stereo-seq,spatial transcriptomics,axolotl,telencephalon,healthy,,https://db.cngb.org/stomics/artista/,reused,TISSUE: uncertainty-calibrated prediction of single-cell spatial transcriptomics improves downstream analyses,10.1101/2023.04.25.538326,2023,PMC10168375,literature_search,
Mouse Subventricular Zone MERFISH dataset,MERFISH,spatial transcriptomics,mouse,subventricular zone,healthy,2,,generated,TISSUE: uncertainty-calibrated prediction of single-cell spatial transcriptomics improves downstream analyses,10.1101/2023.04.25.538326,2023,PMC10168375,literature_search,
Mouse brain spatial transcriptomics dataset,10x Genomics Visium Spatial Gene Expression,spatial transcriptomics,mouse,brain,,,https://www.ncbi.nlm.nih.gov/bioproject/PRJNA775889,generated,Enabling automated and reproducible spatially resolved transcriptomics at scale,10.1016/j.heliyon.2022.e09651,2022,PMC9213715,literature_search,
STARmap PLUS Alzheimer's disease mouse model dataset,STARmap PLUS,spatial transcriptomics,mouse,brain,Alzheimer's disease,8,,reused,POPARI: Modeling multisample variation in spatial transcriptomics,10.1101/2025.05.08.652741,2025,PMC12132593,literature_search,
Slide-TCR-seq mouse thymus dataset,Slide-TCR-seq,spatial transcriptomics,mouse,thymus,aging (thymic involution),5,,reused,POPARI: Modeling multisample variation in spatial transcriptomics,10.1101/2025.05.08.652741,2025,PMC12132593,literature_search,
CosMx ovarian cancer dataset,CosMx spatial transcriptomics,spatial transcriptomics,human,adnexal tumor / ovary,tubo-ovarian high-grade serous carcinoma (HGSC),27,,reused,POPARI: Modeling multisample variation in spatial transcriptomics,10.1101/2025.05.08.652741,2025,PMC12132593,literature_search,
Mouse somatosensory cortex seqFISH+ dataset,seqFISH,spatial transcriptomics,mouse,Somatosensory cortex,,,,reused,Inference of cell-type composition and single-cell spatial maps from spatial transcriptomics data with SWOT,10.1038/s42003-025-09001-y,2025,PMC12630763,literature_search,
Mouse brain aging MERFISH dataset,MERFISH,spatial transcriptomics,mouse,Brain,Aging,,http://116.6.21.110:8090/share/3ca60300-e8bd-4d67-8b68-14267e428523,reused,Inference of cell-type composition and single-cell spatial maps from spatial transcriptomics data with SWOT,10.1038/s42003-025-09001-y,2025,PMC12630763,literature_search,
Mouse olfactory bulb Spatial Transcriptomics dataset,Spatial Transcriptomics,spatial transcriptomics,mouse,Olfactory bulb,,,,reused,Inference of cell-type composition and single-cell spatial maps from spatial transcriptomics data with SWOT,10.1038/s42003-025-09001-y,2025,PMC12630763,literature_search,
Mouse cerebellum Slide-seq dataset,Slide-seq,spatial transcriptomics,mouse,Cerebellum,,,,reused,Inference of cell-type composition and single-cell spatial maps from spatial transcriptomics data with SWOT,10.1038/s42003-025-09001-y,2025,PMC12630763,literature_search,
Human pancreatic ductal adenocarcinoma Spatial Transcriptomics dataset,Spatial Transcriptomics,spatial transcriptomics,human,Pancreas,Pancreatic ductal adenocarcinoma,10,,reused,Inference of cell-type composition and single-cell spatial maps from spatial transcriptomics data with SWOT,10.1038/s42003-025-09001-y,2025,PMC12630763,literature_search,
Tomato callus shoot regeneration spatial transcriptomic atlas [perturbation: dark treatment or inhibition of photosynthesis],"10x Genomics Visium, BMKMANU S1000, and Stereo-seq",spatial transcriptomics,tomato,callus shoot regeneration tissue,,,,reused,Harnessing Single-Cell and Spatial Transcriptomics for Crop Improvement,10.3390/plants13243476,2024,PMC11728591,literature_search,
Maize ear primordium spatial transcriptome map,Stereo-seq,spatial transcriptomics,maize,ear primordium,,,,reused,Harnessing Single-Cell and Spatial Transcriptomics for Crop Improvement,10.3390/plants13243476,2024,PMC11728591,literature_search,
Maize kernel spatial transcriptomics during filling stage,spatial transcriptomics (not further specified),spatial transcriptomics,maize,kernel during filling stage,,,,reused,Harnessing Single-Cell and Spatial Transcriptomics for Crop Improvement,10.3390/plants13243476,2024,PMC11728591,literature_search,
Peanut spatial transcriptome atlas,Stereo-seq,spatial transcriptomics,peanut,"roots, stems, hypocotyls, and pegs",,,,reused,Harnessing Single-Cell and Spatial Transcriptomics for Crop Improvement,10.3390/plants13243476,2024,PMC11728591,literature_search,
Soybean root nodule spatial transcriptomics atlas,Stereo-seq,spatial transcriptomics,soybean,root and nodule,,,,reused,Harnessing Single-Cell and Spatial Transcriptomics for Crop Improvement,10.3390/plants13243476,2024,PMC11728591,literature_search,
Human dorsolateral prefrontal cortex (DLPFC) spatial transcriptomics data,10x Visium,spatial transcriptomics,human,Dorsolateral prefrontal cortex,Neurotypical (neurotypical adult donors),12,https://github.com/LieberInstitute/spatialLIBD,reused,Enhancing spatial domain detection in spatial transcriptomics with EnSDD,10.1038/s42003-024-07001-y,2024,PMC11494180,literature_search,
Mouse brain coronal section,10x Visium,spatial transcriptomics,mouse,Brain (coronal region),,1,https://mouse.brain-map.org/static/atlas,reused,Enhancing spatial domain detection in spatial transcriptomics with EnSDD,10.1038/s42003-024-07001-y,2024,PMC11494180,literature_search,
Mouse brain sagittal anterior section,10x Visium,spatial transcriptomics,mouse,Brain (sagittal anterior region),,1,,reused,Enhancing spatial domain detection in spatial transcriptomics with EnSDD,10.1038/s42003-024-07001-y,2024,PMC11494180,literature_search,
Mouse brain sagittal posterior section,10x Visium,spatial transcriptomics,mouse,Brain (sagittal posterior region),,1,https://www.10xgenomics.com/resources/datasets/human-breast-cancer-block-a-section-1-1-standard-1-1-0,reused,Enhancing spatial domain detection in spatial transcriptomics with EnSDD,10.1038/s42003-024-07001-y,2024,PMC11494180,literature_search,
Human breast cancer block A section 1,10x Visium,spatial transcriptomics,human,Breast cancer tissue,Breast cancer,1,https://github.com/JinmiaoChenLab/SEDR_analyses/blob/master/data/BRCA1/metadata.tsv,reused,Enhancing spatial domain detection in spatial transcriptomics with EnSDD,10.1038/s42003-024-07001-y,2024,PMC11494180,literature_search,
Human prostate cancer spatial transcriptomics data,10x Visium,spatial transcriptomics,human,Prostate cancer tissue,Prostate cancer (adenocarcinoma with invasive carcinoma),1,https://www.10xgenomics.com/cn/datasets/human-prostate-cancer-adenocarcinoma-with-invasive-carcinoma-ffpe-1-standard-1-3-0,reused,Enhancing spatial domain detection in spatial transcriptomics with EnSDD,10.1038/s42003-024-07001-y,2024,PMC11494180,literature_search,
Human ovarian cancer data,10x Visium,spatial transcriptomics,human,Ovarian cancer tissue,Ovarian cancer,1,https://www.10xgenomics.com/cn/datasets/human-ovarian-cancer-1-standard,reused,Enhancing spatial domain detection in spatial transcriptomics with EnSDD,10.1038/s42003-024-07001-y,2024,PMC11494180,literature_search,
Human breast cancer scRNA-seq data,scRNA-seq (GEO: GSE176078),,human,Breast tissue,Breast cancer,,,reused,Enhancing spatial domain detection in spatial transcriptomics with EnSDD,10.1038/s42003-024-07001-y,2024,PMC11494180,literature_search,
Human prostate cancer scRNA-seq data,scRNA-seq,,human,Prostate tissue,Prostate cancer,,,reused,Enhancing spatial domain detection in spatial transcriptomics with EnSDD,10.1038/s42003-024-07001-y,2024,PMC11494180,literature_search,
Human ovarian cancer scRNA-seq data,scRNA-seq (GEO: GSE165897),,human,Ovarian tissue,Ovarian cancer (metastatic),,,reused,Enhancing spatial domain detection in spatial transcriptomics with EnSDD,10.1038/s42003-024-07001-y,2024,PMC11494180,literature_search,
Mouse olfactory bulb ST dataset,Spatial Transcriptomics v1.0,spatial transcriptomics,mouse,olfactory bulb,,12,https://www.spatialresearch.org,reused,Robust Spatial Cell‐Type Deconvolution with Qualitative Reference for Spatial Transcriptomics,10.1002/smtd.202401145,2025,PMC12103236,literature_search,
Human hepatocellular carcinoma Visium dataset,10x Visium,spatial transcriptomics,human,liver (tumor and tumor-adjacent regions),hepatocellular carcinoma,4,https://www.ncbi.nlm.nih.gov/sra?linkname=bioproject_sra_all&from_uid=858545,reused,Robust Spatial Cell‐Type Deconvolution with Qualitative Reference for Spatial Transcriptomics,10.1002/smtd.202401145,2025,PMC12103236,literature_search,
Mouse anterior brain Visium dataset,10x Visium,spatial transcriptomics,mouse,sagittal brain (anterior section),,1,https://support.10xgenomics.com/spatial-gene-expression/datasets/1.0.0/V1_Mouse_Brain_Sagittal_Anterior,reused,Robust Spatial Cell‐Type Deconvolution with Qualitative Reference for Spatial Transcriptomics,10.1002/smtd.202401145,2025,PMC12103236,literature_search,
Mouse posterior brain Visium dataset,10x Visium,spatial transcriptomics,mouse,sagittal brain (posterior section),,1,https://support.10xgenomics.com/spatial-gene-expression/datasets/1.0.0/V1_Mouse_Brain_Sagittal_Posterior,reused,Robust Spatial Cell‐Type Deconvolution with Qualitative Reference for Spatial Transcriptomics,10.1002/smtd.202401145,2025,PMC12103236,literature_search,
Baccin et al. Bone Marrow Niche ST,LCM-seq,,mouse,Femur / bone marrow,,39,,reused,Advances in Spatial Transcriptomics in Bone,10.1007/s11914-025-00949-8,2026,PMC12804215,literature_search,
Tower et al. Cranial Suture ST [perturbation: TrkA F592A mutant],10x Visium,spatial transcriptomics,mouse,Calvaria,,15,,reused,Advances in Spatial Transcriptomics in Bone,10.1007/s11914-025-00949-8,2026,PMC12804215,literature_search,
Piña et al. Embryonic Palate ST [perturbation: Embryonic development (E14.5 vs E15.5)],10x Visium,spatial transcriptomics,mouse,Embryo head / secondary palate,,6,,reused,Advances in Spatial Transcriptomics in Bone,10.1007/s11914-025-00949-8,2026,PMC12804215,literature_search,
Tilburg et al. Bone Marrow Megakaryocytes ST [perturbation: Aging (Young vs. old)],GeoMx,spatial transcriptomics,mouse,Femur / bone marrow,,2,,reused,Advances in Spatial Transcriptomics in Bone,10.1007/s11914-025-00949-8,2026,PMC12804215,literature_search,
Xiao et al. Femur Compartment ST,10x Visium,spatial transcriptomics,mouse,Femur,,2,,reused,Advances in Spatial Transcriptomics in Bone,10.1007/s11914-025-00949-8,2026,PMC12804215,literature_search,
Bian et al. Growth Plate ST [perturbation: Col2Cre; Adgrg6f/f knockout],10x Visium,spatial transcriptomics,mouse,Hindlimb / growth plate,,4,,reused,Advances in Spatial Transcriptomics in Bone,10.1007/s11914-025-00949-8,2026,PMC12804215,literature_search,
Zhang et al. Human Embryonic Limb ST,10x Visium,spatial transcriptomics,human,Embryonic limb,,5,,reused,Advances in Spatial Transcriptomics in Bone,10.1007/s11914-025-00949-8,2026,PMC12804215,literature_search,
Lawrence et al. Embryonic Spine ST,"Visium, CARTANA HS",spatial transcriptomics,human,Embryonic spine,,2,,reused,Advances in Spatial Transcriptomics in Bone,10.1007/s11914-025-00949-8,2026,PMC12804215,literature_search,
Gribaudo et al. Trunk Organoid ST,Tomo-seq,spatial transcriptomics,human,Trunk organoid,,5,,reused,Advances in Spatial Transcriptomics in Bone,10.1007/s11914-025-00949-8,2026,PMC12804215,literature_search,
To et al. Embryonic Limb and Cranium ST,"Visium CytAssist, CARTANA HS",spatial transcriptomics,human,Embryonic limb and cranium,,15,,reused,Advances in Spatial Transcriptomics in Bone,10.1007/s11914-025-00949-8,2026,PMC12804215,literature_search,
Ihle et al. Prostate Cancer Bone Metastasis ST,GeoMx,spatial transcriptomics,human,Bone tumor / metastasis,,6,,reused,Advances in Spatial Transcriptomics in Bone,10.1007/s11914-025-00949-8,2026,PMC12804215,literature_search,
Zhang et al. Chordoma ST,10x Visium,spatial transcriptomics,human,Chordoma (Primary and recurrent),,3,,reused,Advances in Spatial Transcriptomics in Bone,10.1007/s11914-025-00949-8,2026,PMC12804215,literature_search,
Lin et al. Osteoarthritis Femoral Head ST,Visium CytAssist,spatial transcriptomics,human,Femoral head / osteoarthritis,,1,,reused,Advances in Spatial Transcriptomics in Bone,10.1007/s11914-025-00949-8,2026,PMC12804215,literature_search,
Zheng & Guo Sacral Chordoma ST,10x Visium,spatial transcriptomics,human,Sacral chordoma,,2,,reused,Advances in Spatial Transcriptomics in Bone,10.1007/s11914-025-00949-8,2026,PMC12804215,literature_search,
"Tower et al. Digit Regeneration ST [perturbation: Digit amputation, aging, oxaloacetate treatment]",10x Visium,spatial transcriptomics,mouse,Digit,,11,,reused,Advances in Spatial Transcriptomics in Bone,10.1007/s11914-025-00949-8,2026,PMC12804215,literature_search,
"Jiang et al. Fracture Healing Metastatic Breast Cancer ST [perturbation: Femur osteotomy, MDA-MB-231 cell injection]",Visium CytAssist,spatial transcriptomics,mouse,Femur callus,,3,,reused,Advances in Spatial Transcriptomics in Bone,10.1007/s11914-025-00949-8,2026,PMC12804215,literature_search,
"Rios et al. NF1 Fracture Pseudarthrosis ST [perturbation: Tibia osteotomy, Postn-cre; Nf1 fl/- mutant]",10x Visium,spatial transcriptomics,mouse,Tibia,,5,,reused,Advances in Spatial Transcriptomics in Bone,10.1007/s11914-025-00949-8,2026,PMC12804215,literature_search,
"Wan et al. Calvarial Defect Biomaterial ST [perturbation: Calvarial defect, collagen/nanohydroxyapatite hydrogel treatment]",10x Visium,spatial transcriptomics,mouse,Calvaria,,9,,reused,Advances in Spatial Transcriptomics in Bone,10.1007/s11914-025-00949-8,2026,PMC12804215,literature_search,
"Mathavan et al. Femur Defect Loading ST [perturbation: Femur defect, mechanical loading]",10x Visium,spatial transcriptomics,mouse,Femur defect callus,,3,,reused,Advances in Spatial Transcriptomics in Bone,10.1007/s11914-025-00949-8,2026,PMC12804215,literature_search,
"Morice et al. Mandibular Fracture Osteochondrodysplasia ST [perturbation: Mandibular fracture, Fgfr3 N534K/+ mutation and FGFR antagonists]",GeoMx,spatial transcriptomics,mouse,Mandibula,,6,,reused,Advances in Spatial Transcriptomics in Bone,10.1007/s11914-025-00949-8,2026,PMC12804215,literature_search,
"Wang et al. Periosteum Progenitor Fracture Healing ST [perturbation: Femur osteotomy (d0, d5, d15 timepoints)]","Visium CytAssist, Visium HD",spatial transcriptomics,mouse,Femur defect,,4,,reused,Advances in Spatial Transcriptomics in Bone,10.1007/s11914-025-00949-8,2026,PMC12804215,literature_search,
Visium Spatial Gene Expression dataset of mouse brain sections (Space-TREX) [perturbation: In utero microinjection of lentiviral barcode library at E9.5],10x Genomics Visium Spatial Gene Expression Kit,spatial transcriptomics,mouse,forebrain (brain sections around AP -1.65 mm from bregma),,8,,generated,Clonal relations in the mouse brain revealed by single-cell and spatial transcriptomics,10.1038/s41593-022-01011-x,2022,PMC8904259,literature_search,
Madissoon and colleagues spatial transcriptomic dataset (bronchi samples) [perturbation: Cigarette smoking (current smoker vs. never-smoker)],Visium (10X Genomics),spatial transcriptomics,human,Lung (bronchi),never-smoker and current-smoker (including chronic obstructive pulmonary disease and idiopathic pulmonary fibrosis context referenced),6,E-MTAB-11640,reused,Airway Spatial Transcriptomics in Smoking,10.1101/2025.04.01.25325047,2025,PMC11998807,literature_search,
Human multiple sclerosis postmortem brain tissue spatial transcriptomics,,,human,brain,multiple sclerosis,,,reused,Application of spatial transcriptome technologies to neurological diseases,10.3389/fcell.2023.1142923,2023,PMC10020196,literature_search,
EAE mouse model brain tissue spatial transcriptomics [perturbation: experimental autoimmune encephalomyelitis development],,,mouse,brain,multiple sclerosis,,,reused,Application of spatial transcriptome technologies to neurological diseases,10.3389/fcell.2023.1142923,2023,PMC10020196,literature_search,
Human multiple sclerosis brain middle gray matter spatial transcriptomics,,,human,brain,multiple sclerosis,,,reused,Application of spatial transcriptome technologies to neurological diseases,10.3389/fcell.2023.1142923,2023,PMC10020196,literature_search,
Human and mouse ALS postmortem spinal cord tissue spatial transcriptomics,ST (legacy),spatial transcriptomics,human and mouse,spinal cord,amyotrophic lateral sclerosis,,,reused,Application of spatial transcriptome technologies to neurological diseases,10.3389/fcell.2023.1142923,2023,PMC10020196,literature_search,
Human ALS cortical tissue spatial transcriptomics,ST and Basescope,,human,cortex,amyotrophic lateral sclerosis,,,reused,Application of spatial transcriptome technologies to neurological diseases,10.3389/fcell.2023.1142923,2023,PMC10020196,literature_search,
Human postmortem substantia nigra pars compacta and ventral tegmental area dopamine neurons spatial transcriptomics,LCM-seq,,human,substantia nigra pars compacta and ventral tegmental area,Parkinson's disease,18,,reused,Application of spatial transcriptome technologies to neurological diseases,10.3389/fcell.2023.1142923,2023,PMC10020196,literature_search,
Human substantia nigra densa spatial transcriptomics,Slide-seq,spatial transcriptomics,human,substantia nigra densa,Parkinson's disease,,,reused,Application of spatial transcriptome technologies to neurological diseases,10.3389/fcell.2023.1142923,2023,PMC10020196,literature_search,
Mouse AD model hippocampus and olfactory bulb spatial transcriptomics [perturbation: transgenic AD model],ST (legacy),spatial transcriptomics,mouse,hippocampus and olfactory bulb,Alzheimer's disease,,,reused,Application of spatial transcriptome technologies to neurological diseases,10.3389/fcell.2023.1142923,2023,PMC10020196,literature_search,
APP NL-G-F mouse model amyloid plaque microenvironment spatial transcriptomics [perturbation: APP NL-G-F transgenic model],ST (legacy),spatial transcriptomics,mouse,brain,Alzheimer's disease,,,reused,Application of spatial transcriptome technologies to neurological diseases,10.3389/fcell.2023.1142923,2023,PMC10020196,literature_search,
Human middle temporal gyrus spatial transcriptomics,spatial transcriptomics and smFISH,spatial transcriptomics,human,middle temporal gyrus,Alzheimer's disease,,,reused,Application of spatial transcriptome technologies to neurological diseases,10.3389/fcell.2023.1142923,2023,PMC10020196,literature_search,
PSAPP mouse model INPP5D knockdown spatial transcriptomics [perturbation: INPP5D knockdown and PSAPP transgenic model],,,mouse,brain,Alzheimer's disease,,,reused,Application of spatial transcriptome technologies to neurological diseases,10.3389/fcell.2023.1142923,2023,PMC10020196,literature_search,
INPP5D-haploinsufficient mouse model amyloid plaque-associated microglia spatial transcriptomics [perturbation: INPP5D haploinsufficiency],,,mouse,brain,Alzheimer's disease,,,reused,Application of spatial transcriptome technologies to neurological diseases,10.3389/fcell.2023.1142923,2023,PMC10020196,literature_search,
Human dorsolateral prefrontal cortex spatial gene expression profile,,,human,dorsolateral prefrontal cortex,neuropsychiatric disorders,,,reused,Application of spatial transcriptome technologies to neurological diseases,10.3389/fcell.2023.1142923,2023,PMC10020196,literature_search,
Human hippocampal dentate gyrus granular cell layer spatial transcriptomics,LCM-seq,,human,hippocampal dentate gyrus granular cell layer,schizophrenia,,,reused,Application of spatial transcriptome technologies to neurological diseases,10.3389/fcell.2023.1142923,2023,PMC10020196,literature_search,
Mouse model brain heme response signature spatial transcriptomics [perturbation: heme injection and hemopexin supplementation],ST (legacy),spatial transcriptomics,mouse,brain,intracranial hemorrhage,,,reused,Application of spatial transcriptome technologies to neurological diseases,10.3389/fcell.2023.1142923,2023,PMC10020196,literature_search,
Mouse epilepsy model hippocampal regional transcriptome [perturbation: epilepsy model and Maraviroc treatment],10x Genomics spatial transcriptomics,spatial transcriptomics,mouse,hippocampus,epilepsy,,,reused,Application of spatial transcriptome technologies to neurological diseases,10.3389/fcell.2023.1142923,2023,PMC10020196,literature_search,
Human temporal lobe epilepsy memory subregions spatial transcriptomics,,,human,hippocampus and neocortex,temporal lobe epilepsy,,,reused,Application of spatial transcriptome technologies to neurological diseases,10.3389/fcell.2023.1142923,2023,PMC10020196,literature_search,
Rat glioma model peritumoral region spatial transcriptomics,LCM-seq,,rat,brain peritumoral region,glioma-associated epilepsy,,,reused,Application of spatial transcriptome technologies to neurological diseases,10.3389/fcell.2023.1142923,2023,PMC10020196,literature_search,
E11 mouse embryo Spatial-DMT dataset,Spatial-DMT,,mouse,embryo,normal,2,GSE270498,generated,Spatial joint profiling of DNA methylome and transcriptome in mammalian tissues,10.1101/2025.07.01.662607,2025,PMC12236673,literature_search,
E13 mouse embryo Spatial-DMT dataset,Spatial-DMT,,mouse,embryo,normal,1,GSE270498,generated,Spatial joint profiling of DNA methylome and transcriptome in mammalian tissues,10.1101/2025.07.01.662607,2025,PMC12236673,literature_search,
P21 mouse brain Spatial-DMT dataset,Spatial-DMT,,mouse,brain,normal,1,GSE270498,generated,Spatial joint profiling of DNA methylome and transcriptome in mammalian tissues,10.1101/2025.07.01.662607,2025,PMC12236673,literature_search,
E13 mouse embryo spatial-ATAC-RNA-seq reference dataset,spatial-ATAC-RNA-seq,,mouse,embryo,normal,,,reused,Spatial joint profiling of DNA methylome and transcriptome in mammalian tissues,10.1101/2025.07.01.662607,2025,PMC12236673,literature_search,
Mouse Olfactory Bulb scRNA-seq and ST dataset,Sequencing-based ST / scRNA-seq,,mouse,olfactory bulb,,,https://www.ncbi.nlm.nih.gov/geo/query/acc.cgi?acc=GSE121891,reused,Spatial pattern enhanced cellular and tissue recognition for spatial transcriptomics,10.1093/nargab/lqaf106,2025,PMC12311794,literature_search,
E16.5 mouse brain Stereo-seq dataset,Stereo-seq,spatial transcriptomics,mouse,brain,,,https://db.cngb.org/stomics/mosta/download/,reused,Spatial pattern enhanced cellular and tissue recognition for spatial transcriptomics,10.1093/nargab/lqaf106,2025,PMC12311794,literature_search,
Mouse medial preoptic area MERFISH dataset,MERFISH,spatial transcriptomics,mouse,medial preoptic area (hypothalamus),,,https://datadryad.org/dataset/doi:10.5061/dryad.8t8s248,reused,Spatial pattern enhanced cellular and tissue recognition for spatial transcriptomics,10.1093/nargab/lqaf106,2025,PMC12311794,literature_search,
Human dorsolateral prefrontal cortex Visium dataset,10x Visium,spatial transcriptomics,human,dorsolateral prefrontal cortex,,12,https://research.libd.org/spatialLIBD/,reused,Spatial pattern enhanced cellular and tissue recognition for spatial transcriptomics,10.1093/nargab/lqaf106,2025,PMC12311794,literature_search,
Adult mouse brain coronal section Visium dataset,10x Visium,spatial transcriptomics,mouse,brain,,,https://support.10xgenomics.com/spatial-gene-expression/datasets/1.1.0/V1_Adult_Mouse_Brain,reused,Spatial pattern enhanced cellular and tissue recognition for spatial transcriptomics,10.1093/nargab/lqaf106,2025,PMC12311794,literature_search,
Alzheimer's disease mouse hippocampus Slide-seq V2 dataset [perturbation: Alzheimer's disease model],Slide-seq,spatial transcriptomics,mouse,hippocampus,Alzheimer's disease,,https://singlecell.broadinstitute.org/single_cell/study/SCP1663,reused,Spatial pattern enhanced cellular and tissue recognition for spatial transcriptomics,10.1093/nargab/lqaf106,2025,PMC12311794,literature_search,
E11 mouse embryo lower body DBiT-seq dataset,DBiT-seq,spatial transcriptomics,mouse,embryo lower body,,,https://www.ncbi.nlm.nih.gov/geo/query/acc.cgi?acc=GSE137986,reused,Spatial pattern enhanced cellular and tissue recognition for spatial transcriptomics,10.1093/nargab/lqaf106,2025,PMC12311794,literature_search,
Human embryonic limb 10x Visium dataset,10x Visium,spatial transcriptomics,human,hindlimb,,,https://limb-dev.cellgeni.sanger.ac.uk/,reused,Spatial pattern enhanced cellular and tissue recognition for spatial transcriptomics,10.1093/nargab/lqaf106,2025,PMC12311794,literature_search,
Melanoma tumor sample,10x Visium,spatial transcriptomics,human,Skin,Melanoma,,,reused,Region-specific denoising identifies spatial co-expression patterns and intra-tissue heterogeneity in spatially resolved transcriptomics data,10.1038/s41467-022-34567-0,2022,PMC9663444,literature_search,
Prostate cancer sample,10x Visium,spatial transcriptomics,human,Prostate,Prostate Cancer,,,reused,Region-specific denoising identifies spatial co-expression patterns and intra-tissue heterogeneity in spatially resolved transcriptomics data,10.1038/s41467-022-34567-0,2022,PMC9663444,literature_search,
Alzheimer's disease mouse brain sample [perturbation: App NL-G-F transgenic model],10x Visium,spatial transcriptomics,mouse,Brain,Alzheimer's Disease,,,reused,Region-specific denoising identifies spatial co-expression patterns and intra-tissue heterogeneity in spatially resolved transcriptomics data,10.1038/s41467-022-34567-0,2022,PMC9663444,literature_search,
Wild-type mouse brain sample,10x Visium,spatial transcriptomics,mouse,Brain,Healthy,,,reused,Region-specific denoising identifies spatial co-expression patterns and intra-tissue heterogeneity in spatially resolved transcriptomics data,10.1038/s41467-022-34567-0,2022,PMC9663444,literature_search,
Human Prostate Cancer Acinar Cell Carcinoma (FFPE),10x Visium,spatial transcriptomics,human,Prostate,Prostate Cancer,,,reused,Region-specific denoising identifies spatial co-expression patterns and intra-tissue heterogeneity in spatially resolved transcriptomics data,10.1038/s41467-022-34567-0,2022,PMC9663444,literature_search,
Human Breast Cancer Block A Section 1,10x Visium,spatial transcriptomics,human,Breast,Breast Cancer,,,reused,Region-specific denoising identifies spatial co-expression patterns and intra-tissue heterogeneity in spatially resolved transcriptomics data,10.1038/s41467-022-34567-0,2022,PMC9663444,literature_search,
Human Breast Cancer Block A Section 2,10x Visium,spatial transcriptomics,human,Breast,Breast Cancer,,,reused,Region-specific denoising identifies spatial co-expression patterns and intra-tissue heterogeneity in spatially resolved transcriptomics data,10.1038/s41467-022-34567-0,2022,PMC9663444,literature_search,
"Human Breast Cancer Ductal Carcinoma In Situ, Invasive Carcinoma (FFPE)",10x Visium,spatial transcriptomics,human,Breast,Breast Cancer,,,reused,Region-specific denoising identifies spatial co-expression patterns and intra-tissue heterogeneity in spatially resolved transcriptomics data,10.1038/s41467-022-34567-0,2022,PMC9663444,literature_search,
Human Prostate Cancer Adenocarcinoma (FFPE),10x Visium,spatial transcriptomics,human,Prostate,Prostate Cancer,,,reused,Region-specific denoising identifies spatial co-expression patterns and intra-tissue heterogeneity in spatially resolved transcriptomics data,10.1038/s41467-022-34567-0,2022,PMC9663444,literature_search,
Invasive Ductal Carcinoma Stained With Fluorescent CD3 Antibody,10x Visium,spatial transcriptomics,human,Breast,Breast Cancer,,,reused,Region-specific denoising identifies spatial co-expression patterns and intra-tissue heterogeneity in spatially resolved transcriptomics data,10.1038/s41467-022-34567-0,2022,PMC9663444,literature_search,
Human Ovarian Cancer Whole Transcriptome Analysis,10x Visium,spatial transcriptomics,human,Ovary,Ovarian Cancer,,,reused,Region-specific denoising identifies spatial co-expression patterns and intra-tissue heterogeneity in spatially resolved transcriptomics data,10.1038/s41467-022-34567-0,2022,PMC9663444,literature_search,
Human Glioblastoma Whole Transcriptome Analysis,10x Visium,spatial transcriptomics,human,Brain,Glioblastoma,,,reused,Region-specific denoising identifies spatial co-expression patterns and intra-tissue heterogeneity in spatially resolved transcriptomics data,10.1038/s41467-022-34567-0,2022,PMC9663444,literature_search,
Human Colorectal Cancer Whole Transcriptome Analysis,10x Visium,spatial transcriptomics,human,Colorectal,Colorectal Cancer,,,reused,Region-specific denoising identifies spatial co-expression patterns and intra-tissue heterogeneity in spatially resolved transcriptomics data,10.1038/s41467-022-34567-0,2022,PMC9663444,literature_search,
Human Dorsal Frontal Cortex datasets,10x Visium,spatial transcriptomics,human,Brain (Dorsolateral Prefrontal Cortex),,12,https://www.ncbi.nlm.nih.gov/geo/query/acc.cgi?acc=GSE152506,reused,Region-specific denoising identifies spatial co-expression patterns and intra-tissue heterogeneity in spatially resolved transcriptomics data,10.1038/s41467-022-34567-0,2022,PMC9663444,literature_search,
CosMx spatial transcriptomics dataset of pre-treatment metastatic melanoma samples [perturbation: immunotherapy],CosMx,spatial transcriptomics,,,metastatic melanoma,,,reused,SORBET: Automated cell-neighborhood analysis of spatial transcriptomics or proteomics for interpretable sample classification via GNN,10.1101/2023.12.30.573739,2025,PMC10802254,literature_search,
Imaging Mass Cytometry (IMC) dataset of Non-Small Cell Lung Cancer samples,Imaging Mass Cytometry (IMC),spatial proteomics,,Non-Small Cell Lung Cancer,Non-Small Cell Lung Cancer,,,reused,SORBET: Automated cell-neighborhood analysis of spatial transcriptomics or proteomics for interpretable sample classification via GNN,10.1101/2023.12.30.573739,2025,PMC10802254,literature_search,
Co-detection by indexing (CODEX) dataset of Colorectal Cancer samples,Co-detection by indexing (CODEX),spatial proteomics,,Colorectal Cancer,Colorectal Cancer,,,reused,SORBET: Automated cell-neighborhood analysis of spatial transcriptomics or proteomics for interpretable sample classification via GNN,10.1101/2023.12.30.573739,2025,PMC10802254,literature_search,
Mouse brain tissue dataset (technical analysis),Visium Gene Expression / Visium Tissue Optimization and MALDI-MSI,spatial transcriptomics,mouse,brain (striatum),healthy,4,,generated,Spatial multimodal analysis of transcriptomes and metabolomes in tissues,10.1038/s41587-023-01937-y,2023,PMC11251988,literature_search,
Mouse Parkinson's disease model brain dataset [perturbation: 6-hydroxydopamine (6-OHDA) lesion in the median forebrain bundle],Visium Gene Expression and MALDI-MSI,spatial transcriptomics,mouse,brain (substantia nigra and striatum),Parkinson's disease,3,,generated,Spatial multimodal analysis of transcriptomes and metabolomes in tissues,10.1038/s41587-023-01937-y,2023,PMC11251988,literature_search,
Human postmortem Parkinson's disease brain dataset,Visium Spatial Gene Expression and MALDI-MSI,spatial transcriptomics,human,brain (striatum / caudate nucleus),Parkinson's disease,1,,generated,Spatial multimodal analysis of transcriptomes and metabolomes in tissues,10.1038/s41587-023-01937-y,2023,PMC11251988,literature_search,
Human caudate nucleus snRNA-seq dataset (deconvolution reference),snRNA-seq,,human,brain (caudate nucleus),Parkinson's disease,,GSE178265,reused,Spatial multimodal analysis of transcriptomes and metabolomes in tissues,10.1038/s41587-023-01937-y,2023,PMC11251988,literature_search,
Human myocardial infarction Visium datasets [perturbation: myocardial infarction / ischemia],10x Visium,spatial transcriptomics,human,heart,heart failure,6,,reused,Thor: a platform for cell-level investigation of spatial transcriptomics and histology,10.1038/s41467-025-62593-1,2025,PMC12325965,literature_search,
Post-LVAD human heart failure Visium datasets [perturbation: LVAD implantation (mechanical circulatory support)],10x Visium,spatial transcriptomics,human,heart,heart failure,2,,generated,Thor: a platform for cell-level investigation of spatial transcriptomics and histology,10.1038/s41467-025-62593-1,2025,PMC12325965,literature_search,
Human breast cancer Xenium & Visium datasets,Xenium & Visium,spatial transcriptomics,human,breast,breast cancer,,,reused,Thor: a platform for cell-level investigation of spatial transcriptomics and histology,10.1038/s41467-025-62593-1,2025,PMC12325965,literature_search,
Human ductal carcinoma in situ Visium dataset,10x Visium,spatial transcriptomics,human,breast,ductal carcinoma in situ (DCIS),,,reused,Thor: a platform for cell-level investigation of spatial transcriptomics and histology,10.1038/s41467-025-62593-1,2025,PMC12325965,literature_search,
Human healthy heart sample Visium dataset,10x Visium,spatial transcriptomics,human,heart,healthy / control,12,,reused,Thor: a platform for cell-level investigation of spatial transcriptomics and histology,10.1038/s41467-025-62593-1,2025,PMC12325965,literature_search,
Human bladder cancer Visium HD dataset,10x Visium HD,spatial transcriptomics,human,bladder,bladder cancer,,,generated,Thor: a platform for cell-level investigation of spatial transcriptomics and histology,10.1038/s41467-025-62593-1,2025,PMC12325965,literature_search,
Mouse olfactory bulb Visium dataset,10x Visium,spatial transcriptomics,mouse,olfactory bulb,normal,,,reused,Thor: a platform for cell-level investigation of spatial transcriptomics and histology,10.1038/s41467-025-62593-1,2025,PMC12325965,literature_search,
Mouse brain MERFISH dataset,MERFISH,spatial transcriptomics,mouse,brain (hippocampus region),normal,,,reused,Thor: a platform for cell-level investigation of spatial transcriptomics and histology,10.1038/s41467-025-62593-1,2025,PMC12325965,literature_search,
HER2-positive breast tumors dataset,,,human,breast tumor,HER2-positive breast cancer,8,https://github.com/almaan/her2st,reused,TransST: Transfer Learning Embedded Spatial Factor Modeling of Spatial Transcriptomics Data,,2025,PMC12047910,literature_search,
Human dorsolateral prefrontal cortex (DLPFC) dataset,10x Visium,spatial transcriptomics,human,dorsolateral prefrontal cortex (brain),neurotypical adult (postmortem),12,https://github.com/LieberInstitute/spatialLIBD,reused,TransST: Transfer Learning Embedded Spatial Factor Modeling of Spatial Transcriptomics Data,,2025,PMC12047910,literature_search,
Mouse embryos dataset,sequential fluorescence in situ hybridization (seqFISH),spatial transcriptomics,mouse,embryo,,3,https://content.cruk.cam.ac.uk/jmlab/SpatialMouseAtlas2020/,reused,TransST: Transfer Learning Embedded Spatial Factor Modeling of Spatial Transcriptomics Data,,2025,PMC12047910,literature_search,
Squamous cell carcinoma (ST-SCC) dataset,,,human,skin / cutaneous,Cutaneous squamous cell carcinoma (cSCC),1,https://github.com/drieslab/spatial-datasets/tree/master/data/2020_ST_SCC,reused,TransST: Transfer Learning Embedded Spatial Factor Modeling of Spatial Transcriptomics Data,,2025,PMC12047910,literature_search,
Human femoral head spatial transcriptomics dataset,10X Visium CytAssist Spatial Gene Expression for FFPE,spatial transcriptomics,human,femoral head (bone and bone marrow),osteoarthritis,1,GSE284089,generated,Mapping the spatial atlas of the human bone tissue integrating spatial and single-cell transcriptomics,10.1093/nar/gkae1298,2025,PMC11736439,literature_search,
Human femoral head single-cell RNA sequencing dataset,scRNA-seq,,human,femoral head,osteoarthritis and osteoporosis,4,GSE169396,reused,Mapping the spatial atlas of the human bone tissue integrating spatial and single-cell transcriptomics,10.1093/nar/gkae1298,2025,PMC11736439,literature_search,
Spatial transcriptomic maps of young and old mouse brains,Visium Spatial Gene Expression (10X Genomics),spatial transcriptomics,mouse,brain,aging,4,https://www.ncbi.nlm.nih.gov/geo/query/acc.cgi?&acc=GSE193107,generated,Spatially resolved transcriptome of the aging mouse brain,10.1111/acel.14109,2024,PMC11113349,literature_search,
"Spatial transcriptomics of mouse femur fracture healing sites (Control and Loaded) [perturbation: femoral osteotomies with external fixator and cyclical mechanical loading (0 N sham-loading for control, 8 to 16 N for loaded)]",Visium Spatial Gene Expression for FFPE assay,spatial transcriptomics,mouse,femur bone tissue,fracture healing,2,GSE263658,generated,Spatial transcriptomics in bone mechanomics: Exploring the mechanoregulation of fracture healing in the era of spatial omics,10.1126/sciadv.adp8496,2025,PMC11694773,literature_search,
Non-small cell lung cancer brain metastasis ST dataset,,,human,Brain metastasis tissue (tumor samples),Non-small cell lung cancer,44,,reused,Spatial Transcriptomics: A Powerful Tool in Disease Understanding and Drug Discovery,10.7150/thno.95908,2024,PMC11103497,literature_search,
COVID-19 lung tissue ST dataset,,,human,Lung tissue,COVID-19 pneumonitis,3,,reused,Spatial Transcriptomics: A Powerful Tool in Disease Understanding and Drug Discovery,10.7150/thno.95908,2024,PMC11103497,literature_search,
Human cutaneous melanoma ST dataset,10x Genomics,,human,Cutaneous melanoma tissue,Cutaneous melanoma,,,reused,Spatial Transcriptomics: A Powerful Tool in Disease Understanding and Drug Discovery,10.7150/thno.95908,2024,PMC11103497,literature_search,
MIST (Multi-scale dataset for Image-based Spatial Transcriptomics),,,,17 tissue types across 49 donors,,,,generated,Spatia: Multimodal Model for Prediction and Generation of Spatial Cell Phenotypes,,2025,PMC12265593,literature_search,
Multiple Sclerosis (MS) dataset,,,,Brain / Aortic tissue,Multiple Sclerosis,,,reused,Spatia: Multimodal Model for Prediction and Generation of Spatial Cell Phenotypes,,2025,PMC12265593,literature_search,
scRNAseq data,scRNA-seq,,,,,,,reused,Spatia: Multimodal Model for Prediction and Generation of Spatial Cell Phenotypes,,2025,PMC12265593,literature_search,
BCNB dataset,,,,Breast,Invasive breast cancer,,,reused,Spatia: Multimodal Model for Prediction and Generation of Spatial Cell Phenotypes,,2025,PMC12265593,literature_search,
HEST-Bench,,,,"IDC, PAAD, SKCM, COAD, LUAD","Cancer (IDC, PAAD, SKCM, COAD, LUAD)",,,reused,Spatia: Multimodal Model for Prediction and Generation of Spatial Cell Phenotypes,,2025,PMC12265593,literature_search,
Human Dorsolateral Prefrontal Cortex Dataset (DLPFC),10x Visium,spatial transcriptomics,human,Dorsolateral prefrontal cortex,,12,,reused,HiSTaR: identifying spatial domains with hierarchical spatial transcriptomics variational autoencoder,10.1186/s12967-025-07404-3,2025,PMC12729201,literature_search,
Human Breast Cancer Dataset (HBC),10x Visium,spatial transcriptomics,human,Breast tissue,Breast cancer,1,,reused,HiSTaR: identifying spatial domains with hierarchical spatial transcriptomics variational autoencoder,10.1186/s12967-025-07404-3,2025,PMC12729201,literature_search,
Mouse Brain Dataset,10x Visium,spatial transcriptomics,mouse,Brain,,1,,reused,HiSTaR: identifying spatial domains with hierarchical spatial transcriptomics variational autoencoder,10.1186/s12967-025-07404-3,2025,PMC12729201,literature_search,
Mouse Olfactory Bulb Dataset (Stereo-seq),Stereo-seq,spatial transcriptomics,mouse,Olfactory bulb,,1,,reused,HiSTaR: identifying spatial domains with hierarchical spatial transcriptomics variational autoencoder,10.1186/s12967-025-07404-3,2025,PMC12729201,literature_search,
Mouse Olfactory Bulb Dataset (Slide-seqV2),Slide-seq,spatial transcriptomics,mouse,Olfactory bulb,,1,,reused,HiSTaR: identifying spatial domains with hierarchical spatial transcriptomics variational autoencoder,10.1186/s12967-025-07404-3,2025,PMC12729201,literature_search,
Mouse Visual Cortex Dataset,STARmap,spatial transcriptomics,mouse,Visual cortex,,1,,reused,HiSTaR: identifying spatial domains with hierarchical spatial transcriptomics variational autoencoder,10.1186/s12967-025-07404-3,2025,PMC12729201,literature_search,
Mouse Breast Cancer Slices (Section 1 & Section 2),10x Visium,spatial transcriptomics,mouse,Breast tissue,Breast cancer,2,,reused,HiSTaR: identifying spatial domains with hierarchical spatial transcriptomics variational autoencoder,10.1186/s12967-025-07404-3,2025,PMC12729201,literature_search,
Mouse Brain Coronal Vertical Sections (Section 1 & Section 2),10x Visium,spatial transcriptomics,mouse,Brain,,2,,reused,HiSTaR: identifying spatial domains with hierarchical spatial transcriptomics variational autoencoder,10.1186/s12967-025-07404-3,2025,PMC12729201,literature_search,
Mouse Brain Horizontal Sections (Anterior & Posterior),10x Visium,spatial transcriptomics,mouse,Brain,,2,,reused,HiSTaR: identifying spatial domains with hierarchical spatial transcriptomics variational autoencoder,10.1186/s12967-025-07404-3,2025,PMC12729201,literature_search,
mouse olfactory bulb,Stereo-seq,spatial transcriptomics,mouse,olfactory bulb,,1,,reused,Deciphering spatial domains from spatially resolved transcriptomics through spatially regularized deep graph networks,10.1186/s12864-024-11072-w,2024,PMC11607964,literature_search,
mouse hippocampus,Slide-seq,spatial transcriptomics,mouse,hippocampus,,1,,reused,Deciphering spatial domains from spatially resolved transcriptomics through spatially regularized deep graph networks,10.1186/s12864-024-11072-w,2024,PMC11607964,literature_search,
mouse somatosensory cortex,osmFISH,spatial transcriptomics,mouse,somatosensory cortex,,1,,reused,Deciphering spatial domains from spatially resolved transcriptomics through spatially regularized deep graph networks,10.1186/s12864-024-11072-w,2024,PMC11607964,literature_search,
mouse embryos,Stereo-seq,spatial transcriptomics,mouse,embryos,,4,,reused,Deciphering spatial domains from spatially resolved transcriptomics through spatially regularized deep graph networks,10.1186/s12864-024-11072-w,2024,PMC11607964,literature_search,
mouse olfactory bulb tissue,Slide-seq,spatial transcriptomics,mouse,olfactory bulb,,1,,reused,Deciphering spatial domains from spatially resolved transcriptomics through spatially regularized deep graph networks,10.1186/s12864-024-11072-w,2024,PMC11607964,literature_search,
mouse frontal cortex,MERFISH,spatial transcriptomics,mouse,frontal cortex,,2,,reused,Deciphering spatial domains from spatially resolved transcriptomics through spatially regularized deep graph networks,10.1186/s12864-024-11072-w,2024,PMC11607964,literature_search,
vHSIL spatial transcriptomics cohort [perturbation: HPV16 E6/E7-specific synthetic long peptide vaccine (ISA101)],CosMx Spatial Molecular Imager (NanoString),spatial transcriptomics,human,vulvar tissue,vulvar high-grade squamous intraepithelial lesions (vHSIL),20,,generated,Single-cell spatial transcriptomics unravels cell states and ecosystems associated with clinical response to immunotherapy,10.1136/jitc-2024-011308,2025,PMC11907085,literature_search,
Post-LVAD human heart tissues [perturbation: Left ventricular assist device (LVAD) implantation],10x Visium,spatial transcriptomics,human,Heart,Heart failure,2,,generated,Thor: a platform for cell-level investigation of spatial transcriptomics and histology,10.21203/rs.3.rs-4909620/v1,2025,PMC11952649,literature_search,
Human bladder cancer sample,Visium HD Spatial Gene Expression,spatial transcriptomics,human,Bladder,Bladder cancer,1,,generated,Thor: a platform for cell-level investigation of spatial transcriptomics and histology,10.21203/rs.3.rs-4909620/v1,2025,PMC11952649,literature_search,
Human healthy heart sample,10x Visium,spatial transcriptomics,human,Heart,Myocardial infarction,12,,reused,Thor: a platform for cell-level investigation of spatial transcriptomics and histology,10.21203/rs.3.rs-4909620/v1,2025,PMC11952649,literature_search,
Human myocardial infarction samples [perturbation: Myocardial infarction / Ischemic injury],10x Visium,spatial transcriptomics,human,Heart,Myocardial infarction,6,https://zenodo.org/records/6580069#.ZHYP9OzMK3I,reused,Thor: a platform for cell-level investigation of spatial transcriptomics and histology,10.21203/rs.3.rs-4909620/v1,2025,PMC11952649,literature_search,
Human breast cancer Xenium & Visium datasets,Visium and Xenium,spatial transcriptomics,human,Breast,Breast cancer,,https://www.10xgenomics.com/products/xenium-in-situ/preview-dataset-human-breast,reused,Thor: a platform for cell-level investigation of spatial transcriptomics and histology,10.21203/rs.3.rs-4909620/v1,2025,PMC11952649,literature_search,
Human ductal carcinoma in situ dataset,10x Visium,spatial transcriptomics,human,Breast,Breast cancer / Ductal carcinoma in situ,,https://www.10xgenomics.com/resources/datasets/human-breast-cancer-ductal-carcinoma-in-situ-invasive-carcinoma-ffpe-1-standard-1-3-0,reused,Thor: a platform for cell-level investigation of spatial transcriptomics and histology,10.21203/rs.3.rs-4909620/v1,2025,PMC11952649,literature_search,
Mouse olfactory bulb dataset,10x Visium,spatial transcriptomics,mouse,Olfactory bulb,Healthy,1,https://www.10xgenomics.com/resources/datasets/adult-mouse-olfactory-bulb-1-standard-1,reused,Thor: a platform for cell-level investigation of spatial transcriptomics and histology,10.21203/rs.3.rs-4909620/v1,2025,PMC11952649,literature_search,
Mouse brain MERFISH dataset,MERFISH,spatial transcriptomics,mouse,Brain (hippocampus),Healthy,1,https://info.vizgen.com/mouse-brain-map?submissionGuid=5606514b-5a81-4405-999e-327f908281cc,reused,Thor: a platform for cell-level investigation of spatial transcriptomics and histology,10.21203/rs.3.rs-4909620/v1,2025,PMC11952649,literature_search,
Maynard et al. human DLPFC dataset,10x Genomics Visium Spatial Gene Expression,spatial transcriptomics,human,dorsolateral prefrontal cortex (postmortem brain),neurotypical,12,http://research.libd.org/spatialLIBD,reused,SpotSweeper: spatially-aware quality control for spatial transcriptomics,10.1101/2024.06.06.597765,2024,PMC11185656,literature_search,
Huuki-Myers et al. human DLPFC dataset,10x Genomics Visium Spatial Gene Expression,spatial transcriptomics,human,dorsolateral prefrontal cortex (postmortem brain),neurotypical,30,http://research.libd.org/spatialLIBD,reused,SpotSweeper: spatially-aware quality control for spatial transcriptomics,10.1101/2024.06.06.597765,2024,PMC11185656,literature_search,
10x Genomics Mouse Coronal Brain dataset,10x Genomics Visium Spatial Gene Expression,spatial transcriptomics,mouse,coronal brain section,neurotypical,1,,reused,SpotSweeper: spatially-aware quality control for spatial transcriptomics,10.1101/2024.06.06.597765,2024,PMC11185656,literature_search,
Murine bone marrow spatial transcriptomics,10x Visium,spatial transcriptomics,mouse,femurs (bone marrow),normal physiological,,,reused,Advances in spatial transcriptomics and its application in the musculoskeletal system,10.1038/s41413-025-00429-w,2025,PMC12084619,literature_search,
Human embryonic limb spatial transcriptomics,10x Visium,spatial transcriptomics,human,embryonic limb,normal embryonic development,,,reused,Advances in spatial transcriptomics and its application in the musculoskeletal system,10.1038/s41413-025-00429-w,2025,PMC12084619,literature_search,
Murine growth plate spatial transcriptomics (RRST),RRST,,mouse,growth plate,normal growth plate development,,,reused,Advances in spatial transcriptomics and its application in the musculoskeletal system,10.1038/s41413-025-00429-w,2025,PMC12084619,literature_search,
Murine secondary palate spatial transcriptomics,10x Visium,spatial transcriptomics,mouse,secondary palate,normal development,,,reused,Advances in spatial transcriptomics and its application in the musculoskeletal system,10.1038/s41413-025-00429-w,2025,PMC12084619,literature_search,
Human trunk organoid spatial transcriptomics,tomo-seq,spatial transcriptomics,human,organoid model (spinal cord and vertebral column),normal development (organoid model),,,reused,Advances in spatial transcriptomics and its application in the musculoskeletal system,10.1038/s41413-025-00429-w,2025,PMC12084619,literature_search,
Murine intervertebral disc spatial transcriptomics,10x Visium,spatial transcriptomics,mouse,intervertebral disc,normal development,,,reused,Advances in spatial transcriptomics and its application in the musculoskeletal system,10.1038/s41413-025-00429-w,2025,PMC12084619,literature_search,
Murine shoulder region spatial transcriptomics,Stereo-seq,spatial transcriptomics,mouse,shoulder region (fibrocartilage attachment site),normal postnatal development,,,reused,Advances in spatial transcriptomics and its application in the musculoskeletal system,10.1038/s41413-025-00429-w,2025,PMC12084619,literature_search,
Murine tibial articular cartilage spatial transcriptomics,LCM,,mouse,tibial articular cartilage,normal growth,,,reused,Advances in spatial transcriptomics and its application in the musculoskeletal system,10.1038/s41413-025-00429-w,2025,PMC12084619,literature_search,
Rat proximal tibial epiphyses spatial transcriptomics,manual microdissection,spatial transcriptomics,rat,proximal tibial epiphyses,normal growth,,,reused,Advances in spatial transcriptomics and its application in the musculoskeletal system,10.1038/s41413-025-00429-w,2025,PMC12084619,literature_search,
Murine hindlimbs spatial transcriptomics,10x Visium,spatial transcriptomics,mouse,hindlimbs (growth plate),growth plate homeostasis,,,reused,Advances in spatial transcriptomics and its application in the musculoskeletal system,10.1038/s41413-025-00429-w,2025,PMC12084619,literature_search,
Murine knee joints spatial transcriptomics,LCM,,mouse,knee joints (periarticular region),secondary ossification center development,,,reused,Advances in spatial transcriptomics and its application in the musculoskeletal system,10.1038/s41413-025-00429-w,2025,PMC12084619,literature_search,
Murine calvaria spatial transcriptomics,10x Visium,spatial transcriptomics,mouse,calvaria (cranial sutures),cranial suture patency,,,reused,Advances in spatial transcriptomics and its application in the musculoskeletal system,10.1038/s41413-025-00429-w,2025,PMC12084619,literature_search,
Murine bone marrow microenvironment spatial atlas,LCM-seq,,mouse,femurs (bone marrow),bone marrow homeostasis,,,reused,Advances in spatial transcriptomics and its application in the musculoskeletal system,10.1038/s41413-025-00429-w,2025,PMC12084619,literature_search,
Murine skeletal muscle spatial transcriptomics [perturbation: reversible nerve injury],10x Visium,spatial transcriptomics,mouse,tibialis anterior and extensor digitorum longus muscles,muscle atrophy / nerve injury response,,,reused,Advances in spatial transcriptomics and its application in the musculoskeletal system,10.1038/s41413-025-00429-w,2025,PMC12084619,literature_search,
Human myotendinous junction spatial transcriptomics,10x Visium,spatial transcriptomics,human,myotendinous junction,normal / myotendinous junction organization,,,reused,Advances in spatial transcriptomics and its application in the musculoskeletal system,10.1038/s41413-025-00429-w,2025,PMC12084619,literature_search,
Rat patellar tendon spatial transcriptomics,10x Visium,spatial transcriptomics,rat,patellar tendons,normal tendon health,,,reused,Advances in spatial transcriptomics and its application in the musculoskeletal system,10.1038/s41413-025-00429-w,2025,PMC12084619,literature_search,
Human synovial tissue spatial transcriptomics (Vickovic et al.),ST (legacy),spatial transcriptomics,human,synovial tissue,rheumatoid arthritis,,,reused,Advances in spatial transcriptomics and its application in the musculoskeletal system,10.1038/s41413-025-00429-w,2025,PMC12084619,literature_search,
Human synovial tissue spatial transcriptomics (Meng et al.),10x Visium,spatial transcriptomics,human,synovial tissue,rheumatoid arthritis,,,reused,Advances in spatial transcriptomics and its application in the musculoskeletal system,10.1038/s41413-025-00429-w,2025,PMC12084619,literature_search,
Human synovial tissue spatial transcriptomics (Smith et al.),10x Visium,spatial transcriptomics,human,synovial tissue,rheumatoid arthritis,,,reused,Advances in spatial transcriptomics and its application in the musculoskeletal system,10.1038/s41413-025-00429-w,2025,PMC12084619,literature_search,
Human synovial tissue spatial transcriptomics (Rauber et al.),10x Visium,spatial transcriptomics,human,synovial tissue,psoriatic arthritis / rheumatoid arthritis,,,reused,Advances in spatial transcriptomics and its application in the musculoskeletal system,10.1038/s41413-025-00429-w,2025,PMC12084619,literature_search,
Human synovial tissue spatial transcriptomics (Zheng et al.),10x Visium,spatial transcriptomics,human,synovial tissue,osteoarthritis / rheumatoid arthritis,,,reused,Advances in spatial transcriptomics and its application in the musculoskeletal system,10.1038/s41413-025-00429-w,2025,PMC12084619,literature_search,
Human synovial tissue spatial transcriptomics (Carlberg et al.),ST (legacy),spatial transcriptomics,human,synovial tissue,rheumatoid arthritis / spondyloarthritis,,,reused,Advances in spatial transcriptomics and its application in the musculoskeletal system,10.1038/s41413-025-00429-w,2025,PMC12084619,literature_search,
Human synovial tissue spatial transcriptomics (Hardt et al.),10x Visium,spatial transcriptomics,human,synovial tissue,rheumatoid arthritis,,,reused,Advances in spatial transcriptomics and its application in the musculoskeletal system,10.1038/s41413-025-00429-w,2025,PMC12084619,literature_search,
Human synovial tissue spatial proteomics/transcriptomics (MacDonald et al.),CosMx,spatial transcriptomics,human,synovial tissue,rheumatoid arthritis,,,reused,Advances in spatial transcriptomics and its application in the musculoskeletal system,10.1038/s41413-025-00429-w,2025,PMC12084619,literature_search,
Murine popliteal lymph nodes spatial transcriptomics,10x Visium,spatial transcriptomics,mouse,popliteal lymph nodes,rheumatoid arthritis,,,reused,Advances in spatial transcriptomics and its application in the musculoskeletal system,10.1038/s41413-025-00429-w,2025,PMC12084619,literature_search,
Murine muscle injury spatial transcriptomics (STRS) [perturbation: muscle injuries],STRS,,mouse,tibialis anterior muscles,muscle injury and regeneration,,,reused,Advances in spatial transcriptomics and its application in the musculoskeletal system,10.1038/s41413-025-00429-w,2025,PMC12084619,literature_search,
Murine muscle injury spatial transcriptomics (Young et al.) [perturbation: muscle injuries / muscular dystrophy],10x Visium,spatial transcriptomics,mouse,gastrocnemius and tibialis anterior muscles,muscle injuries and muscular dystrophy,,,reused,Advances in spatial transcriptomics and its application in the musculoskeletal system,10.1038/s41413-025-00429-w,2025,PMC12084619,literature_search,
Murine volumetric muscle loss spatial transcriptomics [perturbation: volumetric muscle loss injury],10x Visium,spatial transcriptomics,mouse,tibialis anterior muscles,volumetric muscle loss,,,reused,Advances in spatial transcriptomics and its application in the musculoskeletal system,10.1038/s41413-025-00429-w,2025,PMC12084619,literature_search,
Murine hind paw tendon injuries spatial transcriptomics,10x Visium,spatial transcriptomics,mouse,hind paws (tendon),tendon injuries,,,reused,Advances in spatial transcriptomics and its application in the musculoskeletal system,10.1038/s41413-025-00429-w,2025,PMC12084619,literature_search,
Murine Achilles tendon injuries spatial transcriptomics,10x Visium,spatial transcriptomics,mouse,Achilles tendon,tendon injuries,,,reused,Advances in spatial transcriptomics and its application in the musculoskeletal system,10.1038/s41413-025-00429-w,2025,PMC12084619,literature_search,
Murine Achilles tendon heterotopic ossification spatial transcriptomics [perturbation: traumatic heterotopic ossification],10x Visium,spatial transcriptomics,mouse,Achilles tendon,traumatic heterotopic ossification,,,reused,Advances in spatial transcriptomics and its application in the musculoskeletal system,10.1038/s41413-025-00429-w,2025,PMC12084619,literature_search,
Murine digit regeneration spatial transcriptomics [perturbation: amputation / limb defects],10x Visium,spatial transcriptomics,mouse,digit,limb defects,,,reused,Advances in spatial transcriptomics and its application in the musculoskeletal system,10.1038/s41413-025-00429-w,2025,PMC12084619,literature_search,
Murine calvarium bone defect repair spatial transcriptomics [perturbation: bone repair biomaterials / bone defects],10x Visium,spatial transcriptomics,mouse,calvarium,bone defects,,,reused,Advances in spatial transcriptomics and its application in the musculoskeletal system,10.1038/s41413-025-00429-w,2025,PMC12084619,literature_search,
Murine femoral fracture spatial transcriptomics (Jiang et al.),10x Visium,spatial transcriptomics,mouse,femurs,normal and pathological fractures,,,reused,Advances in spatial transcriptomics and its application in the musculoskeletal system,10.1038/s41413-025-00429-w,2025,PMC12084619,literature_search,
Murine and human fracture pseudarthrosis spatial transcriptomics [perturbation: fracture / neurofibromatosis type 1 mutation],10x Visium,spatial transcriptomics,mouse and human,pseudarthrosis / fracture site,neurofibromatosis type 1 fracture pseudarthrosis,,,reused,Advances in spatial transcriptomics and its application in the musculoskeletal system,10.1038/s41413-025-00429-w,2025,PMC12084619,literature_search,
Murine femoral fracture mechanomics spatial transcriptomics [perturbation: cyclic mechanical loading / fracture],10x Visium,spatial transcriptomics,mouse,femurs,fracture healing,,,reused,Advances in spatial transcriptomics and its application in the musculoskeletal system,10.1038/s41413-025-00429-w,2025,PMC12084619,literature_search,
Murine skin injury spatial multi-omics (Foster et al.) [perturbation: skin injuries],10x Visium,spatial transcriptomics,mouse,dorsal skin,skin injuries,,,reused,Advances in spatial transcriptomics and its application in the musculoskeletal system,10.1038/s41413-025-00429-w,2025,PMC12084619,literature_search,
Murine skin injury spatial transcriptomics (Yang et al.) [perturbation: biomaterial implantation / skin injuries],10x Visium,spatial transcriptomics,mouse,dorsal skin,skin injuries,,,reused,Advances in spatial transcriptomics and its application in the musculoskeletal system,10.1038/s41413-025-00429-w,2025,PMC12084619,literature_search,
Human umbilical cord spatial transcriptomics,10x Visium,spatial transcriptomics,human,umbilical cord,skin injuries / wound repair,,,reused,Advances in spatial transcriptomics and its application in the musculoskeletal system,10.1038/s41413-025-00429-w,2025,PMC12084619,literature_search,
Human knee osteoarthritis cartilage spatial transcriptomics,Geo-seq,,human,knee articular cartilage,osteoarthritis,,,reused,Advances in spatial transcriptomics and its application in the musculoskeletal system,10.1038/s41413-025-00429-w,2025,PMC12084619,literature_search,
Human anterior cruciate ligament degeneration spatial transcriptomics,10x Visium,spatial transcriptomics,human,anterior cruciate ligaments,osteoarthritis,,,reused,Advances in spatial transcriptomics and its application in the musculoskeletal system,10.1038/s41413-025-00429-w,2025,PMC12084619,literature_search,
Human vastus lateralis spatial proteomics/transcriptomics (Perez et al.) [perturbation: aging / sarcopenia],GeoMx,spatial transcriptomics,human,vastus lateralis muscle,sarcopenia,,,reused,Advances in spatial transcriptomics and its application in the musculoskeletal system,10.1038/s41413-025-00429-w,2025,PMC12084619,literature_search,
Human hamstring and supraspinatus tendon disease spatial transcriptomics (Akbar et al.),10x Visium,spatial transcriptomics,human,hamstring / supraspinatus tendon,tendinopathy,,,reused,Advances in spatial transcriptomics and its application in the musculoskeletal system,10.1038/s41413-025-00429-w,2025,PMC12084619,literature_search,
Human supraspinatus tendon disease spatial transcriptomics (Fu et al.),10x Visium,spatial transcriptomics,human,supraspinatus tendon,tendinopathy,,,reused,Advances in spatial transcriptomics and its application in the musculoskeletal system,10.1038/s41413-025-00429-w,2025,PMC12084619,literature_search,
Human chordoma tumor spatial transcriptomics,10x Visium,spatial transcriptomics,human,chordoma tumor specimens,chordoma,,,reused,Advances in spatial transcriptomics and its application in the musculoskeletal system,10.1038/s41413-025-00429-w,2025,PMC12084619,literature_search,
Murine Ewing sarcoma tumor spatial proteomics/transcriptomics,GeoMx,spatial transcriptomics,mouse,tumor specimens,Ewing sarcoma,,,reused,Advances in spatial transcriptomics and its application in the musculoskeletal system,10.1038/s41413-025-00429-w,2025,PMC12084619,literature_search,
Human pan-cancer spatial transcriptomics (SpatialDB source),ST (legacy),spatial transcriptomics,human,tumor specimens,pan-cancer with M1 macrophage infiltration,,https://www.spatialdb.rc.fas.harvard.edu,reused,Advances in spatial transcriptomics and its application in the musculoskeletal system,10.1038/s41413-025-00429-w,2025,PMC12084619,literature_search,
Human prostate cancer bone metastasis spatial proteomics/transcriptomics,GeoMx,spatial transcriptomics,human,tumor specimens (bone metastasis),prostate cancer bone metastasis,,,reused,Advances in spatial transcriptomics and its application in the musculoskeletal system,10.1038/s41413-025-00429-w,2025,PMC12084619,literature_search,
OpenST mouse e13 head dataset GSM7990097,OpenST (repurposing Illumina flow cells),,mouse,embryonic head,physiological,,GSE251926,reused,Fast analysis of Spatial Transcriptomics (FaST): an ultra lightweight and fast pipeline for the analysis of high resolution spatial transcriptomics,10.1093/nargab/lqaf044,2025,PMC12004221,literature_search,
OpenST metastatic lymph node sample section 4 GSM7990102,OpenST (repurposing Illumina flow cells),,human,metastatic lymph node,metastatic cancer,,GSE251926,reused,Fast analysis of Spatial Transcriptomics (FaST): an ultra lightweight and fast pipeline for the analysis of high resolution spatial transcriptomics,10.1093/nargab/lqaf044,2025,PMC12004221,literature_search,
"NovaScope dataset (N3_B08C_v2b, N3_B08C_v2bu, N3_B08C_v2c, N3_B08C_v2cu, N3_B08C_v2a)",NovaScope / Seq-Scope,,,,,,https://seqscope.github.io/NovaScope/getting_started/access_data/,reused,Fast analysis of Spatial Transcriptomics (FaST): an ultra lightweight and fast pipeline for the analysis of high resolution spatial transcriptomics,10.1093/nargab/lqaf044,2025,PMC12004221,literature_search,
Stereo-seq mouse head demo dataset (#C04042E3),Stereo-seq (DNA nanoball-patterned arrays),spatial transcriptomics,mouse,adult head,physiological,,,reused,Fast analysis of Spatial Transcriptomics (FaST): an ultra lightweight and fast pipeline for the analysis of high resolution spatial transcriptomics,10.1093/nargab/lqaf044,2025,PMC12004221,literature_search,
Mouse lymphoid multi-resolution deconvolution dataset,Variational Inference (DestVI) spatial profiling,,mouse,lymphoid,,4,,reused,SPASCER: spatial transcriptomics annotation at single-cell resolution,10.1093/nar/gkac889,2023,PMC9825565,literature_search,
Mouse prostate cancer spatial transcriptomics,ST (legacy),spatial transcriptomics,mouse,prostate,prostate cancer,12,,reused,SPASCER: spatial transcriptomics annotation at single-cell resolution,10.1093/nar/gkac889,2023,PMC9825565,literature_search,
Human skin melanoma metastasis spatial transcriptomics,ST (legacy),spatial transcriptomics,human,skin,melanoma lymph node metastases,8,,reused,SPASCER: spatial transcriptomics annotation at single-cell resolution,10.1093/nar/gkac889,2023,PMC9825565,literature_search,
Human developing heart spatial transcriptomics atlas,Spatial transcriptomics,spatial transcriptomics,human,heart,,19,,reused,SPASCER: spatial transcriptomics annotation at single-cell resolution,10.1093/nar/gkac889,2023,PMC9825565,literature_search,
Mouse embryo DBiT-seq multi-omics dataset,DBiT-seq,spatial transcriptomics,mouse,embryo,,15,,reused,SPASCER: spatial transcriptomics annotation at single-cell resolution,10.1093/nar/gkac889,2023,PMC9825565,literature_search,
Human intestinal development spatial transcriptomics,Spatial transcriptomics and scRNA-seq,spatial transcriptomics,human,intestine,,8,,reused,SPASCER: spatial transcriptomics annotation at single-cell resolution,10.1093/nar/gkac889,2023,PMC9825565,literature_search,
Chicken heart development spatial transcriptomics,Spatial transcriptomics and scRNA-seq,spatial transcriptomics,chicken,heart,,4,,reused,SPASCER: spatial transcriptomics annotation at single-cell resolution,10.1093/nar/gkac889,2023,PMC9825565,literature_search,
Mouse urinary tract development dataset,Cluster RNA-seq and single cell RNA-seq,,mouse,kidney,,4,,reused,SPASCER: spatial transcriptomics annotation at single-cell resolution,10.1093/nar/gkac889,2023,PMC9825565,literature_search,
Mouse kidney injury spatial transcriptomics model [perturbation: ischemia/reperfusion injury (IRI) and cecal ligation puncture (CLP)],10X Genomics Visium Spatial Gene Expression,spatial transcriptomics,mouse,kidney,ischemia/reperfusion injury and cecal ligation puncture,4,,reused,SPASCER: spatial transcriptomics annotation at single-cell resolution,10.1093/nar/gkac889,2023,PMC9825565,literature_search,
Mouse embryo sci-SPACE dataset,sci-SPACE,,mouse,embryo,,14,,reused,SPASCER: spatial transcriptomics annotation at single-cell resolution,10.1093/nar/gkac889,2023,PMC9825565,literature_search,
Human bladder cancer spatial transcriptomics,Spatial transcriptomics,spatial transcriptomics,human,bladder,bladder cancer,4,,reused,SPASCER: spatial transcriptomics annotation at single-cell resolution,10.1093/nar/gkac889,2023,PMC9825565,literature_search,
Human colorectal cancer liver metastasis spatial transcriptomics [perturbation: neoadjuvant chemotherapy],Spatial transcriptomics and scRNA-seq,spatial transcriptomics,human,intestine,colorectal cancer liver metastasis,8,,reused,SPASCER: spatial transcriptomics annotation at single-cell resolution,10.1093/nar/gkac889,2023,PMC9825565,literature_search,
Mouse organogenesis seqFISH dataset,seqFISH,spatial transcriptomics,mouse,embryo,,6,,reused,SPASCER: spatial transcriptomics annotation at single-cell resolution,10.1093/nar/gkac889,2023,PMC9825565,literature_search,
Human breast cancer spatially resolved atlas,Spatially resolved transcriptomics and single-cell analysis,spatial transcriptomics,human,breast,breast cancer,6,,reused,SPASCER: spatial transcriptomics annotation at single-cell resolution,10.1093/nar/gkac889,2023,PMC9825565,literature_search,
Human HER2-positive breast cancer spatial deconvolution,Spatial transcriptomics,spatial transcriptomics,human,breast,HER2-positive breast cancer,36,,reused,SPASCER: spatial transcriptomics annotation at single-cell resolution,10.1093/nar/gkac889,2023,PMC9825565,literature_search,
Zebrafish skin tumor-microenvironment interface,Spatially resolved transcriptomics,spatial transcriptomics,zebrafish,skin,tumor-microenvironment interface,3,,reused,SPASCER: spatial transcriptomics annotation at single-cell resolution,10.1093/nar/gkac889,2023,PMC9825565,literature_search,
Human healthy liver spatial RNA sequencing,Spatial RNA sequencing,,human,liver,,1,,reused,SPASCER: spatial transcriptomics annotation at single-cell resolution,10.1093/nar/gkac889,2023,PMC9825565,literature_search,
Mouse acute kidney injury Visium dataset,10X Genomics Visium Spatial Gene Expression,spatial transcriptomics,mouse,kidney,acute kidney injury,5,,reused,SPASCER: spatial transcriptomics annotation at single-cell resolution,10.1093/nar/gkac889,2023,PMC9825565,literature_search,
Mouse liver zonation spatial transcriptomics,Spatial transcriptomics,spatial transcriptomics,mouse,liver,,12,,reused,SPASCER: spatial transcriptomics annotation at single-cell resolution,10.1093/nar/gkac889,2023,PMC9825565,literature_search,
Human endometrium spatial dynamics dataset,Spatial transcriptomics and scRNA-seq,spatial transcriptomics,human,uterus,,4,,reused,SPASCER: spatial transcriptomics annotation at single-cell resolution,10.1093/nar/gkac889,2023,PMC9825565,literature_search,
Mouse and human hepatic macrophage niches spatial proteogenomics,Spatial transcriptomics and spatial proteomics,spatial proteomics,mouse,liver,obesity,15,,reused,SPASCER: spatial transcriptomics annotation at single-cell resolution,10.1093/nar/gkac889,2023,PMC9825565,literature_search,
Mouse brain striatal heme injection dataset [perturbation: striatal injection of heme and heme-hemopexin],Spatial transcriptomics,spatial transcriptomics,mouse,brain,,7,,reused,SPASCER: spatial transcriptomics annotation at single-cell resolution,10.1093/nar/gkac889,2023,PMC9825565,literature_search,
Mouse healing intestine spatial transcriptomic landscape [perturbation: damage / healing model],Spatial transcriptomics,spatial transcriptomics,mouse,intestine,,4,,reused,SPASCER: spatial transcriptomics annotation at single-cell resolution,10.1093/nar/gkac889,2023,PMC9825565,literature_search,
Mouse brain glioblastoma microenvironment dataset,Spatially resolved and single-cell gene expression,,mouse,brain,glioblastoma,3,,reused,SPASCER: spatial transcriptomics annotation at single-cell resolution,10.1093/nar/gkac889,2023,PMC9825565,literature_search,
Mouse brain clonal relations spatial dataset [perturbation: in vivo barcoding of early progenitors],Single-cell and spatial transcriptomics with in vivo barcoding,spatial transcriptomics,mouse,brain,,8,,reused,SPASCER: spatial transcriptomics annotation at single-cell resolution,10.1093/nar/gkac889,2023,PMC9825565,literature_search,
Human distal lung maps spatial transcriptomics,Spatial transcriptomics and single-cell profiling,spatial transcriptomics,human,lung,,2,,reused,SPASCER: spatial transcriptomics annotation at single-cell resolution,10.1093/nar/gkac889,2023,PMC9825565,literature_search,
Mouse organogenesis DNA nanoball-patterned arrays,DNA nanoball-patterned arrays (ST),,mouse,embryo,,3,,reused,SPASCER: spatial transcriptomics annotation at single-cell resolution,10.1093/nar/gkac889,2023,PMC9825565,literature_search,
Human developing immune system prenatal tissues,Spatial transcriptomics and scRNA-seq,spatial transcriptomics,human,lymphoid,,10,,reused,SPASCER: spatial transcriptomics annotation at single-cell resolution,10.1093/nar/gkac889,2023,PMC9825565,literature_search,
Mouse somatosensory cortex osmFISH dataset,osmFISH,spatial transcriptomics,mouse,brain,,1,,reused,SPASCER: spatial transcriptomics annotation at single-cell resolution,10.1093/nar/gkac889,2023,PMC9825565,literature_search,
Mouse hypothalamic preoptic region in situ profiling,In situ gene expression profiling,,mouse,brain,,181,,reused,SPASCER: spatial transcriptomics annotation at single-cell resolution,10.1093/nar/gkac889,2023,PMC9825565,literature_search,
Mouse spinal cord ALS spatial transcriptomics,Spatial transcriptomics measurements,spatial transcriptomics,mouse,spinal cord,amyotrophic lateral sclerosis,429,,reused,SPASCER: spatial transcriptomics annotation at single-cell resolution,10.1093/nar/gkac889,2023,PMC9825565,literature_search,
Human pancreatic ductal adenocarcinoma microarray ST,Microarray-based spatial transcriptomics,spatial transcriptomics,human,pancreas,pancreatic ductal adenocarcinoma,10,,reused,SPASCER: spatial transcriptomics annotation at single-cell resolution,10.1093/nar/gkac889,2023,PMC9825565,literature_search,
Human squamous cell carcinoma multi-modal spatial architecture,Multi-dimensional multi-omics spatial transcriptomics,spatial transcriptomics,human,skin,squamous cell carcinoma,10,,reused,SPASCER: spatial transcriptomics annotation at single-cell resolution,10.1093/nar/gkac889,2023,PMC9825565,literature_search,
Mouse adult whole-brain spatial transcriptomics atlas,Spatial transcriptomics,spatial transcriptomics,mouse,brain,,75,,reused,SPASCER: spatial transcriptomics annotation at single-cell resolution,10.1093/nar/gkac889,2023,PMC9825565,literature_search,
Mouse and human Alzheimer's disease brain spatial transcriptomics,Spatial transcriptomics and in situ sequencing,spatial transcriptomics,mouse,brain,Alzheimer's disease,40,,reused,SPASCER: spatial transcriptomics annotation at single-cell resolution,10.1093/nar/gkac889,2023,PMC9825565,literature_search,
Mouse hippocampal and olfactory bulb AD spatial transcriptomics,Spatially resolved transcriptomics,spatial transcriptomics,mouse,brain,Alzheimer's disease,48,,reused,SPASCER: spatial transcriptomics annotation at single-cell resolution,10.1093/nar/gkac889,2023,PMC9825565,literature_search,
Mouse postnatal brain isoform atlas,Spatial transcriptomics and long-read sequencing,spatial transcriptomics,mouse,brain,,1,,reused,SPASCER: spatial transcriptomics annotation at single-cell resolution,10.1093/nar/gkac889,2023,PMC9825565,literature_search,
Human dorsolateral prefrontal cortex spatial gene expression,10x Visium,spatial transcriptomics,human,brain,,12,,reused,SPASCER: spatial transcriptomics annotation at single-cell resolution,10.1093/nar/gkac889,2023,PMC9825565,literature_search,
Mouse developing brain embryonic atlas,Single-cell RNA-seq and in situ mRNA sequencing,,mouse,brain,,25,,reused,SPASCER: spatial transcriptomics annotation at single-cell resolution,10.1093/nar/gkac889,2023,PMC9825565,literature_search,
Mouse brain neuroinflammatory astrocyte subtypes,Spatial transcriptomics and in situ hybridization,spatial transcriptomics,mouse,brain,,6,,reused,SPASCER: spatial transcriptomics annotation at single-cell resolution,10.1093/nar/gkac889,2023,PMC9825565,literature_search,
Mouse mammalian spermatogenesis spatial transcriptomics,Spatial transcriptomics,spatial transcriptomics,mouse,testicle,,6,,reused,SPASCER: spatial transcriptomics annotation at single-cell resolution,10.1093/nar/gkac889,2023,PMC9825565,literature_search,
Cell2location mouse brain spatial mapping dataset,Cell2location spatial transcriptomics deconvolution,spatial transcriptomics,mouse,brain,,5,,reused,SPASCER: spatial transcriptomics annotation at single-cell resolution,10.1093/nar/gkac889,2023,PMC9825565,literature_search,
Mouse lung spatial functional genomics Perturb-map [perturbation: CRISPR knockout pool],Perturb-map (spatial transcriptomics and CRISPR pools),spatial transcriptomics,mouse,lung,,4,,reused,SPASCER: spatial transcriptomics annotation at single-cell resolution,10.1093/nar/gkac889,2023,PMC9825565,literature_search,
Human prostate cancer dataset,,,human,prostate,human prostate cancer,,,reused,Deep learning in integrating spatial transcriptomics with other modalities,10.1093/bib/bbae719,2025,PMC11725393,literature_search,
Mouse ALS dataset,,,mouse,,amyotrophic lateral sclerosis,,GSE120374,reused,Deep learning in integrating spatial transcriptomics with other modalities,10.1093/bib/bbae719,2025,PMC11725393,literature_search,
Human primary pancreatic cancer dataset,ST,,human,pancreas,primary pancreatic cancer,,GSE111672,reused,Deep learning in integrating spatial transcriptomics with other modalities,10.1093/bib/bbae719,2025,PMC11725393,literature_search,
Mouse olfactory bulb dataset,ST,,mouse,olfactory bulb,,,,reused,Deep learning in integrating spatial transcriptomics with other modalities,10.1093/bib/bbae719,2025,PMC11725393,literature_search,
Human dorsolateral prefrontal cortex dataset,10x Visium,spatial transcriptomics,human,dorsolateral prefrontal cortex,,,,reused,Deep learning in integrating spatial transcriptomics with other modalities,10.1093/bib/bbae719,2025,PMC11725393,literature_search,
Mouse posterior brain dataset,10x Visium,spatial transcriptomics,mouse,brain,,,,reused,Deep learning in integrating spatial transcriptomics with other modalities,10.1093/bib/bbae719,2025,PMC11725393,literature_search,
Mouse cortex dataset,Slide-seq,spatial transcriptomics,mouse,cortex,,,,reused,Deep learning in integrating spatial transcriptomics with other modalities,10.1093/bib/bbae719,2025,PMC11725393,literature_search,
Mouse visual cortex dataset,STARmap,spatial transcriptomics,mouse,visual cortex,,,,reused,Deep learning in integrating spatial transcriptomics with other modalities,10.1093/bib/bbae719,2025,PMC11725393,literature_search,
Mouse hypothalamus dataset,MERFISH,spatial transcriptomics,mouse,hypothalamus,,,GSE71585,reused,Deep learning in integrating spatial transcriptomics with other modalities,10.1093/bib/bbae719,2025,PMC11725393,literature_search,
Human ovarian and breast cancer dataset,10x Visium,spatial transcriptomics,human,ovary and breast,ovarian and breast cancer,,,reused,Deep learning in integrating spatial transcriptomics with other modalities,10.1093/bib/bbae719,2025,PMC11725393,literature_search,
Human breast cancer and mouse brain dataset,10x Visium,spatial transcriptomics,human,breast,breast cancer,,,reused,Deep learning in integrating spatial transcriptomics with other modalities,10.1093/bib/bbae719,2025,PMC11725393,literature_search,
Human HER2-positive breast tumor dataset,ST,,human,breast,HER2-positive breast tumor,,,reused,Deep learning in integrating spatial transcriptomics with other modalities,10.1093/bib/bbae719,2025,PMC11725393,literature_search,
Mouse coronal and anterior brain dataset,10x Visium,spatial transcriptomics,mouse,brain,,,,reused,Deep learning in integrating spatial transcriptomics with other modalities,10.1093/bib/bbae719,2025,PMC11725393,literature_search,
Human HER2-amplified invasive ductal carcinoma dataset,10x Visium,spatial transcriptomics,human,breast,invasive ductal carcinoma,,,reused,Deep learning in integrating spatial transcriptomics with other modalities,10.1093/bib/bbae719,2025,PMC11725393,literature_search,
Human cutaneous squamous cell carcinoma dataset,ST,,human,skin,cutaneous squamous cell carcinoma,,GSE144240,reused,Deep learning in integrating spatial transcriptomics with other modalities,10.1093/bib/bbae719,2025,PMC11725393,literature_search,
Human cutaneous malignant melanoma dataset,ST,,human,skin,cutaneous malignant melanoma,,,reused,Deep learning in integrating spatial transcriptomics with other modalities,10.1093/bib/bbae719,2025,PMC11725393,literature_search,
Human invasive ductal carcinoma dataset,10x Visium,spatial transcriptomics,human,breast,invasive ductal carcinoma,,,reused,Deep learning in integrating spatial transcriptomics with other modalities,10.1093/bib/bbae719,2025,PMC11725393,literature_search,
"Human HER2+, ER+, and PR+ breast cancer dataset",10x Visium,spatial transcriptomics,human,breast,breast cancer,,,reused,Deep learning in integrating spatial transcriptomics with other modalities,10.1093/bib/bbae719,2025,PMC11725393,literature_search,
Human clear cell renal cell carcinoma primary tumors dataset,10x Visium,spatial transcriptomics,human,kidney,clear cell renal cell carcinoma,,GSE175540,reused,Deep learning in integrating spatial transcriptomics with other modalities,10.1093/bib/bbae719,2025,PMC11725393,literature_search,
Human breast cancer dataset,10x Xenium,spatial transcriptomics,human,breast,breast cancer,,,reused,Deep learning in integrating spatial transcriptomics with other modalities,10.1093/bib/bbae719,2025,PMC11725393,literature_search,
Mouse brain dataset,10x Visium,spatial transcriptomics,mouse,brain,,,,reused,Deep learning in integrating spatial transcriptomics with other modalities,10.1093/bib/bbae719,2025,PMC11725393,literature_search,
Mouse cortex dataset seqFISH+,seqFISH,spatial transcriptomics,mouse,cortex,,,,reused,Deep learning in integrating spatial transcriptomics with other modalities,10.1093/bib/bbae719,2025,PMC11725393,literature_search,
Mouse hippocampus dataset Slide-seq,Slide-seq,spatial transcriptomics,mouse,hippocampus,,,,reused,Deep learning in integrating spatial transcriptomics with other modalities,10.1093/bib/bbae719,2025,PMC11725393,literature_search,
Mouse lung dataset,10x Visium,spatial transcriptomics,mouse,lung,,,GSE190225,reused,Deep learning in integrating spatial transcriptomics with other modalities,10.1093/bib/bbae719,2025,PMC11725393,literature_search,
Human breast cancer Starfysh dataset,,,human,breast,breast cancer,,GSE218951,reused,Deep learning in integrating spatial transcriptomics with other modalities,10.1093/bib/bbae719,2025,PMC11725393,literature_search,
Human lymph node dataset,,,human,lymph node,,,,reused,Deep learning in integrating spatial transcriptomics with other modalities,10.1093/bib/bbae719,2025,PMC11725393,literature_search,
Mouse brain Starfysh dataset,,,mouse,brain,,,E-MTAB-11114,reused,Deep learning in integrating spatial transcriptomics with other modalities,10.1093/bib/bbae719,2025,PMC11725393,literature_search,
Human prostate cancer Starfysh dataset,,,human,prostate,prostate cancer,,,reused,Deep learning in integrating spatial transcriptomics with other modalities,10.1093/bib/bbae719,2025,PMC11725393,literature_search,
Mouse hippocampus dataset Slide-seq V2,Slide-seq,spatial transcriptomics,mouse,hippocampus,,,,reused,Deep learning in integrating spatial transcriptomics with other modalities,10.1093/bib/bbae719,2025,PMC11725393,literature_search,
Human DLPFC major depressive disorder dataset,10x Visium,spatial transcriptomics,human,prefrontal cortex,major depressive disorder,,GSE144136,reused,Deep learning in integrating spatial transcriptomics with other modalities,10.1093/bib/bbae719,2025,PMC11725393,literature_search,
Human lung dataset,10x Visium,spatial transcriptomics,human,lung,,,GSE172416,reused,Deep learning in integrating spatial transcriptomics with other modalities,10.1093/bib/bbae719,2025,PMC11725393,literature_search,
Mouse lymph node and tumor dataset,10x Visium,spatial transcriptomics,mouse,lymph node and tumor,,,GSE173778,reused,Deep learning in integrating spatial transcriptomics with other modalities,10.1093/bib/bbae719,2025,PMC11725393,literature_search,
Mouse kidney dataset,10x Visium,spatial transcriptomics,mouse,kidney,,,,reused,Deep learning in integrating spatial transcriptomics with other modalities,10.1093/bib/bbae719,2025,PMC11725393,literature_search,
Mouse breast dataset,10x Visium,spatial transcriptomics,mouse,breast,,,,reused,Deep learning in integrating spatial transcriptomics with other modalities,10.1093/bib/bbae719,2025,PMC11725393,literature_search,
Mouse olfactory bulb dataset Stereo-seq,Stereo-seq,spatial transcriptomics,mouse,olfactory bulb,,,,reused,Deep learning in integrating spatial transcriptomics with other modalities,10.1093/bib/bbae719,2025,PMC11725393,literature_search,
Mouse embryo dataset Stereo-seq,Stereo-seq,spatial transcriptomics,mouse,embryo,,,,reused,Deep learning in integrating spatial transcriptomics with other modalities,10.1093/bib/bbae719,2025,PMC11725393,literature_search,
Human heart dataset,ST,,human,heart,,,,reused,Deep learning in integrating spatial transcriptomics with other modalities,10.1093/bib/bbae719,2025,PMC11725393,literature_search,
Human endometrial cancer dataset,,,human,endometrium,endometrial cancer,,GSE203612,reused,Deep learning in integrating spatial transcriptomics with other modalities,10.1093/bib/bbae719,2025,PMC11725393,literature_search,
Mouse cerebellum dataset,Slide-seq,spatial transcriptomics,mouse,cerebellum,,,,reused,Deep learning in integrating spatial transcriptomics with other modalities,10.1093/bib/bbae719,2025,PMC11725393,literature_search,
Human MTG dataset,10x Visium,spatial transcriptomics,human,middle temporal gyrus,,,,reused,Deep learning in integrating spatial transcriptomics with other modalities,10.1093/bib/bbae719,2025,PMC11725393,literature_search,
Mouse liver dataset,10x Visium,spatial transcriptomics,mouse,liver,,,GSE192742,reused,Deep learning in integrating spatial transcriptomics with other modalities,10.1093/bib/bbae719,2025,PMC11725393,literature_search,
Mouse embryo dataset seqFISH,seqFISH,spatial transcriptomics,mouse,embryo,,,,reused,Deep learning in integrating spatial transcriptomics with other modalities,10.1093/bib/bbae719,2025,PMC11725393,literature_search,
Mouse brain dataset 10x Xenium,10x Xenium,spatial transcriptomics,mouse,brain,,,GSE246395,reused,Deep learning in integrating spatial transcriptomics with other modalities,10.1093/bib/bbae719,2025,PMC11725393,literature_search,
Mouse gastrulation dataset,seqFISH,spatial transcriptomics,mouse,embryo,,,,reused,Deep learning in integrating spatial transcriptomics with other modalities,10.1093/bib/bbae719,2025,PMC11725393,literature_search,
Mouse primary motor cortex dataset,MERFISH,spatial transcriptomics,mouse,primary motor cortex,,,,reused,Deep learning in integrating spatial transcriptomics with other modalities,10.1093/bib/bbae719,2025,PMC11725393,literature_search,
Mouse brain dataset STARmap PLUS,STARmap PLUS,spatial transcriptomics,mouse,brain,,,,reused,Deep learning in integrating spatial transcriptomics with other modalities,10.1093/bib/bbae719,2025,PMC11725393,literature_search,
Mouse Alzheimer model coronal brain dataset [perturbation: Alzheimer's disease transgenic model],10x Visium,spatial transcriptomics,mouse,brain,Alzheimer's disease,,,reused,Deep learning in integrating spatial transcriptomics with other modalities,10.1093/bib/bbae719,2025,PMC11725393,literature_search,
Mouse spleen dataset,SPOTS,,mouse,spleen,,,GSE198353,reused,Deep learning in integrating spatial transcriptomics with other modalities,10.1093/bib/bbae719,2025,PMC11725393,literature_search,
Mouse thymus dataset,Stereo-CITE-seq,spatial transcriptomics,mouse,thymus,,,,reused,Deep learning in integrating spatial transcriptomics with other modalities,10.1093/bib/bbae719,2025,PMC11725393,literature_search,
Mouse brain spatial ATAC-RNA-seq dataset,spatial ATAC–RNA-seq,,mouse,brain,,,,reused,Deep learning in integrating spatial transcriptomics with other modalities,10.1093/bib/bbae719,2025,PMC11725393,literature_search,
Human lymph node RNA and protein coprofiling dataset,10x Visium,spatial transcriptomics,human,lymph node,,,,reused,Deep learning in integrating spatial transcriptomics with other modalities,10.1093/bib/bbae719,2025,PMC11725393,literature_search,
Mouse hippocampus dataset,Slide-seq,spatial transcriptomics,mouse,hippocampus,normal,,,reused,Interpretable spatially aware dimension reduction of spatial transcriptomics with STAMP,10.1038/s41592-024-02463-8,2024,PMC11541207,literature_search,
Human non-small cell lung cancer dataset (Lung #5-3),CosMx Spatial Molecular Imager (SMI),spatial transcriptomics,human,lung,human non-small cell lung cancer,,https://nanostring.com/products/cosmx-spatial-molecular-imager/nsclc-ffpe-dataset,reused,Interpretable spatially aware dimension reduction of spatial transcriptomics with STAMP,10.1038/s41592-024-02463-8,2024,PMC11541207,literature_search,
Mouse brain sagittal sections (anterior and posterior),10x Visium,spatial transcriptomics,mouse,brain,normal,2,https://www.10xgenomics.com/resources/datasets,reused,Interpretable spatially aware dimension reduction of spatial transcriptomics with STAMP,10.1038/s41592-024-02463-8,2024,PMC11541207,literature_search,
Mouse olfactory bulb dataset (Stereo-seq),Stereo-seq,spatial transcriptomics,mouse,olfactory bulb,normal,,https://db.cngb.org/stomics/mosta/download/,reused,Interpretable spatially aware dimension reduction of spatial transcriptomics with STAMP,10.1038/s41592-024-02463-8,2024,PMC11541207,literature_search,
Mouse olfactory bulb dataset (Slide-seq V2),Slide-seq,spatial transcriptomics,mouse,olfactory bulb,normal,,https://singlecell.broadinstitute.org/single_cell/study/SCP815/highly-sensitive-spatial-transcriptomics-at-near-cellular-resolution-with-slide-seqv2#study-download,reused,Interpretable spatially aware dimension reduction of spatial transcriptomics with STAMP,10.1038/s41592-024-02463-8,2024,PMC11541207,literature_search,
Mouse olfactory bulb dataset (10x Genomics Visium),10x Visium,spatial transcriptomics,mouse,olfactory bulb,normal,,https://www.10xgenomics.com/datasets/adult-mouse-olfactory-bulb-1-standard,reused,Interpretable spatially aware dimension reduction of spatial transcriptomics with STAMP,10.1038/s41592-024-02463-8,2024,PMC11541207,literature_search,
Human dorsolateral prefrontal cortex (DLPFC) slices,10x Visium,spatial transcriptomics,human,dorsolateral prefrontal cortex,normal,12,https://github.com/LieberInstitute/spatialDLPFC,reused,Interpretable spatially aware dimension reduction of spatial transcriptomics with STAMP,10.1038/s41592-024-02463-8,2024,PMC11541207,literature_search,
Mouse embryo developmental stages dataset,Stereo-seq,spatial transcriptomics,mouse,embryo,normal,,https://db.cngb.org/stomics/mosta/download/,reused,Interpretable spatially aware dimension reduction of spatial transcriptomics with STAMP,10.1038/s41592-024-02463-8,2024,PMC11541207,literature_search,
Mouse embryo seqFISH dataset (8-12 somite stage),seqFISH,spatial transcriptomics,mouse,embryo (sagittal sections),wild type,3,,generated,Integration of spatial and single-cell transcriptomic data elucidates mouse organogenesis,10.1038/s41587-021-01006-2,2021,PMC8763645,literature_search,
Mouse embryo whole-mount HCR dataset,HCR (hybridization chain reaction),,mouse,whole-mount embryo (E8.75),wild type,2,,generated,Integration of spatial and single-cell transcriptomic data elucidates mouse organogenesis,10.1038/s41587-021-01006-2,2021,PMC8763645,literature_search,
V1_Adult_Mouse_Brain,10x Visium,spatial transcriptomics,mouse,Brain,,1,https://www.10xgenomics.com/resources/datasets,reused,SRTsim: spatial pattern preserving simulations for spatially resolved transcriptomics,10.1186/s13059-023-02879-z,2023,PMC9983268,literature_search,
V1_Breast_Cancer_Block_A_Section_1,10x Visium,spatial transcriptomics,human,Breast,Breast cancer,1,https://www.10xgenomics.com/resources/datasets,reused,SRTsim: spatial pattern preserving simulations for spatially resolved transcriptomics,10.1186/s13059-023-02879-z,2023,PMC9983268,literature_search,
V1_Breast_Cancer_Block_A_Section_2,10x Visium,spatial transcriptomics,human,Breast,Breast cancer,1,https://www.10xgenomics.com/resources/datasets,reused,SRTsim: spatial pattern preserving simulations for spatially resolved transcriptomics,10.1186/s13059-023-02879-z,2023,PMC9983268,literature_search,
V1_Human_Heart,10x Visium,spatial transcriptomics,human,Heart,,1,https://www.10xgenomics.com/resources/datasets,reused,SRTsim: spatial pattern preserving simulations for spatially resolved transcriptomics,10.1186/s13059-023-02879-z,2023,PMC9983268,literature_search,
V1_Human_Lymph_Node,10x Visium,spatial transcriptomics,human,Lymph Node,,1,https://www.10xgenomics.com/resources/datasets,reused,SRTsim: spatial pattern preserving simulations for spatially resolved transcriptomics,10.1186/s13059-023-02879-z,2023,PMC9983268,literature_search,
V1_Mouse_Brain_Sagittal_Anterior,10x Visium,spatial transcriptomics,mouse,Brain,,1,https://www.10xgenomics.com/resources/datasets,reused,SRTsim: spatial pattern preserving simulations for spatially resolved transcriptomics,10.1186/s13059-023-02879-z,2023,PMC9983268,literature_search,
V1_Mouse_Brain_Sagittal_Anterior_Section_2,10x Visium,spatial transcriptomics,mouse,Brain,,1,https://www.10xgenomics.com/resources/datasets,reused,SRTsim: spatial pattern preserving simulations for spatially resolved transcriptomics,10.1186/s13059-023-02879-z,2023,PMC9983268,literature_search,
V1_Mouse_Brain_Sagittal_Posterior,10x Visium,spatial transcriptomics,mouse,Brain,,1,https://www.10xgenomics.com/resources/datasets,reused,SRTsim: spatial pattern preserving simulations for spatially resolved transcriptomics,10.1186/s13059-023-02879-z,2023,PMC9983268,literature_search,
V1_Mouse_Brain_Sagittal_Posterior_Section_2,10x Visium,spatial transcriptomics,mouse,Brain,,1,https://www.10xgenomics.com/resources/datasets,reused,SRTsim: spatial pattern preserving simulations for spatially resolved transcriptomics,10.1186/s13059-023-02879-z,2023,PMC9983268,literature_search,
V1_Mouse_Kidney,10x Visium,spatial transcriptomics,mouse,Kidney,,1,https://www.10xgenomics.com/resources/datasets,reused,SRTsim: spatial pattern preserving simulations for spatially resolved transcriptomics,10.1186/s13059-023-02879-z,2023,PMC9983268,literature_search,
spatialLIBD DLPFC datasets,10x Visium,spatial transcriptomics,human,Dorsolateral prefrontal cortex,,12,http://spatial.libd.org/spatialLIBD/,reused,SRTsim: spatial pattern preserving simulations for spatially resolved transcriptomics,10.1186/s13059-023-02879-z,2023,PMC9983268,literature_search,
Breast Cancer Layer 2,ST,,human,Breast cancer tissue,Breast cancer,1,https://www.spatialresearch.org/resources-published-datasets/doi-10-1126science-aaf2403/,reused,SRTsim: spatial pattern preserving simulations for spatially resolved transcriptomics,10.1186/s13059-023-02879-z,2023,PMC9983268,literature_search,
MOB Replicate 11,ST,,mouse,Olfactory bulb,,1,https://www.spatialresearch.org/resources-published-datasets/doi-10-1126science-aaf2403/,reused,SRTsim: spatial pattern preserving simulations for spatially resolved transcriptomics,10.1186/s13059-023-02879-z,2023,PMC9983268,literature_search,
DBiT-seq datasets,DBiT-seq,spatial transcriptomics,,,,11,https://www.ncbi.nlm.nih.gov/geo/query/acc.cgi?acc=GSE137986,reused,SRTsim: spatial pattern preserving simulations for spatially resolved transcriptomics,10.1186/s13059-023-02879-z,2023,PMC9983268,literature_search,
seqFISH+ datasets,seqFISH,spatial transcriptomics,mouse,Cortex and olfactory bulb,,2,https://github.com/CaiGroup/seqFISH-PLUS,reused,SRTsim: spatial pattern preserving simulations for spatially resolved transcriptomics,10.1186/s13059-023-02879-z,2023,PMC9983268,literature_search,
starmap_1020_0410,STARmap,spatial transcriptomics,mouse,Visual cortex,,1,https://xzhoulab.github.io/SRTsim/,reused,SRTsim: spatial pattern preserving simulations for spatially resolved transcriptomics,10.1186/s13059-023-02879-z,2023,PMC9983268,literature_search,
Puck_190926_03,Slide-seq,spatial transcriptomics,mouse,Embryo,,1,https://singlecell.broadinstitute.org/single_cell/study/SCP815/highly-sensitive-spatial-transcriptomics-at-near-cellular-resolution-with-slide-seqv2,reused,SRTsim: spatial pattern preserving simulations for spatially resolved transcriptomics,10.1186/s13059-023-02879-z,2023,PMC9983268,literature_search,
CosMx SMI NSCLC datasets,CosMx,spatial transcriptomics,human,Non-small-cell lung cancer tissue,Non-small-cell lung cancer,5,https://nanostring.com/products/cosmx-spatial-molecular-imager/ffpe-dataset/,reused,SRTsim: spatial pattern preserving simulations for spatially resolved transcriptomics,10.1186/s13059-023-02879-z,2023,PMC9983268,literature_search,
HumanBreastCancerPatient1_FOV659,MERFISH,spatial transcriptomics,human,Breast cancer,,1,https://vizgen.com/data-release-program/,reused,SRTsim: spatial pattern preserving simulations for spatially resolved transcriptomics,10.1186/s13059-023-02879-z,2023,PMC9983268,literature_search,
HumanOvarianCancerPatient1_FOV1051,MERFISH,spatial transcriptomics,human,Ovarian cancer,,1,https://vizgen.com/data-release-program/,reused,SRTsim: spatial pattern preserving simulations for spatially resolved transcriptomics,10.1186/s13059-023-02879-z,2023,PMC9983268,literature_search,
HumanProstateCancerPatient1_FOV1013,MERFISH,spatial transcriptomics,human,Prostate cancer,,1,https://vizgen.com/data-release-program/,reused,SRTsim: spatial pattern preserving simulations for spatially resolved transcriptomics,10.1186/s13059-023-02879-z,2023,PMC9983268,literature_search,
Liver1Slice1_FOV1646,MERFISH,spatial transcriptomics,,Liver,,1,https://vizgen.com/data-release-program/,reused,SRTsim: spatial pattern preserving simulations for spatially resolved transcriptomics,10.1186/s13059-023-02879-z,2023,PMC9983268,literature_search,
BrainReceptorShowcase_S1R1_FOV217,MERFISH,spatial transcriptomics,,Brain,,1,https://vizgen.com/data-release-program/,reused,SRTsim: spatial pattern preserving simulations for spatially resolved transcriptomics,10.1186/s13059-023-02879-z,2023,PMC9983268,literature_search,
SpaceBar melanoma in vitro and tumor xenograft spatial transcriptomics datasets [perturbation: Lentiviral barcoding (SpaceBar) library transduction],seqFISH (GenePS system),spatial transcriptomics,human (wm989 melanoma cells) / mouse (nsg xenograft model),Tumor xenograft / in vitro cell culture,Melanoma,,https://github.com/grantkinsler/SpatialBarcodes,generated,SpaceBar enables clone tracing in spatial transcriptomic data,10.1101/2025.02.10.637514,2025,PMC11844362,literature_search,
Visium breast cancer dataset,10X Genomics Visium (spatial whole transcriptomics sequencing),spatial transcriptomics,human,Breast,Breast cancer,,,reused,A machine learning one-class logistic regression model to predict stemness for single cell transcriptomics and spatial omics,10.1186/s12864-023-09722-6,2023,PMC10683105,literature_search,
Xenium breast cancer dataset,10X Genomics Xenium (high plex in situ probe-based imaging),spatial transcriptomics,human,Breast,Breast cancer,,,reused,A machine learning one-class logistic regression model to predict stemness for single cell transcriptomics and spatial omics,10.1186/s12864-023-09722-6,2023,PMC10683105,literature_search,
MERSCOPE breast cancer dataset,Vizgen MERSCOPE (high plex in situ probe-based imaging),,human,Breast,Breast cancer,,https://info.vizgen.com/merscope-ffpe-access,reused,A machine learning one-class logistic regression model to predict stemness for single cell transcriptomics and spatial omics,10.1186/s12864-023-09722-6,2023,PMC10683105,literature_search,
PhenoCycler Fusion breast cancer dataset,Akoya Biosciences PhenoCycler Fusion Discovery panel (high plex protein-based),spatial proteomics,human,Breast (FFPE),Breast cancer,1,,generated,A machine learning one-class logistic regression model to predict stemness for single cell transcriptomics and spatial omics,10.1186/s12864-023-09722-6,2023,PMC10683105,literature_search,
CosMX breast cancer dataset,Nanostring Technologies CosMX (high plex protein-based),spatial transcriptomics,human,Breast,Breast cancer,,,reused,A machine learning one-class logistic regression model to predict stemness for single cell transcriptomics and spatial omics,10.1186/s12864-023-09722-6,2023,PMC10683105,literature_search,
Mouse olfactory bulb Spatial Transcriptomics dataset,Spatial Transcriptomics,spatial transcriptomics,mouse,Olfactory bulb,,,,generated,Automation of Spatial Transcriptomics library preparation to enable rapid and robust insights into spatial organization of tissues,10.1186/s12864-020-6631-z,2020,PMC7158132,literature_search,
Prostate cancer needle biopsy Spatial Transcriptomics dataset,Spatial Transcriptomics,spatial transcriptomics,human,Prostate needle biopsy,Prostate cancer,,,generated,Automation of Spatial Transcriptomics library preparation to enable rapid and robust insights into spatial organization of tissues,10.1186/s12864-020-6631-z,2020,PMC7158132,literature_search,
Mouse and human testis spatial transcriptomics,Slide-seqV2 and ISS,spatial transcriptomics,mouse and human,Testis,,,,reused,Dissecting mammalian reproduction with spatial transcriptomics,10.1093/humupd/dmad017,2023,PMC10628492,literature_search,
Human spermatogonial spatial transcriptomics,seqFISH,spatial transcriptomics,human,Testis,,,,reused,Dissecting mammalian reproduction with spatial transcriptomics,10.1093/humupd/dmad017,2023,PMC10628492,literature_search,
Human endometrium spatial transcriptomics across menstrual cycle,ISH and 10x Genomics Visium,spatial transcriptomics,human,Endometrium,,,,reused,Dissecting mammalian reproduction with spatial transcriptomics,10.1093/humupd/dmad017,2023,PMC10628492,literature_search,
Mouse uterus Ezh2 knockout spatial transcriptomics [perturbation: Enhancer of zeste homolog 2 (Ezh2) conditional knockout],10x Visium,spatial transcriptomics,mouse,Uterus,,,,reused,Dissecting mammalian reproduction with spatial transcriptomics,10.1093/humupd/dmad017,2023,PMC10628492,literature_search,
Mouse embryo spatial transcriptomics,sci-Space and Stereo-seq,spatial transcriptomics,mouse,Embryo,,,,reused,Dissecting mammalian reproduction with spatial transcriptomics,10.1093/humupd/dmad017,2023,PMC10628492,literature_search,
Zebrafish and Xenopus embryo spatial transcriptomics,Tomo-seq,spatial transcriptomics,zebrafish and xenopus,Embryo,,,,reused,Dissecting mammalian reproduction with spatial transcriptomics,10.1093/humupd/dmad017,2023,PMC10628492,literature_search,
Human maternal-fetal interface spatial transcriptomics,10x Visium,spatial transcriptomics,human,Maternal-fetal interface / placenta,,,,reused,Dissecting mammalian reproduction with spatial transcriptomics,10.1093/humupd/dmad017,2023,PMC10628492,literature_search,
Mouse embryo implantation site spatial transcriptomics,10x Visium,spatial transcriptomics,mouse,Uterus (implantation site),,,,reused,Dissecting mammalian reproduction with spatial transcriptomics,10.1093/humupd/dmad017,2023,PMC10628492,literature_search,
Mouse placenta spatial transcriptomics,STARmap,spatial transcriptomics,mouse,Placenta,,,,reused,Dissecting mammalian reproduction with spatial transcriptomics,10.1093/humupd/dmad017,2023,PMC10628492,literature_search,
Diabetic mouse testis spatial transcriptomics [perturbation: Leptin deficiency (ob/ob mutation)],Slide-seq,spatial transcriptomics,mouse,Testis,,,,reused,Dissecting mammalian reproduction with spatial transcriptomics,10.1093/humupd/dmad017,2023,PMC10628492,literature_search,
Human prostate tumor spatial transcriptomics,Slide-seq,spatial transcriptomics,human,Prostate tumor,,,,reused,Dissecting mammalian reproduction with spatial transcriptomics,10.1093/humupd/dmad017,2023,PMC10628492,literature_search,
Human endometrial adenocarcinoma spatial transcriptomics,10x Visium,spatial transcriptomics,human,Endometrium / Endometrial adenocarcinoma,,,,reused,Dissecting mammalian reproduction with spatial transcriptomics,10.1093/humupd/dmad017,2023,PMC10628492,literature_search,
Human endometriosis spatial transcriptomics,10x Visium,spatial transcriptomics,human,Endometriosis lesion,,,,reused,Dissecting mammalian reproduction with spatial transcriptomics,10.1093/humupd/dmad017,2023,PMC10628492,literature_search,
Human high-grade serous ovarian carcinoma spatial transcriptomics [perturbation: Neoadjuvant chemotherapy],10x Visium,spatial transcriptomics,human,Ovary / High-grade serous ovarian carcinoma,,,,reused,Dissecting mammalian reproduction with spatial transcriptomics,10.1093/humupd/dmad017,2023,PMC10628492,literature_search,
Human cervical squamous cell carcinoma spatial transcriptomics,Stereo-seq,spatial transcriptomics,human,Cervical squamous cell carcinoma,,,,reused,Dissecting mammalian reproduction with spatial transcriptomics,10.1093/humupd/dmad017,2023,PMC10628492,literature_search,
Embryonic mouse brain coronal sections,Stereo-seq,spatial transcriptomics,mus musculus,embryonic brain,,2,PRJNA948178,generated,STellaris: a web server for accurate spatial mapping of single cells based on spatial transcriptomics data,10.1093/nar/gkad419,2023,PMC10320151,literature_search,
Developing mouse cerebral cortex scRNA-seq data,,,mus musculus,cerebral cortex,,,,reused,STellaris: a web server for accurate spatial mapping of single cells based on spatial transcriptomics data,10.1093/nar/gkad419,2023,PMC10320151,literature_search,
Human cutaneous squamous cell carcinoma (cSCC) scRNA-seq data,,,homo sapiens,skin tissue,cutaneous squamous cell carcinoma,,,reused,STellaris: a web server for accurate spatial mapping of single cells based on spatial transcriptomics data,10.1093/nar/gkad419,2023,PMC10320151,literature_search,
Mouse frontal cortex and hippocampus single-cell multiomics data,Paired-Tag,,mus musculus,frontal cortex and hippocampus,,,,reused,STellaris: a web server for accurate spatial mapping of single cells based on spatial transcriptomics data,10.1093/nar/gkad419,2023,PMC10320151,literature_search,
Mouse liver scRNA-seq data,,,mus musculus,liver,,,,reused,STellaris: a web server for accurate spatial mapping of single cells based on spatial transcriptomics data,10.1093/nar/gkad419,2023,PMC10320151,literature_search,
Adult mouse brain ST dataset (10x Visium),10x Visium,spatial transcriptomics,mus musculus,brain,,,,reused,STellaris: a web server for accurate spatial mapping of single cells based on spatial transcriptomics data,10.1093/nar/gkad419,2023,PMC10320151,literature_search,
Adult mouse brain ST dataset (Space-TREX),Space-TREX,,mus musculus,brain,,,,reused,STellaris: a web server for accurate spatial mapping of single cells based on spatial transcriptomics data,10.1093/nar/gkad419,2023,PMC10320151,literature_search,
Adult mouse brain ST dataset (ST),ST,,mus musculus,brain,,,,reused,STellaris: a web server for accurate spatial mapping of single cells based on spatial transcriptomics data,10.1093/nar/gkad419,2023,PMC10320151,literature_search,
Mouse liver ST dataset,,,mus musculus,liver,,,,reused,STellaris: a web server for accurate spatial mapping of single cells based on spatial transcriptomics data,10.1093/nar/gkad419,2023,PMC10320151,literature_search,
Mouse brain ST dataset (brain-to-liver mapping comparison),Stereo-seq,spatial transcriptomics,mus musculus,brain,,,,reused,STellaris: a web server for accurate spatial mapping of single cells based on spatial transcriptomics data,10.1093/nar/gkad419,2023,PMC10320151,literature_search,
human kidney specimens dataset,spatial metabolomics (integrated with single-cell ATAC/RNA sequencing),,human,kidney,acute kidney injury,54,,reused,Progress and applications of single-cell RNA sequencing and spatial transcriptome technology in acute kidney injury research,10.1016/j.omtn.2025.102583,2025,PMC12192682,literature_search,
10X Visium Breast Cancer Data,10x Visium,spatial transcriptomics,human,Breast tissue,Breast ductal carcinoma,1,,reused,A spatially informed matrix normal model for gene co-expression analysis in spatial transcriptomics studies,10.1093/nar/gkaf1264,2025,PMC12693644,literature_search,
10X Visium Colorectal Cancer Data,10x Visium,spatial transcriptomics,human,Colorectal intestine tissue,Colorectal cancer,1,,reused,A spatially informed matrix normal model for gene co-expression analysis in spatial transcriptomics studies,10.1093/nar/gkaf1264,2025,PMC12693644,literature_search,
10X Visium Lung Cancer Data,10x Visium,spatial transcriptomics,human,Lung tissue,Lung squamous cell carcinoma,1,,reused,A spatially informed matrix normal model for gene co-expression analysis in spatial transcriptomics studies,10.1093/nar/gkaf1264,2025,PMC12693644,literature_search,
10X Visium Ovarian Cancer Data,10x Visium,spatial transcriptomics,human,Ovarian tissue,Ovarian carcinoma,1,,reused,A spatially informed matrix normal model for gene co-expression analysis in spatial transcriptomics studies,10.1093/nar/gkaf1264,2025,PMC12693644,literature_search,
"10X Visium Aging Mouse Brain Data [perturbation: Aging (6-month-old, 18-month-old, and 21-month-old mice)]",10x Visium,spatial transcriptomics,mouse,Whole brain tissue,Aging-related processes,3,GSE212903,reused,A spatially informed matrix normal model for gene co-expression analysis in spatial transcriptomics studies,10.1093/nar/gkaf1264,2025,PMC12693644,literature_search,
MERFISH Human Brain Cortex Data,MERFISH,spatial transcriptomics,human,Brain cortex,Normal,1,https://datadryad.org/dataset/doi:10.5061/dryad.x3ffbg7mw,reused,A spatially informed matrix normal model for gene co-expression analysis in spatial transcriptomics studies,10.1093/nar/gkaf1264,2025,PMC12693644,literature_search,
MERFISH Mouse Brain Cortex Data,MERFISH,spatial transcriptomics,mouse,Brain cortex,Normal,1,https://datadryad.org/dataset/doi:10.5061/dryad.x3ffbg7mw,reused,A spatially informed matrix normal model for gene co-expression analysis in spatial transcriptomics studies,10.1093/nar/gkaf1264,2025,PMC12693644,literature_search,
MOB dataset,spatial barcoding (Spatial Transcriptomics),spatial transcriptomics,mouse,olfactory bulb,,1,https://github.com/xzhoulab/SPARK-Analysis/tree/master/raw_data,reused,Spatial pattern and differential expression analysis with spatial transcriptomic data,10.1093/nar/gkae962,2024,PMC11602167,literature_search,
SeqFISH dataset,smFISH (SeqFISH),spatial transcriptomics,mouse,hippocampus,,1,https://www.cell.com/cms/10.1016/j.neuron.2016.10.001/attachment/759be4dc-04a6-4a58-b6f6-9b52be2802db/mmc6.xlsx,reused,Spatial pattern and differential expression analysis with spatial transcriptomic data,10.1093/nar/gkae962,2024,PMC11602167,literature_search,
MERFISH dataset,smFISH (MERFISH),spatial transcriptomics,mouse,preoptic region of the hypothalamus,,1,https://datadryad.org/stash/dataset/doi:10.5061/dryad.8t8s248,reused,Spatial pattern and differential expression analysis with spatial transcriptomic data,10.1093/nar/gkae962,2024,PMC11602167,literature_search,
ARRISTA dataset [perturbation: injury (post-injury stages: 2 and 5 days post-injury)],Stereo-seq,spatial transcriptomics,axolotl,telencephalon / brain tissue,,2,https://db.cngb.org/stomics/artista/,reused,Spatial pattern and differential expression analysis with spatial transcriptomic data,10.1093/nar/gkae962,2024,PMC11602167,literature_search,
Thymus spatial transcriptomics dataset [perturbation: Trp53 knockout],BMKMANU ST03002 Gene Expression,,mouse,thymus,knockout pre-neoplastic and normal physiology,3,GSE217664,generated,Dissecting cross‐lineage tumourigenesis under p53 inactivation through single‐cell multi‐omics and spatial transcriptomics,10.1002/ctm2.70461,2025,PMC12399789,literature_search,
DeepSpaceDB Visium Spatial Transcriptomics Atlas,10x Visium,spatial transcriptomics,human and mouse,"various (including brain, lung, liver, skin, small intestine, kidney)",various (including cancer and Alzheimer's disease),2144,www.ncbi.nlm.nih.gov/geo/,reused,DeepSpaceDB: a spatial transcriptomics atlas for interactive in-depth analysis of tissues and tissue microenvironments,10.1093/nar/gkaf1117,2026,PMC12807613,literature_search,
Visium mouse kidney healthy adult,10x Visium,spatial transcriptomics,mouse,kidney,healthy adult,,,reused,Spatial Transcriptomics,10.1016/j.ajpath.2024.06.012,2024,PMC12179522,literature_search,
Xenium mouse kidney healthy adult,10x Xenium,spatial transcriptomics,mouse,kidney,healthy adult,,,reused,Spatial Transcriptomics,10.1016/j.ajpath.2024.06.012,2024,PMC12179522,literature_search,
KPMP human kidney atlas dataset,Visium and SLIDE-Seq2,spatial transcriptomics,human,kidney,healthy and injured kidney,,,reused,Spatial Transcriptomics,10.1016/j.ajpath.2024.06.012,2024,PMC12179522,literature_search,
Abedini et al. human kidney multi-omics dataset,"Visium, CosMx, scRNAseq, snRNAseq, snATACseq",spatial transcriptomics,human,kidney,"healthy, diabetic, and hypertensive diseased",81,,reused,Spatial Transcriptomics,10.1016/j.ajpath.2024.06.012,2024,PMC12179522,literature_search,
Human brain spatial multi-modal samples (12 published and 4 private),10x Visium,spatial transcriptomics,human,Dorsolateral prefrontal cortex / brain,Alzheimer's disease / non-AD cases,16,http://research.libd.org/spatialLIBD,reused,A contrastive learning approach to integrate spatial transcriptomics and histological images,10.1016/j.csbj.2024.04.039,2024,PMC11068546,literature_search,
Chicken heart spatial multi-modal samples,10x Visium,spatial transcriptomics,chicken,Heart,,4,https://github.com/madhavmantri/chicken_heart,reused,A contrastive learning approach to integrate spatial transcriptomics and histological images,10.1016/j.csbj.2024.04.039,2024,PMC11068546,literature_search,
HER2-positive breast tumor spatial transcriptomics samples (A1-H1),Spatial transcriptomics,spatial transcriptomics,human,Breast tumor,HER2-positive breast tumor,8,https://github.com/almaan/her2st,reused,A contrastive learning approach to integrate spatial transcriptomics and histological images,10.1016/j.csbj.2024.04.039,2024,PMC11068546,literature_search,
Human lung spatial multi-modal samples (Fov1 to Fov30),CosMx Spatially Molecular Imaging (SMI),spatial transcriptomics,human,Lung,,30,https://nanostring.com/products/cosmx-spatial-molecular-imager/ffpe-dataset/nsclc-ffpe-dataset/,reused,A contrastive learning approach to integrate spatial transcriptomics and histological images,10.1016/j.csbj.2024.04.039,2024,PMC11068546,literature_search,
Human dorsolateral prefrontal cortex (DLPFC) dataset,10x Visium,spatial transcriptomics,human,Dorsolateral prefrontal cortex,,12,,reused,Unsupervised spatially embedded deep representation of spatial transcriptomics,10.1186/s13073-024-01283-x,2024,PMC10790257,literature_search,
Human ovarian cancer dataset,10x Visium,spatial transcriptomics,human,Ovary,Ovarian cancer,,,reused,Unsupervised spatially embedded deep representation of spatial transcriptomics,10.1186/s13073-024-01283-x,2024,PMC10790257,literature_search,
Human lymph node dataset,10x Visium,spatial transcriptomics,human,Lymph node,,,,reused,Unsupervised spatially embedded deep representation of spatial transcriptomics,10.1186/s13073-024-01283-x,2024,PMC10790257,literature_search,
Mouse olfactory bulb Stereo-seq dataset,Stereo-seq,spatial transcriptomics,mouse,Olfactory bulb,,,,reused,Unsupervised spatially embedded deep representation of spatial transcriptomics,10.1186/s13073-024-01283-x,2024,PMC10790257,literature_search,
Mouse olfactory bulb Slide-seqV2 dataset,Slide-seq,spatial transcriptomics,mouse,Olfactory bulb,,,,reused,Unsupervised spatially embedded deep representation of spatial transcriptomics,10.1186/s13073-024-01283-x,2024,PMC10790257,literature_search,
Human breast cancer dataset,10x Visium,spatial transcriptomics,human,Breast,Breast cancer,,,reused,Unsupervised spatially embedded deep representation of spatial transcriptomics,10.1186/s13073-024-01283-x,2024,PMC10790257,literature_search,
Human dorsolateral pre-frontal cortex (DLPFC) spatial transcriptomics data,10x Visium,spatial transcriptomics,human,Dorsolateral pre-frontal cortex,,12,https://zenodo.org/record/8141084,reused,Assembling spatial clustering framework for heterogeneous spatial transcriptomics data with GRAPHDeep,10.1093/bioinformatics/btae023,2024,PMC10832355,literature_search,
4i spatial protein data subset,Iterative indirect immuno-fluorescence imaging (4i),,,,,,https://zenodo.org/record/8141084,reused,Assembling spatial clustering framework for heterogeneous spatial transcriptomics data with GRAPHDeep,10.1093/bioinformatics/btae023,2024,PMC10832355,literature_search,
Slide-seqV2 mouse hippocampus dataset,Slide-seq,spatial transcriptomics,mouse,Hippocampus,,,https://zenodo.org/record/8141084,reused,Assembling spatial clustering framework for heterogeneous spatial transcriptomics data with GRAPHDeep,10.1093/bioinformatics/btae023,2024,PMC10832355,literature_search,
MERFISH mouse liver dataset subset,MERFISH,spatial transcriptomics,mouse,Liver,,,https://zenodo.org/record/8141084,reused,Assembling spatial clustering framework for heterogeneous spatial transcriptomics data with GRAPHDeep,10.1093/bioinformatics/btae023,2024,PMC10832355,literature_search,
MIBI-TOF spatial protein dataset subset,MIBI-TOF,spatial proteomics,,,,,https://zenodo.org/record/8141084,reused,Assembling spatial clustering framework for heterogeneous spatial transcriptomics data with GRAPHDeep,10.1093/bioinformatics/btae023,2024,PMC10832355,literature_search,
Human dorsolateral prefrontal cortex (DLPFC) datasets,,,human,Dorsolateral prefrontal cortex,,12,https://github.com/LieberInstitute/spatialLIBD,reused,SpaTopic: A statistical learning framework for exploring tumor spatial architecture from spatially resolved transcriptomic data,10.1126/sciadv.adp4942,2024,PMC11430467,literature_search,
Pancreatic ductal adenocarcinoma (PDAC-A) dataset,,,human,Pancreas,Pancreatic ductal adenocarcinoma,1,,reused,SpaTopic: A statistical learning framework for exploring tumor spatial architecture from spatially resolved transcriptomic data,10.1126/sciadv.adp4942,2024,PMC11430467,literature_search,
Primary liver cancer (PLC) SRT dataset,,,human,Liver,"Primary liver cancer (ICC, HCC, cHC)",6,,reused,SpaTopic: A statistical learning framework for exploring tumor spatial architecture from spatially resolved transcriptomic data,10.1126/sciadv.adp4942,2024,PMC11430467,literature_search,
Clear cell renal cell carcinoma (ccRCC) SRT dataset,,,human,Kidney,Clear cell renal cell carcinoma (ccRCC),11,,reused,SpaTopic: A statistical learning framework for exploring tumor spatial architecture from spatially resolved transcriptomic data,10.1126/sciadv.adp4942,2024,PMC11430467,literature_search,
Breast cancer (BRCA) dataset,10x Visium,spatial transcriptomics,human,Breast,Breast cancer,2,https://support.10xgenomics.com/spatial-gene-expression/,reused,SpaTopic: A statistical learning framework for exploring tumor spatial architecture from spatially resolved transcriptomic data,10.1126/sciadv.adp4942,2024,PMC11430467,literature_search,
Ovarian cancer (OV) dataset,10x Visium,spatial transcriptomics,human,Ovary,Ovarian cancer,1,https://10xgenomics.com/resources/datasets/human-ovarian-cancer-whole-transcriptome-analysis-stains-dapi-anti-pan-ck-anti-cd-45-1-standard-1-2-0,reused,SpaTopic: A statistical learning framework for exploring tumor spatial architecture from spatially resolved transcriptomic data,10.1126/sciadv.adp4942,2024,PMC11430467,literature_search,
Oral squamous cell carcinoma (OSCC) dataset,,,human,Oral cavity,Oral squamous cell carcinoma,11,,reused,SpaTopic: A statistical learning framework for exploring tumor spatial architecture from spatially resolved transcriptomic data,10.1126/sciadv.adp4942,2024,PMC11430467,literature_search,
Colorectal cancer primary and liver metastatic tumors dataset,,,human,Colorectum and liver,Colorectal cancer and liver metastatic tumors,6,,reused,SpaTopic: A statistical learning framework for exploring tumor spatial architecture from spatially resolved transcriptomic data,10.1126/sciadv.adp4942,2024,PMC11430467,literature_search,
Non-small cell lung cancer (NSCLC) dataset,NanoString CosMx platform,spatial transcriptomics,human,Lung,Non-small cell lung cancer,,https://nanostring.com/products/cosmx-spatial-molecular-imager/ffpe-dataset/nsclc-ffpe-dataset/,reused,SpaTopic: A statistical learning framework for exploring tumor spatial architecture from spatially resolved transcriptomic data,10.1126/sciadv.adp4942,2024,PMC11430467,literature_search,
"RaviGBM datasets (e.g., UKF243_T_ST, UKF260_T_ST, UKF255_T_ST)",10x Visium / Spatial Transcriptomics,spatial transcriptomics,human,Brain,Glioblastoma,,https://datadryad.org/stash/dataset/doi:10.5061/dryad.h70rxwdmj,reused,Interpretable Spatial Gradient Analysis for Spatial Transcriptomics Data,10.1101/2024.03.19.585725,2024,PMC10983986,literature_search,
WuPLC datasets,Spatial transcriptomics,spatial transcriptomics,human,Liver,Primary liver cancer,,https://ngdc.cncb.ac.cn/gsa-human/browse/HRA000437,reused,Interpretable Spatial Gradient Analysis for Spatial Transcriptomics Data,10.1101/2024.03.19.585725,2024,PMC10983986,literature_search,
"87 tumor ST datasets from 9 published studies (including Barkley2022, Bergenstrahle2021, Berglund2018, Gouin2021, Gracia2021, Ji2020)",10x Visium / Spatial Transcriptomics,spatial transcriptomics,human,Tumor tissues (various types),"Cancer (including breast cancer, squamous cell carcinoma, prostate cancer, bladder cancer, etc.)",87,,reused,Interpretable Spatial Gradient Analysis for Spatial Transcriptomics Data,10.1101/2024.03.19.585725,2024,PMC10983986,literature_search,
Human dorsolateral prefrontal cortex (DLPFC) slides,10 x Visium,spatial transcriptomics,human,dorsolateral prefrontal cortex,,12,http://spatial.libd.org/spatialLIBD,reused,DeepST: identifying spatial domains in spatial transcriptomics by deep learning,10.1093/nar/gkac901,2022,PMC9825193,literature_search,
"Human breast cancer dataset (Block A, Section 1)",10 x Visium,spatial transcriptomics,human,breast tissue,breast cancer,,https://support.10xgenomics.com/spatial-gene-expression/datasets,reused,DeepST: identifying spatial domains in spatial transcriptomics by deep learning,10.1093/nar/gkac901,2022,PMC9825193,literature_search,
Mouse brain tissue dataset (sagittal posterior and coronal regions),10 x Visium,spatial transcriptomics,mouse,brain,,,https://support.10xgenomics.com/spatial-gene-expression/datasets,reused,DeepST: identifying spatial domains in spatial transcriptomics by deep learning,10.1093/nar/gkac901,2022,PMC9825193,literature_search,
4i dataset,4i (iterative indirect immunofluorescence imaging),spatial proteomics,,,,,https://github.com/scverse/squidpy,reused,DeepST: identifying spatial domains in spatial transcriptomics by deep learning,10.1093/nar/gkac901,2022,PMC9825193,literature_search,
MIBI-TOF dataset,MIBI-TOF,spatial proteomics,,,,,https://github.com/scverse/squidpy,reused,DeepST: identifying spatial domains in spatial transcriptomics by deep learning,10.1093/nar/gkac901,2022,PMC9825193,literature_search,
Mouse hippocampus SlideseqV2 dataset,Slide-seq,spatial transcriptomics,mouse,hippocampus,,,,reused,DeepST: identifying spatial domains in spatial transcriptomics by deep learning,10.1093/nar/gkac901,2022,PMC9825193,literature_search,
Mouse preoptic hypothalamus MERFISH dataset,MERFISH,spatial transcriptomics,mouse,hypothalamus,,,,reused,DeepST: identifying spatial domains in spatial transcriptomics by deep learning,10.1093/nar/gkac901,2022,PMC9825193,literature_search,
Mouse olfactory bulb Stereoseq dataset,Stereo-seq,spatial transcriptomics,mouse,olfactory bulb,,,https://github.com/BGIResearch/stereopy,reused,DeepST: identifying spatial domains in spatial transcriptomics by deep learning,10.1093/nar/gkac901,2022,PMC9825193,literature_search,
Human breast cancer dataset (Ductal Carcinoma In Situ),10 x Visium,spatial transcriptomics,human,breast tissue,breast cancer,,https://support.10xgenomics.com/spatial-gene-expression/datasets,reused,DeepST: identifying spatial domains in spatial transcriptomics by deep learning,10.1093/nar/gkac901,2022,PMC9825193,literature_search,
PDAC spatial transcriptomics dataset,spatial transcriptomics (microarray-based),spatial transcriptomics,human,pancreatic ductal adenocarcinoma and adjacent normal tissue,pancreatic ductal adenocarcinoma,,,reused,Inference on spatial heterogeneity in tumor microenvironment using spatial transcriptomics data,10.1002/cso2.1043,2022,PMC9410565,literature_search,
Soybean spatial transcriptome dataset,Visium spatial transcriptomics (10x Genomics),spatial transcriptomics,glycine max,Soybean seeds at the cotyledon stage,,,https://doi.org/10.5281/zenodo.12571868,generated,Protocol for preparing fresh frozen soybean tissues for spatial transcriptomics,10.1016/j.xpro.2025.103790,2025,PMC12051539,literature_search,
PDAC,traditional ST platform,,human,pancreas,pancreatic ductal adenocarcinoma,10,,reused,SPCS: a spatial and pattern combined smoothing method for spatial transcriptomic expression,10.1093/bib/bbac116,2022,PMC9116229,literature_search,
DLPFC,Visium platform,spatial transcriptomics,human,dorsolateral prefrontal cortex,normal/dorsolateral prefrontal cortex,12,,reused,SPCS: a spatial and pattern combined smoothing method for spatial transcriptomic expression,10.1093/bib/bbac116,2022,PMC9116229,literature_search,
Mouse AD Visium dataset [perturbation: Transgenic model (AD vs. WT mice at different ages; beta amyloid plaque profiling)],10x Genomics Visium spatial transcriptomics,spatial transcriptomics,mouse,Whole brain,Alzheimer's disease,,GEO: GSE152506,reused,"SCING: Inference of robust, interpretable gene regulatory networks from single cell and spatial transcriptomics",10.1016/j.isci.2023.107124,2023,PMC10331489,literature_search,
Cervical cancer spatial transcriptomics dataset,10x Visium,spatial transcriptomics,human,cervical cancer tissue,cervical cancer,,,reused,Spatial transcriptomic landscape and cellular neighborhood heterogeneity in cervical cancer: integrative single-cell and spatial RNA sequencing analysis,10.1007/s12672-025-03788-2,2025,PMC12589693,literature_search,
Cervical cancer single-cell RNA sequencing dataset,scRNA-seq,,human,cervical cancer tissue,cervical cancer,,,reused,Spatial transcriptomic landscape and cellular neighborhood heterogeneity in cervical cancer: integrative single-cell and spatial RNA sequencing analysis,10.1007/s12672-025-03788-2,2025,PMC12589693,literature_search,
"Mouse spatial multi-omics datasets (spleen, colon, intestine, kidney)",Spatial-CITE-seq / DBiT-seq,spatial transcriptomics,mouse,"Spleen, colon, intestine, kidney",,,,generated,Spatial-CITE-seq: spatially resolved high-plex protein and whole transcriptome co-mapping,10.21203/rs.3.rs-1499315/v1,2022,PMC8978952,literature_search,
Human tonsil spatial-CITE-seq dataset,Spatial-CITE-seq / DBiT-seq,spatial transcriptomics,human,Tonsil,,,,generated,Spatial-CITE-seq: spatially resolved high-plex protein and whole transcriptome co-mapping,10.21203/rs.3.rs-1499315/v1,2022,PMC8978952,literature_search,
Human skin biopsy spatial-CITE-seq dataset [perturbation: COVID-19 mRNA vaccine injection],Spatial-CITE-seq / DBiT-seq,spatial transcriptomics,human,Skin,COVID-19 vaccination response,,,generated,Spatial-CITE-seq: spatially resolved high-plex protein and whole transcriptome co-mapping,10.21203/rs.3.rs-1499315/v1,2022,PMC8978952,literature_search,
Adult fly whole-body spatial transcriptomics,Molecular Cartography (MC),,drosophila melanogaster,Whole body (male),,5,https://spatialfly.aertslab.org/,generated,Spatial transcriptomics in the adult  Drosophila  brain and body,10.7554/eLife.92618,2025,PMC11919255,literature_search,
Adult fly head spatial transcriptomics,Molecular Cartography (MC),,drosophila melanogaster,Head and brain,,13,https://spatialfly.aertslab.org/,generated,Spatial transcriptomics in the adult  Drosophila  brain and body,10.7554/eLife.92618,2025,PMC11919255,literature_search,
Collapsing glomerulopathy digital spatial profiling dataset [perturbation: HIV and SARS-CoV-2 infections],Nanostring GeoMx DSP,spatial transcriptomics,human,kidney biopsy,collapsing glomerulopathy,,,generated,Challenges and Opportunities for the Clinical Translation of Spatial Transcriptomics Technologies,10.1159/000538344,2024,PMC11006413,literature_search,
Minimal change disease spatial profiling dataset,Nanostring GeoMx DSP,spatial transcriptomics,human,kidney biopsy,minimal change disease,14,,generated,Challenges and Opportunities for the Clinical Translation of Spatial Transcriptomics Technologies,10.1159/000538344,2024,PMC11006413,literature_search,
osmFISH data,osmFISH,spatial transcriptomics,mouse,somatosensory cortex,,,https://linnarssonlab.org/osmFISH/,reused,Enhancing Spatial Transcriptomics via Spatially Constrained Matrix Decomposition with EDGES,10.1002/advs.202508346,2025,PMC12622516,literature_search,
MERFISH data (mouse),MERFISH,spatial transcriptomics,mouse,primary visual cortex (VISp),,,https://github.com/spacetx-spacejam/data/,reused,Enhancing Spatial Transcriptomics via Spatially Constrained Matrix Decomposition with EDGES,10.1002/advs.202508346,2025,PMC12622516,literature_search,
Exseq data,Exseq,,,tissue specimens (primary visual cortex),,,https://github.com/spacetx-spacejam/data,reused,Enhancing Spatial Transcriptomics via Spatially Constrained Matrix Decomposition with EDGES,10.1002/advs.202508346,2025,PMC12622516,literature_search,
seqFISH data (gastrulation),seqFISH,spatial transcriptomics,mouse,embryo (gastrulation stage),,,https://content.cruk.cam.ac.uk/jmlab/SpatialMouseAtlas2020/,reused,Enhancing Spatial Transcriptomics via Spatially Constrained Matrix Decomposition with EDGES,10.1002/advs.202508346,2025,PMC12622516,literature_search,
STARmap data,STARmap,spatial transcriptomics,mouse,visual cortex,,,https://www.starmapresources.com/data,reused,Enhancing Spatial Transcriptomics via Spatially Constrained Matrix Decomposition with EDGES,10.1002/advs.202508346,2025,PMC12622516,literature_search,
Xenium data (breast cancer),10x Xenium,spatial transcriptomics,human,breast cancer tissue,breast cancer,,https://www.10xgenomics.com/products/xenium-in-situ/preview-dataset-human-breast,reused,Enhancing Spatial Transcriptomics via Spatially Constrained Matrix Decomposition with EDGES,10.1002/advs.202508346,2025,PMC12622516,literature_search,
seqFISH data (embryon),seqFISH,spatial transcriptomics,mouse,embryonic tissue,,,https://zenodo.org/record/3735329#.YY69HZMza3J,reused,Enhancing Spatial Transcriptomics via Spatially Constrained Matrix Decomposition with EDGES,10.1002/advs.202508346,2025,PMC12622516,literature_search,
seqFISH data (hippocampus),seqFISH,spatial transcriptomics,mouse,hippocampus,,,https://ars.els-cdn.com/content/image/1-s2.0-S0896627316307024-mmc6.xlsx,reused,Enhancing Spatial Transcriptomics via Spatially Constrained Matrix Decomposition with EDGES,10.1002/advs.202508346,2025,PMC12622516,literature_search,
seqFISH+ data,seqFISH,spatial transcriptomics,mouse,cortex,,,https://github.com/CaiGroup/seqFISH-PLUS,reused,Enhancing Spatial Transcriptomics via Spatially Constrained Matrix Decomposition with EDGES,10.1002/advs.202508346,2025,PMC12622516,literature_search,
MERFISH data (human),MERFISH,spatial transcriptomics,human,osteosarcoma sample,osteosarcoma,,https://www.pnas.org/doi/suppl/10.1073/pnas.1912459116/suppl_file/pnas.1912459116.sd12.csv,reused,Enhancing Spatial Transcriptomics via Spatially Constrained Matrix Decomposition with EDGES,10.1002/advs.202508346,2025,PMC12622516,literature_search,
Xenium data (melanoma),10x Xenium,spatial transcriptomics,human,melanoma tissue,melanoma,,GSE286964,reused,Enhancing Spatial Transcriptomics via Spatially Constrained Matrix Decomposition with EDGES,10.1002/advs.202508346,2025,PMC12622516,literature_search,
CODEX data,CODEX,spatial proteomics,human,bone marrow (H33 sample),,,https://plus.figshare.com/collections/_/7174914,reused,Enhancing Spatial Transcriptomics via Spatially Constrained Matrix Decomposition with EDGES,10.1002/advs.202508346,2025,PMC12622516,literature_search,
BaristaSeq data,BaristaSeq,,mouse,primary visual cortex (VISp),,,https://github.com/spacetx-spacejam/data,reused,Enhancing Spatial Transcriptomics via Spatially Constrained Matrix Decomposition with EDGES,10.1002/advs.202508346,2025,PMC12622516,literature_search,
Zeisel’s data,scRNA-seq,,mouse,superficial dorsal horn of the murine spinal cord,,,https://linnarssonlab.org/cortex/,reused,Enhancing Spatial Transcriptomics via Spatially Constrained Matrix Decomposition with EDGES,10.1002/advs.202508346,2025,PMC12622516,literature_search,
AllenVISp data,scRNA-seq,,mouse,primary visual cortex (VISp),,,https://portal.brain-map.org/atlases-and-data/rnaseq/mouse-v1-and-alm-smartseq,reused,Enhancing Spatial Transcriptomics via Spatially Constrained Matrix Decomposition with EDGES,10.1002/advs.202508346,2025,PMC12622516,literature_search,
MouseGastrulation data,scRNA-seq,,mouse,embryo (gastrulation),,,,reused,Enhancing Spatial Transcriptomics via Spatially Constrained Matrix Decomposition with EDGES,10.1002/advs.202508346,2025,PMC12622516,literature_search,
Breast cancer data,scRNA-seq,,human,breast tissue,breast cancer,,GSE278793,reused,Enhancing Spatial Transcriptomics via Spatially Constrained Matrix Decomposition with EDGES,10.1002/advs.202508346,2025,PMC12622516,literature_search,
Mouse cell atlas,scRNA-seq,,mouse,mouse cell atlas tissues,,,https://figshare.com/articles/dataset/MCA_DGE_Data/5435866,reused,Enhancing Spatial Transcriptomics via Spatially Constrained Matrix Decomposition with EDGES,10.1002/advs.202508346,2025,PMC12622516,literature_search,
Hippocampus data,scRNA-seq,,mouse,hippocampus and prefrontal cortex,,,GSE158450,reused,Enhancing Spatial Transcriptomics via Spatially Constrained Matrix Decomposition with EDGES,10.1002/advs.202508346,2025,PMC12622516,literature_search,
Osteosarcoma tissue data,scRNA-seq,,human,osteosarcoma tissue,osteosarcoma,,GSE152048,reused,Enhancing Spatial Transcriptomics via Spatially Constrained Matrix Decomposition with EDGES,10.1002/advs.202508346,2025,PMC12622516,literature_search,
Melanoma data,scRNA-seq,,human,melanoma tissue,melanoma,,GSE291160,reused,Enhancing Spatial Transcriptomics via Spatially Constrained Matrix Decomposition with EDGES,10.1002/advs.202508346,2025,PMC12622516,literature_search,
GSE253355,scRNA-seq,,human,bone marrow,,,GSE253355,reused,Enhancing Spatial Transcriptomics via Spatially Constrained Matrix Decomposition with EDGES,10.1002/advs.202508346,2025,PMC12622516,literature_search,
10xDLPFC,10x Visium,spatial transcriptomics,human,Human Brain (DLPFC),dorsolateral prefrontal cortex (DLPFC),12,,reused,Benchmarking algorithms for spatially variable gene identification in spatial transcriptomics,10.1093/bioinformatics/btaf131,2025,PMC12036962,literature_search,
GSE166692,sci-Space,,mouse,Developing Mouse Embryos (DME),,10,,reused,Benchmarking algorithms for spatially variable gene identification in spatial transcriptomics,10.1093/bioinformatics/btaf131,2025,PMC12036962,literature_search,
GSE147747,ST (legacy),spatial transcriptomics,mouse,Mouse Brain (MAM),,12,,reused,Benchmarking algorithms for spatially variable gene identification in spatial transcriptomics,10.1093/bioinformatics/btaf131,2025,PMC12036962,literature_search,
GSE111672,ST (legacy),spatial transcriptomics,,Cancer (PDAC),pancreatic ductal adenocarcinoma (PDAC),1,,reused,Benchmarking algorithms for spatially variable gene identification in spatial transcriptomics,10.1093/bioinformatics/btaf131,2025,PMC12036962,literature_search,
GSE98674,seqFISH,spatial transcriptomics,mouse,Mouse Brain (Cortex),,1,,reused,Benchmarking algorithms for spatially variable gene identification in spatial transcriptomics,10.1093/bioinformatics/btaf131,2025,PMC12036962,literature_search,
STARmapMBR,STARmap,spatial transcriptomics,mouse,Mouse Brain,,1,,reused,Benchmarking algorithms for spatially variable gene identification in spatial transcriptomics,10.1093/bioinformatics/btaf131,2025,PMC12036962,literature_search,
CNP0001543,Stereo-seq,spatial transcriptomics,mouse,Mouse Embryos,,3,https://doi.org/10.5281/zenodo.7227771,reused,Benchmarking algorithms for spatially variable gene identification in spatial transcriptomics,10.1093/bioinformatics/btaf131,2025,PMC12036962,literature_search,
10xBRCA,10x Visium,spatial transcriptomics,human,FFPE Human Breast Cancer,Breast Cancer,1,https://www.10xgenomics.com/resources/datasets,reused,Benchmarking algorithms for spatially variable gene identification in spatial transcriptomics,10.1093/bioinformatics/btaf131,2025,PMC12036962,literature_search,
10xCECA,10x Visium,spatial transcriptomics,human,FFPE Human Cervical Cancer,Cervical Cancer,1,https://www.10xgenomics.com/resources/datasets,reused,Benchmarking algorithms for spatially variable gene identification in spatial transcriptomics,10.1093/bioinformatics/btaf131,2025,PMC12036962,literature_search,
10xINCA,10x Visium,spatial transcriptomics,human,FFPE Human Intestine Cancer,Intestine Cancer,1,https://www.10xgenomics.com/resources/datasets,reused,Benchmarking algorithms for spatially variable gene identification in spatial transcriptomics,10.1093/bioinformatics/btaf131,2025,PMC12036962,literature_search,
10xNPR,10x Visium,spatial transcriptomics,human,FFPE Human Normal Prostate,,1,https://www.10xgenomics.com/resources/datasets,reused,Benchmarking algorithms for spatially variable gene identification in spatial transcriptomics,10.1093/bioinformatics/btaf131,2025,PMC12036962,literature_search,
10xMBR,10x Visium,spatial transcriptomics,mouse,FFPE Mouse Brain,,1,https://www.10xgenomics.com/resources/datasets,reused,Benchmarking algorithms for spatially variable gene identification in spatial transcriptomics,10.1093/bioinformatics/btaf131,2025,PMC12036962,literature_search,
10xMKI,10x Visium,spatial transcriptomics,mouse,FFPE Mouse Kidney,,1,https://www.10xgenomics.com/resources/datasets,reused,Benchmarking algorithms for spatially variable gene identification in spatial transcriptomics,10.1093/bioinformatics/btaf131,2025,PMC12036962,literature_search,
10xAMBR,10x Visium,spatial transcriptomics,mouse,V1 Adult Mouse Brain,,1,https://www.10xgenomics.com/resources/datasets,reused,Benchmarking algorithms for spatially variable gene identification in spatial transcriptomics,10.1093/bioinformatics/btaf131,2025,PMC12036962,literature_search,
10xHE,10x Visium,spatial transcriptomics,human,V1 Human Heart,,1,https://www.10xgenomics.com/resources/datasets,reused,Benchmarking algorithms for spatially variable gene identification in spatial transcriptomics,10.1093/bioinformatics/btaf131,2025,PMC12036962,literature_search,
10xBRA,10x Visium,spatial transcriptomics,mouse,V1 Mouse Brain Sagittal Anterior Section2,,1,https://www.10xgenomics.com/resources/datasets,reused,Benchmarking algorithms for spatially variable gene identification in spatial transcriptomics,10.1093/bioinformatics/btaf131,2025,PMC12036962,literature_search,
10xBRP,10x Visium,spatial transcriptomics,mouse,V1 Mouse Brain Sagittal Posterior Section2,,1,https://www.10xgenomics.com/resources/datasets,reused,Benchmarking algorithms for spatially variable gene identification in spatial transcriptomics,10.1093/bioinformatics/btaf131,2025,PMC12036962,literature_search,
10xVMKI,10x Visium,spatial transcriptomics,mouse,V1 Mouse Kidney,,1,https://www.10xgenomics.com/resources/datasets,reused,Benchmarking algorithms for spatially variable gene identification in spatial transcriptomics,10.1093/bioinformatics/btaf131,2025,PMC12036962,literature_search,
10xMOB,10x Visium,spatial transcriptomics,mouse,V1 Mouse Olfactory Bulb,,1,https://www.10xgenomics.com/resources/datasets,reused,Benchmarking algorithms for spatially variable gene identification in spatial transcriptomics,10.1093/bioinformatics/btaf131,2025,PMC12036962,literature_search,
EGAD00001008031,ST (legacy),spatial transcriptomics,human,Human Breast Cancer,HER2-positive breast cancer,3,,reused,Benchmarking algorithms for spatially variable gene identification in spatial transcriptomics,10.1093/bioinformatics/btaf131,2025,PMC12036962,literature_search,
GSE169706CO,Seq-Scope,,,Colon,,3,,reused,Benchmarking algorithms for spatially variable gene identification in spatial transcriptomics,10.1093/bioinformatics/btaf131,2025,PMC12036962,literature_search,
GSE169706LI,Seq-Scope,,,Liver,,4,,reused,Benchmarking algorithms for spatially variable gene identification in spatial transcriptomics,10.1093/bioinformatics/btaf131,2025,PMC12036962,literature_search,
GSE137986E,DBiT-seq,spatial transcriptomics,mouse,Mouse Embryos,,3,,reused,Benchmarking algorithms for spatially variable gene identification in spatial transcriptomics,10.1093/bioinformatics/btaf131,2025,PMC12036962,literature_search,
GSE137986T,DBiT-seq,spatial transcriptomics,mouse,Mouse Embryo Tails,,2,,reused,Benchmarking algorithms for spatially variable gene identification in spatial transcriptomics,10.1093/bioinformatics/btaf131,2025,PMC12036962,literature_search,
GSE130682,HDST,spatial transcriptomics,mouse,Mouse Brain,,2,,reused,Benchmarking algorithms for spatially variable gene identification in spatial transcriptomics,10.1093/bioinformatics/btaf131,2025,PMC12036962,literature_search,
BISCRCE,Slide-seq,spatial transcriptomics,,Cerebellum,,1,,reused,Benchmarking algorithms for spatially variable gene identification in spatial transcriptomics,10.1093/bioinformatics/btaf131,2025,PMC12036962,literature_search,
BISCRLI,Slide-seq,spatial transcriptomics,,Liver,,1,,reused,Benchmarking algorithms for spatially variable gene identification in spatial transcriptomics,10.1093/bioinformatics/btaf131,2025,PMC12036962,literature_search,
BISCRKI,Slide-seq,spatial transcriptomics,,Kidney,,1,,reused,Benchmarking algorithms for spatially variable gene identification in spatial transcriptomics,10.1093/bioinformatics/btaf131,2025,PMC12036962,literature_search,
BISCP948CE,Slide-seq,spatial transcriptomics,,Cerebellum,,1,,reused,Benchmarking algorithms for spatially variable gene identification in spatial transcriptomics,10.1093/bioinformatics/btaf131,2025,PMC12036962,literature_search,
BISCP948HI,Slide-seq,spatial transcriptomics,,Hippocampus,,1,,reused,Benchmarking algorithms for spatially variable gene identification in spatial transcriptomics,10.1093/bioinformatics/btaf131,2025,PMC12036962,literature_search,
stSNV database datasets (human and mouse spatial transcriptomics),STs and 10x Visium arrays,spatial transcriptomics,human and mouse,"39 tissue types (30 human, 14 mouse)",diseased and normal,450,http://bio-bigdata.hrbmu.edu.cn/stSNV/index.jsp,reused,stSNV: a comprehensive resource of SNVs in spatial transcriptome,10.1093/nar/gkae945,2025,PMC11701523,literature_search,
5XFAD and WT mouse brain spatial transcriptomics dataset [perturbation: 5XFAD transgenic model (human APP and PS1 mutations) at 3 and 7 months of age],Visium Spatial Gene Expression (10x Genomics),spatial transcriptomics,mouse,"Brain hemisphere (coronal sections including cerebral cortex, hippocampus, striatum, and white matter)",Alzheimer's disease,8,,generated,Spatiotemporal characterization of glial cell activation in an Alzheimer’s disease model by spatially resolved transcriptomics,10.1038/s12276-023-01123-9,2023,PMC10767047,literature_search,
Mouse Olfactory Bulb (MOB) dataset,Spatial Transcriptomics,spatial transcriptomics,mouse,Olfactory bulb,,,https://www.spatialresearch.org/,reused,Deconvolution and inference of spatial communication through optimization algorithm for spatial transcriptomics,10.1038/s42003-025-07625-8,2025,PMC11825862,literature_search,
Human pancreatic ductal adenocarcinoma (PDAC) dataset,Spatial Transcriptomics,spatial transcriptomics,human,Pancreas,Pancreatic ductal adenocarcinoma,,https://www.ncbi.nlm.nih.gov/geo/query/acc.cgi?acc=GSE111672,reused,Deconvolution and inference of spatial communication through optimization algorithm for spatial transcriptomics,10.1038/s42003-025-07625-8,2025,PMC11825862,literature_search,
Human skin squamous cell carcinoma (SCC) ST dataset,Spatial Transcriptomics,spatial transcriptomics,human,Skin,Squamous cell carcinoma,,https://www.ncbi.nlm.nih.gov/geo/query/acc.cgi?acc=GSE144240,reused,Deconvolution and inference of spatial communication through optimization algorithm for spatial transcriptomics,10.1038/s42003-025-07625-8,2025,PMC11825862,literature_search,
Developing human heart dataset,Spatial Transcriptomics,spatial transcriptomics,human,Heart,,,https://www.spatialresearch.org/,reused,Deconvolution and inference of spatial communication through optimization algorithm for spatial transcriptomics,10.1038/s42003-025-07625-8,2025,PMC11825862,literature_search,
whole-mouse-brain (WMB) dataset,,,mouse,brain,,,,reused,SCALPEL: A pipeline for processing large-scale spatial transcriptomics data,10.64898/2026.01.09.698732,2026,PMC12871279,literature_search,
Mouse Kidney seqFISH Dataset [perturbation: Ischemia-reperfusion injury (IRI)],seqFISH,spatial transcriptomics,mouse,Kidney,Acute kidney injury / chronic kidney disease progression,6,https://woldlab.caltech.edu/ci2-celltiles/Mouse-Kidney-Fibrosis/,generated,Spatial transcriptomics defines injury specific microenvironments and cellular interactions in kidney regeneration and disease,10.1038/s41467-024-51186-z,2024,PMC11377535,literature_search,
Mouse Kidney snRNA-seq Dataset (Kirita et al.) [perturbation: Ischemia-reperfusion injury (IRI)],snRNA-seq,,mouse,Kidney,Acute kidney injury,,,reused,Spatial transcriptomics defines injury specific microenvironments and cellular interactions in kidney regeneration and disease,10.1038/s41467-024-51186-z,2024,PMC11377535,literature_search,
Mouse Kidney scRNA-seq Dataset (Ransick et al.),scRNA-seq,,mouse,Kidney,Normal kidney,,,reused,Spatial transcriptomics defines injury specific microenvironments and cellular interactions in kidney regeneration and disease,10.1038/s41467-024-51186-z,2024,PMC11377535,literature_search,
Human Kidney scRNA-seq Dataset (Lake et al.),scRNA-seq,,human,Kidney,Acute kidney injury and chronic kidney disease,,,reused,Spatial transcriptomics defines injury specific microenvironments and cellular interactions in kidney regeneration and disease,10.1038/s41467-024-51186-z,2024,PMC11377535,literature_search,
Human Dorsolateral Prefrontal Cortex (DLPFC),10x Visium,spatial transcriptomics,human,Dorsolateral prefrontal cortex,,12,,reused,PROST: quantitative identification of spatially variable genes and domain detection in spatial transcriptomics,10.1038/s41467-024-44835-w,2024,PMC10796707,literature_search,
Adult Mouse Brain (Demo/Coronal/Sagittal),10x Visium,spatial transcriptomics,mouse,Brain,,,,reused,PROST: quantitative identification of spatially variable genes and domain detection in spatial transcriptomics,10.1038/s41467-024-44835-w,2024,PMC10796707,literature_search,
Human Breast Cancer Block A,10x Visium,spatial transcriptomics,human,Breast,Breast Cancer,,,reused,PROST: quantitative identification of spatially variable genes and domain detection in spatial transcriptomics,10.1038/s41467-024-44835-w,2024,PMC10796707,literature_search,
Human Lymph Node,10x Visium,spatial transcriptomics,human,Lymph Node,,,,reused,PROST: quantitative identification of spatially variable genes and domain detection in spatial transcriptomics,10.1038/s41467-024-44835-w,2024,PMC10796707,literature_search,
Mouse Kidney,10x Visium,spatial transcriptomics,mouse,Kidney,,,,reused,PROST: quantitative identification of spatially variable genes and domain detection in spatial transcriptomics,10.1038/s41467-024-44835-w,2024,PMC10796707,literature_search,
Adult Human Heart,ST sequencing,,human,Heart,,,,reused,PROST: quantitative identification of spatially variable genes and domain detection in spatial transcriptomics,10.1038/s41467-024-44835-w,2024,PMC10796707,literature_search,
Slide-seq Cerebellum and other regions,Slide-seq,spatial transcriptomics,mouse,"Cerebellum, Cortex, Hippocampus, Liver, Kidney",,,,reused,PROST: quantitative identification of spatially variable genes and domain detection in spatial transcriptomics,10.1038/s41467-024-44835-w,2024,PMC10796707,literature_search,
Mouse Olfactory Bulb (Stereo-seq),Stereo-seq,spatial transcriptomics,mouse,Olfactory Bulb,,,,reused,PROST: quantitative identification of spatially variable genes and domain detection in spatial transcriptomics,10.1038/s41467-024-44835-w,2024,PMC10796707,literature_search,
Mouse Olfactory Bulb (Slide-seq V2),Slide-seq,spatial transcriptomics,mouse,Olfactory Bulb,,,,reused,PROST: quantitative identification of spatially variable genes and domain detection in spatial transcriptomics,10.1038/s41467-024-44835-w,2024,PMC10796707,literature_search,
Mouse Embryo (SeqFISH),seqFISH,spatial transcriptomics,mouse,Embryo,,3,,reused,PROST: quantitative identification of spatially variable genes and domain detection in spatial transcriptomics,10.1038/s41467-024-44835-w,2024,PMC10796707,literature_search,
Mouse Somatosensory Cortex (osmFISH),osmFISH,spatial transcriptomics,mouse,Somatosensory Cortex,,,,reused,PROST: quantitative identification of spatially variable genes and domain detection in spatial transcriptomics,10.1038/s41467-024-44835-w,2024,PMC10796707,literature_search,
Human Dorsolateral Prefrontal Cortex (DLPFC) Dataset,10x Visium,spatial transcriptomics,human,Dorsolateral prefrontal cortex,,12,http://spatial.libd.org/spatialLIBD/,reused,Revealing Tissue Heterogeneity and Spatial Dark Genes from Spatially Resolved Transcriptomics by Multiview Graph Networks,10.34133/research.0228,2023,PMC10511271,literature_search,
Human Breast Cancer Dataset,10x Visium,spatial transcriptomics,human,Breast cancer tissue,Breast cancer,,https://support.10xgenomics.com/spatial-gene-expression/datasets/1.0.0/V1_Breast_Cancer_Block_A_Section_1,reused,Revealing Tissue Heterogeneity and Spatial Dark Genes from Spatially Resolved Transcriptomics by Multiview Graph Networks,10.34133/research.0228,2023,PMC10511271,literature_search,
Mouse Hippocampus Dataset,Slide-seq,spatial transcriptomics,mouse,Dorsal hippocampus,,66,https://portals.broadinstitute.org/single_cell/study/slide-seq-study,reused,Revealing Tissue Heterogeneity and Spatial Dark Genes from Spatially Resolved Transcriptomics by Multiview Graph Networks,10.34133/research.0228,2023,PMC10511271,literature_search,
Mouse Visual Cortex Dataset,STARmap,spatial transcriptomics,mouse,Primary visual cortex,,,https://www.dropbox.com/sh/f7ebheru1lbz91s/AADm6D54GSEFXB1feRy6OSASa/visual_1020/20180505_BY3_1kgenes?dl=0&subfolder_nav_tracking=1,reused,Revealing Tissue Heterogeneity and Spatial Dark Genes from Spatially Resolved Transcriptomics by Multiview Graph Networks,10.34133/research.0228,2023,PMC10511271,literature_search,
MERFISH whole mouse brain spatial transcriptomic dataset (custom imaging platform),MERFISH,spatial transcriptomics,mouse,whole brain,,,,generated,A high-resolution transcriptomic and spatial atlas of cell types in the whole mouse brain,10.1038/s41586-023-06812-z,2023,PMC10719114,literature_search,
MERFISH whole mouse brain spatial transcriptomic dataset (Vizgen MERSCOPE platform),MERFISH,spatial transcriptomics,mouse,whole brain,,,https://portal.brain-map.org/atlases-and-data/bkp/abc-atlas,generated,A high-resolution transcriptomic and spatial atlas of cell types in the whole mouse brain,10.1038/s41586-023-06812-z,2023,PMC10719114,literature_search,
10x Visium Human DLPFC dataset,10x Visium,spatial transcriptomics,human,brain dorsolateral prefrontal cortex,,,https://research.libd.org/spatialLIBD/,reused,Mapping disease critical spatially variable gene programs by integrating spatial transcriptomics with human genetics,10.1101/2025.09.24.678397,2025,PMC12485882,literature_search,
10x Visium Human Prostate dataset,10x Visium,spatial transcriptomics,human,prostate,,,https://www.10xgenomics.com/datasets/normal-human-prostate-ffpe-1-standard-1-3-0,reused,Mapping disease critical spatially variable gene programs by integrating spatial transcriptomics with human genetics,10.1101/2025.09.24.678397,2025,PMC12485882,literature_search,
10x Visium Human Lymph Node dataset,10x Visium,spatial transcriptomics,human,lymph node,,,https://www.10xgenomics.com/datasets/human-lymph-node-1-standard-1-0-0,reused,Mapping disease critical spatially variable gene programs by integrating spatial transcriptomics with human genetics,10.1101/2025.09.24.678397,2025,PMC12485882,literature_search,
10x Visium Human Heart dataset,10x Visium,spatial transcriptomics,human,heart,,,https://www.10xgenomics.com/datasets/human-heart-1-standard-1-0-0,reused,Mapping disease critical spatially variable gene programs by integrating spatial transcriptomics with human genetics,10.1101/2025.09.24.678397,2025,PMC12485882,literature_search,
10x Visium Human Kidney dataset,10x Visium,spatial transcriptomics,human,kidney,,,https://www.10xgenomics.com/datasets/human-kidney-11-mm-capture-area-ffpe-2-standard,reused,Mapping disease critical spatially variable gene programs by integrating spatial transcriptomics with human genetics,10.1101/2025.09.24.678397,2025,PMC12485882,literature_search,
10x Visium Human Lung Cancer dataset,10x Visium,spatial transcriptomics,human,lung,lung cancer,,https://www.10xgenomics.com/datasets/human-lung-cancer-11-mm-capture-area-ffpe-2-standard,reused,Mapping disease critical spatially variable gene programs by integrating spatial transcriptomics with human genetics,10.1101/2025.09.24.678397,2025,PMC12485882,literature_search,
10x Visium Human Cervical Cancer dataset,10x Visium,spatial transcriptomics,human,cervix,cervical cancer,,https://www.10xgenomics.com/datasets/human-cervical-cancer-1-standard,reused,Mapping disease critical spatially variable gene programs by integrating spatial transcriptomics with human genetics,10.1101/2025.09.24.678397,2025,PMC12485882,literature_search,
10x Visium Human Breast Cancer dataset,10x Visium,spatial transcriptomics,human,breast,breast cancer,,https://www.10xgenomics.com/datasets/human-breast-cancer-ductal-carcinoma-in-situ-invasive-carcinoma-ffpe-1-standard-1-3-0,reused,Mapping disease critical spatially variable gene programs by integrating spatial transcriptomics with human genetics,10.1101/2025.09.24.678397,2025,PMC12485882,literature_search,
10x Visium Human Prostate Cancer dataset,10x Visium,spatial transcriptomics,human,prostate,prostate cancer,,https://www.10xgenomics.com/datasets/human-prostate-cancer-adjacent-normal-section-with-if-staining-ffpe-1-standard,reused,Mapping disease critical spatially variable gene programs by integrating spatial transcriptomics with human genetics,10.1101/2025.09.24.678397,2025,PMC12485882,literature_search,
10x Visium Human Skin Melanoma dataset,10x Visium,spatial transcriptomics,human,skin,skin melanoma,,https://www.10xgenomics.com/datasets/human-melanoma-if-stained-ffpe-2-standard,reused,Mapping disease critical spatially variable gene programs by integrating spatial transcriptomics with human genetics,10.1101/2025.09.24.678397,2025,PMC12485882,literature_search,
STARmap Mouse Primary Visual Cortex dataset,STARmap,spatial transcriptomics,mouse,primary visual cortex,,,https://xzhoulab.github.io/SRTsim/,reused,Mapping disease critical spatially variable gene programs by integrating spatial transcriptomics with human genetics,10.1101/2025.09.24.678397,2025,PMC12485882,literature_search,
CosMx Human Brain Cortex dataset,CosMx Spatial Molecular Imager,spatial transcriptomics,human,brain cortex,,,https://nanostring.com/products/cosmx-spatial-molecular-imager/ffpe-dataset/human-frontal-cortex-ffpe-dataset/,reused,Mapping disease critical spatially variable gene programs by integrating spatial transcriptomics with human genetics,10.1101/2025.09.24.678397,2025,PMC12485882,literature_search,
CosMx Human Lymph Node dataset,CosMx Spatial Molecular Imager,spatial transcriptomics,human,lymph node,,,https://nanostring.com/products/cosmx-spatial-molecular-imager/ffpe-dataset/cosmx-human-lymph-node-ffpe-dataset/,reused,Mapping disease critical spatially variable gene programs by integrating spatial transcriptomics with human genetics,10.1101/2025.09.24.678397,2025,PMC12485882,literature_search,
CosMx Human Liver dataset,CosMx Spatial Molecular Imager,spatial transcriptomics,human,liver,,,https://nanostring.com/products/cosmx-spatial-molecular-imager/ffpe-dataset/human-liver-rna-ffpe-dataset/,reused,Mapping disease critical spatially variable gene programs by integrating spatial transcriptomics with human genetics,10.1101/2025.09.24.678397,2025,PMC12485882,literature_search,
10x Visium Human Lymph Node cross-platform dataset,10x Visium,spatial transcriptomics,human,lymph node,,,https://www.10xgenomics.com/datasets/human-lymph-node-1-standard-1-1-0,reused,Mapping disease critical spatially variable gene programs by integrating spatial transcriptomics with human genetics,10.1101/2025.09.24.678397,2025,PMC12485882,literature_search,
Stereo-seq Mouse Organogenesis Spatiotemporal dataset,Stereo-seq,spatial transcriptomics,mouse,whole embryo (including brain),,,https://db.cngb.org/stomics/mosta/,reused,Mapping disease critical spatially variable gene programs by integrating spatial transcriptomics with human genetics,10.1101/2025.09.24.678397,2025,PMC12485882,literature_search,
ROSMAP 10x Visium Human DLPFC dataset,10x Visium,spatial transcriptomics,human,brain dorsolateral prefrontal cortex,Alzheimer's disease,32,https://adknowledgeportal.org,reused,Mapping disease critical spatially variable gene programs by integrating spatial transcriptomics with human genetics,10.1101/2025.09.24.678397,2025,PMC12485882,literature_search,
5xFAD Transgenic Mouse Model 10x Visium dataset [perturbation: 5xFAD transgenic model],10x Visium,spatial transcriptomics,mouse,brain cortex,Alzheimer's disease,80,GSE233208,reused,Mapping disease critical spatially variable gene programs by integrating spatial transcriptomics with human genetics,10.1101/2025.09.24.678397,2025,PMC12485882,literature_search,
GeoMx Digital Spatial Profiling RNA dataset of recurrent and primary glioblastoma [perturbation: Nivolumab (anti-PD-1) treatment],GeoMx Digital Spatial Profiling (NanoString),spatial transcriptomics,human,FFPE tumor tissue (brain),Glioblastoma,58,,generated,Spatial transcriptomic analysis reveals lack of response to PD-1 blockade in recurrent glioblastoma,10.1007/s00401-025-02937-9,2025,PMC12443922,literature_search,
NanoString FFPE NSCLC Dataset,NanoString CosMx Spatial Molecular Imager (SMI),spatial transcriptomics,human,lung,non-small cell lung cancer,8,https://nanostring.com/products/cosmx-spatial-molecular-imager/ffpe-dataset/nsclc-ffpe-dataset/,reused,Deep Learning-Enabled Integration of Histology and Transcriptomics for Tissue Spatial Profile Analysis,10.34133/research.0568,2025,PMC11739434,literature_search,
10x Visium Human Breast Cancer Dataset (Space Ranger 1.3.0),10x Visium,spatial transcriptomics,human,breast,breast cancer,,https://www.10xgenomics.com/datasets/human-breast-cancer-ductal-carcinoma-in-situ-invasive-carcinoma-ffpe-1-standard-1-3-0,reused,Deep Learning-Enabled Integration of Histology and Transcriptomics for Tissue Spatial Profile Analysis,10.34133/research.0568,2025,PMC11739434,literature_search,
10x Visium Human Breast Cancer Dataset (Space Ranger 1.0.0),10x Visium,spatial transcriptomics,human,breast,breast cancer,,https://www.10xgenomics.com/datasets/human-breast-cancer-block-a-section-1-1-standard-1-0-0,reused,Deep Learning-Enabled Integration of Histology and Transcriptomics for Tissue Spatial Profile Analysis,10.34133/research.0568,2025,PMC11739434,literature_search,
10x Visium Human Colorectal Cancer Dataset,10x Visium,spatial transcriptomics,human,colorectal,colorectal cancer,,https://www.10xgenomics.com/datasets/human-colorectal-cancer-11-mm-capture-area-ffpe-2-standard,reused,Deep Learning-Enabled Integration of Histology and Transcriptomics for Tissue Spatial Profile Analysis,10.34133/research.0568,2025,PMC11739434,literature_search,
seqFISH mouse embryos dataset,seqFISH,spatial transcriptomics,mouse,Embryo,,6,https://content.cruk.cam.ac.uk/jmlab/SpatialMouseAtlas2020/,reused,Spatial Transcriptomic Cell-type Deconvolution Using Graph Neural Networks,10.1101/2023.03.10.532112,2023,PMC10274700,literature_search,
seqFISH+ mouse somatosensory cortex dataset,seqFISH,spatial transcriptomics,mouse,Somatosensory cortex / sub-ventricular zone,,2,,reused,Spatial Transcriptomic Cell-type Deconvolution Using Graph Neural Networks,10.1101/2023.03.10.532112,2023,PMC10274700,literature_search,
MERFISH mouse preoptic region dataset,MERFISH,spatial transcriptomics,mouse,Hypothalamic preoptic region,,181,https://datadryad.org/stash/dataset/doi:10.5061/dryad.8t8s248,reused,Spatial Transcriptomic Cell-type Deconvolution Using Graph Neural Networks,10.1101/2023.03.10.532112,2023,PMC10274700,literature_search,
Slide-seq mouse testis dataset,Slide-seq,spatial transcriptomics,mouse,Testis,Diabetes (in a subset of slices),6,https://www.dropbox.com/s/ygzpj0d0oh67br0/Testis_Slideseq_Data.zip?dl=0,reused,Spatial Transcriptomic Cell-type Deconvolution Using Graph Neural Networks,10.1101/2023.03.10.532112,2023,PMC10274700,literature_search,
Developing human heart spatial transcriptomics dataset,Spatial transcriptomics (and in situ sequencing),spatial transcriptomics,human,Embryonic heart,,19,https://www.spatialresearch.org/resources-published-datasets/doi-10-1016-j-cell-2019-11-025/,reused,Spatial Transcriptomic Cell-type Deconvolution Using Graph Neural Networks,10.1101/2023.03.10.532112,2023,PMC10274700,literature_search,
Human breast cancer 10X Genomics Visium dataset,10x Visium,spatial transcriptomics,human,Breast tumor,Breast cancer (ER+ and TNBC),6,https://doi.org/10.5281/zenodo.4739739,reused,Spatial Transcriptomic Cell-type Deconvolution Using Graph Neural Networks,10.1101/2023.03.10.532112,2023,PMC10274700,literature_search,
"Human embryonic heart spatial transcriptomics (4.5-5, 6.5 and 9 PCW)",Spatial transcriptomics devised by Ståhl et al.,spatial transcriptomics,human,Heart,,,,reused,Single-cell and spatial transcriptomics: Advances in heart development and disease applications,10.1016/j.csbj.2023.04.007,2023,PMC10173363,literature_search,
Human adult aortic tissue spatial transcriptomics,10x Visium,spatial transcriptomics,human,Aortic Tissue,Stanford type A aortic dissection,,,reused,Single-cell and spatial transcriptomics: Advances in heart development and disease applications,10.1016/j.csbj.2023.04.007,2023,PMC10173363,literature_search,
Human adult heart ACM spatial transcriptomics,Tomo-Seq,spatial transcriptomics,human,Heart,ACM (arrhythmogenic cardiomyopathy),,,reused,Single-cell and spatial transcriptomics: Advances in heart development and disease applications,10.1016/j.csbj.2023.04.007,2023,PMC10173363,literature_search,
Human adult heart myocardial infarction spatial transcriptomics,10x Visium,spatial transcriptomics,human,Heart,Myocardial infarction,,,reused,Single-cell and spatial transcriptomics: Advances in heart development and disease applications,10.1016/j.csbj.2023.04.007,2023,PMC10173363,literature_search,
Mouse adult heart ischemia-reperfusion injury spatial transcriptomics,Tomo-Seq,spatial transcriptomics,mouse,Heart,Ischemia-reperfusion injury,,,reused,Single-cell and spatial transcriptomics: Advances in heart development and disease applications,10.1016/j.csbj.2023.04.007,2023,PMC10173363,literature_search,
Mouse postnatal heart apical resection spatial transcriptomics,10x Visium,spatial transcriptomics,mouse,Heart,Apical resection surgery response,,,reused,Single-cell and spatial transcriptomics: Advances in heart development and disease applications,10.1016/j.csbj.2023.04.007,2023,PMC10173363,literature_search,
Mouse embryonic heart Prdm16 knockout spatial transcriptomics,10x Visium,spatial transcriptomics,mouse,Heart,Prdm16 knockout model,,,reused,Single-cell and spatial transcriptomics: Advances in heart development and disease applications,10.1016/j.csbj.2023.04.007,2023,PMC10173363,literature_search,
Mouse adult heart myocardial infarction spatial transcriptomics (1),10x Visium,spatial transcriptomics,mouse,Heart,Myocardial infarction,,,reused,Single-cell and spatial transcriptomics: Advances in heart development and disease applications,10.1016/j.csbj.2023.04.007,2023,PMC10173363,literature_search,
Mouse adult heart myocardial infarction spatial transcriptomics (2),10x Visium,spatial transcriptomics,mouse,Heart,Myocardial infarction,,,reused,Single-cell and spatial transcriptomics: Advances in heart development and disease applications,10.1016/j.csbj.2023.04.007,2023,PMC10173363,literature_search,
Mouse adult heart myocardial infarction spatial transcriptomics (3),10x Visium,spatial transcriptomics,mouse,Heart,Myocardial infarction,,,reused,Single-cell and spatial transcriptomics: Advances in heart development and disease applications,10.1016/j.csbj.2023.04.007,2023,PMC10173363,literature_search,
Mouse adult heart viral myocarditis spatial transcriptomics,10x Visium and Slide-Seq,spatial transcriptomics,mouse,Heart,Viral myocarditis,,,reused,Single-cell and spatial transcriptomics: Advances in heart development and disease applications,10.1016/j.csbj.2023.04.007,2023,PMC10173363,literature_search,
Mouse adult heart irradiation spatial transcriptomics,10x Visium,spatial transcriptomics,mouse,Heart,Base-targeted irradiation response,,,reused,Single-cell and spatial transcriptomics: Advances in heart development and disease applications,10.1016/j.csbj.2023.04.007,2023,PMC10173363,literature_search,
Chicken embryonic heart spatial transcriptomics,10x Visium,spatial transcriptomics,chicken,Heart,,,,reused,Single-cell and spatial transcriptomics: Advances in heart development and disease applications,10.1016/j.csbj.2023.04.007,2023,PMC10173363,literature_search,
Adult Mouse Femur Spatial Transcriptomics,Visium Spatial Gene Expression (10x Genomics),spatial transcriptomics,mouse,femur / bone marrow,homeostasis,4,,generated,Spatial transcriptomic interrogation of the murine bone marrow signaling landscape,10.1038/s41413-023-00298-1,2023,PMC10625929,literature_search,
Human epidermal dataset,scRNA-seq integrated with spatial data,,human,epidermis,neonatal human epidermis,,,reused,Screening cell–cell communication in spatial transcriptomics via collective optimal transport,10.1038/s41592-022-01728-4,2023,PMC9911355,literature_search,
Mouse hypothalamic preoptic region MERFISH dataset,MERFISH,spatial transcriptomics,mouse,hypothalamic preoptic region,,,10.5061/dryad.8t8s248,reused,Screening cell–cell communication in spatial transcriptomics via collective optimal transport,10.1038/s41592-022-01728-4,2023,PMC9911355,literature_search,
Mouse placenta STARmap dataset,STARmap,spatial transcriptomics,mouse,placenta,,,10.24433/CO.6072400.v1,reused,Screening cell–cell communication in spatial transcriptomics via collective optimal transport,10.1038/s41592-022-01728-4,2023,PMC9911355,literature_search,
Mouse brain STARmap dataset,STARmap,spatial transcriptomics,mouse,brain,,,,reused,Screening cell–cell communication in spatial transcriptomics via collective optimal transport,10.1038/s41592-022-01728-4,2023,PMC9911355,literature_search,
Mouse secondary somatosensory cortex seqFISH+ dataset,seqFISH,spatial transcriptomics,mouse,secondary somatosensory cortex,,,,reused,Screening cell–cell communication in spatial transcriptomics via collective optimal transport,10.1038/s41592-022-01728-4,2023,PMC9911355,literature_search,
Mouse hippocampus Slide-seqV2 dataset,Slide-seq,spatial transcriptomics,mouse,hippocampus,,,,reused,Screening cell–cell communication in spatial transcriptomics via collective optimal transport,10.1038/s41592-022-01728-4,2023,PMC9911355,literature_search,
Human breast cancer Visium dataset,10x Visium,spatial transcriptomics,human,breast cancer tissue,breast cancer,,https://www.10xgenomics.com/resources/datasets/human-breast-cancer-block-a-section-1-1-standard-1-1-0,reused,Screening cell–cell communication in spatial transcriptomics via collective optimal transport,10.1038/s41592-022-01728-4,2023,PMC9911355,literature_search,
Mouse brain Visium dataset,10x Visium,spatial transcriptomics,mouse,brain,,,https://www.10xgenomics.com/resources/datasets/mouse-brain-serial-section-1-sagittal-anterior-1standard-1-1-0,reused,Screening cell–cell communication in spatial transcriptomics via collective optimal transport,10.1038/s41592-022-01728-4,2023,PMC9911355,literature_search,
Drosophila embryo dataset,spatial single-cell resolution data integrated with scRNA-seq,,drosophila,embryo,,,syn15665609,reused,Screening cell–cell communication in spatial transcriptomics via collective optimal transport,10.1038/s41592-022-01728-4,2023,PMC9911355,literature_search,
mouse cerebral cortex,10x Visium,spatial transcriptomics,mouse,brian,,,https://www.10xgenomics.com/cn/resources/datasets/mouse-brain-serial-section-1-sagittal-anterior-1-standard-1-1-0,reused,CellMap: precision mapping of cellular landscape in spatial transcriptomics,10.1093/nar/gkaf1484,2026,PMC12781899,literature_search,
human HER2+ breast cancer,10x Visium,spatial transcriptomics,human,breast,breast cancer,,https://zenodo.org/records/4739739,reused,CellMap: precision mapping of cellular landscape in spatial transcriptomics,10.1093/nar/gkaf1484,2026,PMC12781899,literature_search,
mouse kidney,10x Visium,spatial transcriptomics,mouse,kidney,,,https://www.10xgenomics.com/resources/datasets?query=&page=1&configure%5BhitsPerPage%5D=50&configure%5BmaxValuesPerFacet%5D=1000,reused,CellMap: precision mapping of cellular landscape in spatial transcriptomics,10.1093/nar/gkaf1484,2026,PMC12781899,literature_search,
human renal cell carcinoma,10x Visium,spatial transcriptomics,human,RCC,renal cell carcinoma,,GSE175540,reused,CellMap: precision mapping of cellular landscape in spatial transcriptomics,10.1093/nar/gkaf1484,2026,PMC12781899,literature_search,
human colorectal cancer,10x Visium,spatial transcriptomics,human,CRC,colorectal cancer,,GSE171406,reused,CellMap: precision mapping of cellular landscape in spatial transcriptomics,10.1093/nar/gkaf1484,2026,PMC12781899,literature_search,
mouse cerebellum,Slide-seq,spatial transcriptomics,mouse,brian,,,https://singlecell.broadinstitute.org/single_cell/study/SCP948,reused,CellMap: precision mapping of cellular landscape in spatial transcriptomics,10.1093/nar/gkaf1484,2026,PMC12781899,literature_search,
mouse hippocampus,Slide-seq,spatial transcriptomics,mouse,brian,,,https://singlecell.broadinstitute.org/single_cell/study/SCP815/sensitive-spatial-genome-wide-expression-profiling-at-cellular-resolution#study-summary,reused,CellMap: precision mapping of cellular landscape in spatial transcriptomics,10.1093/nar/gkaf1484,2026,PMC12781899,literature_search,
human colorectal cancer Visium HD,10x Visium HD,spatial transcriptomics,human,CRC,colorectal cancer,,https://www.10xgenomics.com/products/visium-hd-spatial-gene-expression/dataset-human-crc,reused,CellMap: precision mapping of cellular landscape in spatial transcriptomics,10.1093/nar/gkaf1484,2026,PMC12781899,literature_search,
mouse developing cortex,Stereo-seq,spatial transcriptomics,mouse,brian,,,https://db.cngb.org/stomics/mosta/spatial/,reused,CellMap: precision mapping of cellular landscape in spatial transcriptomics,10.1093/nar/gkaf1484,2026,PMC12781899,literature_search,
mouse hypothalamic preoptic region MERFISH,MERFISH,spatial transcriptomics,mouse,brian,,30,https://datadryad.org/stash/dataset/doi:10.5061/dryad.8t8s248,reused,CellMap: precision mapping of cellular landscape in spatial transcriptomics,10.1093/nar/gkaf1484,2026,PMC12781899,literature_search,
mouse hindlimb muscle,10x Visium,spatial transcriptomics,mouse,hindlimb muscle,,,GSE161318,reused,CellMap: precision mapping of cellular landscape in spatial transcriptomics,10.1093/nar/gkaf1484,2026,PMC12781899,literature_search,
human breast cancer,10x Visium,spatial transcriptomics,human,breast,breast cancer,,https://zenodo.org/record/4739739#.YY6N_pMzaWC,reused,CellMap: precision mapping of cellular landscape in spatial transcriptomics,10.1093/nar/gkaf1484,2026,PMC12781899,literature_search,
mouse embryo,10x Visium,spatial transcriptomics,mouse,embryo,,,GSE160137,reused,CellMap: precision mapping of cellular landscape in spatial transcriptomics,10.1093/nar/gkaf1484,2026,PMC12781899,literature_search,
mouse prostate,10x Visium,spatial transcriptomics,mouse,prostate,,,https://www.ncbi.nlm.nih.gov/geo/query/acc.cgi?acc=GSM4837767,reused,CellMap: precision mapping of cellular landscape in spatial transcriptomics,10.1093/nar/gkaf1484,2026,PMC12781899,literature_search,
mouse kidney ischemia reperfusion injury model,10x Visium,spatial transcriptomics,mouse,kidney,acute kidney injury,,https://www-ncbi-nlm-nih-gov.ezproxy.u-pec.fr/geo/query/acc.cgi?acc=GSM5224979,reused,CellMap: precision mapping of cellular landscape in spatial transcriptomics,10.1093/nar/gkaf1484,2026,PMC12781899,literature_search,
mouse brain,10x Visium,spatial transcriptomics,mouse,brain,,,GSE153424,reused,CellMap: precision mapping of cellular landscape in spatial transcriptomics,10.1093/nar/gkaf1484,2026,PMC12781899,literature_search,
mouse prefrontal cortex and hippocampus,10x Visium,spatial transcriptomics,mouse,prefrontal cortex,,,GSE158450,reused,CellMap: precision mapping of cellular landscape in spatial transcriptomics,10.1093/nar/gkaf1484,2026,PMC12781899,literature_search,
mouse lymph node,10x Visium,spatial transcriptomics,mouse,lymph node,,,https://github.com/romain-lopez/DestVI-reproducibility,reused,CellMap: precision mapping of cellular landscape in spatial transcriptomics,10.1093/nar/gkaf1484,2026,PMC12781899,literature_search,
mouse MCA205 tumor,10x Visium,spatial transcriptomics,mouse,MCA205 tumor,tumor,,https://github.com/romain-lopez/DestVI-reproducibility,reused,CellMap: precision mapping of cellular landscape in spatial transcriptomics,10.1093/nar/gkaf1484,2026,PMC12781899,literature_search,
mouse primary motor cortex Visium,10x Visium,spatial transcriptomics,mouse,primary motor cortex,,,https://console.cloud.google.com/storage/browser/tommaso-brain-data,reused,CellMap: precision mapping of cellular landscape in spatial transcriptomics,10.1093/nar/gkaf1484,2026,PMC12781899,literature_search,
mouse primary motor cortex Slide-seq,Slide-seq,spatial transcriptomics,mouse,primary motor cortex,,,https://console.cloud.google.com/storage/browser/tommaso-brain-data,reused,CellMap: precision mapping of cellular landscape in spatial transcriptomics,10.1093/nar/gkaf1484,2026,PMC12781899,literature_search,
mouse cortex seqFISH,seqFISH,spatial transcriptomics,mouse,cortex,,,https://github.com/CaiGroup/seqFISH-PLUS,reused,CellMap: precision mapping of cellular landscape in spatial transcriptomics,10.1093/nar/gkaf1484,2026,PMC12781899,literature_search,
human squamous carcinoma,ST,,human,squamous carcinoma,squamous cell carcinoma,,GSE144239,reused,CellMap: precision mapping of cellular landscape in spatial transcriptomics,10.1093/nar/gkaf1484,2026,PMC12781899,literature_search,
human hippocampus ST,ST,,human,hippocampus,Alzheimer's disease,,https://data.mendeley.com/datasets/6s959w2zyr/1,reused,CellMap: precision mapping of cellular landscape in spatial transcriptomics,10.1093/nar/gkaf1484,2026,PMC12781899,literature_search,
mouse olfactory bulb seqFISH,seqFISH,spatial transcriptomics,mouse,olfactory bulb,,,https://github.com/CaiGroup/seqFISH-PLUS,reused,CellMap: precision mapping of cellular landscape in spatial transcriptomics,10.1093/nar/gkaf1484,2026,PMC12781899,literature_search,
human osteosarcoma MERFISH,MERFISH,spatial transcriptomics,human,osteosarcoma,osteosarcoma,,https://www.pnas.org/doi/suppl/10.1073/pnas.1912459116/suppl_file/pnas.1912459116.sd12.csv,reused,CellMap: precision mapping of cellular landscape in spatial transcriptomics,10.1093/nar/gkaf1484,2026,PMC12781899,literature_search,
Zebrafish melanoma,10x Visium,spatial transcriptomics,zebrafish,melanoma,melanoma,,GSE159709,reused,CellMap: precision mapping of cellular landscape in spatial transcriptomics,10.1093/nar/gkaf1484,2026,PMC12781899,literature_search,
mouse liver Seq-scope,Seq-scope,,mouse,liver,,,https://deepblue.lib.umich.edu/data/downloads/gx41mj14n,reused,CellMap: precision mapping of cellular landscape in spatial transcriptomics,10.1093/nar/gkaf1484,2026,PMC12781899,literature_search,
mouse gastrulation seqFISH,seqFISH,spatial transcriptomics,mouse,gastrulation,,,https://content.cruk.cam.ac.uk/jmlab/SpatialMouseAtlas2020/,reused,CellMap: precision mapping of cellular landscape in spatial transcriptomics,10.1093/nar/gkaf1484,2026,PMC12781899,literature_search,
mouse visual cortex STARmap,STARmap,spatial transcriptomics,mouse,visual cortex,,,https://www.starmapresources.com/data,reused,CellMap: precision mapping of cellular landscape in spatial transcriptomics,10.1093/nar/gkaf1484,2026,PMC12781899,literature_search,
mouse primary visual cortex ISS,ISS,spatial transcriptomics,mouse,primary visual cortex (VISp),,,https://github.com/spacetx-spacejam/data,reused,CellMap: precision mapping of cellular landscape in spatial transcriptomics,10.1093/nar/gkaf1484,2026,PMC12781899,literature_search,
mouse hippocampus seqFISH,seqFISH,spatial transcriptomics,mouse,hippocampus,,,https://ars.els-cdn.com/content/image/1-s2.0-S0896627316307024-mmc6.xlsx,reused,CellMap: precision mapping of cellular landscape in spatial transcriptomics,10.1093/nar/gkaf1484,2026,PMC12781899,literature_search,
mouse primary visual cortex MERFISH,MERFISH,spatial transcriptomics,mouse,primary visual cortex (VISp),,,https://github.com/spacetx-spacejam/data/,reused,CellMap: precision mapping of cellular landscape in spatial transcriptomics,10.1093/nar/gkaf1484,2026,PMC12781899,literature_search,
olfactory bulb Stereo-seq,Stereo-seq,spatial transcriptomics,olfactory bulb,olfactory bulb,,,https://db.cngb.org/stomics/mosta/,reused,CellMap: precision mapping of cellular landscape in spatial transcriptomics,10.1093/nar/gkaf1484,2026,PMC12781899,literature_search,
Zebrafish embryo Stereo-seq,Stereo-seq,spatial transcriptomics,zebrafish embryo,Zebrafish embryo,,,https://db.cngb.org/stomics/datasets/STDS0000057,reused,CellMap: precision mapping of cellular landscape in spatial transcriptomics,10.1093/nar/gkaf1484,2026,PMC12781899,literature_search,
mouse brain cell2location reference,10x Visium,spatial transcriptomics,mouse,brain,,,https://github.com/BayraktarLab/cell2location,reused,CellMap: precision mapping of cellular landscape in spatial transcriptomics,10.1093/nar/gkaf1484,2026,PMC12781899,literature_search,
human PDAC ST,ST,,human,PDAC,pancreatic ductal adenocarcinoma,,GSE111672,reused,CellMap: precision mapping of cellular landscape in spatial transcriptomics,10.1093/nar/gkaf1484,2026,PMC12781899,literature_search,
STcEM MERFISH Brain Dataset [perturbation: lysophosphatidylcholine (LPC)-induced demyelinating injury],MERFISH,spatial transcriptomics,mouse,brain white matter (corpus callosum),demyelinating brain injury,3,,generated,Spatial Transcriptomics-correlated Electron Microscopy maps transcriptional and ultrastructural responses to brain injury,10.1038/s41467-023-39447-9,2023,PMC10336148,literature_search,
Standard MERFISH Brain Dataset [perturbation: lysophosphatidylcholine (LPC)-induced demyelinating injury],MERFISH,spatial transcriptomics,mouse,brain white matter (corpus callosum),demyelinating brain injury,1,,generated,Spatial Transcriptomics-correlated Electron Microscopy maps transcriptional and ultrastructural responses to brain injury,10.1038/s41467-023-39447-9,2023,PMC10336148,literature_search,
Mouse embryo E14.5 frozen tissue spatial transcriptomics,PBHL-seq,,mouse,E14.5 mouse embryo (eye and viscus),normal,3,,generated,Large field of view and spatial region of interest transcriptomics in fixed tissue,10.1038/s42003-024-06694-5,2024,PMC11335973,literature_search,
Mouse brain frozen tissue spatial transcriptomics,PBHL-seq,,mouse,"Mouse brain hippocampus (CA1, CA3, DG, RSP)",normal,4,,generated,Large field of view and spatial region of interest transcriptomics in fixed tissue,10.1038/s42003-024-06694-5,2024,PMC11335973,literature_search,
Mouse embryo E15.5 FFPE tissue spatial transcriptomics,PBHL-seq,,mouse,E15.5 mouse embryo (eye and viscus),normal,3,,generated,Large field of view and spatial region of interest transcriptomics in fixed tissue,10.1038/s42003-024-06694-5,2024,PMC11335973,literature_search,
HeLa cell subcellular compartment spatial transcriptomics,PBHL-seq,,human,HeLa cells (nucleus and cytoplasm),normal,4,,generated,Large field of view and spatial region of interest transcriptomics in fixed tissue,10.1038/s42003-024-06694-5,2024,PMC11335973,literature_search,
Mouse embryonic RPE cells spatial transcriptomics,PBHL-seq,,mouse,Mouse embryonic retinal pigment epithelial cells and neural retina,normal,4,,generated,Large field of view and spatial region of interest transcriptomics in fixed tissue,10.1038/s42003-024-06694-5,2024,PMC11335973,literature_search,
PBHL-seq multi-tissue and cell culture transcriptomics datasets,PBHL-seq,,human and mouse,"Cell cultures, mouse embryos, mouse brain, and HeLa cells",normal,,GSE268148,generated,Large field of view and spatial region of interest transcriptomics in fixed tissue,10.1038/s42003-024-06694-5,2024,PMC11335973,literature_search,
Melanoma ST data (Thrane et al.),ST (legacy),,homo sapiens,Skin / Melanoma,Melanoma,2,https://www.spatialresearch.org/resources-published-datasets/doi-10-1158-0008-5472-can-18-0747/,reused,High-resolution alignment of single-cell and spatial transcriptomes with CytoSPACE,10.1038/s41587-023-01697-9,2023,PMC10635828,literature_search,
Visium fresh-frozen breast cancer specimen (10x Genomics),10x Visium,spatial transcriptomics,homo sapiens,Breast,Breast cancer,1,https://www.10xgenomics.com/spatial-transcriptomics/,reused,High-resolution alignment of single-cell and spatial transcriptomes with CytoSPACE,10.1038/s41587-023-01697-9,2023,PMC10635828,literature_search,
Visium FFPE breast cancer specimen (10x Genomics),10x Visium,spatial transcriptomics,homo sapiens,Breast,Breast cancer,1,https://www.10xgenomics.com/spatial-transcriptomics/,reused,High-resolution alignment of single-cell and spatial transcriptomes with CytoSPACE,10.1038/s41587-023-01697-9,2023,PMC10635828,literature_search,
Visium fresh-frozen colorectal cancer specimen (10x Genomics),10x Visium,spatial transcriptomics,homo sapiens,Colorectal,Colorectal cancer,1,https://www.10xgenomics.com/spatial-transcriptomics/,reused,High-resolution alignment of single-cell and spatial transcriptomes with CytoSPACE,10.1038/s41587-023-01697-9,2023,PMC10635828,literature_search,
Visium fresh-frozen triple-negative breast cancer specimen (Wu et al.),10x Visium,spatial transcriptomics,homo sapiens,Breast,Triple-negative breast cancer,1,,reused,High-resolution alignment of single-cell and spatial transcriptomes with CytoSPACE,10.1038/s41587-023-01697-9,2023,PMC10635828,literature_search,
Visium normal mouse brain coronal sample,10x Visium,spatial transcriptomics,mus musculus,Brain,Normal,1,,reused,High-resolution alignment of single-cell and spatial transcriptomes with CytoSPACE,10.1038/s41587-023-01697-9,2023,PMC10635828,literature_search,
Visium normal mouse kidney sample,10x Visium,spatial transcriptomics,mus musculus,Kidney,Normal,1,,reused,High-resolution alignment of single-cell and spatial transcriptomes with CytoSPACE,10.1038/s41587-023-01697-9,2023,PMC10635828,literature_search,
MERSCOPE FFPE human breast cancer sample (Vizgen),MERFISH,,homo sapiens,Breast,Breast cancer,1,https://vizgen.com/data-release-program/,reused,High-resolution alignment of single-cell and spatial transcriptomes with CytoSPACE,10.1038/s41587-023-01697-9,2023,PMC10635828,literature_search,
Bladder Ewing sarcoma spatial transcriptomics dataset,Visium (10x Genomics),spatial transcriptomics,human,bladder,bladder Ewing sarcoma,,GSE250523,generated,Protocol for single-cell RNA sequencing and spatial transcriptomics of bladder Ewing sarcoma,10.1016/j.xpro.2025.103687,2025,PMC11950764,literature_search,
"Slide-seqV2 spatial transcriptomics atlas of human and mouse kidney tissue [perturbation: BTBR ob/ob (early diabetic kidney disease model) and UMOD-KI (ADTKD model), and injury due to sustained tumor compression]",Slide-seq,spatial transcriptomics,human and mouse,kidney tissue (cortex and medulla),"healthy, early diabetic kidney disease, and uromodulin autosomal dominant tubulointerstitial kidney disease (ADTKD)",,,generated,Principles of Spatial Transcriptomics Analysis: A Practical Walk-Through in Kidney Tissue,10.3389/fphys.2021.809346,2022,PMC8770822,literature_search,
"Human and mouse kidney ST and Slide-seqV2 dataset across health, AKI, and CKD [perturbation: ischemia/reperfusion injury and cecal ligation puncture in mouse models, and acute kidney injury (AKI) or chronic kidney disease (CKD) in human participants]",Spatial Transcriptomics (ST or Visium) and Slide-seqV2,spatial transcriptomics,human and mouse,kidney tissue,"health, acute kidney injury (AKI), and chronic kidney disease (CKD)",,,reused,Principles of Spatial Transcriptomics Analysis: A Practical Walk-Through in Kidney Tissue,10.3389/fphys.2021.809346,2022,PMC8770822,literature_search,
Dartmouth Hitchcock Medical Center Colorectal Cancer Spatial Transcriptomics Dataset,10x Genomics Visium Spatial Transcriptomics,spatial transcriptomics,human,colon (primary tumor resection),colorectal cancer,4,,generated,Inferring spatial transcriptomics markers from whole slide images to characterize metastasis-related spatial heterogeneity of colorectal tumors: A pilot study,10.1016/j.jpi.2023.100308,2023,PMC10127126,literature_search,
10x Genomics Visium breast cancer spatial gene-expression data,10x Genomics Visium spatial RNA-seq,spatial transcriptomics,human,Breast cancer tissue (Block A Section 1),Stage Group IIA breast cancer (Luminal B),1,https://support.10xgenomics.com/spatial-gene-expression/datasets/1.1.0/V1_Breast_Cancer_Block_A_Section_1,reused,Assessing heterogeneity in spatial data using the HTA index with applications to spatial transcriptomics and imaging,10.1093/bioinformatics/btab569,2021,PMC8598444,literature_search,
Breast cancer pathology whole-slide images dataset (spatial transcriptomics inferred from H&E),Digital pathology whole-slide images (inferred spatial transcriptomics),spatial transcriptomics,human,Breast cancer tissue,Breast cancer,324,,reused,Assessing heterogeneity in spatial data using the HTA index with applications to spatial transcriptomics and imaging,10.1093/bioinformatics/btab569,2021,PMC8598444,literature_search,
Slide-tags human melanoma,Slide-tags (droplet-based snATAC and snRNA-seq),spatial transcriptomics,human,melanoma section,metastatic melanoma,,SCP2176,reused,Spatial transcriptomics deconvolution methods generalize well to spatial chromatin accessibility data,10.1093/bioinformatics/btaf268,2025,PMC12261446,literature_search,
Human heart,10x Genomics Multiome ATAC and Gene Expression protocol,,human,heart tissue (eight anatomical regions),cardiac disease or arrhythmia history,25,https://cellxgene.cziscience.com/collections,reused,Spatial transcriptomics deconvolution methods generalize well to spatial chromatin accessibility data,10.1093/bioinformatics/btaf268,2025,PMC12261446,literature_search,
Human cerebral cortex,10x Genomics Multiome ATAC and Gene Expression protocol,,human,cerebral cortex (developmental timepoints),,,https://cellxgene.cziscience.com/collections,reused,Spatial transcriptomics deconvolution methods generalize well to spatial chromatin accessibility data,10.1093/bioinformatics/btaf268,2025,PMC12261446,literature_search,
Adult mouse brain Visium dataset,10x Visium,spatial transcriptomics,mouse,brain,,,,reused,Integrating Spatially‐Resolved Transcriptomics Data Across Tissues and Individuals: Challenges and Opportunities,10.1002/smtd.202401194,2025,PMC12103234,literature_search,
Adult mouse brain MERFISH dataset,MERFISH,spatial transcriptomics,mouse,brain,,,,reused,Integrating Spatially‐Resolved Transcriptomics Data Across Tissues and Individuals: Challenges and Opportunities,10.1002/smtd.202401194,2025,PMC12103234,literature_search,
COVID-19 tissue ST dataset,GeoMx,spatial transcriptomics,human,COVID-19 tissues,COVID-19,,,reused,Novel insights from spatial transcriptome analysis in solid tumors,10.7150/ijbs.83098,2023,PMC10539699,literature_search,
Squamous cell carcinoma ST dataset,"GeoMX DSP, MIBI-TOF, scRNA-seq",spatial proteomics,human,Squamous cell carcinoma tissue,Squamous cell carcinoma,,,reused,Novel insights from spatial transcriptome analysis in solid tumors,10.7150/ijbs.83098,2023,PMC10539699,literature_search,
Neuroblastoma ST dataset,,,,Neuroblastoma tissue,Neuroblastoma,,,reused,Novel insights from spatial transcriptome analysis in solid tumors,10.7150/ijbs.83098,2023,PMC10539699,literature_search,
Breast cancer IMPC ST dataset,10x Visium,spatial transcriptomics,human,Breast cancer (invasive micropapillary carcinoma),Breast cancer,,,reused,Novel insights from spatial transcriptome analysis in solid tumors,10.7150/ijbs.83098,2023,PMC10539699,literature_search,
Prostate cancer metabolism ST dataset,10x Visium,spatial transcriptomics,human,Prostate tissue,Prostate cancer,,,reused,Novel insights from spatial transcriptome analysis in solid tumors,10.7150/ijbs.83098,2023,PMC10539699,literature_search,
Colorectal cancer immunotherapy/chemotherapy ST dataset [perturbation: Immunotherapy or chemotherapy],GeoMx,spatial transcriptomics,human,Colorectal cancer tissue,Colorectal cancer,,,reused,Novel insights from spatial transcriptome analysis in solid tumors,10.7150/ijbs.83098,2023,PMC10539699,literature_search,
HER2-positive breast cancer ST dataset,10x Visium,spatial transcriptomics,human,HER2-positive breast tumor,HER2-positive breast cancer,,,reused,Novel insights from spatial transcriptome analysis in solid tumors,10.7150/ijbs.83098,2023,PMC10539699,literature_search,
Glioblastoma spatial multi-omics dataset,ST and spatial proteomics/metabolomics,spatial proteomics,,Glioblastoma tissue,Glioblastoma,,,reused,Novel insights from spatial transcriptome analysis in solid tumors,10.7150/ijbs.83098,2023,PMC10539699,literature_search,
Breast cancer ST-Net dataset,10x Visium,spatial transcriptomics,human,Breast cancer tissue sections,Breast cancer,68,,reused,Novel insights from spatial transcriptome analysis in solid tumors,10.7150/ijbs.83098,2023,PMC10539699,literature_search,
NSCLC PD-1 blockade ST dataset [perturbation: PD-1 checkpoint blockade],GeoMx,spatial transcriptomics,human,NSCLC tumor,Non-small cell lung cancer (NSCLC),,,reused,Novel insights from spatial transcriptome analysis in solid tumors,10.7150/ijbs.83098,2023,PMC10539699,literature_search,
NSCLC macrophage infiltration ST dataset [perturbation: Anti-PD1/PD-L1 antibodies],GeoMx,spatial transcriptomics,human,NSCLC tumor,Non-small cell lung cancer (NSCLC),16,,reused,Novel insights from spatial transcriptome analysis in solid tumors,10.7150/ijbs.83098,2023,PMC10539699,literature_search,
Primary liver cancer ST dataset,10x Visium,spatial transcriptomics,human,Liver cancer tissue,Primary liver cancers,,,reused,Novel insights from spatial transcriptome analysis in solid tumors,10.7150/ijbs.83098,2023,PMC10539699,literature_search,
Hepatocellular carcinoma ST dataset,10x Visium,spatial transcriptomics,human,Hepatocellular carcinoma tissue,Hepatocellular carcinoma,,,reused,Novel insights from spatial transcriptome analysis in solid tumors,10.7150/ijbs.83098,2023,PMC10539699,literature_search,
Hepatocellular carcinoma oncofetal reprogramming ST dataset,GeoMx,spatial transcriptomics,human,Hepatocellular carcinoma tissue,Hepatocellular carcinoma,,,reused,Novel insights from spatial transcriptome analysis in solid tumors,10.7150/ijbs.83098,2023,PMC10539699,literature_search,
Gastric cancer molecular resource ST dataset,GeoMx,spatial transcriptomics,human,Gastric cancer subtypes tissue,Gastric cancer,,,reused,Novel insights from spatial transcriptome analysis in solid tumors,10.7150/ijbs.83098,2023,PMC10539699,literature_search,
Colorectal cancer liver metastasis ST dataset,10x Visium,spatial transcriptomics,human,Colorectal cancer liver metastasis samples,Colorectal cancer liver metastasis,97,,reused,Novel insights from spatial transcriptome analysis in solid tumors,10.7150/ijbs.83098,2023,PMC10539699,literature_search,
Pancreatic neuroendocrine tumours ST dataset,GeoMx,spatial transcriptomics,human,Pancreatic neuroendocrine tumor tissue,Pancreatic neuroendocrine tumours,,,reused,Novel insights from spatial transcriptome analysis in solid tumors,10.7150/ijbs.83098,2023,PMC10539699,literature_search,
Pancreatic cancer TME ST dataset,10x Visium,spatial transcriptomics,human,Pancreatic ductal adenocarcinoma tissue,Pancreatic cancer,,,reused,Novel insights from spatial transcriptome analysis in solid tumors,10.7150/ijbs.83098,2023,PMC10539699,literature_search,
PDAC neoadjuvant treatment ST dataset,GeoMx,spatial transcriptomics,human,Primary PDAC tumor specimens,Pancreatic ductal adenocarcinoma (PDAC),43,,reused,Novel insights from spatial transcriptome analysis in solid tumors,10.7150/ijbs.83098,2023,PMC10539699,literature_search,
"Bladder cancer ST dataset [perturbation: Surgery, chemotherapy, or immunotherapy]",10x Visium,spatial transcriptomics,human,Bladder cancer tissue,Bladder cancer,,,reused,Novel insights from spatial transcriptome analysis in solid tumors,10.7150/ijbs.83098,2023,PMC10539699,literature_search,
Metastatic prostate cancer ST dataset,GeoMx,spatial transcriptomics,human,Prostate cancer tissue,Metastatic prostate cancer,,,reused,Novel insights from spatial transcriptome analysis in solid tumors,10.7150/ijbs.83098,2023,PMC10539699,literature_search,
Prostate cancer spatial map ST dataset,Spatial Transcriptomics,spatial transcriptomics,human,Prostate tumor and adjacent tissue,Prostate cancer,,,reused,Novel insights from spatial transcriptome analysis in solid tumors,10.7150/ijbs.83098,2023,PMC10539699,literature_search,
AIBS MERFISH whole mouse brain dataset,MERFISH,spatial transcriptomics,mouse,whole adult brain,,1,https://doi.org/10.35077/g.610,generated,A high-resolution transcriptomic and spatial atlas of cell types in the whole mouse brain,10.1101/2023.03.06.531121,2023,PMC10081189,literature_search,
Granulosa cells spatial transcriptomics dataset [perturbation: PMSG and hCG stimulation],PHOTON,,mouse,Ovary,,,PRJNA1152621,generated,Subcellular Level Spatial Transcriptomics with PHOTON,10.1101/2024.09.10.612328,2024,PMC11419108,literature_search,
Nucleolus spatial transcriptomics dataset,PHOTON,,human,HeLa cells,,,PRJNA1152621,generated,Subcellular Level Spatial Transcriptomics with PHOTON,10.1101/2024.09.10.612328,2024,PMC11419108,literature_search,
Stress granule spatial transcriptomics dataset (HeLa) [perturbation: Sodium arsenite treatment],PHOTON,,human,HeLa cells,,,PRJNA1152621,generated,Subcellular Level Spatial Transcriptomics with PHOTON,10.1101/2024.09.10.612328,2024,PMC11419108,literature_search,
Stress granule spatial transcriptomics dataset (Mettl3 KO MEF) [perturbation: 4-hydroxytamoxifen (4-OHT) treatment and sodium arsenite treatment],PHOTON,,mouse,Mouse embryonic fibroblast (MEF) cells,,,PRJNA1152621,generated,Subcellular Level Spatial Transcriptomics with PHOTON,10.1101/2024.09.10.612328,2024,PMC11419108,literature_search,
Stress granule spatial transcriptomics dataset (METTL3 inhibitor treated HeLa) [perturbation: STM2457 treatment and sodium arsenite treatment],PHOTON,,human,HeLa cells,,,PRJNA1152621,generated,Subcellular Level Spatial Transcriptomics with PHOTON,10.1101/2024.09.10.612328,2024,PMC11419108,literature_search,
Mouse granulosa cell RNA-seq dataset,RNA-seq,,mouse,Ovary,,,,reused,Subcellular Level Spatial Transcriptomics with PHOTON,10.1101/2024.09.10.612328,2024,PMC11419108,literature_search,
Mouse ovarian spatial transcriptome dataset,Slide-seq,spatial transcriptomics,mouse,Ovary,,,,reused,Subcellular Level Spatial Transcriptomics with PHOTON,10.1101/2024.09.10.612328,2024,PMC11419108,literature_search,
Stress granule dataset (conventional purification),Purification-based sequencing,,human,Cells,,,,reused,Subcellular Level Spatial Transcriptomics with PHOTON,10.1101/2024.09.10.612328,2024,PMC11419108,literature_search,
Spatial transcriptomics of high-grade serous ovarian carcinoma [perturbation: neoadjuvant chemotherapy (carboplatin and paclitaxel)],Visium Spatial Gene Expression (10X Genomics),spatial transcriptomics,human,high-grade serous ovarian carcinoma tumor tissue,high-grade serous ovarian carcinoma,12,GSE189843,generated,Spatially resolved transcriptomics of high-grade serous ovarian carcinoma,10.1016/j.isci.2022.103923,2022,PMC8891954,literature_search,
Bulk RNA Sequencing of HGSC treatment subgroups [perturbation: neoadjuvant chemotherapy (carboplatin and paclitaxel)],bulk RNA sequencing,,human,high-grade serous ovarian carcinoma tumor tissue,high-grade serous ovarian carcinoma,12,EGAD00001005240,reused,Spatially resolved transcriptomics of high-grade serous ovarian carcinoma,10.1016/j.isci.2022.103923,2022,PMC8891954,literature_search,
Visium Human Colon (Oliveira et al.),10x Visium,spatial transcriptomics,human,colorectal cancer biopsy,colorectal cancer,,,reused,Orchestrating Spatial Transcriptomics Analysis with Bioconductor,10.1101/2025.11.20.688607,2025,PMC12667768,literature_search,
Chromium Human Colon (Oliveira et al.),Chromium scRNA-seq,,human,colorectal cancer biopsy,colorectal cancer,,,reused,Orchestrating Spatial Transcriptomics Analysis with Bioconductor,10.1101/2025.11.20.688607,2025,PMC12667768,literature_search,
Visium HD Human Colon (Oliveira et al.),10x Visium HD,spatial transcriptomics,human,colorectal cancer biopsy,colorectal cancer,,,reused,Orchestrating Spatial Transcriptomics Analysis with Bioconductor,10.1101/2025.11.20.688607,2025,PMC12667768,literature_search,
Xenium Human Breast Cancer (Janesick et al.),10x Xenium,spatial transcriptomics,human,human breast cancer tissue,human breast cancer,,,reused,Orchestrating Spatial Transcriptomics Analysis with Bioconductor,10.1101/2025.11.20.688607,2025,PMC12667768,literature_search,
CosMx 1k-plex Mouse Brain (Bruker),CosMx Spatial Molecular Imager,spatial transcriptomics,mouse,mouse brain sample,,,,reused,Orchestrating Spatial Transcriptomics Analysis with Bioconductor,10.1101/2025.11.20.688607,2025,PMC12667768,literature_search,
Spatial transcriptomic profiling of young and naturally aged mouse ovaries [perturbation: natural aging (young vs aged outbred mice)],Visium Spatial Gene Expression (10x Genomics),spatial transcriptomics,mouse,Ovary,natural aging / age-related infertility,8,GSE188257,generated,Spatially resolved transcriptomic profiling of ovarian aging in mice,10.1016/j.isci.2022.104819,2022,PMC9391589,literature_search,
Human dorsolateral prefrontal cortex (DLPFC) dataset,10x Visium,spatial transcriptomics,human,Dorsolateral prefrontal cortex,,12,http://spatial.libd.org/spatialLIBD,reused,MNMST: topology of cell networks leverages identification of spatial domains from spatial transcriptomics data,10.1186/s13059-024-03272-0,2024,PMC11112797,literature_search,
Mouse brain tissue dataset,10x Visium,spatial transcriptomics,mouse,Brain,,,https://atlas.brain-map.org/,reused,MNMST: topology of cell networks leverages identification of spatial domains from spatial transcriptomics data,10.1186/s13059-024-03272-0,2024,PMC11112797,literature_search,
Mouse anterior and posterior brain dataset,10x Visium,spatial transcriptomics,mouse,Brain,,,https://www.10xgenomics.com/,reused,MNMST: topology of cell networks leverages identification of spatial domains from spatial transcriptomics data,10.1186/s13059-024-03272-0,2024,PMC11112797,literature_search,
Human breast cancer dataset,10x Visium,spatial transcriptomics,human,Breast,Breast cancer,,,reused,MNMST: topology of cell networks leverages identification of spatial domains from spatial transcriptomics data,10.1186/s13059-024-03272-0,2024,PMC11112797,literature_search,
Mouse visual cortex STARmap dataset,STARmap,spatial transcriptomics,mouse,Visual cortex,,,http://starmapresources.org/data,reused,MNMST: topology of cell networks leverages identification of spatial domains from spatial transcriptomics data,10.1186/s13059-024-03272-0,2024,PMC11112797,literature_search,
Mouse somatosensory cortex osmFISH dataset,osmFISH,spatial transcriptomics,mouse,Somatosensory cortex,,,http://linnarssonlab.org/osmFISH,reused,MNMST: topology of cell networks leverages identification of spatial domains from spatial transcriptomics data,10.1186/s13059-024-03272-0,2024,PMC11112797,literature_search,
Mouse olfactory bulb Stereo-seq dataset,Stereo-seq,spatial transcriptomics,mouse,Olfactory bulb,,,https://github.com/JinmiaoChenLab/SEDR_analyses,reused,MNMST: topology of cell networks leverages identification of spatial domains from spatial transcriptomics data,10.1186/s13059-024-03272-0,2024,PMC11112797,literature_search,
Mouse olfactory bulb Slide-SeqV2 dataset,Slide-seq,spatial transcriptomics,mouse,Olfactory bulb,,,https://singlecell.broadinstitute.org/singlecell/study/SCP815,reused,MNMST: topology of cell networks leverages identification of spatial domains from spatial transcriptomics data,10.1186/s13059-024-03272-0,2024,PMC11112797,literature_search,
Mouse Embryo E13 FF Sagittal Sections,DBiTplus (DBiT-seq and CODEX),spatial proteomics,mouse,Embryo,,,,generated,Integration of Imaging-based and Sequencing-based Spatial Omics Mapping on the Same Tissue Section via DBiTplus,10.21203/rs.3.rs-5398491/v1,2024,PMC11661374,literature_search,
Mouse Spleen Frozen Sections,DBiTplus (DBiT-seq and CODEX),spatial proteomics,mouse,Spleen,,,,generated,Integration of Imaging-based and Sequencing-based Spatial Omics Mapping on the Same Tissue Section via DBiTplus,10.21203/rs.3.rs-5398491/v1,2024,PMC11661374,literature_search,
Mouse Embryo E11 Paraffin Sections,DBiTplus (DBiT-seq and CODEX),spatial proteomics,mouse,Embryo,,,,generated,Integration of Imaging-based and Sequencing-based Spatial Omics Mapping on the Same Tissue Section via DBiTplus,10.21203/rs.3.rs-5398491/v1,2024,PMC11661374,literature_search,
Human Brain Cerebellum Paraffin Sections,DBiTplus (DBiT-seq and CODEX),spatial proteomics,human,Cerebellum,,,,generated,Integration of Imaging-based and Sequencing-based Spatial Omics Mapping on the Same Tissue Section via DBiTplus,10.21203/rs.3.rs-5398491/v1,2024,PMC11661374,literature_search,
Human Reactive Lymph Node FFPE Sections,DBiTplus (DBiT-seq and CODEX),spatial proteomics,human,Lymph node,Reactive / Benign,,,generated,Integration of Imaging-based and Sequencing-based Spatial Omics Mapping on the Same Tissue Section via DBiTplus,10.21203/rs.3.rs-5398491/v1,2024,PMC11661374,literature_search,
Human Lymphoma FFPE Tissue Sections,DBiTplus (DBiT-seq and CODEX),spatial proteomics,human,Lymph node / Extranodal tissue,Diffuse Large B-Cell Lymphoma (DLBCL) arising from Marginal Zone Lymphoma (MZL) transformation,,,generated,Integration of Imaging-based and Sequencing-based Spatial Omics Mapping on the Same Tissue Section via DBiTplus,10.21203/rs.3.rs-5398491/v1,2024,PMC11661374,literature_search,
cadasSTre cross-platform spatial transcriptomics dataset,"Stereo-seq, BMKMANU S1000, 10X Genomics Visium (polyA), DBiT-seq, Salus, DynaSpatial, HDST, Slide-seq V2, Curio Seeker, Slide-tag",spatial transcriptomics,mouse,"adult mouse brain, E12.5 mouse embryo, adult mouse olfactory bulb",normal,35,genographix.com,generated,Systematic comparison of sequencing-based spatial transcriptomic methods,10.1038/s41592-024-02325-3,2024,PMC11399101,literature_search,
Slide-seq V2 mouse eye puck,Slide-seq,spatial transcriptomics,mouse,E12.5 mouse eye,normal,,,reused,Systematic comparison of sequencing-based spatial transcriptomic methods,10.1038/s41592-024-02325-3,2024,PMC11399101,literature_search,
Slide-seq V2 mouse hippocampus pucks,Slide-seq,spatial transcriptomics,mouse,adult mouse hippocampus,normal,,,reused,Systematic comparison of sequencing-based spatial transcriptomic methods,10.1038/s41592-024-02325-3,2024,PMC11399101,literature_search,
Human deceased donor nephrectomy spatial transcriptomics dataset,Visium Spatial Gene Expression (VSGE),spatial transcriptomics,human,kidney (nephrectomy),healthy,,,generated,Deconvolution Tactics and Normalization in Renal Spatial Transcriptomics,10.3389/fphys.2021.812947,2022,PMC8793484,literature_search,
Human kidney snRNA-seq reference dataset,single-nuclear RNA sequencing (snRNAseq),,human,kidney,,,,reused,Deconvolution Tactics and Normalization in Renal Spatial Transcriptomics,10.3389/fphys.2021.812947,2022,PMC8793484,literature_search,
Human spatial transcriptomics samples across 3 batches,Visium Spatial Gene Expression (VSGE),spatial transcriptomics,human,kidney,healthy and injured,9,,generated,Deconvolution Tactics and Normalization in Renal Spatial Transcriptomics,10.3389/fphys.2021.812947,2022,PMC8793484,literature_search,
Peritoneal endometriotic lesions spatial transcriptomics,10x Visium,spatial transcriptomics,human,Peritoneal endometriotic lesions,Endometriosis,2,,generated,Atlas-scale metabolic activities inferred from single-cell and spatial transcriptomics,10.1101/2025.05.09.653038,2025,PMC12132331,literature_search,
Secretory endometrium spatial transcriptomics,10x Visium,spatial transcriptomics,human,Endometrium,Healthy,,E-MTAB-9260,reused,Atlas-scale metabolic activities inferred from single-cell and spatial transcriptomics,10.1101/2025.05.09.653038,2025,PMC12132331,literature_search,
Endometrial carcinoma spatial transcriptomics,10x Visium,spatial transcriptomics,human,Endometrial tissue (tumor microenvironment),Endometrial carcinoma,,GSE203612,reused,Atlas-scale metabolic activities inferred from single-cell and spatial transcriptomics,10.1101/2025.05.09.653038,2025,PMC12132331,literature_search,
Esophageal squamous cell carcinoma primary and metastatic spatial multi-omics dataset,Digital spatial profiling (DSP),,,Esophageal squamous cell carcinoma,Esophageal squamous cell carcinoma,,,reused,Application of Spatial Transcriptomics in Digestive System Tumors,10.3390/biom15010021,2024,PMC11761220,literature_search,
Pancreatic ductal adenocarcinoma spatial transcriptomics dataset,,,mouse,Pancreas,Pancreatic ductal adenocarcinoma,,,reused,Application of Spatial Transcriptomics in Digestive System Tumors,10.3390/biom15010021,2024,PMC11761220,literature_search,
Localized squamous cell carcinoma of the anus spatial gene and protein expression dataset,,,,Anus,Localized squamous cell carcinoma of the anus,,,reused,Application of Spatial Transcriptomics in Digestive System Tumors,10.3390/biom15010021,2024,PMC11761220,literature_search,
Colorectal cancer liver metastatic single-cell and spatial transcriptome dataset,,,,Liver (metastatic colorectal cancer),Colorectal cancer,,,reused,Application of Spatial Transcriptomics in Digestive System Tumors,10.3390/biom15010021,2024,PMC11761220,literature_search,
Hepatoblastoma-like malignancy spatial transcriptomics dataset,,,,Liver,Hepatoblastoma-like malignancy,,,reused,Application of Spatial Transcriptomics in Digestive System Tumors,10.3390/biom15010021,2024,PMC11761220,literature_search,
Colorectal cancer lymph node metastases and tumor deposits spatial transcriptomics dataset,,,,Intestine / fat near intestine,Colorectal cancer,,,reused,Application of Spatial Transcriptomics in Digestive System Tumors,10.3390/biom15010021,2024,PMC11761220,literature_search,
Pancreatic ductal adenocarcinoma spatial transcriptomics and scRNA-seq dataset,,,,Pancreas,Pancreatic ductal adenocarcinoma,,,reused,Application of Spatial Transcriptomics in Digestive System Tumors,10.3390/biom15010021,2024,PMC11761220,literature_search,
Esophageal squamous cell carcinoma spatial transcriptomics dataset,Microarray-based spatial transcriptomics,spatial transcriptomics,,Esophagus,Esophageal squamous cell carcinoma,,,reused,Application of Spatial Transcriptomics in Digestive System Tumors,10.3390/biom15010021,2024,PMC11761220,literature_search,
Colorectal cancer spatial transcriptomics dataset,,,,Colorectal tumor tissues,Colorectal cancer,,,reused,Application of Spatial Transcriptomics in Digestive System Tumors,10.3390/biom15010021,2024,PMC11761220,literature_search,
Diffuse-type gastric cancer spatial transcriptomics dataset,,,,Stomach,Diffuse-type gastric cancer,,,reused,Application of Spatial Transcriptomics in Digestive System Tumors,10.3390/biom15010021,2024,PMC11761220,literature_search,
Oropharyngeal squamous cell carcinoma spatial transcriptomics dataset,,,,Oropharynx,Oropharyngeal squamous cell carcinoma,,,reused,Application of Spatial Transcriptomics in Digestive System Tumors,10.3390/biom15010021,2024,PMC11761220,literature_search,
Primary liver cancer spatial architecture dataset,,,,Liver,Primary liver cancer,,,reused,Application of Spatial Transcriptomics in Digestive System Tumors,10.3390/biom15010021,2024,PMC11761220,literature_search,
Gastric cancer spatial transcriptomics dataset,,,,Stomach,Gastric cancer,,,reused,Application of Spatial Transcriptomics in Digestive System Tumors,10.3390/biom15010021,2024,PMC11761220,literature_search,
Transgenic mouse gastric cancer spatial transcriptomics dataset [perturbation: K19-Wnt1/C2mE transgenic (GAN) mice and injection of GAN-KP cells into the gastric wall],,,mouse,Gastric wall / stomach,Gastric cancer,,,reused,Application of Spatial Transcriptomics in Digestive System Tumors,10.3390/biom15010021,2024,PMC11761220,literature_search,
Oral squamous cell carcinoma and precancerous lesions spatial transcriptomics dataset,,,,Oral tissue,Oral squamous cell carcinoma / Oral leukoplakia,,,reused,Application of Spatial Transcriptomics in Digestive System Tumors,10.3390/biom15010021,2024,PMC11761220,literature_search,
Mouse hepatocellular carcinoma spatial dataset [perturbation: Galectin1 (Gal1) silencing / inhibiting matrix formation],,,mouse,Liver,Hepatocellular carcinoma,,,reused,Application of Spatial Transcriptomics in Digestive System Tumors,10.3390/biom15010021,2024,PMC11761220,literature_search,
Human DLPFC sections,10x Visium,spatial transcriptomics,human,Dorsolateral prefrontal cortex (DLPFC),,12,http://research.libd.org/spatialLIBD/,reused,From features to slice: parameter-cloud modeling of spatial transcriptomics for simulation and 3D interpolatory augmentation,10.64898/2025.12.04.692251,2025,PMC12710759,literature_search,
3D MERFISH spatial transcriptomics data (Allen Brain Atlas),MERFISH,spatial transcriptomics,mouse,Brain,,147,https://alleninstitute.github.io/abc_atlas_access/descriptions/Zhuang-ABCA-1.html,reused,From features to slice: parameter-cloud modeling of spatial transcriptomics for simulation and 3D interpolatory augmentation,10.64898/2025.12.04.692251,2025,PMC12710759,literature_search,
OpenST sequencing data from human lymph node,OpenST,,human,Lymph node,,19,https://www.ncbi.nlm.nih.gov/geo/query/acc.cgi?acc=GSE251926,reused,From features to slice: parameter-cloud modeling of spatial transcriptomics for simulation and 3D interpolatory augmentation,10.64898/2025.12.04.692251,2025,PMC12710759,literature_search,
MOSTA mouse atlas Stereo-seq slices,Stereo-seq,spatial transcriptomics,mouse,Embryo,,5,https://www.sciencedirect.com/science/article/pii/S0092867422003993,reused,From features to slice: parameter-cloud modeling of spatial transcriptomics for simulation and 3D interpolatory augmentation,10.64898/2025.12.04.692251,2025,PMC12710759,literature_search,
Slide-seqV2 slice,Slide-seq,spatial transcriptomics,,,,1,https://gene.ai.tencent.com/SpatialOmics/dataset?datasetID=119,reused,From features to slice: parameter-cloud modeling of spatial transcriptomics for simulation and 3D interpolatory augmentation,10.64898/2025.12.04.692251,2025,PMC12710759,literature_search,
Human Lymph Node Preview Data sequenced with Xenium,10x Xenium,spatial transcriptomics,human,Lymph node,,1,https://www.10xgenomics.com/datasets/human-lymph-node-preview-data-xenium-human-multi-tissue-and-cancer-panel-1-standard,reused,From features to slice: parameter-cloud modeling of spatial transcriptomics for simulation and 3D interpolatory augmentation,10.64898/2025.12.04.692251,2025,PMC12710759,literature_search,
MERFISH spinal cord slices,MERFISH,spatial transcriptomics,mouse,Spinal cord,,2,https://github.com/shanmeltzer/Spinal_MERFISH,reused,From features to slice: parameter-cloud modeling of spatial transcriptomics for simulation and 3D interpolatory augmentation,10.64898/2025.12.04.692251,2025,PMC12710759,literature_search,
Slide-seq mouse cerebellum dataset (Puck_180819_12),Slide-seq,spatial transcriptomics,mouse,cerebellum,normal,,https://singlecell.broadinstitute.org/single_cell/study/SCP354/slide-seq-study#study-summary,reused,Smoothie: Efficient Inference of Spatial Co-expression Networks from Denoised Spatial Transcriptomics Data,10.1101/2025.02.26.640406,2025,PMC11888426,literature_search,
Stereo-seq E16.5 mouse embryo dataset,Stereo-seq,spatial transcriptomics,mouse,embryo,normal,1,https://db.cngb.org/stomics/mosta/download/,reused,Smoothie: Efficient Inference of Spatial Co-expression Networks from Denoised Spatial Transcriptomics Data,10.1101/2025.02.26.640406,2025,PMC11888426,literature_search,
"MOSTA mouse embryogenesis datasets (E13.5, E14.5, E15.5, E16.5)",Stereo-seq,spatial transcriptomics,mouse,embryo,normal,4,https://db.cngb.org/stomics/mosta/download/,reused,Smoothie: Efficient Inference of Spatial Co-expression Networks from Denoised Spatial Transcriptomics Data,10.1101/2025.02.26.640406,2025,PMC11888426,literature_search,
Slide-seq V2 mouse ovary timecourse dataset [perturbation: hormone-induced ovulation],Slide-seq,spatial transcriptomics,mouse,ovary,normal,8,,reused,Smoothie: Efficient Inference of Spatial Co-expression Networks from Denoised Spatial Transcriptomics Data,10.1101/2025.02.26.640406,2025,PMC11888426,literature_search,
Mouse spatial transcriptomics dataset [perturbation: R6/2 transgenic mouse model],10× Visium spatial transcriptomics,spatial transcriptomics,mouse,Brain (striatum and cortex),Huntington's disease,,GSE285858,generated,Protocol to evaluate mouse brain spatial cell type-resolved transcriptomic discoveries using 10× Visium spatial transcriptomics and FLEX scRNA-seq,10.1016/j.xpro.2025.104277,2025,PMC12803812,literature_search,
Mouse AV lesion Slide-seqV2 dataset [perturbation: Apc inactivation (AV model)],Slide-seq,spatial transcriptomics,mouse,colon,colorectal cancer / dysplasia,4,https://singlecell.broadinstitute.org/single_cell/study/SCP1891,generated,Spatially defined multicellular functional units in colorectal cancer revealed from single cell and spatial transcriptomics,10.1101/2022.10.02.508492,2025,PMC12262820,literature_search,
Mouse normal colon Slide-seqV2 dataset,Slide-seq,spatial transcriptomics,mouse,colon,normal,4,https://singlecell.broadinstitute.org/single_cell/study/SCP1891,generated,Spatially defined multicellular functional units in colorectal cancer revealed from single cell and spatial transcriptomics,10.1101/2022.10.02.508492,2025,PMC12262820,literature_search,
Mouse AV lesion multiplex in situ RNA dataset (Cartana) [perturbation: Apc inactivation (AV model)],Cartana multiplex in situ RNA analysis,,mouse,colon,colorectal cancer / dysplasia,3,https://singlecell.broadinstitute.org/single_cell/study/SCP1891,generated,Spatially defined multicellular functional units in colorectal cancer revealed from single cell and spatial transcriptomics,10.1101/2022.10.02.508492,2025,PMC12262820,literature_search,
Mouse normal colon multiplex in situ RNA dataset (Cartana),Cartana multiplex in situ RNA analysis,,mouse,colon,normal,3,https://singlecell.broadinstitute.org/single_cell/study/SCP1891,generated,Spatially defined multicellular functional units in colorectal cancer revealed from single cell and spatial transcriptomics,10.1101/2022.10.02.508492,2025,PMC12262820,literature_search,
Mouse normal colon and AV lesions Slide-seqV2 spatial transcriptomics [perturbation: Apc inactivation (AV model)],Slide-seq,spatial transcriptomics,mouse,colon,colorectal cancer / dysplasia,4,GSE260801,generated,Spatially defined multicellular functional units in colorectal cancer revealed from single cell and spatial transcriptomics,10.7554/eLife.104815,2025,PMC12700527,literature_search,
Mouse normal colon and AV lesions multiplex in situ RNA analysis (Cartana) [perturbation: Apc inactivation (AV model)],Cartana multiplex in situ RNA analysis,,mouse,colon,colorectal cancer / dysplasia,6,GSE260801,generated,Spatially defined multicellular functional units in colorectal cancer revealed from single cell and spatial transcriptomics,10.7554/eLife.104815,2025,PMC12700527,literature_search,
Mouse brain spatial transcriptomics dataset,Visium / RRST,spatial transcriptomics,mouse,Brain,,8,,generated,Spatially resolved transcriptomic profiling of degraded and challenging fresh frozen samples,10.1038/s41467-023-36071-5,2023,PMC9889806,literature_search,
Human prostate cancer spatial transcriptomics dataset,Visium / RRST,spatial transcriptomics,human,Prostate tumor,Prostate cancer,4,,generated,Spatially resolved transcriptomic profiling of degraded and challenging fresh frozen samples,10.1038/s41467-023-36071-5,2023,PMC9889806,literature_search,
Adult human lung spatial transcriptomics dataset,Visium / RRST,spatial transcriptomics,human,Lung,,6,,generated,Spatially resolved transcriptomic profiling of degraded and challenging fresh frozen samples,10.1038/s41467-023-36071-5,2023,PMC9889806,literature_search,
Adult human colon spatial transcriptomics dataset,Visium / RRST,spatial transcriptomics,human,Colon,,6,,generated,Spatially resolved transcriptomic profiling of degraded and challenging fresh frozen samples,10.1038/s41467-023-36071-5,2023,PMC9889806,literature_search,
Adult human small intestine spatial transcriptomics dataset,Visium / RRST,spatial transcriptomics,human,Small intestine (Ileum),,14,,generated,Spatially resolved transcriptomic profiling of degraded and challenging fresh frozen samples,10.1038/s41467-023-36071-5,2023,PMC9889806,literature_search,
Pediatric brain tumor spatial transcriptomics dataset,Visium / RRST,spatial transcriptomics,human,Brain tumor,Pediatric brain tumor (Medulloblastoma and NOS),8,,generated,Spatially resolved transcriptomic profiling of degraded and challenging fresh frozen samples,10.1038/s41467-023-36071-5,2023,PMC9889806,literature_search,
Mouse cartilage and bone spatial transcriptomics dataset,Visium / RRST,spatial transcriptomics,mouse,"Cartilage and bone (growth plate, tibia, femur)",,6,10.5281/zenodo.7524632,generated,Spatially resolved transcriptomic profiling of degraded and challenging fresh frozen samples,10.1038/s41467-023-36071-5,2023,PMC9889806,literature_search,
E12.5_E1S3 mouse embryo data,Stereo-seq,spatial transcriptomics,mouse,embryo,normal,,,reused,STCC enhances spatial domain detection through consensus clustering of spatial transcriptomics data,10.1101/gr.280031.124,2025,PMC12129015,literature_search,
Mouse brain coronal data,10x Visium,spatial transcriptomics,mouse,brain,normal,,,reused,STCC enhances spatial domain detection through consensus clustering of spatial transcriptomics data,10.1101/gr.280031.124,2025,PMC12129015,literature_search,
Human breast cancer data,10x Visium,spatial transcriptomics,human,breast,cancer,,https://support.10xgenomics.com/spatial-gene-expression/datasets,reused,STCC enhances spatial domain detection through consensus clustering of spatial transcriptomics data,10.1101/gr.280031.124,2025,PMC12129015,literature_search,
Human dorsolateral prefrontal cortex (DLPFC) data,10x Visium,spatial transcriptomics,human,dorsolateral prefrontal cortex,normal,12,https://github.com/LieberInstitute/HumanPilot,reused,STCC enhances spatial domain detection through consensus clustering of spatial transcriptomics data,10.1101/gr.280031.124,2025,PMC12129015,literature_search,
Mouse olfactory bulb data (Rep11_MOB_ST),ST technology,,mouse,olfactory bulb,normal,,https://db.cngb.org/stomics/datasets/STDS0000017,reused,STCC enhances spatial domain detection through consensus clustering of spatial transcriptomics data,10.1101/gr.280031.124,2025,PMC12129015,literature_search,
Mouse cortex STARmap data,STARmap technique,spatial transcriptomics,mouse,visual cortex,normal,,https://www.dropbox.com/sh/f7ebheru1lbz91s/AADm6D54GSEFXB1feRy6OSASa/visual_1020/20180505_BY3_kgenes?dl=0&subfolder_nav_tracking=1,reused,STCC enhances spatial domain detection through consensus clustering of spatial transcriptomics data,10.1101/gr.280031.124,2025,PMC12129015,literature_search,
"Mouse cortex consecutive sections (BZ5, BZ9, BZ14)",STARmap technique,spatial transcriptomics,mouse,medial prefrontal cortex,normal,3,https://github.com/zhengli09/BASS-Analysis/tree/master/data,reused,STCC enhances spatial domain detection through consensus clustering of spatial transcriptomics data,10.1101/gr.280031.124,2025,PMC12129015,literature_search,
Human squamous cell carcinoma (SCC) data,ST technology,,human,squamous cell carcinoma,squamous cell carcinoma,12,https://www.ncbi.nlm.nih.gov/geo/ (GSE144240),reused,STCC enhances spatial domain detection through consensus clustering of spatial transcriptomics data,10.1101/gr.280031.124,2025,PMC12129015,literature_search,
Whole brain spatial transcriptomics dataset,Spatial Transcriptomics,spatial transcriptomics,mouse,Whole brain,Alzheimer's disease,12,https://www.ncbi.nlm.nih.gov/gds (GSE152506),reused,Gene interactions analysis of brain spatial transcriptome for Alzheimer's disease,10.1016/j.gendis.2024.101337,2024,PMC11402150,literature_search,
Hippocampus spatial transcriptomics dataset,Spatial Transcriptomics,spatial transcriptomics,mouse,Hippocampus,Alzheimer's disease,6,https://doi.org/10.17632/6s959w2zyr.1y,reused,Gene interactions analysis of brain spatial transcriptome for Alzheimer's disease,10.1016/j.gendis.2024.101337,2024,PMC11402150,literature_search,
Entorhinal cortex single-nuclei RNA sequencing dataset,snRNA-seq,,human,Entorhinal cortex,Alzheimer's disease,12,https://www.ncbi.nlm.nih.gov/gds (GSE138852),reused,Gene interactions analysis of brain spatial transcriptome for Alzheimer's disease,10.1016/j.gendis.2024.101337,2024,PMC11402150,literature_search,
RNAscope HiPlex MBEN data,RNAscope HiPlex,,human,Medulloblastoma with extensive nodularity (MBEN) cryosections,Medulloblastoma,,https://www.ebi.ac.uk/biostudies/bioimages/studies/S-BIAD826,reused,Comparison of spatial transcriptomics technologies using tumor cryosections,10.1186/s13059-025-03624-4,2025,PMC12180266,literature_search,
Molecular Cartography MBEN data,Molecular Cartography,,human,Medulloblastoma with extensive nodularity (MBEN) cryosections,Medulloblastoma,,https://www.ebi.ac.uk/biostudies/bioimages/studies/S-BIAD825,reused,Comparison of spatial transcriptomics technologies using tumor cryosections,10.1186/s13059-025-03624-4,2025,PMC12180266,literature_search,
Visium MBEN data,10x Visium,spatial transcriptomics,human,Medulloblastoma with extensive nodularity (MBEN) cryosections,Medulloblastoma,4,https://doi.org/10.5281/zenodo.10863259,generated,Comparison of spatial transcriptomics technologies using tumor cryosections,10.1186/s13059-025-03624-4,2025,PMC12180266,literature_search,
"Molecular Cartography, Merscope, and Xenium MBEN imaging and ST data","Molecular Cartography, Merscope, Xenium, and Comet",spatial transcriptomics,human,Medulloblastoma with extensive nodularity (MBEN) cryosections,Medulloblastoma,4,https://www.ebi.ac.uk/biostudies/bioimages/studies/S-BIAD1093,generated,Comparison of spatial transcriptomics technologies using tumor cryosections,10.1186/s13059-025-03624-4,2025,PMC12180266,literature_search,
snRNA-seq reference data,Chromium drop-seq (snRNA-seq),,human,Medulloblastoma with extensive nodularity (MBEN) nuclei,Medulloblastoma,,https://www.ncbi.nlm.nih.gov/geo/query/acc.cgi?acc=GSE239854,reused,Comparison of spatial transcriptomics technologies using tumor cryosections,10.1186/s13059-025-03624-4,2025,PMC12180266,literature_search,
Pan-cancer fresh frozen spatial transcriptomics dataset,Visium ST (SpaceRanger),spatial transcriptomics,human,Multiple cancer tissues (20 cancer types),,203,,reused,SMTdb: A Comprehensive Spatial Meta-Transcriptome Resource in Cancer,10.1093/molbev/msaf263,2025,PMC12596269,literature_search,
Colorectal liver metastasis spatial transcriptomics cohort,Visium ST,spatial transcriptomics,human,Liver,Colorectal liver metastasis,,GSE206552,reused,SMTdb: A Comprehensive Spatial Meta-Transcriptome Resource in Cancer,10.1093/molbev/msaf263,2025,PMC12596269,literature_search,
Mouse brain lifespan ageing cohort (coronal sections),MERFISH,spatial transcriptomics,mouse,brain,normal ageing,20,https://doi.org/10.5281/zenodo.13883177,generated,Spatial transcriptomic clocks reveal cell proximity effects in brain ageing,10.1038/s41586-024-08334-8,2024,PMC11798877,literature_search,
Mouse brain lifespan ageing cohort (sagittal sections),MERFISH,spatial transcriptomics,mouse,brain,normal ageing,6,https://doi.org/10.5281/zenodo.13883177,generated,Spatial transcriptomic clocks reveal cell proximity effects in brain ageing,10.1038/s41586-024-08334-8,2024,PMC11798877,literature_search,
Mouse brain exercise intervention dataset [perturbation: voluntary wheel running exercise],MERFISH,spatial transcriptomics,mouse,brain,normal ageing,12,https://doi.org/10.5281/zenodo.13883177,generated,Spatial transcriptomic clocks reveal cell proximity effects in brain ageing,10.1038/s41586-024-08334-8,2024,PMC11798877,literature_search,
"Mouse brain whole-body partial reprogramming dataset [perturbation: cyclic in vivo expression of Yamanaka factors (Oct4, Sox2, Klf4, Myc) via doxycycline]",MERFISH,spatial transcriptomics,mouse,brain,normal ageing,12,https://doi.org/10.5281/zenodo.13883177,generated,Spatial transcriptomic clocks reveal cell proximity effects in brain ageing,10.1038/s41586-024-08334-8,2024,PMC11798877,literature_search,
Mouse brain LPS injection dataset [perturbation: lipopolysaccharide (LPS) injection],MERFISH,spatial transcriptomics,mouse,brain,lipopolysaccharide-induced systemic inflammation,,https://cellxgene.cziscience.com/collections/31937775-0602-4e52-a799-b6acdd2bac2e,reused,Spatial transcriptomic clocks reveal cell proximity effects in brain ageing,10.1038/s41586-024-08334-8,2024,PMC11798877,literature_search,
Mouse brain Alzheimer's disease model dataset (TauPS2APP) [perturbation: TauPS2APP transgene],STARmap PLUS,spatial transcriptomics,mouse,brain,Alzheimer's disease,,https://singlecell.broadinstitute.org/single_cell/study/SCP1375,reused,Spatial transcriptomic clocks reveal cell proximity effects in brain ageing,10.1038/s41586-024-08334-8,2024,PMC11798877,literature_search,
Mouse brain global demyelination EAE dataset [perturbation: experimental autoimmune encephalomyelitis (EAE) via injection of myelin oligodendrocyte glycoprotein],in situ sequencing,,mouse,brain,multiple sclerosis (experimental autoimmune encephalomyelitis),,https://zenodo.org/records/8037425,reused,Spatial transcriptomic clocks reveal cell proximity effects in brain ageing,10.1038/s41586-024-08334-8,2024,PMC11798877,literature_search,
Mouse brain localized demyelination injury dataset [perturbation: stereotactic injection of lysophosphatidylcholine],MERFISH,spatial transcriptomics,mouse,brain,localized demyelination injury,,GSE202638,reused,Spatial transcriptomic clocks reveal cell proximity effects in brain ageing,10.1038/s41586-024-08334-8,2024,PMC11798877,literature_search,
clinical prostate cancer tissue sections,Spatial Transcriptomics,spatial transcriptomics,human,prostate cancer tissue sections,prostate cancer,12,,reused,Fusion transcript detection using spatial transcriptomics,10.1186/s12920-020-00738-5,2020,PMC7437936,literature_search,
"SAHA Gastrointestinal and Immune Spatial Reference Atlas (CosMx RNA/Protein, Xenium, RNAscope, GeoMx DSP)","CosMx SMI, 10x Xenium, RNAscope, GeoMx DSP",spatial transcriptomics,human,"Stomach, liver, pancreas, small intestine (ileum), large intestine (descending colon, appendix), bone marrow, lymph nodes, peripheral blood mononuclear cells (PBMCs)",Healthy,100,https://zenodo.org/communities/saha,generated,The Spatial Atlas of Human Anatomy (SAHA): A Multimodal Subcellular-Resolution Reference Across Human Organs,10.1101/2025.06.16.658716,2025,bio_4da8a7a57fe3,literature_search,
SAHA Colorectal Cancer Spatial Transcriptomics Cohort,CosMx,spatial transcriptomics,human,Colorectal cancer tissue and tumor-adjacent crypts,Colorectal Cancer (CRC),,https://zenodo.org/communities/saha,generated,The Spatial Atlas of Human Anatomy (SAHA): A Multimodal Subcellular-Resolution Reference Across Human Organs,10.1101/2025.06.16.658716,2025,bio_4da8a7a57fe3,literature_search,
SAHA Inflammatory Bowel Disease Ileum Cohort,CosMx,spatial transcriptomics,human,Ileum,Inflammatory Bowel Disease (IBD),,https://zenodo.org/communities/saha,generated,The Spatial Atlas of Human Anatomy (SAHA): A Multimodal Subcellular-Resolution Reference Across Human Organs,10.1101/2025.06.16.658716,2025,bio_4da8a7a57fe3,literature_search,
