dataset_id,dataset_name,platform,tissue,candidate_accession,found_in,n_candidates_in_paper,source_doi,paperclip_doc,current_access_link
ou2022_stereo,Stereo-seq human cervical squamous cell carcinoma dataset,Stereo-seq,cervical squamous cell carcinoma,CNP0002535,body,3,10.1002/advs.202203040,PMC9561780,
ou2022_stereo,Stereo-seq human cervical squamous cell carcinoma dataset,Stereo-seq,cervical squamous cell carcinoma,CNP0002543,body,3,10.1002/advs.202203040,PMC9561780,
ou2022_stereo,Stereo-seq human cervical squamous cell carcinoma dataset,Stereo-seq,cervical squamous cell carcinoma,GSE63514,body,3,10.1002/advs.202203040,PMC9561780,
primary_tumor_an2024_visium,Primary tumor and para-carcinoma spatial transcriptomics dataset,Visium,Papillary thyroid carcinoma and para-carcinoma tissues,HRA003726,body,1,10.1002/advs.202404491,PMC11727256,HRA003726
wang2025_spatial_tran,Rice leaf Magnaporthe oryzae infection spatial map,Spatial transcriptomics,leaf,PRJNA1121079,body,3,10.1002/advs.202416846,PMC12097076,
wang2025_spatial_tran,Rice leaf Magnaporthe oryzae infection spatial map,Spatial transcriptomics,leaf,PRJNA1150774,body,3,10.1002/advs.202416846,PMC12097076,
wang2025_spatial_tran,Rice leaf Magnaporthe oryzae infection spatial map,Spatial transcriptomics,leaf,PRJNA661210,body,3,10.1002/advs.202416846,PMC12097076,
stereo_seq_spati2022_stereo,"Stereo-seq spatial transcriptomics dataset of human lung cancer, para-cancer, and normal tissues",Stereo-seq,lung,CNP0002374,body,1,10.1002/ctm2.669,PMC8792118,CNP0002374
andrews2022_spatial_tran,Healthy human liver spatial RNA-seq,Spatial Transcriptomics,liver,GSE185477,body,2,10.1002/hep4.1854,PMC8948611,
andrews2022_spatial_tran,Healthy human liver spatial RNA-seq,Spatial Transcriptomics,liver,figshare.com/projects/Human_Liver_SC_vs_SN_paper/98981,body,2,10.1002/hep4.1854,PMC8948611,
nguyen2020_snrnaseq,AD snRNA-seq dataset,snRNA-seq,middle frontal neocortex,GSE118257,body,1,10.1007/s00401-020-02200-3,PMC7520051,
li2022_unknown_2,spatial transcriptomics data from a recent clinical trial of neoadjuvant immunotherapies for pancreatic ductal adenocarcinoma (PDAC),,pancreatic ductal adenocarcinoma,10.5281/zenodo.1185418,body,2,10.1016/j.ccell.2022.10.001,PMC9669212,
li2022_unknown_2,spatial transcriptomics data from a recent clinical trial of neoadjuvant immunotherapies for pancreatic ductal adenocarcinoma (PDAC),,pancreatic ductal adenocarcinoma,10.5281/zenodo.3367200,body,2,10.1016/j.ccell.2022.10.001,PMC9669212,
boersma2020_seqfish,seqFISH cell culture dataset,seqFISH,cell culture,10.17632/9sxbk6cvn9.1,body,2,10.1016/j.cell.2020.10.019,PMC7664544,
boersma2020_seqfish,seqFISH cell culture dataset,seqFISH,cell culture,GSE159280,body,2,10.1016/j.cell.2020.10.019,PMC7664544,
fawknercorbett2021_spatial_tran,Human intestinal development dataset,Spatial Transcriptomics,intestine,10.17632/gncg57p5x9.2,body,6,10.1016/j.cell.2020.12.016,PMC7864098,
fawknercorbett2021_spatial_tran,Human intestinal development dataset,Spatial Transcriptomics,intestine,GSE114374,body,6,10.1016/j.cell.2020.12.016,PMC7864098,
fawknercorbett2021_spatial_tran,Human intestinal development dataset,Spatial Transcriptomics,intestine,GSE116222,body,6,10.1016/j.cell.2020.12.016,PMC7864098,
fawknercorbett2021_spatial_tran,Human intestinal development dataset,Spatial Transcriptomics,intestine,GSE125970,body,6,10.1016/j.cell.2020.12.016,PMC7864098,
fawknercorbett2021_spatial_tran,Human intestinal development dataset,Spatial Transcriptomics,intestine,GSE158328,body,6,10.1016/j.cell.2020.12.016,PMC7864098,
fawknercorbett2021_spatial_tran,Human intestinal development dataset,Spatial Transcriptomics,intestine,GSE158702,body,6,10.1016/j.cell.2020.12.016,PMC7864098,
guilliams2022_spatial_tran,Hepatic macrophage niches spatial dataset,Spatial Transcriptomics,liver,GSE192742,body,1,10.1016/j.cell.2021.12.018,PMC8809252,
guilliams2022_visium,10x Visium with highly multiplexed protein data and CITE-seq data of mouse liver,10X Visium,liver,GSE192742,body,1,10.1016/j.cell.2021.12.018,PMC8809252,Scott Lab & Guilliams Lab Liver Cell Atlas Mouse-StSt
binan2025_perturbfish,Human melanoma (Perturb-FISH),Perturb-FISH,melanoma,zenodo.org/records/3758540,body,1,10.1016/j.cell.2025.02.012,PMC12135205,
sathyamurthy2018_dropseq,Sathyamurthy dataset,DropSeq,postnatal mouse spinal cord,GSE103892,body,1,10.1016/j.celrep.2018.02.003,PMC5849084,GSE103892
tepe2018_10x_chromium,Mouse olfactory bulb scRNA-seq dataset,10x Chromium,Olfactory bulb,GSE121891,body,1,10.1016/j.celrep.2018.11.034,PMC6342206,
tepe2018_visium,Mouse olfactory bulb by Visium,Visium,olfactory bulb,GSE121891,body,1,10.1016/j.celrep.2018.11.034,PMC6342206,https://www.10xgenomics.com/resources/datasets/adult-mouse-olfactory-bulb-1-standard-1
slide_seq_datase2021_slideseq,Slide-seq dataset of diabetic (ob/ob) mouse testis,Slide-seq,testis,PRJNA668433,body,1,10.1016/j.celrep.2021.109915,PMC8606188,PRJNA668433
hickey2023_codex_2,CODEX melanoma spatial proteomics dataset,CODEX,melanoma / tumor tissue,10.5061/dryad.k0p2ngfcc,body,1,10.1016/j.celrep.2023.113494,PMC10765317,https://datadryad.org/dataset/doi:10.5061/dryad.k0p2ngfcc
ke2025_spatial_tran,Wheat root atlas,Spatial transcriptomics,root,10.5281/zenodo.14524519,body,7,10.1016/j.celrep.2025.115240,PMC11860762,
ke2025_spatial_tran,Wheat root atlas,Spatial transcriptomics,root,10.5281/zenodo.14524587,body,7,10.1016/j.celrep.2025.115240,PMC11860762,
ke2025_spatial_tran,Wheat root atlas,Spatial transcriptomics,root,GSE141730,body,7,10.1016/j.celrep.2025.115240,PMC11860762,
ke2025_spatial_tran,Wheat root atlas,Spatial transcriptomics,root,GSE146035,body,7,10.1016/j.celrep.2025.115240,PMC11860762,
ke2025_spatial_tran,Wheat root atlas,Spatial transcriptomics,root,GSE172302,body,7,10.1016/j.celrep.2025.115240,PMC11860762,
ke2025_spatial_tran,Wheat root atlas,Spatial transcriptomics,root,GSE270342,body,7,10.1016/j.celrep.2025.115240,PMC11860762,
ke2025_spatial_tran,Wheat root atlas,Spatial transcriptomics,root,GSE271725,body,7,10.1016/j.celrep.2025.115240,PMC11860762,
joost2016_fish,follicle spatial imaging data,FISH,hair follicle,GSE67602,body,1,10.1016/j.cels.2016.08.010,PMC5052454,
whole_spinal_cor2021_slide_scanni,"Whole spinal cord histological, immunohistochemical, and viral tracing image datasets (ChAT, IB4, AAV-tdTomato CST, VAChT/Foxp1:tdTomato)",Slide scanning microscope (Nikon AZ100 Multizoom),spinal cord,10.17632/6hf6tt3xwj.1,body,3,10.1016/j.crmeth.2021.100074,PMC8516137,https://doi.org/10.17632/6hf6tt3xwj.1
whole_spinal_cor2021_slide_scanni,"Whole spinal cord histological, immunohistochemical, and viral tracing image datasets (ChAT, IB4, AAV-tdTomato CST, VAChT/Foxp1:tdTomato)",Slide scanning microscope (Nikon AZ100 Multizoom),spinal cord,10.17632/6hf6tt3xwj.1](https://doi.org/10.17632/6hf6tt3xwj.1,body,3,10.1016/j.crmeth.2021.100074,PMC8516137,https://doi.org/10.17632/6hf6tt3xwj.1
whole_spinal_cor2021_slide_scanni,"Whole spinal cord histological, immunohistochemical, and viral tracing image datasets (ChAT, IB4, AAV-tdTomato CST, VAChT/Foxp1:tdTomato)",Slide scanning microscope (Nikon AZ100 Multizoom),spinal cord,10.5281/zenodo.5177185,body,3,10.1016/j.crmeth.2021.100074,PMC8516137,https://doi.org/10.17632/6hf6tt3xwj.1
spatial_sorting_2021_qexactive_or,Spatial sorting L-EC label free proteomic data,QExactive Orbitrap HF-X,Liver,GSE108561,body,7,10.1016/j.devcel.2021.05.001,PMC8191494,PRIDE: PXD020760
spatial_sorting_2021_qexactive_or,Spatial sorting L-EC label free proteomic data,QExactive Orbitrap HF-X,Liver,GSE129516,body,7,10.1016/j.devcel.2021.05.001,PMC8191494,PRIDE: PXD020760
spatial_sorting_2021_qexactive_or,Spatial sorting L-EC label free proteomic data,QExactive Orbitrap HF-X,Liver,GSE137720,body,7,10.1016/j.devcel.2021.05.001,PMC8191494,PRIDE: PXD020760
spatial_sorting_2021_qexactive_or,Spatial sorting L-EC label free proteomic data,QExactive Orbitrap HF-X,Liver,GSE155797,body,7,10.1016/j.devcel.2021.05.001,PMC8191494,PRIDE: PXD020760
spatial_sorting_2021_qexactive_or,Spatial sorting L-EC label free proteomic data,QExactive Orbitrap HF-X,Liver,GSE84498,body,7,10.1016/j.devcel.2021.05.001,PMC8191494,PRIDE: PXD020760
spatial_sorting_2021_qexactive_or,Spatial sorting L-EC label free proteomic data,QExactive Orbitrap HF-X,Liver,PXD020760,body,7,10.1016/j.devcel.2021.05.001,PMC8191494,PRIDE: PXD020760
spatial_sorting_2021_qexactive_or,Spatial sorting L-EC label free proteomic data,QExactive Orbitrap HF-X,Liver,PXD020805,body,7,10.1016/j.devcel.2021.05.001,PMC8191494,PRIDE: PXD020760
akeret2022_spatial_tran,Mouse brain heme injection spatial transcriptome,Spatial Transcriptomics,brain,10.5281/zenodo.5638720,body,2,10.1016/j.dib.2022.107866,PMC8814302,
akeret2022_unknown,Coronal Mouse Brain Dataset,,coronal mouse brain,10.5281/zenodo.5638720,body,2,10.1016/j.dib.2022.107866,PMC8814302,
akeret2022_spatial_tran,Mouse brain heme injection spatial transcriptome,Spatial Transcriptomics,brain,GSE182127,body,2,10.1016/j.dib.2022.107866,PMC8814302,
akeret2022_unknown,Coronal Mouse Brain Dataset,,coronal mouse brain,GSE182127,body,2,10.1016/j.dib.2022.107866,PMC8814302,
zhang2023_stereo,Colorectal cancer Stereo-seq data P19 and P36,Stereo-seq,colorectal,CNP0002432,body,1,10.1016/j.fmre.2022.01.036,PMC11197706,CNP0002432
sanders2022_visium,small cell ovarian carcinoma of the ovary hypercalcemic type (SCCOHT) data,Visium,Ovary,GSE213699,body,1,10.1016/j.gore.2022.101077,PMC9554814,
breast_cancer_bl2022_visium,Breast cancer block A section 1 (10x Genomics),Visium,Breast cancer,HRA000437,body,1,10.1016/j.gpb.2022.11.012,PMC10025771,https://www.10xgenomics.com/resources/datasets
human_reference_2022_visium,Human Reference RNA Dataset,10x Genomics Visium Spatial Gene Expression assay / NextSeq2000,Universal human reference RNA,10.17632/3ngy9xvfwx.1,body,2,10.1016/j.heliyon.2022.e09651,PMC9213715,PRJNA775889
human_reference_2022_visium,Human Reference RNA Dataset,10x Genomics Visium Spatial Gene Expression assay / NextSeq2000,Universal human reference RNA,PRJNA775889,body,2,10.1016/j.heliyon.2022.e09651,PMC9213715,PRJNA775889
visium_spatial_g2024_visium_3,Visium Spatial Gene Expression dataset of human tonsils,10x Genomics Visium,palatine tonsil,10.5281/zenodo.10373041,body,6,10.1016/j.immuni.2024.01.006,PMC10869140,ArrayExpress: E-MTAB-13687
visium_spatial_g2024_visium_3,Visium Spatial Gene Expression dataset of human tonsils,10x Genomics Visium,palatine tonsil,10.5281/zenodo.8373756,body,6,10.1016/j.immuni.2024.01.006,PMC10869140,ArrayExpress: E-MTAB-13687
visium_spatial_g2024_visium_3,Visium Spatial Gene Expression dataset of human tonsils,10x Genomics Visium,palatine tonsil,10.6084/m9.figshare.24885063,body,6,10.1016/j.immuni.2024.01.006,PMC10869140,ArrayExpress: E-MTAB-13687
visium_spatial_g2024_visium_3,Visium Spatial Gene Expression dataset of human tonsils,10x Genomics Visium,palatine tonsil,E-MTAB-13687,body,6,10.1016/j.immuni.2024.01.006,PMC10869140,ArrayExpress: E-MTAB-13687
visium_spatial_g2024_visium_3,Visium Spatial Gene Expression dataset of human tonsils,10x Genomics Visium,palatine tonsil,GSE58597,body,6,10.1016/j.immuni.2024.01.006,PMC10869140,ArrayExpress: E-MTAB-13687
visium_spatial_g2024_visium_3,Visium Spatial Gene Expression dataset of human tonsils,10x Genomics Visium,palatine tonsil,figshare.com/articles/book/GLOSSARY_TONSIL_ATLAS_pdf/24885063,body,6,10.1016/j.immuni.2024.01.006,PMC10869140,ArrayExpress: E-MTAB-13687
navarro2020_spatial_tran,Alzheimer disease mouse brain mitochondrial stress dataset,Spatial Transcriptomics,brain,10.17632/6s959w2zyr.1,body,2,10.1016/j.isci.2020.101556,PMC7522123,https://doi.org/10.17632/6s959w2zyr.1y
navarro2020_visium,"Navarro et al., Visium, Brain",Visium,,10.17632/6s959w2zyr.1,body,2,10.1016/j.isci.2020.101556,PMC7522123,https://10.17632/6s959w2zyr.1
navarro2020_st,Hippocampus 1,ST,Brain (Nervous Tissue),10.17632/6s959w2zyr.1,body,2,10.1016/j.isci.2020.101556,PMC7522123,https://data.mendeley.com/datasets/6s959w2zyr/1
navarro2020_spatial_tran,Alzheimer disease mouse brain mitochondrial stress dataset,Spatial Transcriptomics,brain,PXD017766,body,2,10.1016/j.isci.2020.101556,PMC7522123,https://doi.org/10.17632/6s959w2zyr.1y
navarro2020_visium,"Navarro et al., Visium, Brain",Visium,,PXD017766,body,2,10.1016/j.isci.2020.101556,PMC7522123,https://10.17632/6s959w2zyr.1
navarro2020_st,Hippocampus 1,ST,Brain (Nervous Tissue),PXD017766,body,2,10.1016/j.isci.2020.101556,PMC7522123,https://data.mendeley.com/datasets/6s959w2zyr/1
stur2022_visium,10x Genomics Visium human HGSC ovarian cancer dataset,10x Genomics Visium,ovarian tumor,EGAD00001005240,body,2,10.1016/j.isci.2022.103923,PMC8891954,
stur2022_visium,10x Genomics Visium human HGSC ovarian cancer dataset,10x Genomics Visium,ovarian tumor,GSE189843,body,2,10.1016/j.isci.2022.103923,PMC8891954,
marshall2022_slideseq,Slide-seqV2 human and mouse kidney dataset,Slide-seqV2,Kidney,10.5281/zenodo.6338100,body,3,10.1016/j.isci.2022.104097,PMC8971939,https://cellxgene.cziscience.com/collections/8e880741-bf9a-4c8e-9227-934204631d2a
marshall2022_slideseq,Slide-seqV2 human and mouse kidney dataset,Slide-seqV2,Kidney,GSE190094,body,3,10.1016/j.isci.2022.104097,PMC8971939,https://cellxgene.cziscience.com/collections/8e880741-bf9a-4c8e-9227-934204631d2a
marshall2022_slideseq,Slide-seqV2 human and mouse kidney dataset,Slide-seqV2,Kidney,cellxgene.cziscience.com/collections/8e880741-bf9a-4c8e-9227-934204631d2a,body,3,10.1016/j.isci.2022.104097,PMC8971939,https://cellxgene.cziscience.com/collections/8e880741-bf9a-4c8e-9227-934204631d2a
de2024_unknown,Spatial transcriptomics dataset of LUAD and LUSC (De Zuani et al.),,Tumor,E-MTAB-13530,body,5,10.1016/j.tranon.2026.102853,PMC13250641,
de2024_unknown,Spatial transcriptomics dataset of LUAD and LUSC (De Zuani et al.),,Tumor,GSE18842,body,5,10.1016/j.tranon.2026.102853,PMC13250641,
de2024_unknown,Spatial transcriptomics dataset of LUAD and LUSC (De Zuani et al.),,Tumor,GSE19804,body,5,10.1016/j.tranon.2026.102853,PMC13250641,
de2024_unknown,Spatial transcriptomics dataset of LUAD and LUSC (De Zuani et al.),,Tumor,GSE1987,body,5,10.1016/j.tranon.2026.102853,PMC13250641,
de2024_unknown,Spatial transcriptomics dataset of LUAD and LUSC (De Zuani et al.),,Tumor,GSE27262,body,5,10.1016/j.tranon.2026.102853,PMC13250641,
linnakuosmanen2024_visium,Linna-Kuosmanen et al. right atrial tissue ST dataset,Visium and Molecular Cartography,human ex vivo right atrial tissue,10.5281/zenodo.10822323,body,1,10.1016/j.xcrm.2024.101556,PMC11148807,
villacampa2021_ovarian_visium,Human ovarian cancer FFPE Visium,10x Visium,ovary,10.17632/xjtv62ncwr.1,body,2,10.1016/j.xgen.2021.100065,PMC9903805,
villacampa2021_ovarian_visium,Human ovarian cancer FFPE Visium,10x Visium,ovary,GSE185715,body,2,10.1016/j.xgen.2021.100065,PMC9903805,
slide_seqv2_spat2025_slideseq,Slide-seqV2 spatial single cell RNA sequencing dataset,Slide-seq V2,coronary artery and aorta,10.17632/bk6wr6dk2k.,body,5,10.1016/j.xgen.2025.101034,PMC12802643,Mendeley Data: 10.17632/bk6wr6dk2k.1
slide_seqv2_spat2025_slideseq,Slide-seqV2 spatial single cell RNA sequencing dataset,Slide-seq V2,coronary artery and aorta,10.17632/bk6wr6dk2k.1.,body,5,10.1016/j.xgen.2025.101034,PMC12802643,Mendeley Data: 10.17632/bk6wr6dk2k.1
slide_seqv2_spat2025_slideseq,Slide-seqV2 spatial single cell RNA sequencing dataset,Slide-seq V2,coronary artery and aorta,GSE35985,body,5,10.1016/j.xgen.2025.101034,PMC12802643,Mendeley Data: 10.17632/bk6wr6dk2k.1
slide_seqv2_spat2025_slideseq,Slide-seqV2 spatial single cell RNA sequencing dataset,Slide-seq V2,coronary artery and aorta,GSE69539,body,5,10.1016/j.xgen.2025.101034,PMC12802643,Mendeley Data: 10.17632/bk6wr6dk2k.1
slide_seqv2_spat2025_slideseq,Slide-seqV2 spatial single cell RNA sequencing dataset,Slide-seq V2,coronary artery and aorta,phs001672,body,5,10.1016/j.xgen.2025.101034,PMC12802643,Mendeley Data: 10.17632/bk6wr6dk2k.1
spinalj_example_2021_unknown,SpinalJ example dataset: processed files,,spinal cord,10.5281/zenodo.5177185,body,10,10.1016/j.xpro.2021.100897,PMC8605391,https://data.mendeley.com/datasets/43ky5by55m/1
spinalj_example_2021_unknown,SpinalJ example dataset: processed files,,spinal cord,data.mendeley.com/datasets/43ky5by55m/1,body,10,10.1016/j.xpro.2021.100897,PMC8605391,https://data.mendeley.com/datasets/43ky5by55m/1
spinalj_example_2021_unknown,SpinalJ example dataset: processed files,,spinal cord,data.mendeley.com/datasets/4hx2cj4j67/1,body,10,10.1016/j.xpro.2021.100897,PMC8605391,https://data.mendeley.com/datasets/43ky5by55m/1
spinalj_example_2021_unknown,SpinalJ example dataset: processed files,,spinal cord,data.mendeley.com/datasets/4rrggzv5d5/1,body,10,10.1016/j.xpro.2021.100897,PMC8605391,https://data.mendeley.com/datasets/43ky5by55m/1
spinalj_example_2021_unknown,SpinalJ example dataset: processed files,,spinal cord,data.mendeley.com/datasets/63m34hg3pt/1,body,10,10.1016/j.xpro.2021.100897,PMC8605391,https://data.mendeley.com/datasets/43ky5by55m/1
spinalj_example_2021_unknown,SpinalJ example dataset: processed files,,spinal cord,data.mendeley.com/datasets/dfyvhrh4cd/1,body,10,10.1016/j.xpro.2021.100897,PMC8605391,https://data.mendeley.com/datasets/43ky5by55m/1
spinalj_example_2021_unknown,SpinalJ example dataset: processed files,,spinal cord,data.mendeley.com/datasets/dsn9kggdpx/1,body,10,10.1016/j.xpro.2021.100897,PMC8605391,https://data.mendeley.com/datasets/43ky5by55m/1
spinalj_example_2021_unknown,SpinalJ example dataset: processed files,,spinal cord,data.mendeley.com/datasets/mkc37w4rrv/1,body,10,10.1016/j.xpro.2021.100897,PMC8605391,https://data.mendeley.com/datasets/43ky5by55m/1
spinalj_example_2021_unknown,SpinalJ example dataset: processed files,,spinal cord,data.mendeley.com/datasets/mrbjz83xf6/1,body,10,10.1016/j.xpro.2021.100897,PMC8605391,https://data.mendeley.com/datasets/43ky5by55m/1
spinalj_example_2021_unknown,SpinalJ example dataset: processed files,,spinal cord,data.mendeley.com/datasets/xdj4kxkvnp/1,body,10,10.1016/j.xpro.2021.100897,PMC8605391,https://data.mendeley.com/datasets/43ky5by55m/1
macsima_imaging_2025_st,MACSima imaging data and mass spectrometry proteomics data,MACSima and timsTOF SCP,Tonsil cancer,10.17632/5bnrpkwkx9.1,body,3,10.1016/j.xpro.2025.103901,PMC12221282,PRIDE: PXD057118; BioImage Archive: S-BIAD1116
macsima_imaging_2025_st,MACSima imaging data and mass spectrometry proteomics data,MACSima and timsTOF SCP,Tonsil cancer,PXD057118,body,3,10.1016/j.xpro.2025.103901,PMC12221282,PRIDE: PXD057118; BioImage Archive: S-BIAD1116
macsima_imaging_2025_st,MACSima imaging data and mass spectrometry proteomics data,MACSima and timsTOF SCP,Tonsil cancer,S-BIAD1116,body,3,10.1016/j.xpro.2025.103901,PMC12221282,PRIDE: PXD057118; BioImage Archive: S-BIAD1116
rodrguezpieiro2012_spatial_prot,rodriguez2012r1,Spatial proteomics,Inducible goblet-like LS174T cells,SRP75,body,1,10.1021/pr2010988,PMC3292267,
zhu2018_seqfish,Mouse visual cortex seqFISH dataset,seqFISH,visual cortex,GSE71585,body,1,10.1038/nbt.4260,PMC6488461,https://bitbucket.org/qzhu/smfish-hmrf/src/master/
cebola2015_rnaseq,Human embryonic pancreatic progenitor RNA-seq,RNA-seq,pancreas,E-MTAB-3061,body,1,10.1038/ncb3160,PMC4434585,E-MTAB-3061
nichterwitz2016_lcmseq,LCM-seq dataset 1,LCM-seq,,GSE52564,body,2,10.1038/ncomms12139,PMC4941116,
nichterwitz2016_lcmseq,LCM-seq dataset 1,LCM-seq,,GSE76514,body,2,10.1038/ncomms12139,PMC4941116,
christoforou2016_hyper_lopit,mouse pluripotent embryonic stem cells (Christoforou et al.),hyper LOPIT (TMT 10-plex),pluripotent embryonic stem cells (E14TG2a),PXD001279,body,1,10.1038/ncomms9992,PMC4729960,
christoforou2016_quantitative,hyperLOPIT dataset,"quantitative mass spectrometry / hyperLOPIT (TMT 10-plex, SPS-MS3)",pluripotent embryonic stem cells (E14TG2a),PXD001279,body,1,10.1038/ncomms9992,PMC4729960,
christoforou2016_mass_spectro,Mouse pluripotent stem cell dataset,mass spectrometry (hyper-LOPIT),Pluripotent stem cells,PXD001279,body,1,10.1038/ncomms9992,PMC4729960,
tasic2016_visium,Mouse brain sagittal data (anterior + posterior),10X Visium,brain,GSE71585,body,4,10.1038/nn.4216,PMC4985242,https://www.10xgenomics.com/cn/resources/datasets/mouse-brain-serial-section-1-sagittal-anterior-1-standard-1-0-0
tasic2016_smartseq2,Adult mouse cortex scRNA-seq dataset,Smart-seq2,cortex,GSE71585,body,4,10.1038/nn.4216,PMC4985242,
tasic2016_scrnaseq,VISp scRNA-seq,scRNA-seq,Primary visual cortex,GSE71585,body,4,10.1038/nn.4216,PMC4985242,GSE115746
tasic2016_visium,Mouse brain sagittal data (anterior + posterior),10X Visium,brain,GSM1839192,body,4,10.1038/nn.4216,PMC4985242,https://www.10xgenomics.com/cn/resources/datasets/mouse-brain-serial-section-1-sagittal-anterior-1-standard-1-0-0
tasic2016_smartseq2,Adult mouse cortex scRNA-seq dataset,Smart-seq2,cortex,GSM1839192,body,4,10.1038/nn.4216,PMC4985242,
tasic2016_scrnaseq,VISp scRNA-seq,scRNA-seq,Primary visual cortex,GSM1839192,body,4,10.1038/nn.4216,PMC4985242,GSE115746
tasic2016_visium,Mouse brain sagittal data (anterior + posterior),10X Visium,brain,GSM1839193,body,4,10.1038/nn.4216,PMC4985242,https://www.10xgenomics.com/cn/resources/datasets/mouse-brain-serial-section-1-sagittal-anterior-1-standard-1-0-0
tasic2016_smartseq2,Adult mouse cortex scRNA-seq dataset,Smart-seq2,cortex,GSM1839193,body,4,10.1038/nn.4216,PMC4985242,
tasic2016_scrnaseq,VISp scRNA-seq,scRNA-seq,Primary visual cortex,GSM1839193,body,4,10.1038/nn.4216,PMC4985242,GSE115746
tasic2016_visium,Mouse brain sagittal data (anterior + posterior),10X Visium,brain,GSM1839194,body,4,10.1038/nn.4216,PMC4985242,https://www.10xgenomics.com/cn/resources/datasets/mouse-brain-serial-section-1-sagittal-anterior-1-standard-1-0-0
tasic2016_smartseq2,Adult mouse cortex scRNA-seq dataset,Smart-seq2,cortex,GSM1839194,body,4,10.1038/nn.4216,PMC4985242,
tasic2016_scrnaseq,VISp scRNA-seq,scRNA-seq,Primary visual cortex,GSM1839194,body,4,10.1038/nn.4216,PMC4985242,GSE115746
visium_spatial_g2023_visium_3,Visium Spatial Gene Expression dataset,Visium Spatial Gene Expression system (10x Genomics),mineralized adult long bone (femur),GSE128423,body,9,10.1038/s41413-023-00298-1,PMC10625929,
visium_spatial_g2023_visium_3,Visium Spatial Gene Expression dataset,Visium Spatial Gene Expression system (10x Genomics),mineralized adult long bone (femur),GSE145477,body,9,10.1038/s41413-023-00298-1,PMC10625929,
visium_spatial_g2023_visium_3,Visium Spatial Gene Expression dataset,Visium Spatial Gene Expression system (10x Genomics),mineralized adult long bone (femur),GSM3674243,body,9,10.1038/s41413-023-00298-1,PMC10625929,
visium_spatial_g2023_visium_3,Visium Spatial Gene Expression dataset,Visium Spatial Gene Expression system (10x Genomics),mineralized adult long bone (femur),GSM3674244,body,9,10.1038/s41413-023-00298-1,PMC10625929,
visium_spatial_g2023_visium_3,Visium Spatial Gene Expression dataset,Visium Spatial Gene Expression system (10x Genomics),mineralized adult long bone (femur),GSM3674245,body,9,10.1038/s41413-023-00298-1,PMC10625929,
visium_spatial_g2023_visium_3,Visium Spatial Gene Expression dataset,Visium Spatial Gene Expression system (10x Genomics),mineralized adult long bone (femur),GSM3674246,body,9,10.1038/s41413-023-00298-1,PMC10625929,
visium_spatial_g2023_visium_3,Visium Spatial Gene Expression dataset,Visium Spatial Gene Expression system (10x Genomics),mineralized adult long bone (femur),GSM4318799,body,9,10.1038/s41413-023-00298-1,PMC10625929,
visium_spatial_g2023_visium_3,Visium Spatial Gene Expression dataset,Visium Spatial Gene Expression system (10x Genomics),mineralized adult long bone (femur),GSM4318800,body,9,10.1038/s41413-023-00298-1,PMC10625929,
visium_spatial_g2023_visium_3,Visium Spatial Gene Expression dataset,Visium Spatial Gene Expression system (10x Genomics),mineralized adult long bone (femur),GSM4318801,body,9,10.1038/s41413-023-00298-1,PMC10625929,
hallal2024_visium,Human Glioblastoma,10x Visium,glioblastoma,PXD046511,body,1,10.1038/s41416-023-02548-9,PMC10912426,https://support.10xgenomics.com/spatial-gene-expression/datasets
mouse_placentati2024_stereo,Mouse Placentation Spatiotemporal Transcriptomic Atlas (MPSTA),Stereo-seq,Uterine segments / placenta,GSE156125,body,1,10.1038/s41421-024-00740-6,PMC11496649,https://db.cngb.org/stomics/mpsta/
berglund2018_unknown,prostate cancer dataset,,prostate cancer,EGAS0000100300,body,1,10.1038/s41467-018-04724-5,PMC6010471,
berglund2018_spatial_tran,spatial transcriptomics prostate cancer data,Spatial Transcriptomics,prostate,EGAS0000100300,body,1,10.1038/s41467-018-04724-5,PMC6010471,https://www.spatialresearch.org/resources-published-datasets/
berglund2018_st,Human prostate cancer slice,Legacy ST,Prostate cancer,EGAS0000100300,body,1,10.1038/s41467-018-04724-5,PMC6010471,
lake2019_snrnaseq,human kidney snRNAseq dataset,snRNAseq,kidney,GSE107585,body,3,10.1038/s41467-019-10861-2,PMC6597610,
lake2019_snrnaseq,human kidney snRNAseq dataset,snRNAseq,kidney,GSE109564,body,3,10.1038/s41467-019-10861-2,PMC6597610,
lake2019_snrnaseq,human kidney snRNAseq dataset,snRNAseq,kidney,GSE114156,body,3,10.1038/s41467-019-10861-2,PMC6597610,
mantri2021_spatial_tran,Developing chicken heart dataset,Spatial Transcriptomics,heart,10.5281/zenodo.4517120,body,1,10.1038/s41467-021-21892-z,PMC7979764,
mantri2021_unknown,Day 14 Chicken Heart dataset,,heart,10.5281/zenodo.4517120,body,1,10.1038/s41467-021-21892-z,PMC7979764,
sanchezferras2021_spatial_tran,Urinary tract development dataset,Spatial Transcriptomics,kidney,GSE143806,body,3,10.1038/s41467-021-22931-5,PMC8113267,
sanchezferras2021_spatial_tran,Urinary tract development dataset,Spatial Transcriptomics,kidney,GSE160136,body,3,10.1038/s41467-021-22931-5,PMC8113267,
sanchezferras2021_spatial_tran,Urinary tract development dataset,Spatial Transcriptomics,kidney,GSE160137,body,3,10.1038/s41467-021-22931-5,PMC8113267,
gouin2021_spatial_tran,Bladder cancer spatial transcriptomics,Spatial Transcriptomics,bladder,10.5281/zenodo.4002777,body,10,10.1038/s41467-021-25103-7,PMC8361097,
gouin2021_unknown,Gouin2021 datasets,,Bladder cancer,10.5281/zenodo.4002777,body,10,10.1038/s41467-021-25103-7,PMC8361097,
gouin2021_spatial_tran,Bladder cancer spatial transcriptomics,Spatial Transcriptomics,bladder,GSE124305,body,10,10.1038/s41467-021-25103-7,PMC8361097,
gouin2021_unknown,Gouin2021 datasets,,Bladder cancer,GSE124305,body,10,10.1038/s41467-021-25103-7,PMC8361097,
gouin2021_spatial_tran,Bladder cancer spatial transcriptomics,Spatial Transcriptomics,bladder,GSE169379,body,10,10.1038/s41467-021-25103-7,PMC8361097,
gouin2021_unknown,Gouin2021 datasets,,Bladder cancer,GSE169379,body,10,10.1038/s41467-021-25103-7,PMC8361097,
gouin2021_spatial_tran,Bladder cancer spatial transcriptomics,Spatial Transcriptomics,bladder,GSE171351,body,10,10.1038/s41467-021-25103-7,PMC8361097,
gouin2021_unknown,Gouin2021 datasets,,Bladder cancer,GSE171351,body,10,10.1038/s41467-021-25103-7,PMC8361097,
gouin2021_spatial_tran,Bladder cancer spatial transcriptomics,Spatial Transcriptomics,bladder,GSE87304,body,10,10.1038/s41467-021-25103-7,PMC8361097,
gouin2021_unknown,Gouin2021 datasets,,Bladder cancer,GSE87304,body,10,10.1038/s41467-021-25103-7,PMC8361097,
gouin2021_spatial_tran,Bladder cancer spatial transcriptomics,Spatial Transcriptomics,bladder,GSM2470230,body,10,10.1038/s41467-021-25103-7,PMC8361097,
gouin2021_unknown,Gouin2021 datasets,,Bladder cancer,GSM2470230,body,10,10.1038/s41467-021-25103-7,PMC8361097,
gouin2021_spatial_tran,Bladder cancer spatial transcriptomics,Spatial Transcriptomics,bladder,GSM2470246,body,10,10.1038/s41467-021-25103-7,PMC8361097,
gouin2021_unknown,Gouin2021 datasets,,Bladder cancer,GSM2470246,body,10,10.1038/s41467-021-25103-7,PMC8361097,
gouin2021_spatial_tran,Bladder cancer spatial transcriptomics,Spatial Transcriptomics,bladder,GSM2470248,body,10,10.1038/s41467-021-25103-7,PMC8361097,
gouin2021_unknown,Gouin2021 datasets,,Bladder cancer,GSM2470248,body,10,10.1038/s41467-021-25103-7,PMC8361097,
gouin2021_spatial_tran,Bladder cancer spatial transcriptomics,Spatial Transcriptomics,bladder,"figshare.com/s/2005255a8b65de23109f,",body,10,10.1038/s41467-021-25103-7,PMC8361097,
gouin2021_unknown,Gouin2021 datasets,,Bladder cancer,"figshare.com/s/2005255a8b65de23109f,",body,10,10.1038/s41467-021-25103-7,PMC8361097,
gouin2021_spatial_tran,Bladder cancer spatial transcriptomics,Spatial Transcriptomics,bladder,"figshare.com/s/4610a15363c8306dfa36,",body,10,10.1038/s41467-021-25103-7,PMC8361097,
gouin2021_unknown,Gouin2021 datasets,,Bladder cancer,"figshare.com/s/4610a15363c8306dfa36,",body,10,10.1038/s41467-021-25103-7,PMC8361097,
independent_adul2021_10x_genomics,Independent adult lumbar spinal cord single-nucleus dataset (generated in this study),10x Genomics Chromium Single Cell 3' Kit (v3),lumbar spinal cord,E-MTAB-7320,body,14,10.1038/s41467-021-25125-1,PMC8481483,GSE158380
independent_adul2021_10x_genomics,Independent adult lumbar spinal cord single-nucleus dataset (generated in this study),10x Genomics Chromium Single Cell 3' Kit (v3),lumbar spinal cord,GSE103840,body,14,10.1038/s41467-021-25125-1,PMC8481483,GSE158380
independent_adul2021_10x_genomics,Independent adult lumbar spinal cord single-nucleus dataset (generated in this study),10x Genomics Chromium Single Cell 3' Kit (v3),lumbar spinal cord,GSE103892,body,14,10.1038/s41467-021-25125-1,PMC8481483,GSE158380
independent_adul2021_10x_genomics,Independent adult lumbar spinal cord single-nucleus dataset (generated in this study),10x Genomics Chromium Single Cell 3' Kit (v3),lumbar spinal cord,GSE108788,body,14,10.1038/s41467-021-25125-1,PMC8481483,GSE158380
independent_adul2021_10x_genomics,Independent adult lumbar spinal cord single-nucleus dataset (generated in this study),10x Genomics Chromium Single Cell 3' Kit (v3),lumbar spinal cord,GSE110823,body,14,10.1038/s41467-021-25125-1,PMC8481483,GSE158380
independent_adul2021_10x_genomics,Independent adult lumbar spinal cord single-nucleus dataset (generated in this study),10x Genomics Chromium Single Cell 3' Kit (v3),lumbar spinal cord,GSE130312,body,14,10.1038/s41467-021-25125-1,PMC8481483,GSE158380
independent_adul2021_10x_genomics,Independent adult lumbar spinal cord single-nucleus dataset (generated in this study),10x Genomics Chromium Single Cell 3' Kit (v3),lumbar spinal cord,GSE158380,body,14,10.1038/s41467-021-25125-1,PMC8481483,GSE158380
independent_adul2021_10x_genomics,Independent adult lumbar spinal cord single-nucleus dataset (generated in this study),10x Genomics Chromium Single Cell 3' Kit (v3),lumbar spinal cord,GSE161621,body,14,10.1038/s41467-021-25125-1,PMC8481483,GSE158380
independent_adul2021_10x_genomics,Independent adult lumbar spinal cord single-nucleus dataset (generated in this study),10x Genomics Chromium Single Cell 3' Kit (v3),lumbar spinal cord,GSE167597,body,14,10.1038/s41467-021-25125-1,PMC8481483,GSE158380
independent_adul2021_10x_genomics,Independent adult lumbar spinal cord single-nucleus dataset (generated in this study),10x Genomics Chromium Single Cell 3' Kit (v3),lumbar spinal cord,SRP117627,body,14,10.1038/s41467-021-25125-1,PMC8481483,GSE158380
independent_adul2021_10x_genomics,Independent adult lumbar spinal cord single-nucleus dataset (generated in this study),10x Genomics Chromium Single Cell 3' Kit (v3),lumbar spinal cord,SRP117727,body,14,10.1038/s41467-021-25125-1,PMC8481483,GSE158380
independent_adul2021_10x_genomics,Independent adult lumbar spinal cord single-nucleus dataset (generated in this study),10x Genomics Chromium Single Cell 3' Kit (v3),lumbar spinal cord,SRP128071,body,14,10.1038/s41467-021-25125-1,PMC8481483,GSE158380
independent_adul2021_10x_genomics,Independent adult lumbar spinal cord single-nucleus dataset (generated in this study),10x Genomics Chromium Single Cell 3' Kit (v3),lumbar spinal cord,SRP133097,body,14,10.1038/s41467-021-25125-1,PMC8481483,GSE158380
independent_adul2021_10x_genomics,Independent adult lumbar spinal cord single-nucleus dataset (generated in this study),10x Genomics Chromium Single Cell 3' Kit (v3),lumbar spinal cord,SRP135960,body,14,10.1038/s41467-021-25125-1,PMC8481483,GSE158380
andersson2021_unknown,HER2-positive breast tumors,,breast cancer,GSE144240,body,1,10.1038/s41467-021-26271-2,PMC8516894,EGA: EGAD00001008031
andersson2021_visium,"Breast Cancer Dataset (HER2 Breast Cancer samples A3, B3, B6, D1, D2, D3, D5, E1)",Visium,breast tumor,GSE144240,body,1,10.1038/s41467-021-26271-2,PMC8516894,github.com/almaan/her2st
andersson2021_spatial_tran,HER2-positive breast cancer ST data,spatial transcriptomics,breast cancer,GSE144240,body,1,10.1038/s41467-021-26271-2,PMC8516894,http://sdmbench.drai.cn/
andersson2021_10x_genomics,HER2+,10X Genomics,breast cancer,GSE144240,body,1,10.1038/s41467-021-26271-2,PMC8516894,https://github.com/almaan/her2st/
andersson2021_microarray_t,HER2ST,microarray technology,breast cancer,GSE144240,body,1,10.1038/s41467-021-26271-2,PMC8516894,
hunter2021_spatial_tran,Zebrafish tumor-microenvironment dataset,Spatial Transcriptomics,skin,10.5281/zenodo.5512629,body,2,10.1038/s41467-021-26614-z,PMC8560802,
hunter2021_spatial_tran,Zebrafish tumor-microenvironment dataset,Spatial Transcriptomics,skin,GSE174401,body,2,10.1038/s41467-021-26614-z,PMC8560802,
hildebrandt2021_spatial_tran,Mouse liver zonation spatial transcriptomics,Spatial Transcriptomics,liver,10.5281/zenodo.55176001,body,2,10.1038/s41467-021-27354-w,PMC8640072,
spatial_transcri2021_spatial_tran,Spatial Transcriptomics liver sections,Spatial Transcriptomics,liver,10.5281/zenodo.55176001,body,2,10.1038/s41467-021-27354-w,PMC8640072,
hildebrandt2021_spatial_tran,Mouse liver zonation spatial transcriptomics,Spatial Transcriptomics,liver,10.5281/zenodo.5595907,body,2,10.1038/s41467-021-27354-w,PMC8640072,
spatial_transcri2021_spatial_tran,Spatial Transcriptomics liver sections,Spatial Transcriptomics,liver,10.5281/zenodo.5595907,body,2,10.1038/s41467-021-27354-w,PMC8640072,
parigi2022_spatial_tran,Healing mouse intestine spatial dataset,Spatial Transcriptomics,intestine,GSE131032,body,5,10.1038/s41467-022-28497-0,PMC8837647,
parigi2022_spatial_tran,Healing mouse intestine spatial dataset,Spatial Transcriptomics,intestine,GSE158702,body,5,10.1038/s41467-022-28497-0,PMC8837647,
parigi2022_spatial_tran,Healing mouse intestine spatial dataset,Spatial Transcriptomics,intestine,GSE163638,body,5,10.1038/s41467-022-28497-0,PMC8837647,
parigi2022_spatial_tran,Healing mouse intestine spatial dataset,Spatial Transcriptomics,intestine,GSE169749,body,5,10.1038/s41467-022-28497-0,PMC8837647,
parigi2022_spatial_tran,Healing mouse intestine spatial dataset,Spatial Transcriptomics,intestine,GSE190595,body,5,10.1038/s41467-022-28497-0,PMC8837647,
qi2022_visium,CRC dataset (CRC-2),10x Visium,Colorectum,GSE13294,body,12,10.1038/s41467-022-29366-6,PMC8976074,
qi2022_visium,CRC dataset (CRC-2),10x Visium,Colorectum,GSE14333,body,12,10.1038/s41467-022-29366-6,PMC8976074,
qi2022_visium,CRC dataset (CRC-2),10x Visium,Colorectum,GSE17536,body,12,10.1038/s41467-022-29366-6,PMC8976074,
qi2022_visium,CRC dataset (CRC-2),10x Visium,Colorectum,GSE17537,body,12,10.1038/s41467-022-29366-6,PMC8976074,
qi2022_visium,CRC dataset (CRC-2),10x Visium,Colorectum,GSE18105,body,12,10.1038/s41467-022-29366-6,PMC8976074,
qi2022_visium,CRC dataset (CRC-2),10x Visium,Colorectum,GSE20916,body,12,10.1038/s41467-022-29366-6,PMC8976074,
qi2022_visium,CRC dataset (CRC-2),10x Visium,Colorectum,GSE21510,body,12,10.1038/s41467-022-29366-6,PMC8976074,
qi2022_visium,CRC dataset (CRC-2),10x Visium,Colorectum,GSE23878,body,12,10.1038/s41467-022-29366-6,PMC8976074,
qi2022_visium,CRC dataset (CRC-2),10x Visium,Colorectum,GSE33113,body,12,10.1038/s41467-022-29366-6,PMC8976074,
qi2022_visium,CRC dataset (CRC-2),10x Visium,Colorectum,GSE37892,body,12,10.1038/s41467-022-29366-6,PMC8976074,
qi2022_visium,CRC dataset (CRC-2),10x Visium,Colorectum,GSE39582,body,12,10.1038/s41467-022-29366-6,PMC8976074,
qi2022_visium,CRC dataset (CRC-2),10x Visium,Colorectum,GSE41568,body,12,10.1038/s41467-022-29366-6,PMC8976074,
dataset_2_lymph_2022_codex,Dataset 2 (lymph node),CODEX,lymph node,10.5281/zenodo.5655737,body,3,10.1038/s41467-022-29667-w,PMC9010440,HBM279.TQRS.775
dataset_2_lymph_2022_codex,Dataset 2 (lymph node),CODEX,lymph node,10.5281/zenodo.5655738,body,3,10.1038/s41467-022-29667-w,PMC9010440,HBM279.TQRS.775
dataset_2_lymph_2022_codex,Dataset 2 (lymph node),CODEX,lymph node,10.5281/zenodo.6228840,body,3,10.1038/s41467-022-29667-w,PMC9010440,HBM279.TQRS.775
stage_3_and_stag2022_10x_chromium,Stage 3 and Stage 4 floral meristem snRNA-seq,10x Chromium Single Cell 3' Reagent Kits v3,Floral meristems,GSE28109,body,4,10.1038/s41467-022-30177-y,PMC9122980,
ap3_and_ag_domai2022_smartseq_v4,AP3- and AG-domain FANS RNA-seq,SMART-Seq v4 Ultra Low Input RNA Kit,AP3 and AG expression domains in floral meristems,GSE28109,body,4,10.1038/s41467-022-30177-y,PMC9122980,
stage_3_and_stag2022_10x_chromium,Stage 3 and Stage 4 floral meristem snRNA-seq,10x Chromium Single Cell 3' Reagent Kits v3,Floral meristems,PRJNA314076,body,4,10.1038/s41467-022-30177-y,PMC9122980,
ap3_and_ag_domai2022_smartseq_v4,AP3- and AG-domain FANS RNA-seq,SMART-Seq v4 Ultra Low Input RNA Kit,AP3 and AG expression domains in floral meristems,PRJNA314076,body,4,10.1038/s41467-022-30177-y,PMC9122980,
stage_3_and_stag2022_10x_chromium,Stage 3 and Stage 4 floral meristem snRNA-seq,10x Chromium Single Cell 3' Reagent Kits v3,Floral meristems,PRJNA471232,body,4,10.1038/s41467-022-30177-y,PMC9122980,
ap3_and_ag_domai2022_smartseq_v4,AP3- and AG-domain FANS RNA-seq,SMART-Seq v4 Ultra Low Input RNA Kit,AP3 and AG expression domains in floral meristems,PRJNA471232,body,4,10.1038/s41467-022-30177-y,PMC9122980,
stage_3_and_stag2022_10x_chromium,Stage 3 and Stage 4 floral meristem snRNA-seq,10x Chromium Single Cell 3' Reagent Kits v3,Floral meristems,PRJNA595605,body,4,10.1038/s41467-022-30177-y,PMC9122980,
ap3_and_ag_domai2022_smartseq_v4,AP3- and AG-domain FANS RNA-seq,SMART-Seq v4 Ultra Low Input RNA Kit,AP3 and AG expression domains in floral meristems,PRJNA595605,body,4,10.1038/s41467-022-30177-y,PMC9122980,
jung2022_visium,Spatiotemporal cardiac infarction dataset,10x Visium,Heart,GSE163129,body,2,10.1038/s41467-022-32284-2,PMC9357004,
jung2022_visium,Spatiotemporal cardiac infarction dataset,10x Visium,Heart,GSE165857,body,2,10.1038/s41467-022-32284-2,PMC9357004,
duhamel2022_maldimsi_lc,Glioblastoma patient cohort spatial omics dataset,MALDI-MSI / LC-MS/MS,Glioblastoma,PXD016165,body,1,10.1038/s41467-022-34208-6,PMC9636229,PXD016165
tietscher2023_imc,Breast Cancer IMC Dataset,IMC,breast tumor tissue,zenodo.org/record/3841961,body,1,10.1038/s41467-022-35238-w,PMC9822999,
mouse_brain_hemi2022_stereo,mouse brain hemisphere dataset,Stereo-seq,brain hemisphere,10.5061/dryad.8t8s248,body,7,10.1038/s41467-022-35288-0,PMC9741613,https://db.cngb.org/search/project/CNP0002966/
mouse_brain_hemi2022_stereo,mouse brain hemisphere dataset,Stereo-seq,brain hemisphere,10.5281/zenodo.7315186,body,7,10.1038/s41467-022-35288-0,PMC9741613,https://db.cngb.org/search/project/CNP0002966/
mouse_brain_hemi2022_stereo,mouse brain hemisphere dataset,Stereo-seq,brain hemisphere,10.5281/zenodo.7340795,body,7,10.1038/s41467-022-35288-0,PMC9741613,https://db.cngb.org/search/project/CNP0002966/
mouse_brain_hemi2022_stereo,mouse brain hemisphere dataset,Stereo-seq,brain hemisphere,CNP0002966,body,7,10.1038/s41467-022-35288-0,PMC9741613,https://db.cngb.org/search/project/CNP0002966/
mouse_brain_hemi2022_stereo,mouse brain hemisphere dataset,Stereo-seq,brain hemisphere,GSE112393,body,7,10.1038/s41467-022-35288-0,PMC9741613,https://db.cngb.org/search/project/CNP0002966/
mouse_brain_hemi2022_stereo,mouse brain hemisphere dataset,Stereo-seq,brain hemisphere,GSE113576,body,7,10.1038/s41467-022-35288-0,PMC9741613,https://db.cngb.org/search/project/CNP0002966/
mouse_brain_hemi2022_stereo,mouse brain hemisphere dataset,Stereo-seq,brain hemisphere,SRP135960,body,7,10.1038/s41467-022-35288-0,PMC9741613,https://db.cngb.org/search/project/CNP0002966/
ma2022_masp_microsc,mouse brain coronal spatial proteomics data,MASP (micro-scaffold followed by LC-MS/MS),brain coronal section,10.5281/zenodo.7320146,body,2,10.1038/s41467-022-35367-2,PMC9751300,
ma2022_masp_microsc,mouse brain coronal spatial proteomics data,MASP (micro-scaffold followed by LC-MS/MS),brain coronal section,PXD037041,body,2,10.1038/s41467-022-35367-2,PMC9751300,
mirzazadeh2023_smallintestine_visium,Human small intestine Visium (degraded/challenging FF samples),10x Visium,small intestine,10.5281/zenodo.7524632,body,1,10.1038/s41467-023-36071-5,PMC9889806,
hirz2023_slideseq,Slide-seqV2 human prostate tumor dataset,Slide-seqV2,prostate,E-MTAB-6149,body,9,10.1038/s41467-023-36325-2,PMC9905093,
hirz2023_slideseq,Slide-seqV2 human prostate tumor dataset,Slide-seqV2,prostate,GSE139324,body,9,10.1038/s41467-023-36325-2,PMC9905093,
hirz2023_slideseq,Slide-seqV2 human prostate tumor dataset,Slide-seqV2,prostate,GSE140228,body,9,10.1038/s41467-023-36325-2,PMC9905093,
hirz2023_slideseq,Slide-seqV2 human prostate tumor dataset,Slide-seqV2,prostate,GSE141445,body,9,10.1038/s41467-023-36325-2,PMC9905093,
hirz2023_slideseq,Slide-seqV2 human prostate tumor dataset,Slide-seqV2,prostate,GSE181294,body,9,10.1038/s41467-023-36325-2,PMC9905093,
hirz2023_slideseq,Slide-seqV2 human prostate tumor dataset,Slide-seqV2,prostate,GSE21034,body,9,10.1038/s41467-023-36325-2,PMC9905093,
hirz2023_slideseq,Slide-seqV2 human prostate tumor dataset,Slide-seqV2,prostate,GSE5099,body,9,10.1038/s41467-023-36325-2,PMC9905093,
hirz2023_slideseq,Slide-seqV2 human prostate tumor dataset,Slide-seqV2,prostate,GSE70770,body,9,10.1038/s41467-023-36325-2,PMC9905093,
hirz2023_slideseq,Slide-seqV2 human prostate tumor dataset,Slide-seqV2,prostate,GSE97284,body,9,10.1038/s41467-023-36325-2,PMC9905093,
xun2023_visium,HER2-Amplified Invasive Ductal Carcinoma (IDC),10x Visium,Breast Cancer,10.5281/zenodo.7519134,body,1,10.1038/s41467-023-36560-7,PMC9941488,www.10xgenomics.com/datasets/human-breast-cancer-IDC
ren2023_visium,Ren et al. 2023,10X Visium,malignant gliomas,GSM3828672,body,2,10.1038/s41467-023-36707-6,PMC9950149,
ren2023_visium,Ren et al. 2023,10X Visium,malignant gliomas,singlecell.broadinstitute.org/single_cell,body,2,10.1038/s41467-023-36707-6,PMC9950149,
mouse_breast_can2023_visium,Mouse breast cancer serial sections,10x Visium,mammary fat pad tumor (breast cancer),GSE144136,body,1,10.1038/s41467-023-36796-3,PMC9977836,
xdbit_multi_orga2023_dbit,"xDBiT multi-organ datasets (cerebellum, liver, kidney, spleen, heart)",xDBiT,"Cerebellum, liver, kidney, spleen, heart",10.5281/zenodo.7615402,body,4,10.1038/s41467-023-37111-w,PMC10024691,
xdbit_multi_orga2023_dbit,"xDBiT multi-organ datasets (cerebellum, liver, kidney, spleen, heart)",xDBiT,"Cerebellum, liver, kidney, spleen, heart",GSE137986,body,4,10.1038/s41467-023-37111-w,PMC10024691,
xdbit_multi_orga2023_dbit,"xDBiT multi-organ datasets (cerebellum, liver, kidney, spleen, heart)",xDBiT,"Cerebellum, liver, kidney, spleen, heart",GSM4189612,body,4,10.1038/s41467-023-37111-w,PMC10024691,
xdbit_multi_orga2023_dbit,"xDBiT multi-organ datasets (cerebellum, liver, kidney, spleen, heart)",xDBiT,"Cerebellum, liver, kidney, spleen, heart",GSM4189613,body,4,10.1038/s41467-023-37111-w,PMC10024691,
li2023_stereo,Zebrafish Embryo (ZE),Stereo-seq,Embryo,10.5281/zenodo.7674290,body,1,10.1038/s41467-023-37168-7,PMC10027878,
cui2023_visium,Planarian regeneration dataset,10x Visium,planarian,GSE72389,body,1,10.1038/s41467-023-39016-0,PMC10238425,https://ngdc.cncb.ac.cn/omix/release/OMIX003867
janesick2023_xenium,10x Xenium breast cancer dataset (IDC and ILC) / Human BRCA Xenium dataset,10x Xenium,breast cancer,GSE243280,body,1,10.1038/s41467-023-43458-x,PMC10730913,GSM7780153
janesick2022_visium,Human breast cancer Visium data,Visium,Breast cancer,GSE243280,body,1,10.1038/s41467-023-43458-x,PMC10730913,10.1101/2022.10.06.510405
janesick2022_xenium,Human breast cancer Xenium dataset,Xenium,Ductal carcinoma in situ,GSE243280,body,1,10.1038/s41467-023-43458-x,PMC10730913,https://www.10xgenomics.com/products/xenium-in-situ/preview-dataset-human-breast
janesick2023_xenium_2,human breast cancer,10x Xenium,breast tissue,GSE243280,body,1,10.1038/s41467-023-43458-x,PMC10730913,https://www.bioconductor.org/packages/release/data/experiment/html/SubcellularSpatialData.html
janesick2023_visium_2,Human breast cancer Xenium and Visium dataset,10x Genomics Xenium and Visium,breast cancer,GSE243280,body,1,10.1038/s41467-023-43458-x,PMC10730913,https://www.10xgenomics.com/products/xenium-in-situ/preview-dataset-human-breast
10x_genomics_vis2023_visium,"10x Genomics Visium Spatial Gene Expression demonstration datasets (10 tissues: mouse brain, human brain, mouse kidney, human breast cancer, human heart, human lymph node)",10x Genomics Visium,"Multiple tissues (mouse brain, human brain, mouse kidney, human breast cancer, human heart, human lymph node)",10.5281/zenodo.10063263,body,1,10.1038/s41467-023-44017-0,PMC10719260,https://support.10xgenomics.com/spatial-gene-expression/datasets/
ghasemi2024_rnascope_hip,RNAscope HiPlex,RNAscope HiPlex,Medulloblastoma with extensive nodularity (MBEN),GSE239854,body,3,10.1038/s41467-023-44117-x,PMC10774372,https://www.ebi.ac.uk/biostudies/bioimages/studies/S-BIAD826
ghasemi2024_rnascope_hip,RNAscope HiPlex,RNAscope HiPlex,Medulloblastoma with extensive nodularity (MBEN),S-BIAD825,body,3,10.1038/s41467-023-44117-x,PMC10774372,https://www.ebi.ac.uk/biostudies/bioimages/studies/S-BIAD826
ghasemi2024_rnascope_hip,RNAscope HiPlex,RNAscope HiPlex,Medulloblastoma with extensive nodularity (MBEN),S-BIAD826,body,3,10.1038/s41467-023-44117-x,PMC10774372,https://www.ebi.ac.uk/biostudies/bioimages/studies/S-BIAD826
shaban2024_chl_codex,Classical Hodgkin lymphoma CODEX (>134k annotated cells),CODEX,lymph node,10.17632/mpjzbtfgfr.1,body,4,10.1038/s41467-023-44188-w,PMC10761896,
shaban2024_chl_codex,Classical Hodgkin lymphoma CODEX (>134k annotated cells),CODEX,lymph node,10.5281/zenodo.10067009,body,4,10.1038/s41467-023-44188-w,PMC10761896,
shaban2024_chl_codex,Classical Hodgkin lymphoma CODEX (>134k annotated cells),CODEX,lymph node,10.5281/zenodo.10067742,body,4,10.1038/s41467-023-44188-w,PMC10761896,
shaban2024_chl_codex,Classical Hodgkin lymphoma CODEX (>134k annotated cells),CODEX,lymph node,10.5281/zenodo.4909620,body,4,10.1038/s41467-023-44188-w,PMC10761896,
chu2023_unknown,Spatially resolved transcriptomic profiling dataset from Chu et al.,,kidney,GSE139506,body,4,10.1038/s41467-023-44228-5,PMC10728081,
chu2023_unknown,Spatially resolved transcriptomic profiling dataset from Chu et al.,,kidney,GSE197626,body,4,10.1038/s41467-023-44228-5,PMC10728081,
chu2023_unknown,Spatially resolved transcriptomic profiling dataset from Chu et al.,,kidney,GSE244330,body,4,10.1038/s41467-023-44228-5,PMC10728081,
chu2023_unknown,Spatially resolved transcriptomic profiling dataset from Chu et al.,,kidney,GSE87024,body,4,10.1038/s41467-023-44228-5,PMC10728081,
visium_spatial_t2024_visium_2,Visium spatial transcriptomics dataset,10X Visium,cortex,GSE99791,body,4,10.1038/s41467-024-45821-y,PMC10882052,PRJNA952594
10x_chromium_scr2024_10x_chromium,10X Chromium scRNA-seq dataset,10X Chromium,cortex,GSE99791,body,4,10.1038/s41467-024-45821-y,PMC10882052,PRJNA952594
tdisco_scrna_seq2024_tdisco,tDISCO scRNA-seq and scProteomics dataset,tDISCO,cortex,GSE99791,body,4,10.1038/s41467-024-45821-y,PMC10882052,PRJNA952594
visium_spatial_t2024_visium_2,Visium spatial transcriptomics dataset,10X Visium,cortex,PRJNA952594,body,4,10.1038/s41467-024-45821-y,PMC10882052,PRJNA952594
10x_chromium_scr2024_10x_chromium,10X Chromium scRNA-seq dataset,10X Chromium,cortex,PRJNA952594,body,4,10.1038/s41467-024-45821-y,PMC10882052,PRJNA952594
tdisco_scrna_seq2024_tdisco,tDISCO scRNA-seq and scProteomics dataset,tDISCO,cortex,PRJNA952594,body,4,10.1038/s41467-024-45821-y,PMC10882052,PRJNA952594
visium_spatial_t2024_visium_2,Visium spatial transcriptomics dataset,10X Visium,cortex,PXD041388,body,4,10.1038/s41467-024-45821-y,PMC10882052,PRJNA952594
10x_chromium_scr2024_10x_chromium,10X Chromium scRNA-seq dataset,10X Chromium,cortex,PXD041388,body,4,10.1038/s41467-024-45821-y,PMC10882052,PRJNA952594
tdisco_scrna_seq2024_tdisco,tDISCO scRNA-seq and scProteomics dataset,tDISCO,cortex,PXD041388,body,4,10.1038/s41467-024-45821-y,PMC10882052,PRJNA952594
visium_spatial_t2024_visium_2,Visium spatial transcriptomics dataset,10X Visium,cortex,SRP14,body,4,10.1038/s41467-024-45821-y,PMC10882052,PRJNA952594
10x_chromium_scr2024_10x_chromium,10X Chromium scRNA-seq dataset,10X Chromium,cortex,SRP14,body,4,10.1038/s41467-024-45821-y,PMC10882052,PRJNA952594
tdisco_scrna_seq2024_tdisco,tDISCO scRNA-seq and scProteomics dataset,tDISCO,cortex,SRP14,body,4,10.1038/s41467-024-45821-y,PMC10882052,PRJNA952594
human_primary_mo2024_visium,human primary motor cortex (M1C) and anterior cingulate cortex (ACC) spatial transcriptome data,Visium,primary motor cortex and anterior cingulate cortex,10.5281/zenodo.10760845,body,5,10.1038/s41467-024-47152-4,PMC11271244,HRA004425
human_primary_mo2024_visium,human primary motor cortex (M1C) and anterior cingulate cortex (ACC) spatial transcriptome data,Visium,primary motor cortex and anterior cingulate cortex,10.5281/zenodo.10774748,body,5,10.1038/s41467-024-47152-4,PMC11271244,HRA004425
human_primary_mo2024_visium,human primary motor cortex (M1C) and anterior cingulate cortex (ACC) spatial transcriptome data,Visium,primary motor cortex and anterior cingulate cortex,GSE111672,body,5,10.1038/s41467-024-47152-4,PMC11271244,HRA004425
human_primary_mo2024_visium,human primary motor cortex (M1C) and anterior cingulate cortex (ACC) spatial transcriptome data,Visium,primary motor cortex and anterior cingulate cortex,GSE115746,body,5,10.1038/s41467-024-47152-4,PMC11271244,HRA004425
human_primary_mo2024_visium,human primary motor cortex (M1C) and anterior cingulate cortex (ACC) spatial transcriptome data,Visium,primary motor cortex and anterior cingulate cortex,HRA004425,body,5,10.1038/s41467-024-47152-4,PMC11271244,HRA004425
denisenko2024_visium,Ovarian cancer,10x Genomics Visium,ovarian cancer,10.5281/zenodo.10048057,body,1,10.1038/s41467-024-47271-y,PMC10991508,https://www.nature.com/articles/s41467-024-47271-y
tracerx_100_coho2024_imc,TRACERx 100 cohort,IMC,Non-small cell lung cancer,"10.17632/mpjzbtfgfr.1,",body,2,10.1038/s41467-024-48870-5,PMC11180132,
tracerx_100_coho2024_imc,TRACERx 100 cohort,IMC,Non-small cell lung cancer,EGAS00001006494,body,2,10.1038/s41467-024-48870-5,PMC11180132,
single_nuclei_du2024_10x_chromium,Single-nuclei dual-omic human developing retina atlas,10X Chromium sn-dual-omic ATAC + Gene Expression,macula and peripheral retina,10.5281/zenodo.10806576,body,14,10.1038/s41467-024-50853-5,PMC11310509,
single_nuclei_du2024_10x_chromium,Single-nuclei dual-omic human developing retina atlas,10X Chromium sn-dual-omic ATAC + Gene Expression,macula and peripheral retina,10.5281/zenodo.11250482,body,14,10.1038/s41467-024-50853-5,PMC11310509,
single_nuclei_du2024_10x_chromium,Single-nuclei dual-omic human developing retina atlas,10X Chromium sn-dual-omic ATAC + Gene Expression,macula and peripheral retina,ERP2,body,14,10.1038/s41467-024-50853-5,PMC11310509,
single_nuclei_du2024_10x_chromium,Single-nuclei dual-omic human developing retina atlas,10X Chromium sn-dual-omic ATAC + Gene Expression,macula and peripheral retina,ERP29,body,14,10.1038/s41467-024-50853-5,PMC11310509,
single_nuclei_du2024_10x_chromium,Single-nuclei dual-omic human developing retina atlas,10X Chromium sn-dual-omic ATAC + Gene Expression,macula and peripheral retina,GSE246169,body,14,10.1038/s41467-024-50853-5,PMC11310509,
single_nuclei_du2024_10x_chromium,Single-nuclei dual-omic human developing retina atlas,10X Chromium sn-dual-omic ATAC + Gene Expression,macula and peripheral retina,SRP1,body,14,10.1038/s41467-024-50853-5,PMC11310509,
single_nuclei_du2024_10x_chromium,Single-nuclei dual-omic human developing retina atlas,10X Chromium sn-dual-omic ATAC + Gene Expression,macula and peripheral retina,SRP14,body,14,10.1038/s41467-024-50853-5,PMC11310509,
single_nuclei_du2024_10x_chromium,Single-nuclei dual-omic human developing retina atlas,10X Chromium sn-dual-omic ATAC + Gene Expression,macula and peripheral retina,SRP19,body,14,10.1038/s41467-024-50853-5,PMC11310509,
single_nuclei_du2024_10x_chromium,Single-nuclei dual-omic human developing retina atlas,10X Chromium sn-dual-omic ATAC + Gene Expression,macula and peripheral retina,SRP2,body,14,10.1038/s41467-024-50853-5,PMC11310509,
single_nuclei_du2024_10x_chromium,Single-nuclei dual-omic human developing retina atlas,10X Chromium sn-dual-omic ATAC + Gene Expression,macula and peripheral retina,SRP72,body,14,10.1038/s41467-024-50853-5,PMC11310509,
single_nuclei_du2024_10x_chromium,Single-nuclei dual-omic human developing retina atlas,10X Chromium sn-dual-omic ATAC + Gene Expression,macula and peripheral retina,SRP9,body,14,10.1038/s41467-024-50853-5,PMC11310509,
single_nuclei_du2024_10x_chromium,Single-nuclei dual-omic human developing retina atlas,10X Chromium sn-dual-omic ATAC + Gene Expression,macula and peripheral retina,cellxgene.cziscience.com/collections/5900dda8-2dc3-4770-b604-084eac1c2c82,body,14,10.1038/s41467-024-50853-5,PMC11310509,
single_nuclei_du2024_10x_chromium,Single-nuclei dual-omic human developing retina atlas,10X Chromium sn-dual-omic ATAC + Gene Expression,macula and peripheral retina,cellxgene.cziscience.com/collections/5900dda8-](https://cellxgene.cziscience.com/collections/5900dda8-2dc3-4770-b604-084eac1c2c82,body,14,10.1038/s41467-024-50853-5,PMC11310509,
single_nuclei_du2024_10x_chromium,Single-nuclei dual-omic human developing retina atlas,10X Chromium sn-dual-omic ATAC + Gene Expression,macula and peripheral retina,cellxgene.cziscience.com/collections/af893e86-8e9f-41f1-a474-ef05359b1fb7.](https://cellxgene.cziscience.com/collections/af893e86-8e9f-41f1-a474-ef05359b1fb7,body,14,10.1038/s41467-024-50853-5,PMC11310509,
seqfish_mouse_ki2024_seqfish,seqFISH mouse kidney ischemia-reperfusion injury dataset,seqFISH,kidney,figshare.com/articles/dataset/ProjecTILs_murine_reference_atlas_of_tumor-infiltrating_T_cells_version_1/12478571/2,body,1,10.1038/s41467-024-51186-z,PMC11377535,https://woldlab.caltech.edu/ci2-celltiles/Mouse-Kidney-Fibrosis/
merfish_and_snrn2025_merfish,MERFISH and snRNA-seq dataset of healthy and fibrotic human liver,MERFISH,Liver,GSE210077,body,1,10.1038/s41467-024-55325-4,PMC11697218,
dos2025_unknown,"sc-proteomics datasets (dos Santos Peixoto et al., 2025)",,,10.5281/zenodo.14004432,body,3,10.1038/s41467-024-55700-1,PMC11699133,
dos2025_unknown,"sc-proteomics datasets (dos Santos Peixoto et al., 2025)",,,10.5281/zenodo.14026290,body,3,10.1038/s41467-024-55700-1,PMC11699133,
dos2025_unknown,"sc-proteomics datasets (dos Santos Peixoto et al., 2025)",,,10.5281/zenodo.14026360,body,3,10.1038/s41467-024-55700-1,PMC11699133,
stereo_seq_datas2025_stereo,Stereo-seq dataset of primary breast tumors and metastatic lymph nodes,Stereo-seq,primary breast tumors and metastatic lymph nodes,GSE176078,body,1,10.1038/s41467-025-58511-0,PMC11978809,
in_house_scrna_s2025_st,In-house scRNA-seq dataset of breast cancer samples,DNBelab C4 system,breast tumor bulk tissues,GSE176078,body,1,10.1038/s41467-025-58511-0,PMC11978809,
li2025_stereo,Zebrafish heart regeneration atlas,Stereo-seq,Zebrafish heart,GSE153481,body,3,10.1038/s41467-025-59070-0,PMC12009352,
li2025_stereo,Zebrafish heart regeneration atlas,Stereo-seq,Zebrafish heart,GSE188888,body,3,10.1038/s41467-025-59070-0,PMC12009352,
li2025_stereo,Zebrafish heart regeneration atlas,Stereo-seq,Zebrafish heart,zenodo.org/record/6578047,body,3,10.1038/s41467-025-59070-0,PMC12009352,
post_lvad_heart_2025_visium,Post-LVAD heart failure Visium dataset,Visium,heart,SRP1,body,1,10.1038/s41467-025-62593-1,PMC12325965,
human_bladder_ca2025_visiumhd,Human bladder cancer Visium HD dataset,Visium HD,bladder cancer,SRP1,body,1,10.1038/s41467-025-62593-1,PMC12325965,
stereo_seq_spati2025_stereo,Stereo-seq Spatial Transcriptomics Dataset,Stereo-seq,Cerebral Cortex,10.5281/zenodo.14311048,body,3,10.1038/s41467-025-62793-9,PMC12365125,https://db.cngb.org/stomics/datasets/STDS0000242/summary
stereo_seq_spati2025_stereo,Stereo-seq Spatial Transcriptomics Dataset,Stereo-seq,Cerebral Cortex,SRP14,body,3,10.1038/s41467-025-62793-9,PMC12365125,https://db.cngb.org/stomics/datasets/STDS0000242/summary
stereo_seq_spati2025_stereo,Stereo-seq Spatial Transcriptomics Dataset,Stereo-seq,Cerebral Cortex,cellxgene.cziscience.com/collections/d17249d2-0e6e-4500-abb8-e6c93fa1ac6f,body,3,10.1038/s41467-025-62793-9,PMC12365125,https://db.cngb.org/stomics/datasets/STDS0000242/summary
merfish_spatial_2025_merfish,MERFISH spatial transcriptomics dataset,MERFISH,claustro-insular region,GSE291781,body,1,10.1038/s41467-025-63138-2,PMC12373765,https://doi.org/10.6084/m9.figshare.c.7953965.v1
smfish_dataset2025_smfish,smFISH dataset,smFISH,claustro-insular region,GSE291781,body,1,10.1038/s41467-025-63138-2,PMC12373765,https://doi.org/10.6084/m9.figshare.c.7953965.v1
scrinshot_health2025_scrinshot,SCRINSHOT healthy lung atlas dataset,SCRINSHOT,lung,10.5281/zenodo.17167875,body,7,10.1038/s41467-025-65704-0,PMC12589588,S-BIAD2307
visium_and_rna_r2025_visium,Visium and RNA-Rescue Spatial Transcriptomics dataset,Visium / RRST,lung,10.5281/zenodo.17167875,body,7,10.1038/s41467-025-65704-0,PMC12589588,https://github.com/ludvigla/DiscovAir_data_explorer/
scrinshot_health2025_scrinshot,SCRINSHOT healthy lung atlas dataset,SCRINSHOT,lung,10.5281/zenodo.17171960,body,7,10.1038/s41467-025-65704-0,PMC12589588,S-BIAD2307
visium_and_rna_r2025_visium,Visium and RNA-Rescue Spatial Transcriptomics dataset,Visium / RRST,lung,10.5281/zenodo.17171960,body,7,10.1038/s41467-025-65704-0,PMC12589588,https://github.com/ludvigla/DiscovAir_data_explorer/
scrinshot_health2025_scrinshot,SCRINSHOT healthy lung atlas dataset,SCRINSHOT,lung,10.5281/zenodo.17175597,body,7,10.1038/s41467-025-65704-0,PMC12589588,S-BIAD2307
visium_and_rna_r2025_visium,Visium and RNA-Rescue Spatial Transcriptomics dataset,Visium / RRST,lung,10.5281/zenodo.17175597,body,7,10.1038/s41467-025-65704-0,PMC12589588,https://github.com/ludvigla/DiscovAir_data_explorer/
scrinshot_health2025_scrinshot,SCRINSHOT healthy lung atlas dataset,SCRINSHOT,lung,10.5281/zenodo.17179727,body,7,10.1038/s41467-025-65704-0,PMC12589588,S-BIAD2307
visium_and_rna_r2025_visium,Visium and RNA-Rescue Spatial Transcriptomics dataset,Visium / RRST,lung,10.5281/zenodo.17179727,body,7,10.1038/s41467-025-65704-0,PMC12589588,https://github.com/ludvigla/DiscovAir_data_explorer/
scrinshot_health2025_scrinshot,SCRINSHOT healthy lung atlas dataset,SCRINSHOT,lung,S-BIAD2307,body,7,10.1038/s41467-025-65704-0,PMC12589588,S-BIAD2307
visium_and_rna_r2025_visium,Visium and RNA-Rescue Spatial Transcriptomics dataset,Visium / RRST,lung,S-BIAD2307,body,7,10.1038/s41467-025-65704-0,PMC12589588,https://github.com/ludvigla/DiscovAir_data_explorer/
scrinshot_health2025_scrinshot,SCRINSHOT healthy lung atlas dataset,SCRINSHOT,lung,S-BIAD2308,body,7,10.1038/s41467-025-65704-0,PMC12589588,S-BIAD2307
visium_and_rna_r2025_visium,Visium and RNA-Rescue Spatial Transcriptomics dataset,Visium / RRST,lung,S-BIAD2308,body,7,10.1038/s41467-025-65704-0,PMC12589588,https://github.com/ludvigla/DiscovAir_data_explorer/
scrinshot_health2025_scrinshot,SCRINSHOT healthy lung atlas dataset,SCRINSHOT,lung,S-BIAD2310,body,7,10.1038/s41467-025-65704-0,PMC12589588,S-BIAD2307
visium_and_rna_r2025_visium,Visium and RNA-Rescue Spatial Transcriptomics dataset,Visium / RRST,lung,S-BIAD2310,body,7,10.1038/s41467-025-65704-0,PMC12589588,https://github.com/ludvigla/DiscovAir_data_explorer/
merfish_spatial_2025_merfish_2,MERFISH spatial transcriptomic atlas of the complement system in mouse brains,MERFISH,Brain,10.5061/dryad.cnp5hqcbq,body,1,10.1038/s41467-025-66048-5,PMC12705658,10.5061/dryad.cnp5hqcbq
stereo_seq_adult2026_stereo,Stereo-seq adult mouse brain dataset,Stereo-seq,brain,10.5281/zenodo.17959756,body,2,10.1038/s41467-026-69677-6,PMC13035813,
xenium_adult_mou2026_xenium,Xenium adult mouse brain dataset,Xenium,brain,10.5281/zenodo.17959756,body,2,10.1038/s41467-026-69677-6,PMC13035813,
stereo_seq_adult2026_stereo,Stereo-seq adult mouse brain dataset,Stereo-seq,brain,SRP1,body,2,10.1038/s41467-026-69677-6,PMC13035813,
xenium_adult_mou2026_xenium,Xenium adult mouse brain dataset,Xenium,brain,SRP1,body,2,10.1038/s41467-026-69677-6,PMC13035813,
serrano2024_spatial_rnas,Medicago truncatula AM symbiosis spatial co-transcriptomics,Spatial RNA-seq,roots,GSE240107,body,1,10.1038/s41477-024-01666-3,PMC11035146,
lee2025_visium,Arabidopsis life cycle atlas,Visium / MERFISH,"seeds, seedlings, mature leaves, stems, flowers, and siliques",SRP2,body,1,10.1038/s41477-025-02072-z,PMC12416547,http://neomorph.salk.edu:9000/
c_g2p_liver_spat2025_visium,C-G2P liver spatial transcriptomics,10X Visium,liver,GSE137385,body,3,10.1038/s41551-025-01437-1,PMC12823398,
c_g2p_liver_spat2025_visium,C-G2P liver spatial transcriptomics,10X Visium,liver,GSE148379,body,3,10.1038/s41551-025-01437-1,PMC12823398,
c_g2p_liver_spat2025_visium,C-G2P liver spatial transcriptomics,10X Visium,liver,zenodo.org/records/10986436,body,3,10.1038/s41551-025-01437-1,PMC12823398,
sountoulidis2023_visium,Embryonic lung dataset,Visium,embryonic lung,SRP1,body,1,10.1038/s41556-022-01064-x,PMC9928586,
cao2019_scrnaseq,Mouse organogenesis cell atlas (MOCA) / E13.5 scRNA-seq data,scRNA-seq,embryo,GSE119945,body,1,10.1038/s41586-019-0969-x,PMC6434952,https://oncoscape.v3.strtcancer.org/atlas.gs.washington.edu.mouse.rna/downloads
zhang2021_merfish,mouse primary motor cortex MERFISH dataset,MERFISH,primary motor cortex,10.5281/zenodo.3758540,body,1,10.1038/s41586-021-03705-x,PMC8494645,https://datadryad.org/stash/dataset/doi:10.5061/dryad.x3f54fgs3
merfish_dataset2021_merfish,MERFISH dataset,MERFISH,primary motor cortex (MOp),10.5281/zenodo.4726182,body,1,10.1038/s41586-021-03950-0,PMC8494634,
slide_seq22023_slideseq,Slide-seq2,Slide-seq2,kidney,10.5281/zenodo.2678042,body,15,10.1038/s41586-023-05769-3,PMC10356613,
visium_10x2023_visium,Visium 10x,Visium,kidney,10.5281/zenodo.2678042,body,15,10.1038/s41586-023-05769-3,PMC10356613,
3d_multiplexed_i2023_confocal_mic,3D multiplexed immunofluorescence imaging and label-free cytometry (3DTC),Confocal microscopy / multiphoton microscopy,kidney,10.5281/zenodo.2678042,body,15,10.1038/s41586-023-05769-3,PMC10356613,
slide_seq22023_slideseq,Slide-seq2,Slide-seq2,kidney,10.5281/zenodo.4059315,body,15,10.1038/s41586-023-05769-3,PMC10356613,
visium_10x2023_visium,Visium 10x,Visium,kidney,10.5281/zenodo.4059315,body,15,10.1038/s41586-023-05769-3,PMC10356613,
3d_multiplexed_i2023_confocal_mic,3D multiplexed immunofluorescence imaging and label-free cytometry (3DTC),Confocal microscopy / multiphoton microscopy,kidney,10.5281/zenodo.4059315,body,15,10.1038/s41586-023-05769-3,PMC10356613,
slide_seq22023_slideseq,Slide-seq2,Slide-seq2,kidney,10.5281/zenodo.6987337,body,15,10.1038/s41586-023-05769-3,PMC10356613,
visium_10x2023_visium,Visium 10x,Visium,kidney,10.5281/zenodo.6987337,body,15,10.1038/s41586-023-05769-3,PMC10356613,
3d_multiplexed_i2023_confocal_mic,3D multiplexed immunofluorescence imaging and label-free cytometry (3DTC),Confocal microscopy / multiphoton microscopy,kidney,10.5281/zenodo.6987337,body,15,10.1038/s41586-023-05769-3,PMC10356613,
slide_seq22023_slideseq,Slide-seq2,Slide-seq2,kidney,10.5281/zenodo.7120941,body,15,10.1038/s41586-023-05769-3,PMC10356613,
visium_10x2023_visium,Visium 10x,Visium,kidney,10.5281/zenodo.7120941,body,15,10.1038/s41586-023-05769-3,PMC10356613,
3d_multiplexed_i2023_confocal_mic,3D multiplexed immunofluorescence imaging and label-free cytometry (3DTC),Confocal microscopy / multiphoton microscopy,kidney,10.5281/zenodo.7120941,body,15,10.1038/s41586-023-05769-3,PMC10356613,
slide_seq22023_slideseq,Slide-seq2,Slide-seq2,kidney,GSE104954,body,15,10.1038/s41586-023-05769-3,PMC10356613,
visium_10x2023_visium,Visium 10x,Visium,kidney,GSE104954,body,15,10.1038/s41586-023-05769-3,PMC10356613,
3d_multiplexed_i2023_confocal_mic,3D multiplexed immunofluorescence imaging and label-free cytometry (3DTC),Confocal microscopy / multiphoton microscopy,kidney,GSE104954,body,15,10.1038/s41586-023-05769-3,PMC10356613,
slide_seq22023_slideseq,Slide-seq2,Slide-seq2,kidney,GSE121862,body,15,10.1038/s41586-023-05769-3,PMC10356613,
visium_10x2023_visium,Visium 10x,Visium,kidney,GSE121862,body,15,10.1038/s41586-023-05769-3,PMC10356613,
3d_multiplexed_i2023_confocal_mic,3D multiplexed immunofluorescence imaging and label-free cytometry (3DTC),Confocal microscopy / multiphoton microscopy,kidney,GSE121862,body,15,10.1038/s41586-023-05769-3,PMC10356613,
slide_seq22023_slideseq,Slide-seq2,Slide-seq2,kidney,GSE129798,body,15,10.1038/s41586-023-05769-3,PMC10356613,
visium_10x2023_visium,Visium 10x,Visium,kidney,GSE129798,body,15,10.1038/s41586-023-05769-3,PMC10356613,
3d_multiplexed_i2023_confocal_mic,3D multiplexed immunofluorescence imaging and label-free cytometry (3DTC),Confocal microscopy / multiphoton microscopy,kidney,GSE129798,body,15,10.1038/s41586-023-05769-3,PMC10356613,
slide_seq22023_slideseq,Slide-seq2,Slide-seq2,kidney,GSE139107,body,15,10.1038/s41586-023-05769-3,PMC10356613,
visium_10x2023_visium,Visium 10x,Visium,kidney,GSE139107,body,15,10.1038/s41586-023-05769-3,PMC10356613,
3d_multiplexed_i2023_confocal_mic,3D multiplexed immunofluorescence imaging and label-free cytometry (3DTC),Confocal microscopy / multiphoton microscopy,kidney,GSE139107,body,15,10.1038/s41586-023-05769-3,PMC10356613,
slide_seq22023_slideseq,Slide-seq2,Slide-seq2,kidney,GSE150338,body,15,10.1038/s41586-023-05769-3,PMC10356613,
visium_10x2023_visium,Visium 10x,Visium,kidney,GSE150338,body,15,10.1038/s41586-023-05769-3,PMC10356613,
3d_multiplexed_i2023_confocal_mic,3D multiplexed immunofluorescence imaging and label-free cytometry (3DTC),Confocal microscopy / multiphoton microscopy,kidney,GSE150338,body,15,10.1038/s41586-023-05769-3,PMC10356613,
slide_seq22023_slideseq,Slide-seq2,Slide-seq2,kidney,GSE151302,body,15,10.1038/s41586-023-05769-3,PMC10356613,
visium_10x2023_visium,Visium 10x,Visium,kidney,GSE151302,body,15,10.1038/s41586-023-05769-3,PMC10356613,
3d_multiplexed_i2023_confocal_mic,3D multiplexed immunofluorescence imaging and label-free cytometry (3DTC),Confocal microscopy / multiphoton microscopy,kidney,GSE151302,body,15,10.1038/s41586-023-05769-3,PMC10356613,
slide_seq22023_slideseq,Slide-seq2,Slide-seq2,kidney,GSE169285,body,15,10.1038/s41586-023-05769-3,PMC10356613,
visium_10x2023_visium,Visium 10x,Visium,kidney,GSE169285,body,15,10.1038/s41586-023-05769-3,PMC10356613,
3d_multiplexed_i2023_confocal_mic,3D multiplexed immunofluorescence imaging and label-free cytometry (3DTC),Confocal microscopy / multiphoton microscopy,kidney,GSE169285,body,15,10.1038/s41586-023-05769-3,PMC10356613,
slide_seq22023_slideseq,Slide-seq2,Slide-seq2,kidney,GSE171406,body,15,10.1038/s41586-023-05769-3,PMC10356613,
visium_10x2023_visium,Visium 10x,Visium,kidney,GSE171406,body,15,10.1038/s41586-023-05769-3,PMC10356613,
3d_multiplexed_i2023_confocal_mic,3D multiplexed immunofluorescence imaging and label-free cytometry (3DTC),Confocal microscopy / multiphoton microscopy,kidney,GSE171406,body,15,10.1038/s41586-023-05769-3,PMC10356613,
slide_seq22023_slideseq,Slide-seq2,Slide-seq2,kidney,GSE183279,body,15,10.1038/s41586-023-05769-3,PMC10356613,
visium_10x2023_visium,Visium 10x,Visium,kidney,GSE183279,body,15,10.1038/s41586-023-05769-3,PMC10356613,
3d_multiplexed_i2023_confocal_mic,3D multiplexed immunofluorescence imaging and label-free cytometry (3DTC),Confocal microscopy / multiphoton microscopy,kidney,GSE183279,body,15,10.1038/s41586-023-05769-3,PMC10356613,
slide_seq22023_slideseq,Slide-seq2,Slide-seq2,kidney,cellxgene.cziscience.com/collections/,body,15,10.1038/s41586-023-05769-3,PMC10356613,
visium_10x2023_visium,Visium 10x,Visium,kidney,cellxgene.cziscience.com/collections/,body,15,10.1038/s41586-023-05769-3,PMC10356613,
3d_multiplexed_i2023_confocal_mic,3D multiplexed immunofluorescence imaging and label-free cytometry (3DTC),Confocal microscopy / multiphoton microscopy,kidney,cellxgene.cziscience.com/collections/,body,15,10.1038/s41586-023-05769-3,PMC10356613,
slide_seq22023_slideseq,Slide-seq2,Slide-seq2,kidney,phs002249,body,15,10.1038/s41586-023-05769-3,PMC10356613,
visium_10x2023_visium,Visium 10x,Visium,kidney,phs002249,body,15,10.1038/s41586-023-05769-3,PMC10356613,
3d_multiplexed_i2023_confocal_mic,3D multiplexed immunofluorescence imaging and label-free cytometry (3DTC),Confocal microscopy / multiphoton microscopy,kidney,phs002249,body,15,10.1038/s41586-023-05769-3,PMC10356613,
zhang2023_whole_mouse_brain_merfish,Whole mouse brain MERFISH cell atlas,MERFISH,brain,10.5281/zenodo.10050573,body,5,10.1038/s41586-023-06808-9,PMC10719103,
zhang2023_whole_mouse_brain_merfish,Whole mouse brain MERFISH cell atlas,MERFISH,brain,10.5281/zenodo.3264857,body,5,10.1038/s41586-023-06808-9,PMC10719103,
zhang2023_whole_mouse_brain_merfish,Whole mouse brain MERFISH cell atlas,MERFISH,brain,10.5281/zenodo.3758540,body,5,10.1038/s41586-023-06808-9,PMC10719103,
zhang2023_whole_mouse_brain_merfish,Whole mouse brain MERFISH cell atlas,MERFISH,brain,10.5281/zenodo.6563718,body,5,10.1038/s41586-023-06808-9,PMC10719103,
zhang2023_whole_mouse_brain_merfish,Whole mouse brain MERFISH cell atlas,MERFISH,brain,cellxgene.cziscience.com/collections/0cca8620-8dee45d0-aef5-23f032a5cf09,body,5,10.1038/s41586-023-06808-9,PMC10719103,
russell2024_slidetags,Slide-tags metastatic melanoma dataset,Slide-tags,tonsil,GSE244355,body,1,10.1038/s41586-023-06837-4,PMC10764288,Broad Institute Single Cell Portal under the accession number SCP2169
russell2024_slidetags_dr,Slide-tags human melanoma,Slide-tags (droplet-based snATAC and snRNA-seq),metastatic melanoma,GSE244355,body,1,10.1038/s41586-023-06837-4,PMC10764288,SCP2176
russell2024_slidetag,Slide-tag dataset,Slide-tag,tumor,GSE244355,body,1,10.1038/s41586-023-06837-4,PMC10764288,
farah2024_developing_heart_merfish,Developing human heart MERFISH,MERFISH,heart (developing),10.5061/dryad.w0vt4b8vp,body,2,10.1038/s41586-024-07171-z,PMC10972757,https://doi.org/10.5061/dryad.w0vt4b8vp
farah2024_developing_heart_merfish,Developing human heart MERFISH,MERFISH,heart (developing),phs002031,body,2,10.1038/s41586-024-07171-z,PMC10972757,https://doi.org/10.5061/dryad.w0vt4b8vp
mouse_kidney_spa2024_stereo,Mouse kidney spatial data (Stereo-seq),Stereo-seq,Kidney,10.5281/zenodo.10950538,body,9,10.1038/s41586-024-07563-1,PMC11208150,"https://doi.org/10.5287/ora-b7ob4g8ba, PRJNA1099448, GSE265819, GSE264321"
benjamin2024_xenium,Human Kidney Dataset,Xenium,Kidney,10.5281/zenodo.10950538,body,9,10.1038/s41586-024-07563-1,PMC11208150,
benjamin2024_cosmx,Human Non-Small Cell Lung Cancer study,CosMx,Non-Small Cell Lung Cancer,10.5281/zenodo.10950538,body,9,10.1038/s41586-024-07563-1,PMC11208150,
mouse_kidney_spa2024_stereo,Mouse kidney spatial data (Stereo-seq),Stereo-seq,Kidney,10.5281/zenodo.11050773,body,9,10.1038/s41586-024-07563-1,PMC11208150,"https://doi.org/10.5287/ora-b7ob4g8ba, PRJNA1099448, GSE265819, GSE264321"
benjamin2024_xenium,Human Kidney Dataset,Xenium,Kidney,10.5281/zenodo.11050773,body,9,10.1038/s41586-024-07563-1,PMC11208150,
benjamin2024_cosmx,Human Non-Small Cell Lung Cancer study,CosMx,Non-Small Cell Lung Cancer,10.5281/zenodo.11050773,body,9,10.1038/s41586-024-07563-1,PMC11208150,
mouse_kidney_spa2024_stereo,Mouse kidney spatial data (Stereo-seq),Stereo-seq,Kidney,10.5281/zenodo.11050996,body,9,10.1038/s41586-024-07563-1,PMC11208150,"https://doi.org/10.5287/ora-b7ob4g8ba, PRJNA1099448, GSE265819, GSE264321"
benjamin2024_xenium,Human Kidney Dataset,Xenium,Kidney,10.5281/zenodo.11050996,body,9,10.1038/s41586-024-07563-1,PMC11208150,
benjamin2024_cosmx,Human Non-Small Cell Lung Cancer study,CosMx,Non-Small Cell Lung Cancer,10.5281/zenodo.11050996,body,9,10.1038/s41586-024-07563-1,PMC11208150,
mouse_kidney_spa2024_stereo,Mouse kidney spatial data (Stereo-seq),Stereo-seq,Kidney,GSE264321,body,9,10.1038/s41586-024-07563-1,PMC11208150,"https://doi.org/10.5287/ora-b7ob4g8ba, PRJNA1099448, GSE265819, GSE264321"
benjamin2024_xenium,Human Kidney Dataset,Xenium,Kidney,GSE264321,body,9,10.1038/s41586-024-07563-1,PMC11208150,
benjamin2024_cosmx,Human Non-Small Cell Lung Cancer study,CosMx,Non-Small Cell Lung Cancer,GSE264321,body,9,10.1038/s41586-024-07563-1,PMC11208150,
mouse_kidney_spa2024_stereo,Mouse kidney spatial data (Stereo-seq),Stereo-seq,Kidney,GSE264334,body,9,10.1038/s41586-024-07563-1,PMC11208150,"https://doi.org/10.5287/ora-b7ob4g8ba, PRJNA1099448, GSE265819, GSE264321"
benjamin2024_xenium,Human Kidney Dataset,Xenium,Kidney,GSE264334,body,9,10.1038/s41586-024-07563-1,PMC11208150,
benjamin2024_cosmx,Human Non-Small Cell Lung Cancer study,CosMx,Non-Small Cell Lung Cancer,GSE264334,body,9,10.1038/s41586-024-07563-1,PMC11208150,
mouse_kidney_spa2024_stereo,Mouse kidney spatial data (Stereo-seq),Stereo-seq,Kidney,GSE264393,body,9,10.1038/s41586-024-07563-1,PMC11208150,"https://doi.org/10.5287/ora-b7ob4g8ba, PRJNA1099448, GSE265819, GSE264321"
benjamin2024_xenium,Human Kidney Dataset,Xenium,Kidney,GSE264393,body,9,10.1038/s41586-024-07563-1,PMC11208150,
benjamin2024_cosmx,Human Non-Small Cell Lung Cancer study,CosMx,Non-Small Cell Lung Cancer,GSE264393,body,9,10.1038/s41586-024-07563-1,PMC11208150,
mouse_kidney_spa2024_stereo,Mouse kidney spatial data (Stereo-seq),Stereo-seq,Kidney,GSE265819,body,9,10.1038/s41586-024-07563-1,PMC11208150,"https://doi.org/10.5287/ora-b7ob4g8ba, PRJNA1099448, GSE265819, GSE264321"
benjamin2024_xenium,Human Kidney Dataset,Xenium,Kidney,GSE265819,body,9,10.1038/s41586-024-07563-1,PMC11208150,
benjamin2024_cosmx,Human Non-Small Cell Lung Cancer study,CosMx,Non-Small Cell Lung Cancer,GSE265819,body,9,10.1038/s41586-024-07563-1,PMC11208150,
mouse_kidney_spa2024_stereo,Mouse kidney spatial data (Stereo-seq),Stereo-seq,Kidney,PRJNA1099448,body,9,10.1038/s41586-024-07563-1,PMC11208150,"https://doi.org/10.5287/ora-b7ob4g8ba, PRJNA1099448, GSE265819, GSE264321"
benjamin2024_xenium,Human Kidney Dataset,Xenium,Kidney,PRJNA1099448,body,9,10.1038/s41586-024-07563-1,PMC11208150,
benjamin2024_cosmx,Human Non-Small Cell Lung Cancer study,CosMx,Non-Small Cell Lung Cancer,PRJNA1099448,body,9,10.1038/s41586-024-07563-1,PMC11208150,
mouse_kidney_spa2024_stereo,Mouse kidney spatial data (Stereo-seq),Stereo-seq,Kidney,SRP135960,body,9,10.1038/s41586-024-07563-1,PMC11208150,"https://doi.org/10.5287/ora-b7ob4g8ba, PRJNA1099448, GSE265819, GSE264321"
benjamin2024_xenium,Human Kidney Dataset,Xenium,Kidney,SRP135960,body,9,10.1038/s41586-024-07563-1,PMC11208150,
benjamin2024_cosmx,Human Non-Small Cell Lung Cancer study,CosMx,Non-Small Cell Lung Cancer,SRP135960,body,9,10.1038/s41586-024-07563-1,PMC11208150,
visium_spatial_t2024_visium_3,Visium spatial transcriptomics (paediatric),Visium (10x Genomics),thymus,10.5281/zenodo.7693279,body,2,10.1038/s41586-024-07944-6,PMC11578893,
ibex_cyclic_prot2024_ibex_cyclic,IBEX cyclic protein imaging (paediatric),IBEX cyclic protein imaging,thymus,10.5281/zenodo.7693279,body,2,10.1038/s41586-024-07944-6,PMC11578893,
rarecyte_protein2024_rarecyte_pro,RareCyte protein imaging,RareCyte protein imaging,thymus,10.5281/zenodo.7693279,body,2,10.1038/s41586-024-07944-6,PMC11578893,
rnascope_single_2024_rnascope,RNAscope single-molecule fluorescence in situ hybridization,RNAscope,thymus,10.5281/zenodo.7693279,body,2,10.1038/s41586-024-07944-6,PMC11578893,
visium_spatial_t2024_visium_3,Visium spatial transcriptomics (paediatric),Visium (10x Genomics),thymus,E-MTAB-8581,body,2,10.1038/s41586-024-07944-6,PMC11578893,
ibex_cyclic_prot2024_ibex_cyclic,IBEX cyclic protein imaging (paediatric),IBEX cyclic protein imaging,thymus,E-MTAB-8581,body,2,10.1038/s41586-024-07944-6,PMC11578893,
rarecyte_protein2024_rarecyte_pro,RareCyte protein imaging,RareCyte protein imaging,thymus,E-MTAB-8581,body,2,10.1038/s41586-024-07944-6,PMC11578893,
rnascope_single_2024_rnascope,RNAscope single-molecule fluorescence in situ hybridization,RNAscope,thymus,E-MTAB-8581,body,2,10.1038/s41586-024-07944-6,PMC11578893,
spatial_omics_da2024_unknown,spatial omics DATASET,,,10.5281/zenodo.11203684,body,2,10.1038/s41586-024-08172-8,PMC11578878,
spatial_omics_da2024_unknown,spatial omics DATASET,,,cellxgene.cziscience.com/collections/de379e5f-52d0-498c-9801-0f850823c847,body,2,10.1038/s41586-024-08172-8,PMC11578878,
sun2024_visium,Spatial aging clock mouse brain,Visium,brain,10.5281/zenodo.13883177,body,10,10.1038/s41586-024-08334-8,PMC11798877,https://github.com/sunericd/SpatialAgingClock/tree/master/data
sun2024_visium,Spatial aging clock mouse brain,Visium,brain,10.5281/zenodo.7145398,body,10,10.1038/s41586-024-08334-8,PMC11798877,https://github.com/sunericd/SpatialAgingClock/tree/master/data
sun2024_visium,Spatial aging clock mouse brain,Visium,brain,10.5281/zenodo.7338745,body,10,10.1038/s41586-024-08334-8,PMC11798877,https://github.com/sunericd/SpatialAgingClock/tree/master/data
sun2024_visium,Spatial aging clock mouse brain,Visium,brain,GSE202638,body,10,10.1038/s41586-024-08334-8,PMC11798877,https://github.com/sunericd/SpatialAgingClock/tree/master/data
sun2024_visium,Spatial aging clock mouse brain,Visium,brain,GSE224438,body,10,10.1038/s41586-024-08334-8,PMC11798877,https://github.com/sunericd/SpatialAgingClock/tree/master/data
sun2024_visium,Spatial aging clock mouse brain,Visium,brain,cellxgene.cziscience.com/collections/31937775-0602-4e52-a799-b6acdd2bac2e,body,10,10.1038/s41586-024-08334-8,PMC11798877,https://github.com/sunericd/SpatialAgingClock/tree/master/data
sun2024_visium,Spatial aging clock mouse brain,Visium,brain,cellxgene.cziscience.com/collections/31937775-0602-4e52-a799b6acdd2bac2e.,body,10,10.1038/s41586-024-08334-8,PMC11798877,https://github.com/sunericd/SpatialAgingClock/tree/master/data
sun2024_visium,Spatial aging clock mouse brain,Visium,brain,singlecell.broadinstitute.org/single_cell/study/SCP1375,body,10,10.1038/s41586-024-08334-8,PMC11798877,https://github.com/sunericd/SpatialAgingClock/tree/master/data
sun2024_visium,Spatial aging clock mouse brain,Visium,brain,singlecell.broadinstitute.org/single_cell/study/SCP1375.,body,10,10.1038/s41586-024-08334-8,PMC11798877,https://github.com/sunericd/SpatialAgingClock/tree/master/data
sun2024_visium,Spatial aging clock mouse brain,Visium,brain,zenodo.org/records/8037425,body,10,10.1038/s41586-024-08334-8,PMC11798877,https://github.com/sunericd/SpatialAgingClock/tree/master/data
nobori2025_spatial_tran,mature rosette leaf spatial dataset,spatial transcriptomics,mature rosette leaf,GSE248054,body,2,10.1038/s41586-024-08383-z,PMC11798839,
nobori2025_spatial_tran,mature rosette leaf spatial dataset,spatial transcriptomics,mature rosette leaf,OEP16,body,2,10.1038/s41586-024-08383-z,PMC11798839,
qian2025_merfish,Human cerebral cortex development dataset,MERFISH,Cerebral cortex,10.5281/zenodo.14422018,body,2,10.1038/s41586-025-09010-1,PMC12328223,
qian2025_merfish,Human cerebral cortex development dataset,MERFISH,Cerebral cortex,10.5281/zenodo.15127709,body,2,10.1038/s41586-025-09010-1,PMC12328223,
most_nissl_datas2025_tomo,MOST-Nissl dataset,micro-optical sectioning tomography (MOST) bright-field imaging,brain,10.5061/dryad.t1g1jwsxw,body,1,10.1038/s41586-025-09211-8,PMC12422980,https://atlas.brainsmatics.cn/STAM/
e11_mouse_embryo2025_spatialdmt,E11 mouse embryo,Spatial-DMT,embryo,10.5281/zenodo.15843593,body,1,10.1038/s41586-025-09478-x,PMC12571926,
chen2019_snareseq,Mouse cerebral cortex SNARE-seq data,SNARE-seq,cerebral cortex,GSE100033,body,8,10.1038/s41587-019-0290-0,PMC6893138,GEO accession: GSE126074
chen2019_snareseq,Mouse cerebral cortex SNARE-seq data,SNARE-seq,cerebral cortex,GSE110823,body,8,10.1038/s41587-019-0290-0,PMC6893138,GEO accession: GSE126074
chen2019_snareseq,Mouse cerebral cortex SNARE-seq data,SNARE-seq,cerebral cortex,GSE117089,body,8,10.1038/s41587-019-0290-0,PMC6893138,GEO accession: GSE126074
chen2019_snareseq,Mouse cerebral cortex SNARE-seq data,SNARE-seq,cerebral cortex,GSE126074,body,8,10.1038/s41587-019-0290-0,PMC6893138,GEO accession: GSE126074
chen2019_snareseq,Mouse cerebral cortex SNARE-seq data,SNARE-seq,cerebral cortex,GSE65360,body,8,10.1038/s41587-019-0290-0,PMC6893138,GEO accession: GSE126074
chen2019_snareseq,Mouse cerebral cortex SNARE-seq data,SNARE-seq,cerebral cortex,GSE68103,body,8,10.1038/s41587-019-0290-0,PMC6893138,GEO accession: GSE126074
chen2019_snareseq,Mouse cerebral cortex SNARE-seq data,SNARE-seq,cerebral cortex,GSE97942,body,8,10.1038/s41587-019-0290-0,PMC6893138,GEO accession: GSE126074
chen2019_snareseq,Mouse cerebral cortex SNARE-seq data,SNARE-seq,cerebral cortex,SRP103230,body,8,10.1038/s41587-019-0290-0,PMC6893138,GEO accession: GSE126074
vicari2023_visium,Spatial metabolomics and transcriptomics of human striatum brain section,MALDI-MSI / Visium,striatum (brain),GSE178265,body,1,10.1038/s41587-023-01937-y,PMC11251988,https://data.mendeley.com/datasets/w7nw4km7xd/1
vicari2024_visium,Spatial Multimodal Analysis (SMA) human and mouse brain dataset,Visium,Brain,GSE178265,body,1,10.1038/s41587-023-01937-y,PMC11251988,DOI: 10.17632/w7nw4km7xd.1
vicari2024_sma,Mouse brain spatial RNA + metabolomics dataset,SMA,brain,GSE178265,body,1,10.1038/s41587-023-01937-y,PMC11251988,https://data.mendeley.com/datasets/w7nw4km7xd/1
visium_spatial_t2022_visium_3,Visium spatial transcriptomics human lung and airway dataset,Visium Spatial Transcriptomics (10X Genomics),"trachea, bronchi, upper and lower parenchyma",10.5281/zenodo.3711134,body,1,10.1038/s41588-022-01243-4,PMC9839452,
sampath2023_stereo,Mouse olfactory bulb dataset,Stereo-seq,Olfactory bulb,10.5281/zenodo.7276432,body,7,10.1038/s41588-023-01435-6,PMC10335937,
sampath2023_stereo,Mouse olfactory bulb dataset,Stereo-seq,Olfactory bulb,10.6084/m9.figshare.21695849.,body,7,10.1038/s41588-023-01435-6,PMC10335937,
sampath2023_stereo,Mouse olfactory bulb dataset,Stereo-seq,Olfactory bulb,10.6084/m9.figshare.21695879.,body,7,10.1038/s41588-023-01435-6,PMC10335937,
sampath2023_stereo,Mouse olfactory bulb dataset,Stereo-seq,Olfactory bulb,cellxgene.cziscience.com/collections/d74b6979-efba-47cd-990a-9d80ccf29055/,body,7,10.1038/s41588-023-01435-6,PMC10335937,
sampath2023_stereo,Mouse olfactory bulb dataset,Stereo-seq,Olfactory bulb,cellxgene.cziscience.com/collections/d74b6979-efba-47cd-990a-9d80ccf29055/private,body,7,10.1038/s41588-023-01435-6,PMC10335937,
sampath2023_stereo,Mouse olfactory bulb dataset,Stereo-seq,Olfactory bulb,figshare.com/s/1c29d867bc8b90d754d2,body,7,10.1038/s41588-023-01435-6,PMC10335937,
sampath2023_stereo,Mouse olfactory bulb dataset,Stereo-seq,Olfactory bulb,figshare.com/s/1c29d867bc8b90d754d2](https://doi.org/10.6084/m9.figshare.21695879.v1,body,7,10.1038/s41588-023-01435-6,PMC10335937,
10x_genomics_vis2024_visium,10x Genomics Visium superficial biopsies datasets,10x Genomics Visium,endometrium,GSE111976,body,7,10.1038/s41588-024-01873-w,PMC11387200,
10x_genomics_vis2024_visium,10x Genomics Visium superficial biopsies datasets,10x Genomics Visium,endometrium,GSE179640,body,7,10.1038/s41588-024-01873-w,PMC11387200,
10x_genomics_vis2024_visium,10x Genomics Visium superficial biopsies datasets,10x Genomics Visium,endometrium,GSE183837,body,7,10.1038/s41588-024-01873-w,PMC11387200,
10x_genomics_vis2024_visium,10x Genomics Visium superficial biopsies datasets,10x Genomics Visium,endometrium,GSE213216,body,7,10.1038/s41588-024-01873-w,PMC11387200,
10x_genomics_vis2024_visium,10x Genomics Visium superficial biopsies datasets,10x Genomics Visium,endometrium,GSE214411,body,7,10.1038/s41588-024-01873-w,PMC11387200,
10x_genomics_vis2024_visium,10x Genomics Visium superficial biopsies datasets,10x Genomics Visium,endometrium,cellxgene.cziscience.com/docs/04__Analyze%20Public%20Data/4_1__Hosted%20Tu](https://cellxgene.cziscience.com/docs/04__Analyze%20Public%20Data/4_1__Hosted%20Tutorials,body,7,10.1038/s41588-024-01873-w,PMC11387200,
10x_genomics_vis2024_visium,10x Genomics Visium superficial biopsies datasets,10x Genomics Visium,endometrium,cellxgene.cziscience.com/docs/04__Analyze%20Public%20Data/4_1__Hosted%20Tutorials,body,7,10.1038/s41588-024-01873-w,PMC11387200,
vannan2025_xenium,human lung fibrosis data,Xenium,lung,10.5281/zenodo.11562577,body,3,10.1038/s41588-025-02080-x,PMC11906353,
vannan2025_xenium,human lung fibrosis data,Xenium,lung,10.5281/zenodo.14538392,body,3,10.1038/s41588-025-02080-x,PMC11906353,
vannan2025_xenium,human lung fibrosis data,Xenium,lung,GSE250346,body,3,10.1038/s41588-025-02080-x,PMC11906353,
de2025_unknown,CRC-HD,,colorectal cancer,10.5281/zenodo.15042463,body,3,10.1038/s41588-025-02193-3,PMC12165841,
oliveira2025_visiumhd,10x Visium HD Human Colorectal Cancer (HCRC),VisiumHD,colorectal cancer,10.5281/zenodo.15042463,body,3,10.1038/s41588-025-02193-3,PMC12165841,www.10xgenomics.com/datasets/visium-hd-human-crc
de2025_visium,Visium and Xenium spatial transcriptomics of colorectal cancer,Visium / Xenium,colorectal cancer,10.5281/zenodo.15042463,body,3,10.1038/s41588-025-02193-3,PMC12165841,https://doi.org/10.1038/s41588-025-02193-3
de2025_chromium,Chromium_HumanColon_Oliveira,Chromium,colorectal cancer,10.5281/zenodo.15042463,body,3,10.1038/s41588-025-02193-3,PMC12165841,https://doi.org/10.1038/s41588-025-02193-3
de2025_visiumhd,VisiumHD_HumanColon_Oliveira,Visium HD,colorectal cancer,10.5281/zenodo.15042463,body,3,10.1038/s41588-025-02193-3,PMC12165841,https://doi.org/10.1038/s41588-025-02193-3
oliveira2025_visium,"CRC pair (Visium CytAssist V2, Sample P2 CRC; Xenium In Situ, Sample P2 CRC; Chromium Single Cell Flex)",10x Genomics Xenium / Visium,colorectal cancer,10.5281/zenodo.15042463,body,3,10.1038/s41588-025-02193-3,PMC12165841,https://www.10xgenomics.com/products/visium-hd-spatial-gene-expression/dataset-human-crc
de2025_unknown,CRC-HD,,colorectal cancer,GSE280318,body,3,10.1038/s41588-025-02193-3,PMC12165841,
oliveira2025_visiumhd,10x Visium HD Human Colorectal Cancer (HCRC),VisiumHD,colorectal cancer,GSE280318,body,3,10.1038/s41588-025-02193-3,PMC12165841,www.10xgenomics.com/datasets/visium-hd-human-crc
de2025_visium,Visium and Xenium spatial transcriptomics of colorectal cancer,Visium / Xenium,colorectal cancer,GSE280318,body,3,10.1038/s41588-025-02193-3,PMC12165841,https://doi.org/10.1038/s41588-025-02193-3
de2025_chromium,Chromium_HumanColon_Oliveira,Chromium,colorectal cancer,GSE280318,body,3,10.1038/s41588-025-02193-3,PMC12165841,https://doi.org/10.1038/s41588-025-02193-3
de2025_visiumhd,VisiumHD_HumanColon_Oliveira,Visium HD,colorectal cancer,GSE280318,body,3,10.1038/s41588-025-02193-3,PMC12165841,https://doi.org/10.1038/s41588-025-02193-3
oliveira2025_visium,"CRC pair (Visium CytAssist V2, Sample P2 CRC; Xenium In Situ, Sample P2 CRC; Chromium Single Cell Flex)",10x Genomics Xenium / Visium,colorectal cancer,GSE280318,body,3,10.1038/s41588-025-02193-3,PMC12165841,https://www.10xgenomics.com/products/visium-hd-spatial-gene-expression/dataset-human-crc
de2025_unknown,CRC-HD,,colorectal cancer,zenodo.org/records/15042463,body,3,10.1038/s41588-025-02193-3,PMC12165841,
oliveira2025_visiumhd,10x Visium HD Human Colorectal Cancer (HCRC),VisiumHD,colorectal cancer,zenodo.org/records/15042463,body,3,10.1038/s41588-025-02193-3,PMC12165841,www.10xgenomics.com/datasets/visium-hd-human-crc
de2025_visium,Visium and Xenium spatial transcriptomics of colorectal cancer,Visium / Xenium,colorectal cancer,zenodo.org/records/15042463,body,3,10.1038/s41588-025-02193-3,PMC12165841,https://doi.org/10.1038/s41588-025-02193-3
de2025_chromium,Chromium_HumanColon_Oliveira,Chromium,colorectal cancer,zenodo.org/records/15042463,body,3,10.1038/s41588-025-02193-3,PMC12165841,https://doi.org/10.1038/s41588-025-02193-3
de2025_visiumhd,VisiumHD_HumanColon_Oliveira,Visium HD,colorectal cancer,zenodo.org/records/15042463,body,3,10.1038/s41588-025-02193-3,PMC12165841,https://doi.org/10.1038/s41588-025-02193-3
oliveira2025_visium,"CRC pair (Visium CytAssist V2, Sample P2 CRC; Xenium In Situ, Sample P2 CRC; Chromium Single Cell Flex)",10x Genomics Xenium / Visium,colorectal cancer,zenodo.org/records/15042463,body,3,10.1038/s41588-025-02193-3,PMC12165841,https://www.10xgenomics.com/products/visium-hd-spatial-gene-expression/dataset-human-crc
greek_validation2025_geomx,Greek validation cohort,PhenoCycler-Fusion / DSP-GeoMx WTA or CTA,non-small cell lung cancer tissue,10.5281/zenodo.6411867,body,2,10.1038/s41588-025-02351-7,PMC12513832,
greek_validation2025_geomx,Greek validation cohort,PhenoCycler-Fusion / DSP-GeoMx WTA or CTA,non-small cell lung cancer tissue,10.6084/m9.figshare.29944619.,body,2,10.1038/s41588-025-02351-7,PMC12513832,
bone_marrow_cite2024_10x_genomics,Bone marrow CITE-seq and Infinity Flow datasets,10x Genomics Chromium; Cytek Aurora,Bone marrow,GSE120221,body,2,10.1038/s41590-024-01782-4,PMC11003869,
bone_marrow_cite2024_10x_genomics,Bone marrow CITE-seq and Infinity Flow datasets,10x Genomics Chromium; Cytek Aurora,Bone marrow,GSM5613757,body,2,10.1038/s41590-024-01782-4,PMC11003869,
yeh2024_cosmx,Human ovarian cancer (CosMx SMI),CosMx SMI,ovary,10.5281/zenodo.12613839,body,9,10.1038/s41590-024-01943-5,PMC11436371,
yeh2024_xenium,"Ovarian Cancer datasets (CosMx, Xenium, MERFISH)",CosMx / Xenium / MERFISH,ovary,10.5281/zenodo.12613839,body,9,10.1038/s41590-024-01943-5,PMC11436371,
yeh2024_cosmx,Human ovarian cancer (CosMx SMI),CosMx SMI,ovary,GSE118828,body,9,10.1038/s41590-024-01943-5,PMC11436371,
yeh2024_xenium,"Ovarian Cancer datasets (CosMx, Xenium, MERFISH)",CosMx / Xenium / MERFISH,ovary,GSE118828,body,9,10.1038/s41590-024-01943-5,PMC11436371,
yeh2024_cosmx,Human ovarian cancer (CosMx SMI),CosMx SMI,ovary,GSE146026,body,9,10.1038/s41590-024-01943-5,PMC11436371,
yeh2024_xenium,"Ovarian Cancer datasets (CosMx, Xenium, MERFISH)",CosMx / Xenium / MERFISH,ovary,GSE146026,body,9,10.1038/s41590-024-01943-5,PMC11436371,
yeh2024_cosmx,Human ovarian cancer (CosMx SMI),CosMx SMI,ovary,GSE147082,body,9,10.1038/s41590-024-01943-5,PMC11436371,
yeh2024_xenium,"Ovarian Cancer datasets (CosMx, Xenium, MERFISH)",CosMx / Xenium / MERFISH,ovary,GSE147082,body,9,10.1038/s41590-024-01943-5,PMC11436371,
yeh2024_cosmx,Human ovarian cancer (CosMx SMI),CosMx SMI,ovary,GSE154600,body,9,10.1038/s41590-024-01943-5,PMC11436371,
yeh2024_xenium,"Ovarian Cancer datasets (CosMx, Xenium, MERFISH)",CosMx / Xenium / MERFISH,ovary,GSE154600,body,9,10.1038/s41590-024-01943-5,PMC11436371,
yeh2024_cosmx,Human ovarian cancer (CosMx SMI),CosMx SMI,ovary,GSE173682,body,9,10.1038/s41590-024-01943-5,PMC11436371,
yeh2024_xenium,"Ovarian Cancer datasets (CosMx, Xenium, MERFISH)",CosMx / Xenium / MERFISH,ovary,GSE173682,body,9,10.1038/s41590-024-01943-5,PMC11436371,
yeh2024_cosmx,Human ovarian cancer (CosMx SMI),CosMx SMI,ovary,SRP1,body,9,10.1038/s41590-024-01943-5,PMC11436371,
yeh2024_xenium,"Ovarian Cancer datasets (CosMx, Xenium, MERFISH)",CosMx / Xenium / MERFISH,ovary,SRP1,body,9,10.1038/s41590-024-01943-5,PMC11436371,
yeh2024_cosmx,Human ovarian cancer (CosMx SMI),CosMx SMI,ovary,SRP14,body,9,10.1038/s41590-024-01943-5,PMC11436371,
yeh2024_xenium,"Ovarian Cancer datasets (CosMx, Xenium, MERFISH)",CosMx / Xenium / MERFISH,ovary,SRP14,body,9,10.1038/s41590-024-01943-5,PMC11436371,
yeh2024_cosmx,Human ovarian cancer (CosMx SMI),CosMx SMI,ovary,SRP9,body,9,10.1038/s41590-024-01943-5,PMC11436371,
yeh2024_xenium,"Ovarian Cancer datasets (CosMx, Xenium, MERFISH)",CosMx / Xenium / MERFISH,ovary,SRP9,body,9,10.1038/s41590-024-01943-5,PMC11436371,
visium_spatial_g2025_visium_2,Visium Spatial Gene Expression (human adult skin),10x Genomics Visium Spatial Gene Expression,Skin,GSE123813,body,34,10.1038/s41590-025-02267-8,PMC12479362,
xenium_in_situ_52025_xenium,Xenium in situ 5k-plex (human adult skin - atopic dermatitis),10x Genomics Xenium in situ 5k-plex,Skin,GSE123813,body,34,10.1038/s41590-025-02267-8,PMC12479362,
visium_spatial_g2025_visium_2,Visium Spatial Gene Expression (human adult skin),10x Genomics Visium Spatial Gene Expression,Skin,GSE130973,body,34,10.1038/s41590-025-02267-8,PMC12479362,
xenium_in_situ_52025_xenium,Xenium in situ 5k-plex (human adult skin - atopic dermatitis),10x Genomics Xenium in situ 5k-plex,Skin,GSE130973,body,34,10.1038/s41590-025-02267-8,PMC12479362,
visium_spatial_g2025_visium_2,Visium Spatial Gene Expression (human adult skin),10x Genomics Visium Spatial Gene Expression,Skin,GSE132802,body,34,10.1038/s41590-025-02267-8,PMC12479362,
xenium_in_situ_52025_xenium,Xenium in situ 5k-plex (human adult skin - atopic dermatitis),10x Genomics Xenium in situ 5k-plex,Skin,GSE132802,body,34,10.1038/s41590-025-02267-8,PMC12479362,
visium_spatial_g2025_visium_2,Visium Spatial Gene Expression (human adult skin),10x Genomics Visium Spatial Gene Expression,Skin,GSE138669,body,34,10.1038/s41590-025-02267-8,PMC12479362,
xenium_in_situ_52025_xenium,Xenium in situ 5k-plex (human adult skin - atopic dermatitis),10x Genomics Xenium in situ 5k-plex,Skin,GSE138669,body,34,10.1038/s41590-025-02267-8,PMC12479362,
visium_spatial_g2025_visium_2,Visium Spatial Gene Expression (human adult skin),10x Genomics Visium Spatial Gene Expression,Skin,GSE144236,body,34,10.1038/s41590-025-02267-8,PMC12479362,
xenium_in_situ_52025_xenium,Xenium in situ 5k-plex (human adult skin - atopic dermatitis),10x Genomics Xenium in situ 5k-plex,Skin,GSE144236,body,34,10.1038/s41590-025-02267-8,PMC12479362,
visium_spatial_g2025_visium_2,Visium Spatial Gene Expression (human adult skin),10x Genomics Visium Spatial Gene Expression,Skin,GSE154775,body,34,10.1038/s41590-025-02267-8,PMC12479362,
xenium_in_situ_52025_xenium,Xenium in situ 5k-plex (human adult skin - atopic dermatitis),10x Genomics Xenium in situ 5k-plex,Skin,GSE154775,body,34,10.1038/s41590-025-02267-8,PMC12479362,
visium_spatial_g2025_visium_2,Visium Spatial Gene Expression (human adult skin),10x Genomics Visium Spatial Gene Expression,Skin,GSE158924,body,34,10.1038/s41590-025-02267-8,PMC12479362,
xenium_in_situ_52025_xenium,Xenium in situ 5k-plex (human adult skin - atopic dermatitis),10x Genomics Xenium in situ 5k-plex,Skin,GSE158924,body,34,10.1038/s41590-025-02267-8,PMC12479362,
visium_spatial_g2025_visium_2,Visium Spatial Gene Expression (human adult skin),10x Genomics Visium Spatial Gene Expression,Skin,GSE163028,body,34,10.1038/s41590-025-02267-8,PMC12479362,
xenium_in_situ_52025_xenium,Xenium in situ 5k-plex (human adult skin - atopic dermatitis),10x Genomics Xenium in situ 5k-plex,Skin,GSE163028,body,34,10.1038/s41590-025-02267-8,PMC12479362,
visium_spatial_g2025_visium_2,Visium Spatial Gene Expression (human adult skin),10x Genomics Visium Spatial Gene Expression,Skin,GSE163973,body,34,10.1038/s41590-025-02267-8,PMC12479362,
xenium_in_situ_52025_xenium,Xenium in situ 5k-plex (human adult skin - atopic dermatitis),10x Genomics Xenium in situ 5k-plex,Skin,GSE163973,body,34,10.1038/s41590-025-02267-8,PMC12479362,
visium_spatial_g2025_visium_2,Visium Spatial Gene Expression (human adult skin),10x Genomics Visium Spatial Gene Expression,Skin,GSE166796,body,34,10.1038/s41590-025-02267-8,PMC12479362,
xenium_in_situ_52025_xenium,Xenium in situ 5k-plex (human adult skin - atopic dermatitis),10x Genomics Xenium in situ 5k-plex,Skin,GSE166796,body,34,10.1038/s41590-025-02267-8,PMC12479362,
visium_spatial_g2025_visium_2,Visium Spatial Gene Expression (human adult skin),10x Genomics Visium Spatial Gene Expression,Skin,GSE169147,body,34,10.1038/s41590-025-02267-8,PMC12479362,
xenium_in_situ_52025_xenium,Xenium in situ 5k-plex (human adult skin - atopic dermatitis),10x Genomics Xenium in situ 5k-plex,Skin,GSE169147,body,34,10.1038/s41590-025-02267-8,PMC12479362,
visium_spatial_g2025_visium_2,Visium Spatial Gene Expression (human adult skin),10x Genomics Visium Spatial Gene Expression,Skin,GSE173252,body,34,10.1038/s41590-025-02267-8,PMC12479362,
xenium_in_situ_52025_xenium,Xenium in situ 5k-plex (human adult skin - atopic dermatitis),10x Genomics Xenium in situ 5k-plex,Skin,GSE173252,body,34,10.1038/s41590-025-02267-8,PMC12479362,
visium_spatial_g2025_visium_2,Visium Spatial Gene Expression (human adult skin),10x Genomics Visium Spatial Gene Expression,Skin,GSE173706,body,34,10.1038/s41590-025-02267-8,PMC12479362,
xenium_in_situ_52025_xenium,Xenium in situ 5k-plex (human adult skin - atopic dermatitis),10x Genomics Xenium in situ 5k-plex,Skin,GSE173706,body,34,10.1038/s41590-025-02267-8,PMC12479362,
visium_spatial_g2025_visium_2,Visium Spatial Gene Expression (human adult skin),10x Genomics Visium Spatial Gene Expression,Skin,GSE175817,body,34,10.1038/s41590-025-02267-8,PMC12479362,
xenium_in_situ_52025_xenium,Xenium in situ 5k-plex (human adult skin - atopic dermatitis),10x Genomics Xenium in situ 5k-plex,Skin,GSE175817,body,34,10.1038/s41590-025-02267-8,PMC12479362,
visium_spatial_g2025_visium_2,Visium Spatial Gene Expression (human adult skin),10x Genomics Visium Spatial Gene Expression,Skin,GSE175990,body,34,10.1038/s41590-025-02267-8,PMC12479362,
xenium_in_situ_52025_xenium,Xenium in situ 5k-plex (human adult skin - atopic dermatitis),10x Genomics Xenium in situ 5k-plex,Skin,GSE175990,body,34,10.1038/s41590-025-02267-8,PMC12479362,
visium_spatial_g2025_visium_2,Visium Spatial Gene Expression (human adult skin),10x Genomics Visium Spatial Gene Expression,Skin,GSE181297,body,34,10.1038/s41590-025-02267-8,PMC12479362,
xenium_in_situ_52025_xenium,Xenium in situ 5k-plex (human adult skin - atopic dermatitis),10x Genomics Xenium in situ 5k-plex,Skin,GSE181297,body,34,10.1038/s41590-025-02267-8,PMC12479362,
visium_spatial_g2025_visium_2,Visium Spatial Gene Expression (human adult skin),10x Genomics Visium Spatial Gene Expression,Skin,GSE181316,body,34,10.1038/s41590-025-02267-8,PMC12479362,
xenium_in_situ_52025_xenium,Xenium in situ 5k-plex (human adult skin - atopic dermatitis),10x Genomics Xenium in situ 5k-plex,Skin,GSE181316,body,34,10.1038/s41590-025-02267-8,PMC12479362,
visium_spatial_g2025_visium_2,Visium Spatial Gene Expression (human adult skin),10x Genomics Visium Spatial Gene Expression,Skin,GSE181907,body,34,10.1038/s41590-025-02267-8,PMC12479362,
xenium_in_situ_52025_xenium,Xenium in situ 5k-plex (human adult skin - atopic dermatitis),10x Genomics Xenium in situ 5k-plex,Skin,GSE181907,body,34,10.1038/s41590-025-02267-8,PMC12479362,
visium_spatial_g2025_visium_2,Visium Spatial Gene Expression (human adult skin),10x Genomics Visium Spatial Gene Expression,Skin,GSE186476,body,34,10.1038/s41590-025-02267-8,PMC12479362,
xenium_in_situ_52025_xenium,Xenium in situ 5k-plex (human adult skin - atopic dermatitis),10x Genomics Xenium in situ 5k-plex,Skin,GSE186476,body,34,10.1038/s41590-025-02267-8,PMC12479362,
visium_spatial_g2025_visium_2,Visium Spatial Gene Expression (human adult skin),10x Genomics Visium Spatial Gene Expression,Skin,GSE189889,body,34,10.1038/s41590-025-02267-8,PMC12479362,
xenium_in_situ_52025_xenium,Xenium in situ 5k-plex (human adult skin - atopic dermatitis),10x Genomics Xenium in situ 5k-plex,Skin,GSE189889,body,34,10.1038/s41590-025-02267-8,PMC12479362,
visium_spatial_g2025_visium_2,Visium Spatial Gene Expression (human adult skin),10x Genomics Visium Spatial Gene Expression,Skin,GSE202352,body,34,10.1038/s41590-025-02267-8,PMC12479362,
xenium_in_situ_52025_xenium,Xenium in situ 5k-plex (human adult skin - atopic dermatitis),10x Genomics Xenium in situ 5k-plex,Skin,GSE202352,body,34,10.1038/s41590-025-02267-8,PMC12479362,
visium_spatial_g2025_visium_2,Visium Spatial Gene Expression (human adult skin),10x Genomics Visium Spatial Gene Expression,Skin,GSE212450,body,34,10.1038/s41590-025-02267-8,PMC12479362,
xenium_in_situ_52025_xenium,Xenium in situ 5k-plex (human adult skin - atopic dermatitis),10x Genomics Xenium in situ 5k-plex,Skin,GSE212450,body,34,10.1038/s41590-025-02267-8,PMC12479362,
visium_spatial_g2025_visium_2,Visium Spatial Gene Expression (human adult skin),10x Genomics Visium Spatial Gene Expression,Skin,GSE215120,body,34,10.1038/s41590-025-02267-8,PMC12479362,
xenium_in_situ_52025_xenium,Xenium in situ 5k-plex (human adult skin - atopic dermatitis),10x Genomics Xenium in situ 5k-plex,Skin,GSE215120,body,34,10.1038/s41590-025-02267-8,PMC12479362,
visium_spatial_g2025_visium_2,Visium Spatial Gene Expression (human adult skin),10x Genomics Visium Spatial Gene Expression,Skin,GSE228421,body,34,10.1038/s41590-025-02267-8,PMC12479362,
xenium_in_situ_52025_xenium,Xenium in situ 5k-plex (human adult skin - atopic dermatitis),10x Genomics Xenium in situ 5k-plex,Skin,GSE228421,body,34,10.1038/s41590-025-02267-8,PMC12479362,
visium_spatial_g2025_visium_2,Visium Spatial Gene Expression (human adult skin),10x Genomics Visium Spatial Gene Expression,Skin,GSE229279,body,34,10.1038/s41590-025-02267-8,PMC12479362,
xenium_in_situ_52025_xenium,Xenium in situ 5k-plex (human adult skin - atopic dermatitis),10x Genomics Xenium in situ 5k-plex,Skin,GSE229279,body,34,10.1038/s41590-025-02267-8,PMC12479362,
visium_spatial_g2025_visium_2,Visium Spatial Gene Expression (human adult skin),10x Genomics Visium Spatial Gene Expression,Skin,GSE233280,body,34,10.1038/s41590-025-02267-8,PMC12479362,
xenium_in_situ_52025_xenium,Xenium in situ 5k-plex (human adult skin - atopic dermatitis),10x Genomics Xenium in situ 5k-plex,Skin,GSE233280,body,34,10.1038/s41590-025-02267-8,PMC12479362,
visium_spatial_g2025_visium_2,Visium Spatial Gene Expression (human adult skin),10x Genomics Visium Spatial Gene Expression,Skin,GSE234987,body,34,10.1038/s41590-025-02267-8,PMC12479362,
xenium_in_situ_52025_xenium,Xenium in situ 5k-plex (human adult skin - atopic dermatitis),10x Genomics Xenium in situ 5k-plex,Skin,GSE234987,body,34,10.1038/s41590-025-02267-8,PMC12479362,
visium_spatial_g2025_visium_2,Visium Spatial Gene Expression (human adult skin),10x Genomics Visium Spatial Gene Expression,Skin,GSE249279,body,34,10.1038/s41590-025-02267-8,PMC12479362,
xenium_in_situ_52025_xenium,Xenium in situ 5k-plex (human adult skin - atopic dermatitis),10x Genomics Xenium in situ 5k-plex,Skin,GSE249279,body,34,10.1038/s41590-025-02267-8,PMC12479362,
visium_spatial_g2025_visium_2,Visium Spatial Gene Expression (human adult skin),10x Genomics Visium Spatial Gene Expression,Skin,GSE282122,body,34,10.1038/s41590-025-02267-8,PMC12479362,
xenium_in_situ_52025_xenium,Xenium in situ 5k-plex (human adult skin - atopic dermatitis),10x Genomics Xenium in situ 5k-plex,Skin,GSE282122,body,34,10.1038/s41590-025-02267-8,PMC12479362,
visium_spatial_g2025_visium_2,Visium Spatial Gene Expression (human adult skin),10x Genomics Visium Spatial Gene Expression,Skin,HRA000772,body,34,10.1038/s41590-025-02267-8,PMC12479362,
xenium_in_situ_52025_xenium,Xenium in situ 5k-plex (human adult skin - atopic dermatitis),10x Genomics Xenium in situ 5k-plex,Skin,HRA000772,body,34,10.1038/s41590-025-02267-8,PMC12479362,
visium_spatial_g2025_visium_2,Visium Spatial Gene Expression (human adult skin),10x Genomics Visium Spatial Gene Expression,Skin,PRJNA607098,body,34,10.1038/s41590-025-02267-8,PMC12479362,
xenium_in_situ_52025_xenium,Xenium in situ 5k-plex (human adult skin - atopic dermatitis),10x Genomics Xenium in situ 5k-plex,Skin,PRJNA607098,body,34,10.1038/s41590-025-02267-8,PMC12479362,
visium_spatial_g2025_visium_2,Visium Spatial Gene Expression (human adult skin),10x Genomics Visium Spatial Gene Expression,Skin,PRJNA754272,body,34,10.1038/s41590-025-02267-8,PMC12479362,
xenium_in_situ_52025_xenium,Xenium in situ 5k-plex (human adult skin - atopic dermatitis),10x Genomics Xenium in situ 5k-plex,Skin,PRJNA754272,body,34,10.1038/s41590-025-02267-8,PMC12479362,
visium_spatial_g2025_visium_2,Visium Spatial Gene Expression (human adult skin),10x Genomics Visium Spatial Gene Expression,Skin,SRP1,body,34,10.1038/s41590-025-02267-8,PMC12479362,
xenium_in_situ_52025_xenium,Xenium in situ 5k-plex (human adult skin - atopic dermatitis),10x Genomics Xenium in situ 5k-plex,Skin,SRP1,body,34,10.1038/s41590-025-02267-8,PMC12479362,
visium_spatial_g2025_visium_2,Visium Spatial Gene Expression (human adult skin),10x Genomics Visium Spatial Gene Expression,Skin,SRP2,body,34,10.1038/s41590-025-02267-8,PMC12479362,
xenium_in_situ_52025_xenium,Xenium in situ 5k-plex (human adult skin - atopic dermatitis),10x Genomics Xenium in situ 5k-plex,Skin,SRP2,body,34,10.1038/s41590-025-02267-8,PMC12479362,
sultana2025_xenium,Dataset 4,Xenium,kidney,10.5281/zenodo.5256255,body,1,10.1038/s41590-025-02291-8,PMC12571875,https://doi.org/10.1101/2024.12.18.629206
hdst_main_olfact2019_hdst,HDST Main Olfactory Bulb Dataset,HDST,main olfactory bulb,GSE118389,body,2,10.1038/s41592-019-0548-y,PMC6765407,
hdst_main_olfact2019_hdst,HDST Main Olfactory Bulb Dataset,HDST,main olfactory bulb,PRJNA316587,body,2,10.1038/s41592-019-0548-y,PMC6765407,
qian2020_iss,ISS of left and right hippocampal area CA1,in situ sequencing (ISS),hippocampal area CA1,10.6084/m9.figshare.7150760.,body,1,10.1038/s41592-019-0631-4,PMC6949128,https://tissuumaps.research.it.uu.se/demo/ISS_Qian_et_al.html
palla2022_visium,Mouse brain fluorescence image dataset,Visium,brain,10.5281/zenodo.3773450,body,4,10.1038/s41592-021-01358-2,PMC8828470,https://squidpy.readthedocs.io/en/stable/api/squidpy.datasets.visium_hne_adata.html
palla2022_seqfish,Mouse embryo 2 (E8.5),SeqFISH,Embryo,10.5281/zenodo.3773450,body,4,10.1038/s41592-021-01358-2,PMC8828470,https://github.com/MarioniLab/SpatialMouseAtlas2020
palla2022_slideseq,Mouse hippocampus,Slide-seqV2,Hippocampus,10.5281/zenodo.3773450,body,4,10.1038/s41592-021-01358-2,PMC8828470,
palla2022_visium,Mouse brain fluorescence image dataset,Visium,brain,10.5281/zenodo.4470554,body,4,10.1038/s41592-021-01358-2,PMC8828470,https://squidpy.readthedocs.io/en/stable/api/squidpy.datasets.visium_hne_adata.html
palla2022_seqfish,Mouse embryo 2 (E8.5),SeqFISH,Embryo,10.5281/zenodo.4470554,body,4,10.1038/s41592-021-01358-2,PMC8828470,https://github.com/MarioniLab/SpatialMouseAtlas2020
palla2022_slideseq,Mouse hippocampus,Slide-seqV2,Hippocampus,10.5281/zenodo.4470554,body,4,10.1038/s41592-021-01358-2,PMC8828470,
palla2022_visium,Mouse brain fluorescence image dataset,Visium,brain,singlecell.broadinstitute.org/single_cell,body,4,10.1038/s41592-021-01358-2,PMC8828470,https://squidpy.readthedocs.io/en/stable/api/squidpy.datasets.visium_hne_adata.html
palla2022_seqfish,Mouse embryo 2 (E8.5),SeqFISH,Embryo,singlecell.broadinstitute.org/single_cell,body,4,10.1038/s41592-021-01358-2,PMC8828470,https://github.com/MarioniLab/SpatialMouseAtlas2020
palla2022_slideseq,Mouse hippocampus,Slide-seqV2,Hippocampus,singlecell.broadinstitute.org/single_cell,body,4,10.1038/s41592-021-01358-2,PMC8828470,
palla2022_visium,Mouse brain fluorescence image dataset,Visium,brain,zenodo.org/record/3951613,body,4,10.1038/s41592-021-01358-2,PMC8828470,https://squidpy.readthedocs.io/en/stable/api/squidpy.datasets.visium_hne_adata.html
palla2022_seqfish,Mouse embryo 2 (E8.5),SeqFISH,Embryo,zenodo.org/record/3951613,body,4,10.1038/s41592-021-01358-2,PMC8828470,https://github.com/MarioniLab/SpatialMouseAtlas2020
palla2022_slideseq,Mouse hippocampus,Slide-seqV2,Hippocampus,zenodo.org/record/3951613,body,4,10.1038/s41592-021-01358-2,PMC8828470,
10x_visium_mouse2022_visium,10X Visium mouse brain data,Visium,brain- anterior,10.5281/zenodo.7130877,body,4,10.1038/s41592-022-01687-w,PMC9911348,https://support.10xgenomics.com/spatial-gene-expression/datasets
10x_visium_mouse2022_visium,10X Visium mouse brain data,Visium,brain- anterior,GSE164430,body,4,10.1038/s41592-022-01687-w,PMC9911348,https://support.10xgenomics.com/spatial-gene-expression/datasets
10x_visium_mouse2022_visium,10X Visium mouse brain data,Visium,brain- anterior,SRP1,body,4,10.1038/s41592-022-01687-w,PMC9911348,https://support.10xgenomics.com/spatial-gene-expression/datasets
10x_visium_mouse2022_visium,10X Visium mouse brain data,Visium,brain- anterior,singlecell.broadinstitute.org/single_cell/study/SCP815/highly-sensitivespatial-transcriptomics-at,body,4,10.1038/s41592-022-01687-w,PMC9911348,https://support.10xgenomics.com/spatial-gene-expression/datasets
in_house_tnbc_pa2025_xenium,In-house TNBC patient-derived xenograft,Xenium,triple-negative breast cancer,10.5281/zenodo.1214456,body,2,10.1038/s41592-025-02707-1,PMC12240810,
chen2025_unknown,OmiCLIP-ST,,,10.5281/zenodo.1214456,body,2,10.1038/s41592-025-02707-1,PMC12240810,https://github.com/hrlblab/computer_vision_spatial_omics
in_house_tnbc_pa2025_xenium,In-house TNBC patient-derived xenograft,Xenium,triple-negative breast cancer,cellxgene.cziscience.com/collections/8191c283-081...,body,2,10.1038/s41592-025-02707-1,PMC12240810,
chen2025_unknown,OmiCLIP-ST,,,cellxgene.cziscience.com/collections/8191c283-081...,body,2,10.1038/s41592-025-02707-1,PMC12240810,https://github.com/hrlblab/computer_vision_spatial_omics
craave_seq_in_vi2025_craaveseq_aa,"CrAAVe-seq in vivo pooled CRISPR screening datasets (M1, M3, and Chaperone libraries)",CrAAVe-seq (AAV episome sequencing / Illumina sequencing),Brain,10.5061/dryad.0k6djhb9t,body,5,10.1038/s41593-025-02043-9,PMC12497649,10.5061/dryad.0k6djhb9t
craave_seq_in_vi2025_craaveseq_aa,"CrAAVe-seq in vivo pooled CRISPR screening datasets (M1, M3, and Chaperone libraries)",CrAAVe-seq (AAV episome sequencing / Illumina sequencing),Brain,10.5281/zenodo.12774208,body,5,10.1038/s41593-025-02043-9,PMC12497649,10.5061/dryad.0k6djhb9t
craave_seq_in_vi2025_craaveseq_aa,"CrAAVe-seq in vivo pooled CRISPR screening datasets (M1, M3, and Chaperone libraries)",CrAAVe-seq (AAV episome sequencing / Illumina sequencing),Brain,10.5281/zenodo.12774305,body,5,10.1038/s41593-025-02043-9,PMC12497649,10.5061/dryad.0k6djhb9t
craave_seq_in_vi2025_craaveseq_aa,"CrAAVe-seq in vivo pooled CRISPR screening datasets (M1, M3, and Chaperone libraries)",CrAAVe-seq (AAV episome sequencing / Illumina sequencing),Brain,10.5281/zenodo.12774352,body,5,10.1038/s41593-025-02043-9,PMC12497649,10.5061/dryad.0k6djhb9t
craave_seq_in_vi2025_craaveseq_aa,"CrAAVe-seq in vivo pooled CRISPR screening datasets (M1, M3, and Chaperone libraries)",CrAAVe-seq (AAV episome sequencing / Illumina sequencing),Brain,10.5281/zenodo.12774353,body,5,10.1038/s41593-025-02043-9,PMC12497649,10.5061/dryad.0k6djhb9t
visium_spatial_t2022_visium,Visium spatial transcriptomics dataset of normal human liver,10X Genomics Visium,normal liver,PRJNA821403,body,2,10.1038/s41597-022-01676-w,PMC9581974,PRJNA821403
visium_spatial_t2022_visium,Visium spatial transcriptomics dataset of normal human liver,10X Genomics Visium,normal liver,SRP366630,body,2,10.1038/s41597-022-01676-w,PMC9581974,PRJNA821403
zhao2023_stereo,Lung adenosquamous carcinoma Stereo-seq data,Stereo-seq,lung,HRA004240,body,2,10.1038/s41698-023-00430-8,PMC10460394,HRA004240
zhao2023_stereo,Lung adenosquamous carcinoma Stereo-seq data,Stereo-seq,lung,PRJNA765468,body,2,10.1038/s41698-023-00430-8,PMC10460394,HRA004240
visium_spatial_g2024_visium,Visium spatial gene expression library,Visium,"Hepatocellular carcinoma, cirrhosis, and non-carcinoma liver control",ERP1,body,5,10.1038/s41698-024-00752-1,PMC11568154,
visium_spatial_g2024_visium,Visium spatial gene expression library,Visium,"Hepatocellular carcinoma, cirrhosis, and non-carcinoma liver control",ERP44,body,5,10.1038/s41698-024-00752-1,PMC11568154,
visium_spatial_g2024_visium,Visium spatial gene expression library,Visium,"Hepatocellular carcinoma, cirrhosis, and non-carcinoma liver control",SRP1,body,5,10.1038/s41698-024-00752-1,PMC11568154,
visium_spatial_g2024_visium,Visium spatial gene expression library,Visium,"Hepatocellular carcinoma, cirrhosis, and non-carcinoma liver control",SRP14,body,5,10.1038/s41698-024-00752-1,PMC11568154,
visium_spatial_g2024_visium,Visium spatial gene expression library,Visium,"Hepatocellular carcinoma, cirrhosis, and non-carcinoma liver control",SRP9,body,5,10.1038/s41698-024-00752-1,PMC11568154,
andersson2020_st_2,Mouse brain ST dataset (Andersson et al.),ST,Brain,10.5281/zenodo.3951884,body,3,10.1038/s42003-020-01247-y,PMC7547664,
andersson2020_spatial_tran,Breast cancer spatial transcriptomics slides,spatial transcriptomics,breast cancer,10.5281/zenodo.3951884,body,3,10.1038/s42003-020-01247-y,PMC7547664,https://github.com/almaan/her2st
andersson2020_st_2,Mouse brain ST dataset (Andersson et al.),ST,Brain,singlecell.broadinstitute.org/single_cell/,body,3,10.1038/s42003-020-01247-y,PMC7547664,
andersson2020_spatial_tran,Breast cancer spatial transcriptomics slides,spatial transcriptomics,breast cancer,singlecell.broadinstitute.org/single_cell/,body,3,10.1038/s42003-020-01247-y,PMC7547664,https://github.com/almaan/her2st
andersson2020_st_2,Mouse brain ST dataset (Andersson et al.),ST,Brain,singlecell.broadinstitute.org/single_cell/`,body,3,10.1038/s42003-020-01247-y,PMC7547664,
andersson2020_spatial_tran,Breast cancer spatial transcriptomics slides,spatial transcriptomics,breast cancer,singlecell.broadinstitute.org/single_cell/`,body,3,10.1038/s42003-020-01247-y,PMC7547664,https://github.com/almaan/her2st
hubmap_kidney_da2023_brightfield,HuBMAP kidney dataset ('Hacking the Kidney' 2021 Kaggle Competition Dataset),brightfield scanner,Kidney,10.5281/zenodo.4299694,body,2,10.1038/s42003-023-04848-5,PMC10356924,https://portal.hubmapconsortium.org/
hubmap_colon_dat2023_unknown,HuBMAP colon dataset,,Colon,10.5281/zenodo.4299694,body,2,10.1038/s42003-023-04848-5,PMC10356924,https://portal.hubmapconsortium.org/
hubmap_kidney_da2023_brightfield,HuBMAP kidney dataset ('Hacking the Kidney' 2021 Kaggle Competition Dataset),brightfield scanner,Kidney,10.5281/zenodo.6629522,body,2,10.1038/s42003-023-04848-5,PMC10356924,https://portal.hubmapconsortium.org/
hubmap_colon_dat2023_unknown,HuBMAP colon dataset,,Colon,10.5281/zenodo.6629522,body,2,10.1038/s42003-023-04848-5,PMC10356924,https://portal.hubmapconsortium.org/
ghose2023_unknown,3D reconstruction of skin dataset,,skin,zenodo.org/record/5749882,body,2,10.1038/s42003-023-04991-z,PMC10356782,
ghose2023_cycif,"sc-proteomics datasets (Ghose et al., 2023)",Cyclic Immunofluorescence (CyCIF),skin,zenodo.org/record/5749882,body,2,10.1038/s42003-023-04991-z,PMC10356782,
ghose2023_unknown,3D reconstruction of skin dataset,,skin,zenodo.org/record/7565670,body,2,10.1038/s42003-023-04991-z,PMC10356782,
ghose2023_cycif,"sc-proteomics datasets (Ghose et al., 2023)",Cyclic Immunofluorescence (CyCIF),skin,zenodo.org/record/7565670,body,2,10.1038/s42003-023-04991-z,PMC10356782,
geomx_whole_tran2025_geomx,GeoMx Whole Transcriptome Atlas,GeoMx,lung,10.5281/zenodo.10952554,body,14,10.1038/s42003-025-09162-w,PMC12708732,
geomx_whole_tran2025_geomx,GeoMx Whole Transcriptome Atlas,GeoMx,lung,10.5281/zenodo.16736588,body,14,10.1038/s42003-025-09162-w,PMC12708732,
geomx_whole_tran2025_geomx,GeoMx Whole Transcriptome Atlas,GeoMx,lung,10.5281/zenodo.840297,body,14,10.1038/s42003-025-09162-w,PMC12708732,
geomx_whole_tran2025_geomx,GeoMx Whole Transcriptome Atlas,GeoMx,lung,GSE131907,body,14,10.1038/s42003-025-09162-w,PMC12708732,
geomx_whole_tran2025_geomx,GeoMx Whole Transcriptome Atlas,GeoMx,lung,GSE166720,body,14,10.1038/s42003-025-09162-w,PMC12708732,
geomx_whole_tran2025_geomx,GeoMx Whole Transcriptome Atlas,GeoMx,lung,GSE58772,body,14,10.1038/s42003-025-09162-w,PMC12708732,
geomx_whole_tran2025_geomx,GeoMx Whole Transcriptome Atlas,GeoMx,lung,GSM1499164,body,14,10.1038/s42003-025-09162-w,PMC12708732,
geomx_whole_tran2025_geomx,GeoMx Whole Transcriptome Atlas,GeoMx,lung,GSM1499165,body,14,10.1038/s42003-025-09162-w,PMC12708732,
geomx_whole_tran2025_geomx,GeoMx Whole Transcriptome Atlas,GeoMx,lung,GSM1499166,body,14,10.1038/s42003-025-09162-w,PMC12708732,
geomx_whole_tran2025_geomx,GeoMx Whole Transcriptome Atlas,GeoMx,lung,GSM1499167,body,14,10.1038/s42003-025-09162-w,PMC12708732,
geomx_whole_tran2025_geomx,GeoMx Whole Transcriptome Atlas,GeoMx,lung,GSM5081771,body,14,10.1038/s42003-025-09162-w,PMC12708732,
geomx_whole_tran2025_geomx,GeoMx Whole Transcriptome Atlas,GeoMx,lung,GSM5081772,body,14,10.1038/s42003-025-09162-w,PMC12708732,
geomx_whole_tran2025_geomx,GeoMx Whole Transcriptome Atlas,GeoMx,lung,GSM5081773,body,14,10.1038/s42003-025-09162-w,PMC12708732,
geomx_whole_tran2025_geomx,GeoMx Whole Transcriptome Atlas,GeoMx,lung,SRP1,body,14,10.1038/s42003-025-09162-w,PMC12708732,
benmoshe2019_facsbased_pr,FACS-based hepatocyte proteome,FACS-based proteomics,liver,GSE134827,body,3,10.1038/s42255-019-0109-9,PMC6751089,
spatially_sorted2019_mcscrbseq_n,Spatially sorted hepatocyte mRNA sequencing data,mcSCRB-seq / NextSeq 500,liver,GSE134827,body,3,10.1038/s42255-019-0109-9,PMC6751089,PRJNA556572
spatially_sorted2019_lcmsms_q_exa,Spatially sorted hepatocyte mass spectrometry proteomic data,LC-MS/MS (Q Exactive plus),liver,GSE134827,body,3,10.1038/s42255-019-0109-9,PMC6751089,PXD014512
benmoshe2019_facsbased_pr,FACS-based hepatocyte proteome,FACS-based proteomics,liver,PRJNA556572,body,3,10.1038/s42255-019-0109-9,PMC6751089,
spatially_sorted2019_mcscrbseq_n,Spatially sorted hepatocyte mRNA sequencing data,mcSCRB-seq / NextSeq 500,liver,PRJNA556572,body,3,10.1038/s42255-019-0109-9,PMC6751089,PRJNA556572
spatially_sorted2019_lcmsms_q_exa,Spatially sorted hepatocyte mass spectrometry proteomic data,LC-MS/MS (Q Exactive plus),liver,PRJNA556572,body,3,10.1038/s42255-019-0109-9,PMC6751089,PXD014512
benmoshe2019_facsbased_pr,FACS-based hepatocyte proteome,FACS-based proteomics,liver,PXD014512,body,3,10.1038/s42255-019-0109-9,PMC6751089,
spatially_sorted2019_mcscrbseq_n,Spatially sorted hepatocyte mRNA sequencing data,mcSCRB-seq / NextSeq 500,liver,PXD014512,body,3,10.1038/s42255-019-0109-9,PMC6751089,PRJNA556572
spatially_sorted2019_lcmsms_q_exa,Spatially sorted hepatocyte mass spectrometry proteomic data,LC-MS/MS (Q Exactive plus),liver,PXD014512,body,3,10.1038/s42255-019-0109-9,PMC6751089,PXD014512
ho2021_imc,Imaging Mass Cytometry (IMC),IMC,Hepatocellular carcinoma,ERP6855,body,1,10.1038/s43018-021-00234-4,PMC8594857,
nikopoulou2023_visium,10x Visium (mouse liver dataset),10x Visium,liver,10.5281/zenodo.5986130,body,2,10.1038/s43587-023-00513-y,PMC10645594,
nikopoulou2023_visium,10x Visium (mouse liver dataset),10x Visium,liver,10.6084/m9.figshare.8286230.,body,2,10.1038/s43587-023-00513-y,PMC10645594,
vyas2024_geomx,Vyas et al. epicardial adipose tissue ST dataset,GeoMx DSP,epicardial adipose tissue and atrium,10.5281/zenodo.13318819,body,1,10.1038/s44161-024-00532-x,PMC11399095,
zhang2016_unknown,Early tomato fruit ovule and pericarp spatial transcriptome dataset,,ovules and ovary wall/pericarp,GSE72216,body,17,10.1038/srep23173,PMC4796798,
zhang2016_unknown,Early tomato fruit ovule and pericarp spatial transcriptome dataset,,ovules and ovary wall/pericarp,GSM1857767,body,17,10.1038/srep23173,PMC4796798,
zhang2016_unknown,Early tomato fruit ovule and pericarp spatial transcriptome dataset,,ovules and ovary wall/pericarp,GSM1857768,body,17,10.1038/srep23173,PMC4796798,
zhang2016_unknown,Early tomato fruit ovule and pericarp spatial transcriptome dataset,,ovules and ovary wall/pericarp,GSM1857769,body,17,10.1038/srep23173,PMC4796798,
zhang2016_unknown,Early tomato fruit ovule and pericarp spatial transcriptome dataset,,ovules and ovary wall/pericarp,GSM1857770,body,17,10.1038/srep23173,PMC4796798,
zhang2016_unknown,Early tomato fruit ovule and pericarp spatial transcriptome dataset,,ovules and ovary wall/pericarp,GSM1857771,body,17,10.1038/srep23173,PMC4796798,
zhang2016_unknown,Early tomato fruit ovule and pericarp spatial transcriptome dataset,,ovules and ovary wall/pericarp,GSM1857772,body,17,10.1038/srep23173,PMC4796798,
zhang2016_unknown,Early tomato fruit ovule and pericarp spatial transcriptome dataset,,ovules and ovary wall/pericarp,GSM1857773,body,17,10.1038/srep23173,PMC4796798,
zhang2016_unknown,Early tomato fruit ovule and pericarp spatial transcriptome dataset,,ovules and ovary wall/pericarp,GSM1857774,body,17,10.1038/srep23173,PMC4796798,
zhang2016_unknown,Early tomato fruit ovule and pericarp spatial transcriptome dataset,,ovules and ovary wall/pericarp,GSM1857775,body,17,10.1038/srep23173,PMC4796798,
zhang2016_unknown,Early tomato fruit ovule and pericarp spatial transcriptome dataset,,ovules and ovary wall/pericarp,GSM1857776,body,17,10.1038/srep23173,PMC4796798,
zhang2016_unknown,Early tomato fruit ovule and pericarp spatial transcriptome dataset,,ovules and ovary wall/pericarp,GSM1857777,body,17,10.1038/srep23173,PMC4796798,
zhang2016_unknown,Early tomato fruit ovule and pericarp spatial transcriptome dataset,,ovules and ovary wall/pericarp,GSM1857778,body,17,10.1038/srep23173,PMC4796798,
zhang2016_unknown,Early tomato fruit ovule and pericarp spatial transcriptome dataset,,ovules and ovary wall/pericarp,GSM1857779,body,17,10.1038/srep23173,PMC4796798,
zhang2016_unknown,Early tomato fruit ovule and pericarp spatial transcriptome dataset,,ovules and ovary wall/pericarp,GSM1857780,body,17,10.1038/srep23173,PMC4796798,
zhang2016_unknown,Early tomato fruit ovule and pericarp spatial transcriptome dataset,,ovules and ovary wall/pericarp,GSM1857781,body,17,10.1038/srep23173,PMC4796798,
zhang2016_unknown,Early tomato fruit ovule and pericarp spatial transcriptome dataset,,ovules and ovary wall/pericarp,GSM1857782,body,17,10.1038/srep23173,PMC4796798,
xia2019_merfish_2,MERFISH human osteosarcoma dataset,MERFISH,osteosarcoma cells,10.5281/zenodo.3380442,body,1,10.1073/pnas.1912459116,PMC6765259,https://datadryad.org/stash/dataset/doi:10.5061/dryad.8t8s248
xia2019_seqfish,Dataset5 / Dataset7,seqFISH+,osteosarcoma,10.5281/zenodo.3380442,body,1,10.1073/pnas.1912459116,PMC6765259,
kirita2020_snrnaseq,Mouse AKI snRNA-seq Dataset,snRNA-seq,Kidney,GSE139107,body,1,10.1073/pnas.2005477117,PMC7355049,GSE139107
song2023_visium,Tomato callus shoot regeneration spatial transcriptomics dataset,10x Visium,callus,CNP0003986,body,1,10.1073/pnas.2310163120,PMC10515167,
wang2023_scrnaseq,Wang 2023 intestinal immune cells scRNA-seq,scRNA-seq,intestine,GSE221006,body,1,10.1084/jem.20221437,PMC10038833,
mouse_posterior_2025_visium,Mouse posterior brain section,10x Visium,Coronal Mouse brain section,zenodo.org/record/6925603,body,1,10.1093/bib/bbae685,PMC11704419,https://support.10xgenomics.com/spatial-gene-expression/datasets
10x_visium_ffpe_2025_visium,10x Visium FFPE prostate adenocarcinoma dataset,10x Visium,olfactory bulb,GSE208253,body,2,10.1093/bib/bbaf174,PMC12009714,GSM4656181
10x_visium_ffpe_2025_visium,10x Visium FFPE prostate adenocarcinoma dataset,10x Visium,olfactory bulb,GSM4656181,body,2,10.1093/bib/bbaf174,PMC12009714,GSM4656181
diffuse_large_b_2023_mibi,Diffuse large B-cell lymphoma (DLBCL) MIBI dataset,MIBI,diffuse large B-cell lymphoma (DLBCL),10.5281/zenodo.6909419,body,1,10.1093/bioinformatics/btad242,PMC10311307,
diffuse_large_b_2023_cytof,Diffuse large B-cell lymphoma (DLBCL) CyTOF dataset,CyTOF,diffuse large B-cell lymphoma (DLBCL),10.5281/zenodo.6909419,body,1,10.1093/bioinformatics/btad242,PMC10311307,
mouse_ssp_merfis2023_merfish,mouse SSp MERFISH dataset,MERFISH,brain (SSp / somatosensory cortex),10.5281/zenodo.3758540,body,1,10.1093/bioinformatics/btad362,PMC10287917,
boogerd2022_tomo,Human ACM heart Tomo-Seq dataset,Tomo-Seq,Heart,GSE114770,body,3,10.1093/cvr/cvac072,PMC10064846,
boogerd2022_tomo,Human ACM heart Tomo-Seq dataset,Tomo-Seq,Heart,PRJEB4337,body,3,10.1093/cvr/cvac072,PMC10064846,
boogerd2022_tomo,Human ACM heart Tomo-Seq dataset,Tomo-Seq,Heart,SRP3,body,3,10.1093/cvr/cvac072,PMC10064846,
rat_kidney_st_se2022_visium,Rat kidney ST-seq and scRNA-seq dataset,Visium (10x Genomics) and Chromium Single Cell,kidney,DRA012650,body,4,10.1093/dnares/dsac007,PMC9014450,DRA012650
rat_kidney_st_se2022_visium,Rat kidney ST-seq and scRNA-seq dataset,Visium (10x Genomics) and Chromium Single Cell,kidney,GSE107585,body,4,10.1093/dnares/dsac007,PMC9014450,DRA012650
rat_kidney_st_se2022_visium,Rat kidney ST-seq and scRNA-seq dataset,Visium (10x Genomics) and Chromium Single Cell,kidney,GSE151302,body,4,10.1093/dnares/dsac007,PMC9014450,DRA012650
rat_kidney_st_se2022_visium,Rat kidney ST-seq and scRNA-seq dataset,Visium (10x Genomics) and Chromium Single Cell,kidney,GSE171406,body,4,10.1093/dnares/dsac007,PMC9014450,DRA012650
kang2025_stereo,Mouse Heart Spatiotemporal Atlas (Stereo-seq),Stereo-seq,Mouse heart,GSE178636,body,2,10.1093/gigascience/giaf012,PMC11831923,
kang2025_stereo,Mouse Heart Spatiotemporal Atlas (Stereo-seq),Stereo-seq,Mouse heart,PRJNA1148773,body,2,10.1093/gigascience/giaf012,PMC11831923,
pristionchus_pac2021_tomo,Pristionchus pacificus spatial transcriptomics,RNA tomography (tomo-seq),young adult hermaphrodites,PRJEB37439,body,1,10.1093/molbev/msaa207,PMC8480184,PRJEB37439
li2022_unknown,human breast cancer dataset,,breast cancer,singlecell.broadinstitute.org/single_cell,body,1,10.1093/nar/gkab1020,PMC8728243,
mirnatissueatlas2022_bgiseq500rs,miRNATissueAtlas2 Human tissue samples,BGISEQ-500RS,21 organ types comprising 188 tissue samples,GSE163534,body,1,10.1093/nar/gkab808,PMC8728130,GSE163534
liu2022_unknown,Phalaenopsis dataset,,orchid inflorescence tissue,GSE198128,body,1,10.1093/nar/gkac773,PMC9508851,https://db.cngb.org/stomics/datasets/STDS0000149
liu2022_visium,Orchid flower-buds slide_1,10x Visium,Orchid flower,GSE198128,body,1,10.1093/nar/gkac773,PMC9508851,https://academic.oup.com/nar/article/50/17/9724/6696353#supplementary-data
lebrigand2023_visium,10x Visium olfactory bulb dataset,10x Visium,olfactory bulb,10.5281/zenodo.7664367,body,2,10.1093/nar/gkad169,PMC10164556,https://www.10xgenomics.com/resources/datasets
lebrigand2023_visium,10x Visium olfactory bulb dataset,10x Visium,olfactory bulb,GSE153859,body,2,10.1093/nar/gkad169,PMC10164556,https://www.10xgenomics.com/resources/datasets
embryonic_mouse_2023_stereo,Embryonic mouse brain sections (E14.5),Stereo-seq,Embryonic brain,10.6084/m9.figshare.22318258.,body,5,10.1093/nar/gkad419,PMC10320151,PRJNA948178
embryonic_mouse_2023_stereo,Embryonic mouse brain sections (E14.5),Stereo-seq,Embryonic brain,GSM4284318,body,5,10.1093/nar/gkad419,PMC10320151,PRJNA948178
embryonic_mouse_2023_stereo,Embryonic mouse brain sections (E14.5),Stereo-seq,Embryonic brain,GSM4644079,body,5,10.1093/nar/gkad419,PMC10320151,PRJNA948178
embryonic_mouse_2023_stereo,Embryonic mouse brain sections (E14.5),Stereo-seq,Embryonic brain,GSM5764419,body,5,10.1093/nar/gkad419,PMC10320151,PRJNA948178
embryonic_mouse_2023_stereo,Embryonic mouse brain sections (E14.5),Stereo-seq,Embryonic brain,PRJNA948178,body,5,10.1093/nar/gkad419,PMC10320151,PRJNA948178
peiratsllobet2023_spatial_tran,Barley grain spatial transcriptome,Spatial transcriptomics,germinating grain,GSE218970,body,1,10.1093/nar/gkad521,PMC10450182,
scp_codex12025_codex,SCP_CODEX1,CO-Detection by indEXing(CODEX),"Large intestine, Small intestine, Spleen, Lymph node, Thymus",10.5281/zenodo.13921833,body,3,10.1093/nar/gkae990,PMC11701751,https://portal.hubmapconsortium.org/
scp_codex12025_codex,SCP_CODEX1,CO-Detection by indEXing(CODEX),"Large intestine, Small intestine, Spleen, Lymph node, Thymus",cellxgene.cziscience.com/e/7357cee7-9f7f-4ab0-8ce...,body,3,10.1093/nar/gkae990,PMC11701751,https://portal.hubmapconsortium.org/
scp_codex12025_codex,SCP_CODEX1,CO-Detection by indEXing(CODEX),"Large intestine, Small intestine, Spleen, Lymph node, Thymus",zenodo.org/records/13315586,body,3,10.1093/nar/gkae990,PMC11701751,https://portal.hubmapconsortium.org/
sdmap_spatial_tr2026_visium,"SDMap spatial transcriptomics datasets (989 slices across 35 tissue types, including 10x Visium, Xenium, and GEO datasets)","10x Visium, Xenium",35 human tissues (including breast and lung),GSE115978,body,55,10.1093/nar/gkaf1046,PMC12807743,http://bio-bigdata.hrbmu.edu.cn/SDMap/
sdmap_spatial_tr2026_visium,"SDMap spatial transcriptomics datasets (989 slices across 35 tissue types, including 10x Visium, Xenium, and GEO datasets)","10x Visium, Xenium",35 human tissues (including breast and lung),GSE129308,body,55,10.1093/nar/gkaf1046,PMC12807743,http://bio-bigdata.hrbmu.edu.cn/SDMap/
sdmap_spatial_tr2026_visium,"SDMap spatial transcriptomics datasets (989 slices across 35 tissue types, including 10x Visium, Xenium, and GEO datasets)","10x Visium, Xenium",35 human tissues (including breast and lung),GSE129845,body,55,10.1093/nar/gkaf1046,PMC12807743,http://bio-bigdata.hrbmu.edu.cn/SDMap/
sdmap_spatial_tr2026_visium,"SDMap spatial transcriptomics datasets (989 slices across 35 tissue types, including 10x Visium, Xenium, and GEO datasets)","10x Visium, Xenium",35 human tissues (including breast and lung),GSE132465,body,55,10.1093/nar/gkaf1046,PMC12807743,http://bio-bigdata.hrbmu.edu.cn/SDMap/
sdmap_spatial_tr2026_visium,"SDMap spatial transcriptomics datasets (989 slices across 35 tissue types, including 10x Visium, Xenium, and GEO datasets)","10x Visium, Xenium",35 human tissues (including breast and lung),GSE134355,body,55,10.1093/nar/gkaf1046,PMC12807743,http://bio-bigdata.hrbmu.edu.cn/SDMap/
sdmap_spatial_tr2026_visium,"SDMap spatial transcriptomics datasets (989 slices across 35 tissue types, including 10x Visium, Xenium, and GEO datasets)","10x Visium, Xenium",35 human tissues (including breast and lung),GSE139448,body,55,10.1093/nar/gkaf1046,PMC12807743,http://bio-bigdata.hrbmu.edu.cn/SDMap/
sdmap_spatial_tr2026_visium,"SDMap spatial transcriptomics datasets (989 slices across 35 tissue types, including 10x Visium, Xenium, and GEO datasets)","10x Visium, Xenium",35 human tissues (including breast and lung),GSE140042,body,55,10.1093/nar/gkaf1046,PMC12807743,http://bio-bigdata.hrbmu.edu.cn/SDMap/
sdmap_spatial_tr2026_visium,"SDMap spatial transcriptomics datasets (989 slices across 35 tissue types, including 10x Visium, Xenium, and GEO datasets)","10x Visium, Xenium",35 human tissues (including breast and lung),GSE140819,body,55,10.1093/nar/gkaf1046,PMC12807743,http://bio-bigdata.hrbmu.edu.cn/SDMap/
sdmap_spatial_tr2026_visium,"SDMap spatial transcriptomics datasets (989 slices across 35 tissue types, including 10x Visium, Xenium, and GEO datasets)","10x Visium, Xenium",35 human tissues (including breast and lung),GSE150660,body,55,10.1093/nar/gkaf1046,PMC12807743,http://bio-bigdata.hrbmu.edu.cn/SDMap/
sdmap_spatial_tr2026_visium,"SDMap spatial transcriptomics datasets (989 slices across 35 tissue types, including 10x Visium, Xenium, and GEO datasets)","10x Visium, Xenium",35 human tissues (including breast and lung),GSE151530,body,55,10.1093/nar/gkaf1046,PMC12807743,http://bio-bigdata.hrbmu.edu.cn/SDMap/
sdmap_spatial_tr2026_visium,"SDMap spatial transcriptomics datasets (989 slices across 35 tissue types, including 10x Visium, Xenium, and GEO datasets)","10x Visium, Xenium",35 human tissues (including breast and lung),GSE152938,body,55,10.1093/nar/gkaf1046,PMC12807743,http://bio-bigdata.hrbmu.edu.cn/SDMap/
sdmap_spatial_tr2026_visium,"SDMap spatial transcriptomics datasets (989 slices across 35 tissue types, including 10x Visium, Xenium, and GEO datasets)","10x Visium, Xenium",35 human tissues (including breast and lung),GSE153760,body,55,10.1093/nar/gkaf1046,PMC12807743,http://bio-bigdata.hrbmu.edu.cn/SDMap/
sdmap_spatial_tr2026_visium,"SDMap spatial transcriptomics datasets (989 slices across 35 tissue types, including 10x Visium, Xenium, and GEO datasets)","10x Visium, Xenium",35 human tissues (including breast and lung),GSE154600,body,55,10.1093/nar/gkaf1046,PMC12807743,http://bio-bigdata.hrbmu.edu.cn/SDMap/
sdmap_spatial_tr2026_visium,"SDMap spatial transcriptomics datasets (989 slices across 35 tissue types, including 10x Visium, Xenium, and GEO datasets)","10x Visium, Xenium",35 human tissues (including breast and lung),GSE156405,body,55,10.1093/nar/gkaf1046,PMC12807743,http://bio-bigdata.hrbmu.edu.cn/SDMap/
sdmap_spatial_tr2026_visium,"SDMap spatial transcriptomics datasets (989 slices across 35 tissue types, including 10x Visium, Xenium, and GEO datasets)","10x Visium, Xenium",35 human tissues (including breast and lung),GSE165399,body,55,10.1093/nar/gkaf1046,PMC12807743,http://bio-bigdata.hrbmu.edu.cn/SDMap/
sdmap_spatial_tr2026_visium,"SDMap spatial transcriptomics datasets (989 slices across 35 tissue types, including 10x Visium, Xenium, and GEO datasets)","10x Visium, Xenium",35 human tissues (including breast and lung),GSE168652,body,55,10.1093/nar/gkaf1046,PMC12807743,http://bio-bigdata.hrbmu.edu.cn/SDMap/
sdmap_spatial_tr2026_visium,"SDMap spatial transcriptomics datasets (989 slices across 35 tissue types, including 10x Visium, Xenium, and GEO datasets)","10x Visium, Xenium",35 human tissues (including breast and lung),GSE176499,body,55,10.1093/nar/gkaf1046,PMC12807743,http://bio-bigdata.hrbmu.edu.cn/SDMap/
sdmap_spatial_tr2026_visium,"SDMap spatial transcriptomics datasets (989 slices across 35 tissue types, including 10x Visium, Xenium, and GEO datasets)","10x Visium, Xenium",35 human tissues (including breast and lung),GSE179373,body,55,10.1093/nar/gkaf1046,PMC12807743,http://bio-bigdata.hrbmu.edu.cn/SDMap/
sdmap_spatial_tr2026_visium,"SDMap spatial transcriptomics datasets (989 slices across 35 tissue types, including 10x Visium, Xenium, and GEO datasets)","10x Visium, Xenium",35 human tissues (including breast and lung),GSE180286,body,55,10.1093/nar/gkaf1046,PMC12807743,http://bio-bigdata.hrbmu.edu.cn/SDMap/
sdmap_spatial_tr2026_visium,"SDMap spatial transcriptomics datasets (989 slices across 35 tissue types, including 10x Visium, Xenium, and GEO datasets)","10x Visium, Xenium",35 human tissues (including breast and lung),GSE184198,body,55,10.1093/nar/gkaf1046,PMC12807743,http://bio-bigdata.hrbmu.edu.cn/SDMap/
sdmap_spatial_tr2026_visium,"SDMap spatial transcriptomics datasets (989 slices across 35 tissue types, including 10x Visium, Xenium, and GEO datasets)","10x Visium, Xenium",35 human tissues (including breast and lung),GSE185344,body,55,10.1093/nar/gkaf1046,PMC12807743,http://bio-bigdata.hrbmu.edu.cn/SDMap/
sdmap_spatial_tr2026_visium,"SDMap spatial transcriptomics datasets (989 slices across 35 tissue types, including 10x Visium, Xenium, and GEO datasets)","10x Visium, Xenium",35 human tissues (including breast and lung),GSE185477,body,55,10.1093/nar/gkaf1046,PMC12807743,http://bio-bigdata.hrbmu.edu.cn/SDMap/
sdmap_spatial_tr2026_visium,"SDMap spatial transcriptomics datasets (989 slices across 35 tissue types, including 10x Visium, Xenium, and GEO datasets)","10x Visium, Xenium",35 human tissues (including breast and lung),GSE188711,body,55,10.1093/nar/gkaf1046,PMC12807743,http://bio-bigdata.hrbmu.edu.cn/SDMap/
sdmap_spatial_tr2026_visium,"SDMap spatial transcriptomics datasets (989 slices across 35 tissue types, including 10x Visium, Xenium, and GEO datasets)","10x Visium, Xenium",35 human tissues (including breast and lung),GSE190442,body,55,10.1093/nar/gkaf1046,PMC12807743,http://bio-bigdata.hrbmu.edu.cn/SDMap/
sdmap_spatial_tr2026_visium,"SDMap spatial transcriptomics datasets (989 slices across 35 tissue types, including 10x Visium, Xenium, and GEO datasets)","10x Visium, Xenium",35 human tissues (including breast and lung),GSE193960,body,55,10.1093/nar/gkaf1046,PMC12807743,http://bio-bigdata.hrbmu.edu.cn/SDMap/
sdmap_spatial_tr2026_visium,"SDMap spatial transcriptomics datasets (989 slices across 35 tissue types, including 10x Visium, Xenium, and GEO datasets)","10x Visium, Xenium",35 human tissues (including breast and lung),GSE195832,body,55,10.1093/nar/gkaf1046,PMC12807743,http://bio-bigdata.hrbmu.edu.cn/SDMap/
sdmap_spatial_tr2026_visium,"SDMap spatial transcriptomics datasets (989 slices across 35 tissue types, including 10x Visium, Xenium, and GEO datasets)","10x Visium, Xenium",35 human tissues (including breast and lung),GSE200161,body,55,10.1093/nar/gkaf1046,PMC12807743,http://bio-bigdata.hrbmu.edu.cn/SDMap/
sdmap_spatial_tr2026_visium,"SDMap spatial transcriptomics datasets (989 slices across 35 tissue types, including 10x Visium, Xenium, and GEO datasets)","10x Visium, Xenium",35 human tissues (including breast and lung),GSE200218,body,55,10.1093/nar/gkaf1046,PMC12807743,http://bio-bigdata.hrbmu.edu.cn/SDMap/
sdmap_spatial_tr2026_visium,"SDMap spatial transcriptomics datasets (989 slices across 35 tissue types, including 10x Visium, Xenium, and GEO datasets)","10x Visium, Xenium",35 human tissues (including breast and lung),GSE202371,body,55,10.1093/nar/gkaf1046,PMC12807743,http://bio-bigdata.hrbmu.edu.cn/SDMap/
sdmap_spatial_tr2026_visium,"SDMap spatial transcriptomics datasets (989 slices across 35 tissue types, including 10x Visium, Xenium, and GEO datasets)","10x Visium, Xenium",35 human tissues (including breast and lung),GSE203612,body,55,10.1093/nar/gkaf1046,PMC12807743,http://bio-bigdata.hrbmu.edu.cn/SDMap/
sdmap_spatial_tr2026_visium,"SDMap spatial transcriptomics datasets (989 slices across 35 tissue types, including 10x Visium, Xenium, and GEO datasets)","10x Visium, Xenium",35 human tissues (including breast and lung),GSE211630,body,55,10.1093/nar/gkaf1046,PMC12807743,http://bio-bigdata.hrbmu.edu.cn/SDMap/
sdmap_spatial_tr2026_visium,"SDMap spatial transcriptomics datasets (989 slices across 35 tissue types, including 10x Visium, Xenium, and GEO datasets)","10x Visium, Xenium",35 human tissues (including breast and lung),GSE211956,body,55,10.1093/nar/gkaf1046,PMC12807743,http://bio-bigdata.hrbmu.edu.cn/SDMap/
sdmap_spatial_tr2026_visium,"SDMap spatial transcriptomics datasets (989 slices across 35 tissue types, including 10x Visium, Xenium, and GEO datasets)","10x Visium, Xenium",35 human tissues (including breast and lung),GSE212244,body,55,10.1093/nar/gkaf1046,PMC12807743,http://bio-bigdata.hrbmu.edu.cn/SDMap/
sdmap_spatial_tr2026_visium,"SDMap spatial transcriptomics datasets (989 slices across 35 tissue types, including 10x Visium, Xenium, and GEO datasets)","10x Visium, Xenium",35 human tissues (including breast and lung),GSE215403,body,55,10.1093/nar/gkaf1046,PMC12807743,http://bio-bigdata.hrbmu.edu.cn/SDMap/
sdmap_spatial_tr2026_visium,"SDMap spatial transcriptomics datasets (989 slices across 35 tissue types, including 10x Visium, Xenium, and GEO datasets)","10x Visium, Xenium",35 human tissues (including breast and lung),GSE218170,body,55,10.1093/nar/gkaf1046,PMC12807743,http://bio-bigdata.hrbmu.edu.cn/SDMap/
sdmap_spatial_tr2026_visium,"SDMap spatial transcriptomics datasets (989 slices across 35 tissue types, including 10x Visium, Xenium, and GEO datasets)","10x Visium, Xenium",35 human tissues (including breast and lung),GSE219121,body,55,10.1093/nar/gkaf1046,PMC12807743,http://bio-bigdata.hrbmu.edu.cn/SDMap/
sdmap_spatial_tr2026_visium,"SDMap spatial transcriptomics datasets (989 slices across 35 tissue types, including 10x Visium, Xenium, and GEO datasets)","10x Visium, Xenium",35 human tissues (including breast and lung),GSE224333,body,55,10.1093/nar/gkaf1046,PMC12807743,http://bio-bigdata.hrbmu.edu.cn/SDMap/
sdmap_spatial_tr2026_visium,"SDMap spatial transcriptomics datasets (989 slices across 35 tissue types, including 10x Visium, Xenium, and GEO datasets)","10x Visium, Xenium",35 human tissues (including breast and lung),GSE228360,body,55,10.1093/nar/gkaf1046,PMC12807743,http://bio-bigdata.hrbmu.edu.cn/SDMap/
sdmap_spatial_tr2026_visium,"SDMap spatial transcriptomics datasets (989 slices across 35 tissue types, including 10x Visium, Xenium, and GEO datasets)","10x Visium, Xenium",35 human tissues (including breast and lung),GSE228501,body,55,10.1093/nar/gkaf1046,PMC12807743,http://bio-bigdata.hrbmu.edu.cn/SDMap/
sdmap_spatial_tr2026_visium,"SDMap spatial transcriptomics datasets (989 slices across 35 tissue types, including 10x Visium, Xenium, and GEO datasets)","10x Visium, Xenium",35 human tissues (including breast and lung),GSE235931,body,55,10.1093/nar/gkaf1046,PMC12807743,http://bio-bigdata.hrbmu.edu.cn/SDMap/
sdmap_spatial_tr2026_visium,"SDMap spatial transcriptomics datasets (989 slices across 35 tissue types, including 10x Visium, Xenium, and GEO datasets)","10x Visium, Xenium",35 human tissues (including breast and lung),GSE236698,body,55,10.1093/nar/gkaf1046,PMC12807743,http://bio-bigdata.hrbmu.edu.cn/SDMap/
sdmap_spatial_tr2026_visium,"SDMap spatial transcriptomics datasets (989 slices across 35 tissue types, including 10x Visium, Xenium, and GEO datasets)","10x Visium, Xenium",35 human tissues (including breast and lung),GSE239890,body,55,10.1093/nar/gkaf1046,PMC12807743,http://bio-bigdata.hrbmu.edu.cn/SDMap/
sdmap_spatial_tr2026_visium,"SDMap spatial transcriptomics datasets (989 slices across 35 tissue types, including 10x Visium, Xenium, and GEO datasets)","10x Visium, Xenium",35 human tissues (including breast and lung),GSE241132,body,55,10.1093/nar/gkaf1046,PMC12807743,http://bio-bigdata.hrbmu.edu.cn/SDMap/
sdmap_spatial_tr2026_visium,"SDMap spatial transcriptomics datasets (989 slices across 35 tissue types, including 10x Visium, Xenium, and GEO datasets)","10x Visium, Xenium",35 human tissues (including breast and lung),GSE248609,body,55,10.1093/nar/gkaf1046,PMC12807743,http://bio-bigdata.hrbmu.edu.cn/SDMap/
sdmap_spatial_tr2026_visium,"SDMap spatial transcriptomics datasets (989 slices across 35 tissue types, including 10x Visium, Xenium, and GEO datasets)","10x Visium, Xenium",35 human tissues (including breast and lung),GSE250521,body,55,10.1093/nar/gkaf1046,PMC12807743,http://bio-bigdata.hrbmu.edu.cn/SDMap/
sdmap_spatial_tr2026_visium,"SDMap spatial transcriptomics datasets (989 slices across 35 tissue types, including 10x Visium, Xenium, and GEO datasets)","10x Visium, Xenium",35 human tissues (including breast and lung),GSE253200,body,55,10.1093/nar/gkaf1046,PMC12807743,http://bio-bigdata.hrbmu.edu.cn/SDMap/
sdmap_spatial_tr2026_visium,"SDMap spatial transcriptomics datasets (989 slices across 35 tissue types, including 10x Visium, Xenium, and GEO datasets)","10x Visium, Xenium",35 human tissues (including breast and lung),GSE260658,body,55,10.1093/nar/gkaf1046,PMC12807743,http://bio-bigdata.hrbmu.edu.cn/SDMap/
sdmap_spatial_tr2026_visium,"SDMap spatial transcriptomics datasets (989 slices across 35 tissue types, including 10x Visium, Xenium, and GEO datasets)","10x Visium, Xenium",35 human tissues (including breast and lung),GSE260685,body,55,10.1093/nar/gkaf1046,PMC12807743,http://bio-bigdata.hrbmu.edu.cn/SDMap/
sdmap_spatial_tr2026_visium,"SDMap spatial transcriptomics datasets (989 slices across 35 tissue types, including 10x Visium, Xenium, and GEO datasets)","10x Visium, Xenium",35 human tissues (including breast and lung),GSE261917,body,55,10.1093/nar/gkaf1046,PMC12807743,http://bio-bigdata.hrbmu.edu.cn/SDMap/
sdmap_spatial_tr2026_visium,"SDMap spatial transcriptomics datasets (989 slices across 35 tissue types, including 10x Visium, Xenium, and GEO datasets)","10x Visium, Xenium",35 human tissues (including breast and lung),GSE261957,body,55,10.1093/nar/gkaf1046,PMC12807743,http://bio-bigdata.hrbmu.edu.cn/SDMap/
sdmap_spatial_tr2026_visium,"SDMap spatial transcriptomics datasets (989 slices across 35 tissue types, including 10x Visium, Xenium, and GEO datasets)","10x Visium, Xenium",35 human tissues (including breast and lung),GSE263521,body,55,10.1093/nar/gkaf1046,PMC12807743,http://bio-bigdata.hrbmu.edu.cn/SDMap/
sdmap_spatial_tr2026_visium,"SDMap spatial transcriptomics datasets (989 slices across 35 tissue types, including 10x Visium, Xenium, and GEO datasets)","10x Visium, Xenium",35 human tissues (including breast and lung),GSE270667,body,55,10.1093/nar/gkaf1046,PMC12807743,http://bio-bigdata.hrbmu.edu.cn/SDMap/
sdmap_spatial_tr2026_visium,"SDMap spatial transcriptomics datasets (989 slices across 35 tissue types, including 10x Visium, Xenium, and GEO datasets)","10x Visium, Xenium",35 human tissues (including breast and lung),GSE280984,body,55,10.1093/nar/gkaf1046,PMC12807743,http://bio-bigdata.hrbmu.edu.cn/SDMap/
sdmap_spatial_tr2026_visium,"SDMap spatial transcriptomics datasets (989 slices across 35 tissue types, including 10x Visium, Xenium, and GEO datasets)","10x Visium, Xenium",35 human tissues (including breast and lung),GSE281288,body,55,10.1093/nar/gkaf1046,PMC12807743,http://bio-bigdata.hrbmu.edu.cn/SDMap/
sdmap_spatial_tr2026_visium,"SDMap spatial transcriptomics datasets (989 slices across 35 tissue types, including 10x Visium, Xenium, and GEO datasets)","10x Visium, Xenium",35 human tissues (including breast and lung),GSE282362,body,55,10.1093/nar/gkaf1046,PMC12807743,http://bio-bigdata.hrbmu.edu.cn/SDMap/
dataset_12026_merfish,Dataset 1,MERFISH,brain,10.5281/zenodo.17803419,body,1,10.1093/nar/gkaf1456,PMC12774663,https://info.vizgen.com/mouse-brain-map
dataset_22026_visiumhd,Dataset 2,VisiumHD,brain,10.5281/zenodo.17803419,body,1,10.1093/nar/gkaf1456,PMC12774663,https://www.10xgenomics.com/datasets/visium-hd-cytassist-gene-expression-libraries-of-mouse-brain-he-v4
dataset_32026_xenium,Dataset 3,Xenium,brain,10.5281/zenodo.17803419,body,1,10.1093/nar/gkaf1456,PMC12774663,https://www.10xgenomics.com/datasets/xenium-prime-fresh-frozen-mouse-brain
barrett2012_unknown,GSE159697_GSM4837766,,Prostate,GSE18388,body,1,10.1093/nar/gks1193,PMC3531084,GSE159697_GSM4837766
chen2017_st,"BaristaSeq datasets (Slice 1, Slice 2, Slice 3)",BaristaSeq,brain cortex,10.5061/dryad.5dd92at,body,1,10.1093/nar/gkx1206,PMC5829746,
chen2018_st,BaristaSeq primary visual area dataset,BaristaSeq,Cortex,10.5061/dryad.5dd92at,body,1,10.1093/nar/gkx1206,PMC5829746,http://sdmbench.drai.cn
shi2021_rnaseq,Tissue-specific transcriptome profiling of inflorescence stem,RNA-seq,Inflorescence stem / vascular tissues,GSE142034,body,2,10.1093/plcell/koaa019,PMC8136906,PRJNA595605
shi2021_rnaseq,Tissue-specific transcriptome profiling of inflorescence stem,RNA-seq,Inflorescence stem / vascular tissues,GSE98193,body,2,10.1093/plcell/koaa019,PMC8136906,PRJNA595605
la2021_xenium,Xenium-brain,HybISS / Xenium,brain,PRJNA637987,body,1,10.1101/2020.07.02.184051,0d201cb5-6e8e-1014-b6ab-8309a1ea460d,
la2021_in_situ_mrna,Developing mouse brain architecture dataset,in situ mRNA sequencing,brain,PRJNA637987,body,1,10.1101/2020.07.02.184051,0d201cb5-6e8e-1014-b6ab-8309a1ea460d,
la2021_unknown,Developing Mouse Brain Atlas dataset,,brain,PRJNA637987,body,1,10.1101/2020.07.02.184051,0d201cb5-6e8e-1014-b6ab-8309a1ea460d,
la2021_iss,HybISS mouse brain spatial dataset,HybISS,brain,PRJNA637987,body,1,10.1101/2020.07.02.184051,0d201cb5-6e8e-1014-b6ab-8309a1ea460d,http://mousebrain.org/development/downloads.html
mccray2021_visium,"McCray et al., Visium, Prostate organoid",Visium,,GSE124576,body,2,10.1101/2020.07.17.208694,ce0c5693-6cfd-1014-9327-e6ece7465644,https://www.ncbi.nlm.nih.gov/geo/query/acc.cgi?acc=GSM4837767
mccray2021_visium,"McCray et al., Visium, Prostate organoid",Visium,,GSE142489,body,2,10.1101/2020.07.17.208694,ce0c5693-6cfd-1014-9327-e6ece7465644,https://www.ncbi.nlm.nih.gov/geo/query/acc.cgi?acc=GSM4837767
taylor2020_singlecell_r,single-cell transcriptomes for all neuronal cell types,single-cell RNA Seq,nervous system,GSE136049,body,2,10.1101/2020.12.15.422897,b0ae4842-6e29-1014-bb68-e8fd36b50a9a,
taylor2020_singlecell_r,single-cell transcriptomes for all neuronal cell types,single-cell RNA Seq,nervous system,PRJNA13758,body,2,10.1101/2020.12.15.422897,b0ae4842-6e29-1014-bb68-e8fd36b50a9a,
risom2022_mibi,DCIS,MIBI,breast,GSE114725,body,2,10.1101/2021.01.05.425362,f8477d7f-6df7-1014-a2d9-cc7c0ac80742,10.17632/d87vg86zd8.3
risom2022_mibi,DCIS,MIBI,breast,GSE114727,body,2,10.1101/2021.01.05.425362,f8477d7f-6df7-1014-a2d9-cc7c0ac80742,10.17632/d87vg86zd8.3
van2021_imc,Mouse lung cancer dataset,IMC,Lung cancer,10.5281/zenodo.3865430,body,2,10.1101/2021.02.02.429358,38f7c3e8-6c1a-1014-b099-96cb3d29630d,
van2021_imc,Mouse lung cancer dataset,IMC,Lung cancer,10.5281/zenodo.5412513,body,2,10.1101/2021.02.02.429358,38f7c3e8-6c1a-1014-b099-96cb3d29630d,
nanostring_geomx2021_geomx,NanoString GeoMx Cancer Transcriptome Atlas (CTA) Panel,NanoString GeoMx Digital Spatial Profiler,Lung,GSE135893,body,3,10.1101/2021.02.25.430130,447bce8f-6c42-1014-96cf-88553b34064b,
nanostring_geomx2021_geomx,NanoString GeoMx Cancer Transcriptome Atlas (CTA) Panel,NanoString GeoMx Digital Spatial Profiler,Lung,figshare.com/articles/COVID-19_severity_correlate...,body,3,10.1101/2021.02.25.430130,447bce8f-6c42-1014-96cf-88553b34064b,
nanostring_geomx2021_geomx,NanoString GeoMx Cancer Transcriptome Atlas (CTA) Panel,NanoString GeoMx Digital Spatial Profiler,Lung,singlecell.broadinstitute.org/single_cell/study/SCP1052/,body,3,10.1101/2021.02.25.430130,447bce8f-6c42-1014-96cf-88553b34064b,
triana2021_scrnaseq_pr,bone marrow atlas,scRNA-seq / proteomics,bone marrow,figshare.com/projects/Single-cell_proteo-genomic_reference_maps_of_the_human_hematopoietic_system/94469,body,1,10.1101/2021.03.18.435922,d4690e40-6c1c-1014-adde-9c647ea402cc,
ratz2022_spatial_tran,Mouse brain clonal relations spatial dataset,Spatial Transcriptomics,brain,GSE153424,body,1,10.1101/2021.08.31.458418,469a2441-6c22-1014-80f2-fa14bfbf674c,
liu2022_stereo,stereo-seq (Zebrafish embryo),stereo-seq,embryo,CNP0002220,body,1,10.1101/2021.10.21.465298,5822030b-6c19-1014-94ae-cc9b36f856fa,
xu2022_unknown,mouse brain multi-omics dataset,,brain,E-MTAB-11264,body,1,10.1101/2022.01.16.476488,ce8a8f31-6d7e-1014-b521-8cf343bfc0ef,
xu2022_iss,ISSAAC-seq data of mouse brain cortex,ISSAAC-seq,brain cortex,E-MTAB-11264,body,1,10.1101/2022.01.16.476488,ce8a8f31-6d7e-1014-b521-8cf343bfc0ef,https://www.ebi.ac.uk/biostudies/arrayexpress/studies/E-MTAB-11264
jiang2023_misarseq_spa,MISAR-seq dataset,MISAR-seq (spatial ATAC-seq),embryonic brain,GSE137986,body,1,10.1101/2022.03.22.485333,c8851f92-6e11-1014-bbbf-aa9dca50ac6c,https://figshare.com/articles/dataset/Spatial_genomics_datasets/21623148/5
mckellar2023_st,STRS mouse heart dataset,STRS,Heart,GSE161318,body,6,10.1101/2022.04.20.488964,e79171c1-7585-1014-802a-d94fe533a633,GSM6034864
mckellar2023_st,STRS mouse heart dataset,STRS,Heart,GSE189636,body,6,10.1101/2022.04.20.488964,e79171c1-7585-1014-802a-d94fe533a633,GSM6034864
mckellar2023_st,STRS mouse heart dataset,STRS,Heart,GSE200480,body,6,10.1101/2022.04.20.488964,e79171c1-7585-1014-802a-d94fe533a633,GSM6034864
mckellar2023_st,STRS mouse heart dataset,STRS,Heart,GSE200481,body,6,10.1101/2022.04.20.488964,e79171c1-7585-1014-802a-d94fe533a633,GSM6034864
mckellar2023_st,STRS mouse heart dataset,STRS,Heart,GSM6034862,body,6,10.1101/2022.04.20.488964,e79171c1-7585-1014-802a-d94fe533a633,GSM6034864
mckellar2023_st,STRS mouse heart dataset,STRS,Heart,GSM6034864,body,6,10.1101/2022.04.20.488964,e79171c1-7585-1014-802a-d94fe533a633,GSM6034864
bae2023_visium,mouse brain dataset (10x Genomics),10× Visium,brain,10.5281/zenodo.3957257,body,5,10.1101/2022.05.09.491104,0d05cd23-6f09-1014-ae94-efdfb906be00,https://www.10xgenomics.com/datasets/fresh-frozen-mouse-brain-replicates-1-standard
bae2023_visium,mouse brain dataset (10x Genomics),10× Visium,brain,E-MTAB-11115,body,5,10.1101/2022.05.09.491104,0d05cd23-6f09-1014-ae94-efdfb906be00,https://www.10xgenomics.com/datasets/fresh-frozen-mouse-brain-replicates-1-standard
bae2023_visium,mouse brain dataset (10x Genomics),10× Visium,brain,GSE114726,body,5,10.1101/2022.05.09.491104,0d05cd23-6f09-1014-ae94-efdfb906be00,https://www.10xgenomics.com/datasets/fresh-frozen-mouse-brain-replicates-1-standard
bae2023_visium,mouse brain dataset (10x Genomics),10× Visium,brain,GSE144136,body,5,10.1101/2022.05.09.491104,0d05cd23-6f09-1014-ae94-efdfb906be00,https://www.10xgenomics.com/datasets/fresh-frozen-mouse-brain-replicates-1-standard
bae2023_visium,mouse brain dataset (10x Genomics),10× Visium,brain,GSE176078,body,5,10.1101/2022.05.09.491104,0d05cd23-6f09-1014-ae94-efdfb906be00,https://www.10xgenomics.com/datasets/fresh-frozen-mouse-brain-replicates-1-standard
roux2022_sequencing,pan-cellular sequencing throughout aging,sequencing,pan-cellular aging organism,GSE16975,body,4,10.1101/2022.06.15.496201,9ed76353-6c08-1014-b58e-bdbec450db7c,
roux2022_sequencing,pan-cellular sequencing throughout aging,sequencing,pan-cellular aging organism,GSE22660,body,4,10.1101/2022.06.15.496201,9ed76353-6c08-1014-b58e-bdbec450db7c,
roux2022_sequencing,pan-cellular sequencing throughout aging,sequencing,pan-cellular aging organism,GSE35360,body,4,10.1101/2022.06.15.496201,9ed76353-6c08-1014-b58e-bdbec450db7c,
roux2022_sequencing,pan-cellular sequencing throughout aging,sequencing,pan-cellular aging organism,GSE9246,body,4,10.1101/2022.06.15.496201,9ed76353-6c08-1014-b58e-bdbec450db7c,
shi2023_starmap,STARMAP Plus mouse brain dataset,STARmap PLUS,mouse central nervous system,singlecell.broadinstitute.org/single_cell/study/SCP1830,body,1,10.1101/2022.06.20.496914,6af3a2d2-6c77-1014-b208-926f23304127,https://singlecell.broadinstitute.org/single_cell/study/SCP1830
shi2023_xenium,Fresh Frozen Mouse Brain for Xenium Explorer Demo,Xenium,whole brain,singlecell.broadinstitute.org/single_cell/study/SCP1830,body,1,10.1101/2022.06.20.496914,6af3a2d2-6c77-1014-b208-926f23304127,
nigro2023_unknown,mouse inguinal white adipose tissue exercise dataset (Nigro),,inguinal white adipose tissue,GSE116801,body,2,10.1101/2022.08.09.503375,f8aa0597-6d47-1014-b4e4-a78d7e507f5b,
nigro2023_unknown,mouse inguinal white adipose tissue exercise dataset (Nigro),,inguinal white adipose tissue,GSE68161,body,2,10.1101/2022.08.09.503375,f8aa0597-6d47-1014-b4e4-a78d7e507f5b,
wirth2023_dbit,xDBiT-Seq (mouse liver dataset),DBiT-seq,liver,GSE137986,body,5,10.1101/2022.08.30.505834,8d8e5d45-6e1a-1014-b694-b3c6a05ef524,
wirth2023_dbit,xDBiT-Seq (mouse liver dataset),DBiT-seq,liver,GSE157079,body,5,10.1101/2022.08.30.505834,8d8e5d45-6e1a-1014-b694-b3c6a05ef524,
wirth2023_dbit,xDBiT-Seq (mouse liver dataset),DBiT-seq,liver,GSE207843,body,5,10.1101/2022.08.30.505834,8d8e5d45-6e1a-1014-b694-b3c6a05ef524,
wirth2023_dbit,xDBiT-Seq (mouse liver dataset),DBiT-seq,liver,GSM4189612,body,5,10.1101/2022.08.30.505834,8d8e5d45-6e1a-1014-b694-b3c6a05ef524,
wirth2023_dbit,xDBiT-Seq (mouse liver dataset),DBiT-seq,liver,GSM4189613,body,5,10.1101/2022.08.30.505834,8d8e5d45-6e1a-1014-b694-b3c6a05ef524,
maitra2023_snrnaseq,MDD snRNA-seq atlas dataset,snRNA-seq,dorsolateral prefrontal cortex,GSE144136,body,1,10.1101/2022.09.23.509254,09a49eeb-6c6b-1014-a2be-ccc9d79c38f1,https://www.nature.com/articles/s41467-023-38530-5
he2022_visium,Breast cancer dataset,Visium,breast tumor,10.5281/zenodo.6477641,body,1,10.1101/2022.11.21.517420,7ee20cfd-6d02-1014-a977-e4b3fb4c6a21,
garridotrigo2023_cosmx,30 human lung samples (Fov1 to Fov30),CosMx Spatially Molecular Imaging (SMI),lung,GSE121825,body,6,10.1101/2022.11.28.518139,88c6fa82-6e1a-1014-b83b-d51abc629d51,GSM7473683
garridotrigo2023_cosmx,30 human lung samples (Fov1 to Fov30),CosMx Spatially Molecular Imaging (SMI),lung,GSE155719,body,6,10.1101/2022.11.28.518139,88c6fa82-6e1a-1014-b83b-d51abc629d51,GSM7473683
garridotrigo2023_cosmx,30 human lung samples (Fov1 to Fov30),CosMx Spatially Molecular Imaging (SMI),lung,GSE156921,body,6,10.1101/2022.11.28.518139,88c6fa82-6e1a-1014-b83b-d51abc629d51,GSM7473683
garridotrigo2023_cosmx,30 human lung samples (Fov1 to Fov30),CosMx Spatially Molecular Imaging (SMI),lung,GSE161774,body,6,10.1101/2022.11.28.518139,88c6fa82-6e1a-1014-b83b-d51abc629d51,GSM7473683
garridotrigo2023_cosmx,30 human lung samples (Fov1 to Fov30),CosMx Spatially Molecular Imaging (SMI),lung,GSE214695,body,6,10.1101/2022.11.28.518139,88c6fa82-6e1a-1014-b83b-d51abc629d51,GSM7473683
garridotrigo2023_cosmx,30 human lung samples (Fov1 to Fov30),CosMx Spatially Molecular Imaging (SMI),lung,GSE94608,body,6,10.1101/2022.11.28.518139,88c6fa82-6e1a-1014-b83b-d51abc629d51,GSM7473683
huukimyers2023_visium,Visium SPG human dorsolateral prefrontal cortex (DLPFC) dataset,10x Genomics Visium Spatial Proteogenomics (SPG),dorsolateral prefrontal cortex (DLPFC),synapse.org/#!Synapse:syn50908929,body,3,10.1101/2023.02.15.528722,3fe5cdb2-6def-1014-bd29-c54fbc648ad8,http://research.libd.org/spatialLIBD
huukimyers2023_visium,Visium SPG human dorsolateral prefrontal cortex (DLPFC) dataset,10x Genomics Visium Spatial Proteogenomics (SPG),dorsolateral prefrontal cortex (DLPFC),synapse.org/#!Synapse:syn51032055/datasets/,body,3,10.1101/2023.02.15.528722,3fe5cdb2-6def-1014-bd29-c54fbc648ad8,http://research.libd.org/spatialLIBD
huukimyers2023_visium,Visium SPG human dorsolateral prefrontal cortex (DLPFC) dataset,10x Genomics Visium Spatial Proteogenomics (SPG),dorsolateral prefrontal cortex (DLPFC),synapse.org/DataAccess,body,3,10.1101/2023.02.15.528722,3fe5cdb2-6def-1014-bd29-c54fbc648ad8,http://research.libd.org/spatialLIBD
zhang2023_merfish,Mouse3_sagittal MERFISH dataset,MERFISH,brain,10.5281/zenodo.3758540,body,1,10.1101/2023.03.06.531348,57ae80d7-6c02-1014-afe2-aa2a4463bbea,
coulis2023_visium,Visium dataset of mouse dystrophic gastrocnemius,Visium,Gastrocnemius,GSE132877,body,1,10.1101/2023.04.18.537253,f39b657a-6c31-1014-8abe-9f571d1de4b0,GSE225593
visium_spatial_t2023_visium_3,Visium Spatial Transcriptomics Dataset,Visium (10X Genomics),breast tissue,SRP1,body,1,10.1101/2023.04.22.537946,e303c9b6-6c7c-1014-b38d-afc39fa86bb8,
resolve_smfish_m2023_resolve_bios,Resolve smFISH Molecular Cartography Dataset,Resolve Biosciences smFISH,breast tissue,SRP1,body,1,10.1101/2023.04.22.537946,e303c9b6-6c7c-1014-b38d-afc39fa86bb8,
codex_proteomic_2023_codex,CODEX Proteomic Dataset,CODEX (Akoya Biosciences),breast tissue,SRP1,body,1,10.1101/2023.04.22.537946,e303c9b6-6c7c-1014-b38d-afc39fa86bb8,
merfish_dataset_2023_merfish,MERFISH dataset of mouse subventricular zone,MERFISH,subventricular zone,GSE158450,body,2,10.1101/2023.04.25.538326,3cc92c0d-6d87-1014-9b28-809825b362a3,
merfish_dataset_2023_merfish,MERFISH dataset of mouse subventricular zone,MERFISH,subventricular zone,GSE95025,body,2,10.1101/2023.04.25.538326,3cc92c0d-6d87-1014-9b28-809825b362a3,
shaban2024_codex,CODEX cHL dataset,CODEX,classic Hodgkin Lymphoma tumor,10.17632/mpjzbtfgfr.1,body,2,10.1101/2023.06.25.546474,1b9e013a-6ed3-1014-ac4d-a9c9333e3e3e,
shaban2024_codex,CODEX cHL dataset,CODEX,classic Hodgkin Lymphoma tumor,10.5281/zenodo.4909620,body,2,10.1101/2023.06.25.546474,1b9e013a-6ed3-1014-ac4d-a9c9333e3e3e,
pim001p_tnbc_pdx2023_visium,PIM001P TNBC PDX ST dataset,Visium,breast (mammary fat pad tumor),E-MTAB-11720,body,2,10.1101/2023.09.04.556109,e88b0239-6dce-1014-a481-e610a39b9c97,
pim001p_tnbc_pdx2023_visium,PIM001P TNBC PDX ST dataset,Visium,breast (mammary fat pad tumor),zenodo.org/record/8313189,body,2,10.1101/2023.09.04.556109,e88b0239-6dce-1014-a481-e610a39b9c97,
visium_spatial_t2023_visium_4,Visium spatial transcriptomics (fetal and paediatric),10x Genomics Visium,thymus,10.5281/zenodo.7693279,body,3,10.1101/2023.10.25.562925,7c6464d6-6c8f-1014-8ff4-951c65a6a283,
ibex_multiplex_i2023_ibex,IBEX multiplex imaging,IBEX,thymus,10.5281/zenodo.7693279,body,3,10.1101/2023.10.25.562925,7c6464d6-6c8f-1014-8ff4-951c65a6a283,
rarecyte_multipl2023_rarecyte_ori,RareCyte multiplex imaging,RareCyte Orion,thymus,10.5281/zenodo.7693279,body,3,10.1101/2023.10.25.562925,7c6464d6-6c8f-1014-8ff4-951c65a6a283,
rnascope_single_2023_rnascope,RNAscope single molecule FISH,RNAscope,thymus,10.5281/zenodo.7693279,body,3,10.1101/2023.10.25.562925,7c6464d6-6c8f-1014-8ff4-951c65a6a283,
visium_spatial_t2023_visium_4,Visium spatial transcriptomics (fetal and paediatric),10x Genomics Visium,thymus,GSE147520,body,3,10.1101/2023.10.25.562925,7c6464d6-6c8f-1014-8ff4-951c65a6a283,
ibex_multiplex_i2023_ibex,IBEX multiplex imaging,IBEX,thymus,GSE147520,body,3,10.1101/2023.10.25.562925,7c6464d6-6c8f-1014-8ff4-951c65a6a283,
rarecyte_multipl2023_rarecyte_ori,RareCyte multiplex imaging,RareCyte Orion,thymus,GSE147520,body,3,10.1101/2023.10.25.562925,7c6464d6-6c8f-1014-8ff4-951c65a6a283,
rnascope_single_2023_rnascope,RNAscope single molecule FISH,RNAscope,thymus,GSE147520,body,3,10.1101/2023.10.25.562925,7c6464d6-6c8f-1014-8ff4-951c65a6a283,
visium_spatial_t2023_visium_4,Visium spatial transcriptomics (fetal and paediatric),10x Genomics Visium,thymus,GSE159745,body,3,10.1101/2023.10.25.562925,7c6464d6-6c8f-1014-8ff4-951c65a6a283,
ibex_multiplex_i2023_ibex,IBEX multiplex imaging,IBEX,thymus,GSE159745,body,3,10.1101/2023.10.25.562925,7c6464d6-6c8f-1014-8ff4-951c65a6a283,
rarecyte_multipl2023_rarecyte_ori,RareCyte multiplex imaging,RareCyte Orion,thymus,GSE159745,body,3,10.1101/2023.10.25.562925,7c6464d6-6c8f-1014-8ff4-951c65a6a283,
rnascope_single_2023_rnascope,RNAscope single molecule FISH,RNAscope,thymus,GSE159745,body,3,10.1101/2023.10.25.562925,7c6464d6-6c8f-1014-8ff4-951c65a6a283,
polonsky2024_seqfish,Mouse Spatial Transcriptomic Dataset,seqFISH+,Kidney,figshare.com/articles/dataset/ProjecTILs_murine_reference_atlas_of_tumor-infiltrating_T_cells_version_1/12478571/2,body,1,10.1101/2023.11.22.568217,d2e46ce4-7059-1014-a736-f3db6201f71f,12709329
perturb_fish_asd2023_merfish,Perturb-FISH ASD risk genes dataset in human iPSC-derived astrocytes,Perturb-FISH / MERFISH,THP1-derived macrophages,10.5281/zenodo.3758540,body,2,10.1101/2023.11.30.569494,5b02e4bb-7294-1014-952b-b2f9ea5ff68a,
perturb_fish_asd2023_merfish,Perturb-FISH ASD risk genes dataset in human iPSC-derived astrocytes,Perturb-FISH / MERFISH,THP1-derived macrophages,GSE221321,body,2,10.1101/2023.11.30.569494,5b02e4bb-7294-1014-952b-b2f9ea5ff68a,
vannan2023_xenium,Xenium in situ dataset,Xenium in situ,Lung,GSE250346,body,1,10.1101/2023.12.15.571954,95a86d71-6cac-1014-b7a2-da30ccbac69f,
htapp_mibi_datas2024_mibi,HTAPP MIBI dataset,MIBI,neuroblastoma,GSE216650,body,6,10.1101/2024.01.07.574538,fc8a5350-6f6e-1014-8016-aaef20c5ee69,https://humantumoratlas.org/
htapp_codex_data2024_codex,HTAPP CODEX dataset,CODEX,neuroblastoma,GSE216650,body,6,10.1101/2024.01.07.574538,fc8a5350-6f6e-1014-8016-aaef20c5ee69,https://humantumoratlas.org/
htapp_slide_seqv2024_slideseq,HTAPP Slide-SeqV2 dataset,Slide-SeqV2,neuroblastoma,GSE216650,body,6,10.1101/2024.01.07.574538,fc8a5350-6f6e-1014-8016-aaef20c5ee69,https://humantumoratlas.org/
htapp_mibi_datas2024_mibi,HTAPP MIBI dataset,MIBI,neuroblastoma,humantumoratlas.org/</a>,body,6,10.1101/2024.01.07.574538,fc8a5350-6f6e-1014-8016-aaef20c5ee69,https://humantumoratlas.org/
htapp_codex_data2024_codex,HTAPP CODEX dataset,CODEX,neuroblastoma,humantumoratlas.org/</a>,body,6,10.1101/2024.01.07.574538,fc8a5350-6f6e-1014-8016-aaef20c5ee69,https://humantumoratlas.org/
htapp_slide_seqv2024_slideseq,HTAPP Slide-SeqV2 dataset,Slide-SeqV2,neuroblastoma,humantumoratlas.org/</a>,body,6,10.1101/2024.01.07.574538,fc8a5350-6f6e-1014-8016-aaef20c5ee69,https://humantumoratlas.org/
htapp_mibi_datas2024_mibi,HTAPP MIBI dataset,MIBI,neuroblastoma,humantumoratlas.org/</a><br><a,body,6,10.1101/2024.01.07.574538,fc8a5350-6f6e-1014-8016-aaef20c5ee69,https://humantumoratlas.org/
htapp_codex_data2024_codex,HTAPP CODEX dataset,CODEX,neuroblastoma,humantumoratlas.org/</a><br><a,body,6,10.1101/2024.01.07.574538,fc8a5350-6f6e-1014-8016-aaef20c5ee69,https://humantumoratlas.org/
htapp_slide_seqv2024_slideseq,HTAPP Slide-SeqV2 dataset,Slide-SeqV2,neuroblastoma,humantumoratlas.org/</a><br><a,body,6,10.1101/2024.01.07.574538,fc8a5350-6f6e-1014-8016-aaef20c5ee69,https://humantumoratlas.org/
htapp_mibi_datas2024_mibi,HTAPP MIBI dataset,MIBI,neuroblastoma,humantumoratlas.org/>,body,6,10.1101/2024.01.07.574538,fc8a5350-6f6e-1014-8016-aaef20c5ee69,https://humantumoratlas.org/
htapp_codex_data2024_codex,HTAPP CODEX dataset,CODEX,neuroblastoma,humantumoratlas.org/>,body,6,10.1101/2024.01.07.574538,fc8a5350-6f6e-1014-8016-aaef20c5ee69,https://humantumoratlas.org/
htapp_slide_seqv2024_slideseq,HTAPP Slide-SeqV2 dataset,Slide-SeqV2,neuroblastoma,humantumoratlas.org/>,body,6,10.1101/2024.01.07.574538,fc8a5350-6f6e-1014-8016-aaef20c5ee69,https://humantumoratlas.org/
htapp_mibi_datas2024_mibi,HTAPP MIBI dataset,MIBI,neuroblastoma,humantumoratlas.org/explore,body,6,10.1101/2024.01.07.574538,fc8a5350-6f6e-1014-8016-aaef20c5ee69,https://humantumoratlas.org/
htapp_codex_data2024_codex,HTAPP CODEX dataset,CODEX,neuroblastoma,humantumoratlas.org/explore,body,6,10.1101/2024.01.07.574538,fc8a5350-6f6e-1014-8016-aaef20c5ee69,https://humantumoratlas.org/
htapp_slide_seqv2024_slideseq,HTAPP Slide-SeqV2 dataset,Slide-SeqV2,neuroblastoma,humantumoratlas.org/explore,body,6,10.1101/2024.01.07.574538,fc8a5350-6f6e-1014-8016-aaef20c5ee69,https://humantumoratlas.org/
htapp_mibi_datas2024_mibi,HTAPP MIBI dataset,MIBI,neuroblastoma,phs000467,body,6,10.1101/2024.01.07.574538,fc8a5350-6f6e-1014-8016-aaef20c5ee69,https://humantumoratlas.org/
htapp_codex_data2024_codex,HTAPP CODEX dataset,CODEX,neuroblastoma,phs000467,body,6,10.1101/2024.01.07.574538,fc8a5350-6f6e-1014-8016-aaef20c5ee69,https://humantumoratlas.org/
htapp_slide_seqv2024_slideseq,HTAPP Slide-SeqV2 dataset,Slide-SeqV2,neuroblastoma,phs000467,body,6,10.1101/2024.01.07.574538,fc8a5350-6f6e-1014-8016-aaef20c5ee69,https://humantumoratlas.org/
thompson2024_visium,Visium human hippocampus data,10x Genomics Visium Spatial Gene Expression,hippocampus,GSE230782,body,2,10.1101/2024.04.26.590643,e0ed8440-6cc1-1014-83a4-eb21830c2b67,
nelson2024_visium,HPC,10x Genomics Visium,hippocampus,GSE230782,body,2,10.1101/2024.04.26.590643,e0ed8440-6cc1-1014-83a4-eb21830c2b67,http://biorxiv.org/lookup/doi/10.1101/2024.04.26.590643
thompson2024_visium,Visium human hippocampus data,10x Genomics Visium Spatial Gene Expression,hippocampus,GSE264624,body,2,10.1101/2024.04.26.590643,e0ed8440-6cc1-1014-83a4-eb21830c2b67,
nelson2024_visium,HPC,10x Genomics Visium,hippocampus,GSE264624,body,2,10.1101/2024.04.26.590643,e0ed8440-6cc1-1014-83a4-eb21830c2b67,http://biorxiv.org/lookup/doi/10.1101/2024.04.26.590643
clark2024_fluorescence,Cell Maps 4 Artificial Intelligence / Bridge2AI perturbation dataset (MDA-MB-468),Fluorescence microscopy,MDA-MB-468 breast cancer cell line,10.5281/zenodo.4630931,body,1,10.1101/2024.05.21.589311,fc120a41-76ea-1014-a40b-925187216ba4,https://dataverse.lib.virginia.edu/dataset.xhtml?persistentId=doi:10.18130/V3/DXWOS5
mouse_coronal_br2024_visium,Mouse Coronal Brain dataset,Visium platform,coronal brain section,10.5281/zenodo.11489067,body,1,10.1101/2024.06.06.597765,02c9d586-6f0f-1014-9e3b-941b0ffd5147,
comparative_spat2024_visium,Comparative spatial transcriptomics of the injured spinal cord (generated in this paper),10x Visium,lumbar spinal cord,10.5281/zenodo.7332091,body,6,10.1101/2024.06.13.598641,a8f2de91-73b2-1014-9e7a-8fa5d00eb87e,
comparative_spat2024_visium,Comparative spatial transcriptomics of the injured spinal cord (generated in this paper),10x Visium,lumbar spinal cord,GSE120374,body,6,10.1101/2024.06.13.598641,a8f2de91-73b2-1014-9e7a-8fa5d00eb87e,
comparative_spat2024_visium,Comparative spatial transcriptomics of the injured spinal cord (generated in this paper),10x Visium,lumbar spinal cord,GSE184369,body,6,10.1101/2024.06.13.598641,a8f2de91-73b2-1014-9e7a-8fa5d00eb87e,
comparative_spat2024_visium,Comparative spatial transcriptomics of the injured spinal cord (generated in this paper),10x Visium,lumbar spinal cord,GSE214611,body,6,10.1101/2024.06.13.598641,a8f2de91-73b2-1014-9e7a-8fa5d00eb87e,
comparative_spat2024_visium,Comparative spatial transcriptomics of the injured spinal cord (generated in this paper),10x Visium,lumbar spinal cord,GSE226208,body,6,10.1101/2024.06.13.598641,a8f2de91-73b2-1014-9e7a-8fa5d00eb87e,
comparative_spat2024_visium,Comparative spatial transcriptomics of the injured spinal cord (generated in this paper),10x Visium,lumbar spinal cord,GSE234774,body,6,10.1101/2024.06.13.598641,a8f2de91-73b2-1014-9e7a-8fa5d00eb87e,
visium_spatial_r2024_visium,"Visium spatial RNA-seq dataset (root, hypocotyl, heart stage seed, cotyledon stage seed, early maturation stage seed)",10X Genomics Visium,"root, hypocotyl, seed (heart stage, cotyledon stage, early maturation stage)",GSE270392,body,1,10.1101/2024.07.03.601616,d185b027-6c9b-1014-810f-8880a883105a,
photon_granulosa2024_illumina,PHOTON Granulosa Cell Transcriptome Dataset,Illumina,ovary,PRJNA1152621,body,1,10.1101/2024.09.10.612328,e21d04e1-714d-1014-83a4-bd4b39b984af,PRJNA1152621
mouse_pdac_spati_lmdbased_lcm,mouse PDAC spatial proteomics data,LMD-based LC-MS/MS,pancreatic ductal adenocarcinoma (PDAC),10.5281/zenodo.13978420,body,5,10.1101/2024.12.18.629082,5a92f732-6c3f-1014-9678-db69cf050c02,IPX0007607001
mouse_pdac_spati_lmdbased_lcm,mouse PDAC spatial proteomics data,LMD-based LC-MS/MS,pancreatic ductal adenocarcinoma (PDAC),10.5281/zenodo.14386585,body,5,10.1101/2024.12.18.629082,5a92f732-6c3f-1014-9678-db69cf050c02,IPX0007607001
mouse_pdac_spati_lmdbased_lcm,mouse PDAC spatial proteomics data,LMD-based LC-MS/MS,pancreatic ductal adenocarcinoma (PDAC),GSE213264,body,5,10.1101/2024.12.18.629082,5a92f732-6c3f-1014-9678-db69cf050c02,IPX0007607001
mouse_pdac_spati_lmdbased_lcm,mouse PDAC spatial proteomics data,LMD-based LC-MS/MS,pancreatic ductal adenocarcinoma (PDAC),zenodo.org/records/14233847,body,5,10.1101/2024.12.18.629082,5a92f732-6c3f-1014-9678-db69cf050c02,IPX0007607001
mouse_pdac_spati_lmdbased_lcm,mouse PDAC spatial proteomics data,LMD-based LC-MS/MS,pancreatic ductal adenocarcinoma (PDAC),zenodo.org/records/8373756,body,5,10.1101/2024.12.18.629082,5a92f732-6c3f-1014-9678-db69cf050c02,IPX0007607001
yeo2024_dlbcl_multiomics,"DLBCL multiplexed imaging cohorts (DLBCL-1 >361k, DLBCL-2 >1M annotated cells)",multiplexed imaging,lymph node,10.5281/zenodo.4909620,body,1,10.1101/2024.12.20.629650,362641fa-73cb-1014-8d2d-d89c4d0384b4,
hcc_codex_and_vi_visium,HCC CODEX and Visium dataset,CODEX and Visium,hepatocellular carcinoma,figshare.com/ndownloader/files/40581968,body,2,10.1101/2025.02.01.636038,9cbaa1b2-7021-1014-97fe-b7a7711e2745,
hcc_codex_and_vi_visium,HCC CODEX and Visium dataset,CODEX and Visium,hepatocellular carcinoma,zenodo.org/records/7879713,body,2,10.1101/2025.02.01.636038,9cbaa1b2-7021-1014-97fe-b7a7711e2745,
human_live_donor2025_visiumhd,Human live donor and liver pathology spatial transcriptomics dataset,"10x Visium, Visium HD, and MERFISH",Liver,zenodo.org/records/14795740,body,1,10.1101/2025.02.22.639181,2ecf8702-6d95-1014-bd05-d3e82ca38572,https://zenodo.org/records/14795740
non_human_mammal2025_visium,"Non-human mammalian spatial transcriptomics dataset (mouse, wild boar, domesticated pig, cow)",10x Visium,Liver,zenodo.org/records/14795740,body,1,10.1101/2025.02.22.639181,2ecf8702-6d95-1014-bd05-d3e82ca38572,
sp_max_spatial_p2025_lcmsms_diams,SP-Max spatial proteomics dataset,LC-MS/MS (DIA-MS),"Pancreas (Normal duct, IPMN, PDAC)",PXD060378,body,1,10.1101/2025.05.01.651678,498d2018-6c3d-1014-89cf-95a59e281cb1,PXD060378
peritoneal_endom2025_visium,peritoneal endometriotic lesions spatial transcriptomics,Visium,peritoneal endometriotic lesion,E-MTAB-10283,body,5,10.1101/2025.05.09.653038,41ac44d2-70a3-1014-8740-d80772b47117,
peritoneal_endom2025_visium,peritoneal endometriotic lesions spatial transcriptomics,Visium,peritoneal endometriotic lesion,E-MTAB-14039,body,5,10.1101/2025.05.09.653038,41ac44d2-70a3-1014-8740-d80772b47117,
peritoneal_endom2025_visium,peritoneal endometriotic lesions spatial transcriptomics,Visium,peritoneal endometriotic lesion,E-MTAB-9260,body,5,10.1101/2025.05.09.653038,41ac44d2-70a3-1014-8740-d80772b47117,
peritoneal_endom2025_visium,peritoneal endometriotic lesions spatial transcriptomics,Visium,peritoneal endometriotic lesion,GSE192722,body,5,10.1101/2025.05.09.653038,41ac44d2-70a3-1014-8740-d80772b47117,
peritoneal_endom2025_visium,peritoneal endometriotic lesions spatial transcriptomics,Visium,peritoneal endometriotic lesion,GSE203612,body,5,10.1101/2025.05.09.653038,41ac44d2-70a3-1014-8740-d80772b47117,
snhla_merfish_da2025_vizgen_mersc,snHLA MERFISH Dataset,Vizgen MERSCOPE,Adult lung,10.5281/zenodo.2678041,body,2,10.1101/2025.05.23.655666,6ca25eee-7853-1014-8aed-fc8cff0a87e5,https://portal.hubmapconsortium.org/browse/publication/a10041ad9ebae0b42d3c7f602ba37b82
snhla_merfish_da2025_vizgen_mersc,snHLA MERFISH Dataset,Vizgen MERSCOPE,Adult lung,phs000424,body,2,10.1101/2025.05.23.655666,6ca25eee-7853-1014-8aed-fc8cff0a87e5,https://portal.hubmapconsortium.org/browse/publication/a10041ad9ebae0b42d3c7f602ba37b82
fixed_cell_scrna2025_10x_genomics,Fixed-cell scRNA-seq dataset (methanol and ACME fixed),10X Genomics,Feeding polyps and stolon tissue,PRJNA1263849,body,1,10.1101/2025.06.03.657738,33e1be1e-6e29-1014-b693-b4aa39ef33b0,PRJNA1263849
spatial_dmt_post2025_st,Spatial-DMT postnatal mouse brain P21 dataset,Illumina NovaSeq 6000 sequencer and NovaSeq X Plus system,Embryo (E11),GSE270498,body,1,10.1101/2025.07.01.662607,ec1e8dd9-6d0d-1014-aac2-c6db6b2c357e,GSE270498
merfish_gut_atla2025_merfish,MERFISH Gut Atlas,MERFISH,"gastrointestinal tract (ileum, cecum, proximal colon, distal colon)",GSE143342,body,2,10.1101/2025.07.21.665958,804602f5-6fe6-1014-a1d1-ae8f9287b38f,
merfish_gut_atla2025_merfish,MERFISH Gut Atlas,MERFISH,"gastrointestinal tract (ileum, cecum, proximal colon, distal colon)",GSE297799,body,2,10.1101/2025.07.21.665958,804602f5-6fe6-1014-a1d1-ae8f9287b38f,
human_organ_atla2025_tomo,Human Organ Atlas datasets,HiP-CT (Hierarchical Phase-Contrast Tomography),"brain, colon, heart, kidney, liver, lung, prostate, spleen, testis",10.5281/zenodo.14755802,body,4,10.1101/2025.07.31.667856,77b9fa97-6d7e-1014-a982-afcceadf762a,human-organ-atlas.esrf.eu
human_organ_atla2025_tomo,Human Organ Atlas datasets,HiP-CT (Hierarchical Phase-Contrast Tomography),"brain, colon, heart, kidney, liver, lung, prostate, spleen, testis",10.5281/zenodo.15397768,body,4,10.1101/2025.07.31.667856,77b9fa97-6d7e-1014-a982-afcceadf762a,human-organ-atlas.esrf.eu
human_organ_atla2025_tomo,Human Organ Atlas datasets,HiP-CT (Hierarchical Phase-Contrast Tomography),"brain, colon, heart, kidney, liver, lung, prostate, spleen, testis",10.5281/zenodo.16087608,body,4,10.1101/2025.07.31.667856,77b9fa97-6d7e-1014-a982-afcceadf762a,human-organ-atlas.esrf.eu
human_organ_atla2025_tomo,Human Organ Atlas datasets,HiP-CT (Hierarchical Phase-Contrast Tomography),"brain, colon, heart, kidney, liver, lung, prostate, spleen, testis",10.5281/zenodo.16098811,body,4,10.1101/2025.07.31.667856,77b9fa97-6d7e-1014-a982-afcceadf762a,human-organ-atlas.esrf.eu
deep_visual_prot2025_mass_spectro,Deep Visual Proteomics (DVP) spatial proteomics dataset,Mass spectrometry (Deep Visual Proteomics),Fallopian tube and omentum,GSE305176,body,2,10.1101/2025.08.25.25333715,b15a9c71-752a-1014-9e97-af7dd34220b0,https://www.ebi.ac.uk/pride/archive/projects/PXD062349
deep_visual_prot2025_mass_spectro,Deep Visual Proteomics (DVP) spatial proteomics dataset,Mass spectrometry (Deep Visual Proteomics),Fallopian tube and omentum,PXD062349,body,2,10.1101/2025.08.25.25333715,b15a9c71-752a-1014-9e97-af7dd34220b0,https://www.ebi.ac.uk/pride/archive/projects/PXD062349
visium_hd_sectio2025_visiumhd,Visium HD sections D1 and D2,10X Visium HD spatial transcriptomics,Healthy facial skin (temporal region),10.5281/zenodo.17088022,body,13,10.1101/2025.09.09.675235,ab2a1489-7001-1014-b2bf-f5e47d205c33,
visium_hd_sectio2025_visiumhd,Visium HD sections D1 and D2,10X Visium HD spatial transcriptomics,Healthy facial skin (temporal region),EGAS00001002927,body,13,10.1101/2025.09.09.675235,ab2a1489-7001-1014-b2bf-f5e47d205c33,
visium_hd_sectio2025_visiumhd,Visium HD sections D1 and D2,10X Visium HD spatial transcriptomics,Healthy facial skin (temporal region),GSE138669,body,13,10.1101/2025.09.09.675235,ab2a1489-7001-1014-b2bf-f5e47d205c33,
visium_hd_sectio2025_visiumhd,Visium HD sections D1 and D2,10X Visium HD spatial transcriptomics,Healthy facial skin (temporal region),GSE147424,body,13,10.1101/2025.09.09.675235,ab2a1489-7001-1014-b2bf-f5e47d205c33,
visium_hd_sectio2025_visiumhd,Visium HD sections D1 and D2,10X Visium HD spatial transcriptomics,Healthy facial skin (temporal region),GSE151177,body,13,10.1101/2025.09.09.675235,ab2a1489-7001-1014-b2bf-f5e47d205c33,
visium_hd_sectio2025_visiumhd,Visium HD sections D1 and D2,10X Visium HD spatial transcriptomics,Healthy facial skin (temporal region),GSE179633,body,13,10.1101/2025.09.09.675235,ab2a1489-7001-1014-b2bf-f5e47d205c33,
visium_hd_sectio2025_visiumhd,Visium HD sections D1 and D2,10X Visium HD spatial transcriptomics,Healthy facial skin (temporal region),GSE191067,body,13,10.1101/2025.09.09.675235,ab2a1489-7001-1014-b2bf-f5e47d205c33,
visium_hd_sectio2025_visiumhd,Visium HD sections D1 and D2,10X Visium HD spatial transcriptomics,Healthy facial skin (temporal region),GSE241132,body,13,10.1101/2025.09.09.675235,ab2a1489-7001-1014-b2bf-f5e47d205c33,
visium_hd_sectio2025_visiumhd,Visium HD sections D1 and D2,10X Visium HD spatial transcriptomics,Healthy facial skin (temporal region),GSE265972,body,13,10.1101/2025.09.09.675235,ab2a1489-7001-1014-b2bf-f5e47d205c33,
visium_hd_sectio2025_visiumhd,Visium HD sections D1 and D2,10X Visium HD spatial transcriptomics,Healthy facial skin (temporal region),GSE274955,body,13,10.1101/2025.09.09.675235,ab2a1489-7001-1014-b2bf-f5e47d205c33,
visium_hd_sectio2025_visiumhd,Visium HD sections D1 and D2,10X Visium HD spatial transcriptomics,Healthy facial skin (temporal region),GSM5050540,body,13,10.1101/2025.09.09.675235,ab2a1489-7001-1014-b2bf-f5e47d205c33,
visium_hd_sectio2025_visiumhd,Visium HD sections D1 and D2,10X Visium HD spatial transcriptomics,Healthy facial skin (temporal region),GSM8238437,body,13,10.1101/2025.09.09.675235,ab2a1489-7001-1014-b2bf-f5e47d205c33,
visium_hd_sectio2025_visiumhd,Visium HD sections D1 and D2,10X Visium HD spatial transcriptomics,Healthy facial skin (temporal region),GSM8238438,body,13,10.1101/2025.09.09.675235,ab2a1489-7001-1014-b2bf-f5e47d205c33,
pkd1_rc_rc_and_i2025_visium,Pkd1 RC/RC and Ift88 spatial transcriptomics dataset,10X Visium,kidney,GSE193528,body,5,10.1101/2025.09.17.676846,b29c3080-73e4-1014-8b87-c40412f5133a,GSE299863
pkd1_rc_rc_and_i2025_visium,Pkd1 RC/RC and Ift88 spatial transcriptomics dataset,10X Visium,kidney,GSE268494,body,5,10.1101/2025.09.17.676846,b29c3080-73e4-1014-8b87-c40412f5133a,GSE299863
pkd1_rc_rc_and_i2025_visium,Pkd1 RC/RC and Ift88 spatial transcriptomics dataset,10X Visium,kidney,GSE297737,body,5,10.1101/2025.09.17.676846,b29c3080-73e4-1014-8b87-c40412f5133a,GSE299863
pkd1_rc_rc_and_i2025_visium,Pkd1 RC/RC and Ift88 spatial transcriptomics dataset,10X Visium,kidney,GSE298379,body,5,10.1101/2025.09.17.676846,b29c3080-73e4-1014-8b87-c40412f5133a,GSE299863
pkd1_rc_rc_and_i2025_visium,Pkd1 RC/RC and Ift88 spatial transcriptomics dataset,10X Visium,kidney,GSE299863,body,5,10.1101/2025.09.17.676846,b29c3080-73e4-1014-8b87-c40412f5133a,GSE299863
human_gastric_ca2025_he_only,human gastric cancer signet-ring cells H&E image,H&E only,Gastric cancer,zenodo.org/records/15164980,body,2,10.1101/2025.09.21.677634,19a5fcca-7594-1014-9eb2-f9d2c2e986b9,https://upenn.box.com/s/nazcbustyepbf7dsv0ih8enxw3wr04x6
human_kidney_cos2025_cosmx,human kidney CosMx data,CosMx,Kidney (T2D and normal),zenodo.org/records/15164980,body,2,10.1101/2025.09.21.677634,19a5fcca-7594-1014-9eb2-f9d2c2e986b9,https://upenn.box.com/s/5zjynedjrachn1p8c4y1us1vonhgqm3d
human_gastric_ca2025_he_only,human gastric cancer signet-ring cells H&E image,H&E only,Gastric cancer,zenodo.org/records/3957257,body,2,10.1101/2025.09.21.677634,19a5fcca-7594-1014-9eb2-f9d2c2e986b9,https://upenn.box.com/s/nazcbustyepbf7dsv0ih8enxw3wr04x6
human_kidney_cos2025_cosmx,human kidney CosMx data,CosMx,Kidney (T2D and normal),zenodo.org/records/3957257,body,2,10.1101/2025.09.21.677634,19a5fcca-7594-1014-9eb2-f9d2c2e986b9,https://upenn.box.com/s/5zjynedjrachn1p8c4y1us1vonhgqm3d
mouse_brain_coro2025_visium,Mouse brain coronal data,10x Visium,brain,GSE144240,body,1,10.1101/gr.280031.124,PMC12129015,https://support.10xgenomics.com/spatial-gene-expression/datasets
wu2024_visium,aging mouse brain dataset,10X Visium,brain,GSE129788,body,2,10.1111/acel.14109,PMC11113349,https://sysbio.gzzoc.com/Mouse-Brain-Aging/
wu2024_visium,aging mouse brain dataset,10X Visium,brain,GSE193107,body,2,10.1111/acel.14109,PMC11113349,https://sysbio.gzzoc.com/Mouse-Brain-Aging/
geomx_rna_ngs_wh2023_geomx,GeoMx RNA-NGS Whole Transcriptome Atlas (WTA),GeoMx Digital Spatial Profiler,Lateral cerebellar hemisphere (Purkinje cell soma and white matter),PXD042370,body,1,10.1111/jvim.16784,PMC10365050,
spatial_transcri2024_visium,Spatial Transcriptomics liver sections (Visium data generated in this study),Visium,liver,GSE189175,body,1,10.1111/liv.16125,PMC11891380,
wang2018_molecular_in,Wang et al. liver tumorigenesis screen data,Molecular inversion probe sequencing (MIPS),Liver,PRJNA416821,body,1,10.1126/sciadv.aao5508,PMC5829971,
ortiz2020_spatial_tran,Adult mouse brain spatial atlas,Spatial Transcriptomics,brain,GSE147747,body,1,10.1126/sciadv.abb3446,PMC7319762,
ortiz2020_st,Adult mouse whole-brain multi-slice dataset,ST,Whole brain,GSE147747,body,1,10.1126/sciadv.abb3446,PMC7319762,
ortiz2020_visium,mouse brain (Sects 1 and 2),10x Visium,brain,GSE147747,body,1,10.1126/sciadv.abb3446,PMC7319762,https://www.10xgenomics.com/datasets/mouse-brain-serial-section-1-sagittal-anterior-1-standard-1-0-0
ortiz2020_merfish,Sagittal mouse brain MERFISH dataset,Vizgen MERFISH,Brain (Sagittal),GSE147747,body,1,10.1126/sciadv.abb3446,PMC7319762,https://alleninstitute.github.io/abc_atlas_access/notebooks/zhuang_merfish_tutorial.html
ortiz2024_merfish,Sagittal adult mouse brain,MERFISH,Brain,GSE147747,body,1,10.1126/sciadv.abb3446,PMC7319762,https://alleninstitute.github.io/abc_atlas_access/notebooks/zhuang_merfish_tutorial.html
spatial_metabolo2022_maldimsi_mal,Spatial metabolomics dataset,MALDI-MSI (MALDI-Fourier-transform ion cyclotron resonance / MALDI-Orbitrap),Kidney cortical tissues,10.5281/zenodo.6410326,body,5,10.1126/sciadv.abn4965,PMC9176741,DOI: 10.48698/z30t-0a62
codex_imaging_da2022_codex,CODEX imaging dataset,CODEX multiplexed tissue imaging,Kidney biopsy,10.5281/zenodo.6410326,body,5,10.1126/sciadv.abn4965,PMC9176741,DOI: 10.48698/z30t-0a62
spatial_metabolo2022_maldimsi_mal,Spatial metabolomics dataset,MALDI-MSI (MALDI-Fourier-transform ion cyclotron resonance / MALDI-Orbitrap),Kidney cortical tissues,GSE114156,body,5,10.1126/sciadv.abn4965,PMC9176741,DOI: 10.48698/z30t-0a62
codex_imaging_da2022_codex,CODEX imaging dataset,CODEX multiplexed tissue imaging,Kidney biopsy,GSE114156,body,5,10.1126/sciadv.abn4965,PMC9176741,DOI: 10.48698/z30t-0a62
spatial_metabolo2022_maldimsi_mal,Spatial metabolomics dataset,MALDI-MSI (MALDI-Fourier-transform ion cyclotron resonance / MALDI-Orbitrap),Kidney cortical tissues,GSE121862,body,5,10.1126/sciadv.abn4965,PMC9176741,DOI: 10.48698/z30t-0a62
codex_imaging_da2022_codex,CODEX imaging dataset,CODEX multiplexed tissue imaging,Kidney biopsy,GSE121862,body,5,10.1126/sciadv.abn4965,PMC9176741,DOI: 10.48698/z30t-0a62
spatial_metabolo2022_maldimsi_mal,Spatial metabolomics dataset,MALDI-MSI (MALDI-Fourier-transform ion cyclotron resonance / MALDI-Orbitrap),Kidney cortical tissues,GSE140989,body,5,10.1126/sciadv.abn4965,PMC9176741,DOI: 10.48698/z30t-0a62
codex_imaging_da2022_codex,CODEX imaging dataset,CODEX multiplexed tissue imaging,Kidney biopsy,GSE140989,body,5,10.1126/sciadv.abn4965,PMC9176741,DOI: 10.48698/z30t-0a62
spatial_metabolo2022_maldimsi_mal,Spatial metabolomics dataset,MALDI-MSI (MALDI-Fourier-transform ion cyclotron resonance / MALDI-Orbitrap),Kidney cortical tissues,GSE163603,body,5,10.1126/sciadv.abn4965,PMC9176741,DOI: 10.48698/z30t-0a62
codex_imaging_da2022_codex,CODEX imaging dataset,CODEX multiplexed tissue imaging,Kidney biopsy,GSE163603,body,5,10.1126/sciadv.abn4965,PMC9176741,DOI: 10.48698/z30t-0a62
welch2022_visium,CK-p25 mouse coronal brain data set,10x Genomics Visium Spatial Proteogenomics (SPG),coronal brain tissue,GSE174265,body,4,10.1126/sciadv.abo4662,PMC9519048,https://www.10xgenomics.com/resources/datasets/
welch2022_visium,CK-p25 mouse coronal brain data set,10x Genomics Visium Spatial Proteogenomics (SPG),coronal brain tissue,synapse.org/#!Synapse:syn18485175,body,4,10.1126/sciadv.abo4662,PMC9519048,https://www.10xgenomics.com/resources/datasets/
welch2022_visium,CK-p25 mouse coronal brain data set,10x Genomics Visium Spatial Proteogenomics (SPG),coronal brain tissue,synapse.org/#!Synapse:syn3157322,body,4,10.1126/sciadv.abo4662,PMC9519048,https://www.10xgenomics.com/resources/datasets/
welch2022_visium,CK-p25 mouse coronal brain data set,10x Genomics Visium Spatial Proteogenomics (SPG),coronal brain tissue,synapse.org/#!Synapse:syn33212353,body,4,10.1126/sciadv.abo4662,PMC9519048,https://www.10xgenomics.com/resources/datasets/
wang2023_unknown,Colorectal cancer (CRC) primary and liver metastatic tumors dataset,,colorectal cancer and liver metastatic tumors,GSE225857,body,4,10.1126/sciadv.adf5464,PMC10275599,
wang2023_unknown,Colorectal cancer (CRC) primary and liver metastatic tumors dataset,,colorectal cancer and liver metastatic tumors,GSE39582,body,4,10.1126/sciadv.adf5464,PMC10275599,
wang2023_unknown,Colorectal cancer (CRC) primary and liver metastatic tumors dataset,,colorectal cancer and liver metastatic tumors,GSE50760,body,4,10.1126/sciadv.adf5464,PMC10275599,
wang2023_unknown,Colorectal cancer (CRC) primary and liver metastatic tumors dataset,,colorectal cancer and liver metastatic tumors,SRP2,body,4,10.1126/sciadv.adf5464,PMC10275599,
zhu2023_10x_genomics,Human cerebral cortex,10x Genomics Multiome ATAC and Gene Expression,cerebral cortex,10.5281/zenodo.7703253,body,6,10.1126/sciadv.adg3754,PMC10569714,
zhu2023_10x_genomics,Human cerebral cortex,10x Genomics Multiome ATAC and Gene Expression,cerebral cortex,GSE204684,body,6,10.1126/sciadv.adg3754,PMC10569714,
zhu2023_10x_genomics,Human cerebral cortex,10x Genomics Multiome ATAC and Gene Expression,cerebral cortex,cellxgene.cziscience.com/collections/ceb895f4-ff9f-403a-b7c3-187a9657ac2c,body,6,10.1126/sciadv.adg3754,PMC10569714,
zhu2023_10x_genomics,Human cerebral cortex,10x Genomics Multiome ATAC and Gene Expression,cerebral cortex,cellxgene.cziscience.com/collections/ceb895f4-ff9f-403ab7c3-187a9657ac2c,body,6,10.1126/sciadv.adg3754,PMC10569714,
zhu2023_10x_genomics,Human cerebral cortex,10x Genomics Multiome ATAC and Gene Expression,cerebral cortex,singlecell.broadinstitute.org/single_cell/study/SCP1859,body,6,10.1126/sciadv.adg3754,PMC10569714,
zhu2023_10x_genomics,Human cerebral cortex,10x Genomics Multiome ATAC and Gene Expression,cerebral cortex,zenodo.org/record/3404275,body,6,10.1126/sciadv.adg3754,PMC10569714,
xenium_in_situ_d2024_xenium,Xenium in situ dataset,Xenium in situ,lung,10.5281/zenodo.10012934,body,9,10.1126/sciadv.adl5473,PMC11313858,
comet_high_plex_2024_comet,COMET high-plex sequential immunofluorescence dataset,COMET,lung,10.5281/zenodo.10012934,body,9,10.1126/sciadv.adl5473,PMC11313858,
xenium_in_situ_d2024_xenium,Xenium in situ dataset,Xenium in situ,lung,10.5281/zenodo.10015169,body,9,10.1126/sciadv.adl5473,PMC11313858,
comet_high_plex_2024_comet,COMET high-plex sequential immunofluorescence dataset,COMET,lung,10.5281/zenodo.10015169,body,9,10.1126/sciadv.adl5473,PMC11313858,
xenium_in_situ_d2024_xenium,Xenium in situ dataset,Xenium in situ,lung,10.5281/zenodo.10782736,body,9,10.1126/sciadv.adl5473,PMC11313858,
comet_high_plex_2024_comet,COMET high-plex sequential immunofluorescence dataset,COMET,lung,10.5281/zenodo.10782736,body,9,10.1126/sciadv.adl5473,PMC11313858,
xenium_in_situ_d2024_xenium,Xenium in situ dataset,Xenium in situ,lung,GSE122960,body,9,10.1126/sciadv.adl5473,PMC11313858,
comet_high_plex_2024_comet,COMET high-plex sequential immunofluorescence dataset,COMET,lung,GSE122960,body,9,10.1126/sciadv.adl5473,PMC11313858,
xenium_in_situ_d2024_xenium,Xenium in situ dataset,Xenium in situ,lung,GSE128033,body,9,10.1126/sciadv.adl5473,PMC11313858,
comet_high_plex_2024_comet,COMET high-plex sequential immunofluorescence dataset,COMET,lung,GSE128033,body,9,10.1126/sciadv.adl5473,PMC11313858,
xenium_in_situ_d2024_xenium,Xenium in situ dataset,Xenium in situ,lung,GSE128169,body,9,10.1126/sciadv.adl5473,PMC11313858,
comet_high_plex_2024_comet,COMET high-plex sequential immunofluorescence dataset,COMET,lung,GSE128169,body,9,10.1126/sciadv.adl5473,PMC11313858,
xenium_in_situ_d2024_xenium,Xenium in situ dataset,Xenium in situ,lung,GSE135893,body,9,10.1126/sciadv.adl5473,PMC11313858,
comet_high_plex_2024_comet,COMET high-plex sequential immunofluorescence dataset,COMET,lung,GSE135893,body,9,10.1126/sciadv.adl5473,PMC11313858,
xenium_in_situ_d2024_xenium,Xenium in situ dataset,Xenium in situ,lung,GSE136831,body,9,10.1126/sciadv.adl5473,PMC11313858,
comet_high_plex_2024_comet,COMET high-plex sequential immunofluorescence dataset,COMET,lung,GSE136831,body,9,10.1126/sciadv.adl5473,PMC11313858,
xenium_in_situ_d2024_xenium,Xenium in situ dataset,Xenium in situ,lung,GSE158127,body,9,10.1126/sciadv.adl5473,PMC11313858,
comet_high_plex_2024_comet,COMET high-plex sequential immunofluorescence dataset,COMET,lung,GSE158127,body,9,10.1126/sciadv.adl5473,PMC11313858,
breast_cancer_br2024_visium,Breast cancer (BRCA) dataset (10x Genomics Visium),10x Genomics Visium,breast cancer,10.5281/zenodo.13283829,body,2,10.1126/sciadv.adp4942,PMC11430467,https://10xgenomics.com/resources/datasets/human-ovarian-cancer-whole-transcriptome-analysis-stains-dapi-anti-pan-ck-anti-cd-45-1-standard-1-2-0
breast_cancer_br2024_visium,Breast cancer (BRCA) dataset (10x Genomics Visium),10x Genomics Visium,breast cancer,GSM5924035,body,2,10.1126/sciadv.adp4942,PMC11430467,https://10xgenomics.com/resources/datasets/human-ovarian-cancer-whole-transcriptome-analysis-stains-dapi-anti-pan-ck-anti-cd-45-1-standard-1-2-0
shi2021_scrnaseq,Ganglionic eminence scRNA-seq dataset,scRNA-seq,Ganglionic eminence,GSE135827,body,1,10.1126/science.abj6641,PMC7618238,https://ftp.ncbi.nlm.nih.gov/geo/ (or reference source)
fang2022_merfish,Human middle temporal gyrus (MTG) dataset (MERFISH),MERFISH,visual cortex,10.5061/dryad.x3ffbg7mw,body,3,10.1126/science.abm1741,PMC9262715,10.5061/dryad.x3ffbg7mw
fang2022_merfish,Human middle temporal gyrus (MTG) dataset (MERFISH),MERFISH,visual cortex,10.5281/zenodo.3264857,body,3,10.1126/science.abm1741,PMC9262715,10.5061/dryad.x3ffbg7mw
fang2022_merfish,Human middle temporal gyrus (MTG) dataset (MERFISH),MERFISH,visual cortex,10.5281/zenodo.6459546,body,3,10.1126/science.abm1741,PMC9262715,10.5061/dryad.x3ffbg7mw
hipr_fish_and_162024_hiprfish_and,HiPR-FISH and 16S rRNA sequencing dataset of murine gut microbiota perturbation and recovery,HiPR-FISH and PacBio 16S HiFi sequencing,Cecum and distal colon,figshare.com/articles/dataset/Spatial_recovery_of_the_murine_gut_microbiota_after_antibiotics_perturbation_-_Raw_data/25766280,body,1,10.1128/mbio.00707-24,PMC11253616,https://figshare.com/articles/dataset/Spatial_recovery_of_the_murine_gut_microbiota_after_antibiotics_perturbation_-_Raw_data/25766280
roelands2023_imc,cohort of 61 IMC raw images with 39 markers of colorectal cancer,IMC,colorectal cancer,10.6084/m9.figshare.16818415,body,3,10.1136/gutjnl-2022-327608,PMC10314051,https://www.ebi.ac.uk/biostudies/bioimages/studies/S-BIAD587
roelands2023_imc,cohort of 61 IMC raw images with 39 markers of colorectal cancer,IMC,colorectal cancer,S-BIAD587,body,3,10.1136/gutjnl-2022-327608,PMC10314051,https://www.ebi.ac.uk/biostudies/bioimages/studies/S-BIAD587
roelands2023_imc,cohort of 61 IMC raw images with 39 markers of colorectal cancer,IMC,colorectal cancer,singlecell.broadinstitute.org/single_cell/study/SCP1162/human,body,3,10.1136/gutjnl-2022-327608,PMC10314051,https://www.ebi.ac.uk/biostudies/bioimages/studies/S-BIAD587
visium_spatial_t2025_visium_2,Visium spatial transcriptomics dataset,10x Visium,colorectal cancer tissues,GSE123465,body,9,10.1136/jitc-2025-013763,PMC12766835,https://ngdc.cncb.ac.cn/gsa-human
visium_spatial_t2025_visium_2,Visium spatial transcriptomics dataset,10x Visium,colorectal cancer tissues,GSE132465,body,9,10.1136/jitc-2025-013763,PMC12766835,https://ngdc.cncb.ac.cn/gsa-human
visium_spatial_t2025_visium_2,Visium spatial transcriptomics dataset,10x Visium,colorectal cancer tissues,GSE144735,body,9,10.1136/jitc-2025-013763,PMC12766835,https://ngdc.cncb.ac.cn/gsa-human
visium_spatial_t2025_visium_2,Visium spatial transcriptomics dataset,10x Visium,colorectal cancer tissues,GSE161277,body,9,10.1136/jitc-2025-013763,PMC12766835,https://ngdc.cncb.ac.cn/gsa-human
visium_spatial_t2025_visium_2,Visium spatial transcriptomics dataset,10x Visium,colorectal cancer tissues,GSE200407,body,9,10.1136/jitc-2025-013763,PMC12766835,https://ngdc.cncb.ac.cn/gsa-human
visium_spatial_t2025_visium_2,Visium spatial transcriptomics dataset,10x Visium,colorectal cancer tissues,GSE200997,body,9,10.1136/jitc-2025-013763,PMC12766835,https://ngdc.cncb.ac.cn/gsa-human
visium_spatial_t2025_visium_2,Visium spatial transcriptomics dataset,10x Visium,colorectal cancer tissues,GSE221575,body,9,10.1136/jitc-2025-013763,PMC12766835,https://ngdc.cncb.ac.cn/gsa-human
visium_spatial_t2025_visium_2,Visium spatial transcriptomics dataset,10x Visium,colorectal cancer tissues,GSE231559,body,9,10.1136/jitc-2025-013763,PMC12766835,https://ngdc.cncb.ac.cn/gsa-human
visium_spatial_t2025_visium_2,Visium spatial transcriptomics dataset,10x Visium,colorectal cancer tissues,HRA011642,body,9,10.1136/jitc-2025-013763,PMC12766835,https://ngdc.cncb.ac.cn/gsa-human
melo2021_visium,spatial transcriptomic dataset for the mouse kidney demonstration,10X Genomics Visium,kidney,GSE121862,body,4,10.1172/jci.insight.147703,PMC8262485,GSM5224981
melo2021_visium,spatial transcriptomic dataset for the mouse kidney demonstration,10X Genomics Visium,kidney,GSE154107,body,4,10.1172/jci.insight.147703,PMC8262485,GSM5224981
melo2021_visium,spatial transcriptomic dataset for the mouse kidney demonstration,10X Genomics Visium,kidney,GSE171406,body,4,10.1172/jci.insight.147703,PMC8262485,GSM5224981
melo2021_visium,spatial transcriptomic dataset for the mouse kidney demonstration,10X Genomics Visium,kidney,GSE171639,body,4,10.1172/jci.insight.147703,PMC8262485,GSM5224981
xie2021_visium,SCAR_ST_000001 / Glioblastoma spatial dataset,Visium,brain / glioblastoma,GSE162631,body,1,10.1172/jci.insight.150861,PMC8410070,https://support.10xgenomics.com/spatial-gene-expression/datasets/1.2.0/Targeted_Visium_Human_Glioblastoma_Pan_Cancer
herrera2022_lcms,Herrera spatial proteomics dataset,LC-MS,Lung,PXD029341,body,1,10.1172/jci.insight.156115,PMC9462507,PXD029341
cheung2022_unknown,Spatially resolved gene expression profiling dataset from Cheung et al.,,kidney,GSE200115,body,1,10.1172/jci.insight.161078,PMC9714795,
larouche2023_visium,Dataset 4,Visium,skeletal muscle (tibialis anterior),GSE205707,body,1,10.1172/jci.insight.162835,PMC10132146,
wenger2013_illumina_and,Hydra vulgaris RNA-Seq transcriptome,Illumina and 454 reads,,ERP001719,body,2,10.1186/1471-2164-14-204,PMC3764976,HAAC01000001-HAAC01045269
wenger2013_illumina_and,Hydra vulgaris RNA-Seq transcriptome,Illumina and 454 reads,,PRJEB445,body,2,10.1186/1471-2164-14-204,PMC3764976,HAAC01000001-HAAC01045269
human_spleen_sam2023_visium,Human spleen sample,Visium,Spleen,GSM5028434,body,2,10.1186/s12859-023-05150-1,PMC9881287,
human_spleen_sam2023_visium,Human spleen sample,Visium,Spleen,GSM528388,body,2,10.1186/s12859-023-05150-1,PMC9881287,
pardo2022_visium,Human dorsolateral pre-frontal cortex (DLPFC) dataset,10X Visium,Dorsolateral pre-frontal cortex,10.5281/zenodo.4679424,body,1,10.1186/s12864-022-08601-w,PMC9188087,https://github.com/LieberInstitute/spatialLIBD
pardo2022_unknown,Real dataset 2,,,10.5281/zenodo.4679424,body,1,10.1186/s12864-022-08601-w,PMC9188087,http://research.libd.org/spatialLIBD/
phenocycler_fusi2023_phenocycler,PhenoCycler Fusion dataset,Phenocycler Fusion (protein-based),breast cancer,E-MTAB-6524,body,3,10.1186/s12864-023-09722-6,PMC10683105,
cosmx_dataset2023_cosmx,CosMX dataset,CosMX (protein-based),breast cancer,E-MTAB-6524,body,3,10.1186/s12864-023-09722-6,PMC10683105,
phenocycler_fusi2023_phenocycler,PhenoCycler Fusion dataset,Phenocycler Fusion (protein-based),breast cancer,GSE161529,body,3,10.1186/s12864-023-09722-6,PMC10683105,
cosmx_dataset2023_cosmx,CosMX dataset,CosMX (protein-based),breast cancer,GSE161529,body,3,10.1186/s12864-023-09722-6,PMC10683105,
phenocycler_fusi2023_phenocycler,PhenoCycler Fusion dataset,Phenocycler Fusion (protein-based),breast cancer,GSE176078,body,3,10.1186/s12864-023-09722-6,PMC10683105,
cosmx_dataset2023_cosmx,CosMX dataset,CosMX (protein-based),breast cancer,GSE176078,body,3,10.1186/s12864-023-09722-6,PMC10683105,
cacao_transcript2024_quantseq_3_l,"Cacao Transcriptome Atlas (Developmental, Drought and Diurnal, Meristem, Seed, Leaf Development, and Leaf Infection Atlases)",QuantSeq 3' (Lexogen) and TruSeq (Illumina),"123 different tissues and stages of development across major organs (seeds, meristems, leaves, stems, roots, fruits, flowers)",10.5061/dryad.0k6djhb59,body,4,10.1186/s12870-024-05171-9,PMC11201900,10.5061/dryad.0k6djhb59
cacao_transcript2024_quantseq_3_l,"Cacao Transcriptome Atlas (Developmental, Drought and Diurnal, Meristem, Seed, Leaf Development, and Leaf Infection Atlases)",QuantSeq 3' (Lexogen) and TruSeq (Illumina),"123 different tissues and stages of development across major organs (seeds, meristems, leaves, stems, roots, fruits, flowers)",PRJNA476877,body,4,10.1186/s12870-024-05171-9,PMC11201900,10.5061/dryad.0k6djhb59
cacao_transcript2024_quantseq_3_l,"Cacao Transcriptome Atlas (Developmental, Drought and Diurnal, Meristem, Seed, Leaf Development, and Leaf Infection Atlases)",QuantSeq 3' (Lexogen) and TruSeq (Illumina),"123 different tissues and stages of development across major organs (seeds, meristems, leaves, stems, roots, fruits, flowers)",PRJNA931994,body,4,10.1186/s12870-024-05171-9,PMC11201900,10.5061/dryad.0k6djhb59
cacao_transcript2024_quantseq_3_l,"Cacao Transcriptome Atlas (Developmental, Drought and Diurnal, Meristem, Seed, Leaf Development, and Leaf Infection Atlases)",QuantSeq 3' (Lexogen) and TruSeq (Illumina),"123 different tissues and stages of development across major organs (seeds, meristems, leaves, stems, roots, fruits, flowers)",PRJNA933172,body,4,10.1186/s12870-024-05171-9,PMC11201900,10.5061/dryad.0k6djhb59
matched_single_c2025_visium,Matched single-cell and spatial transcriptomic samples (in-house cohort),10X Visium,Lymph node-metastasized bladder cancer (primary tumor and metastatic lymph node),GSE13507,body,10,10.1186/s12967-025-07534-8,PMC12821202,
matched_single_c2025_visium,Matched single-cell and spatial transcriptomic samples (in-house cohort),10X Visium,Lymph node-metastasized bladder cancer (primary tumor and metastatic lymph node),GSE1694,body,10,10.1186/s12967-025-07534-8,PMC12821202,
matched_single_c2025_visium,Matched single-cell and spatial transcriptomic samples (in-house cohort),10X Visium,Lymph node-metastasized bladder cancer (primary tumor and metastatic lymph node),GSE169455,body,10,10.1186/s12967-025-07534-8,PMC12821202,
matched_single_c2025_visium,Matched single-cell and spatial transcriptomic samples (in-house cohort),10X Visium,Lymph node-metastasized bladder cancer (primary tumor and metastatic lymph node),GSE31684,body,10,10.1186/s12967-025-07534-8,PMC12821202,
matched_single_c2025_visium,Matched single-cell and spatial transcriptomic samples (in-house cohort),10X Visium,Lymph node-metastasized bladder cancer (primary tumor and metastatic lymph node),GSE48075,body,10,10.1186/s12967-025-07534-8,PMC12821202,
matched_single_c2025_visium,Matched single-cell and spatial transcriptomic samples (in-house cohort),10X Visium,Lymph node-metastasized bladder cancer (primary tumor and metastatic lymph node),GSE48276,body,10,10.1186/s12967-025-07534-8,PMC12821202,
matched_single_c2025_visium,Matched single-cell and spatial transcriptomic samples (in-house cohort),10X Visium,Lymph node-metastasized bladder cancer (primary tumor and metastatic lymph node),GSE52219,body,10,10.1186/s12967-025-07534-8,PMC12821202,
matched_single_c2025_visium,Matched single-cell and spatial transcriptomic samples (in-house cohort),10X Visium,Lymph node-metastasized bladder cancer (primary tumor and metastatic lymph node),GSE69795,body,10,10.1186/s12967-025-07534-8,PMC12821202,
matched_single_c2025_visium,Matched single-cell and spatial transcriptomic samples (in-house cohort),10X Visium,Lymph node-metastasized bladder cancer (primary tumor and metastatic lymph node),GSE83586,body,10,10.1186/s12967-025-07534-8,PMC12821202,
matched_single_c2025_visium,Matched single-cell and spatial transcriptomic samples (in-house cohort),10X Visium,Lymph node-metastasized bladder cancer (primary tumor and metastatic lymph node),GSE87304,body,10,10.1186/s12967-025-07534-8,PMC12821202,
madissoon2019_scrnaseq,Madissoon2020 (lung dataset),scRNA-seq,"lung, spleen, esophagus",PRJEB31843,body,1,10.1186/s13059-019-1906-x,PMC6937944,
v1_mouse_brain_s2023_visium,V1_Mouse_Brain_Sagittal_Posterior_Section_2,10X Visium,,10.5281/zenodo.7592392,body,14,10.1186/s13059-023-02879-z,PMC9983268,https://www.10xgenomics.com/resources/datasets
humanprostatecan2023_merfish,HumanProstateCancerPatient1_FOV1013,MERFISH,breast cancer,10.5281/zenodo.7592392,body,14,10.1186/s13059-023-02879-z,PMC9983268,https://vizgen.com/data-release-program/
v1_mouse_brain_s2023_visium,V1_Mouse_Brain_Sagittal_Posterior_Section_2,10X Visium,,GSE137986,body,14,10.1186/s13059-023-02879-z,PMC9983268,https://www.10xgenomics.com/resources/datasets
humanprostatecan2023_merfish,HumanProstateCancerPatient1_FOV1013,MERFISH,breast cancer,GSE137986,body,14,10.1186/s13059-023-02879-z,PMC9983268,https://vizgen.com/data-release-program/
v1_mouse_brain_s2023_visium,V1_Mouse_Brain_Sagittal_Posterior_Section_2,10X Visium,,GSM4096261,body,14,10.1186/s13059-023-02879-z,PMC9983268,https://www.10xgenomics.com/resources/datasets
humanprostatecan2023_merfish,HumanProstateCancerPatient1_FOV1013,MERFISH,breast cancer,GSM4096261,body,14,10.1186/s13059-023-02879-z,PMC9983268,https://vizgen.com/data-release-program/
v1_mouse_brain_s2023_visium,V1_Mouse_Brain_Sagittal_Posterior_Section_2,10X Visium,,GSM4096262,body,14,10.1186/s13059-023-02879-z,PMC9983268,https://www.10xgenomics.com/resources/datasets
humanprostatecan2023_merfish,HumanProstateCancerPatient1_FOV1013,MERFISH,breast cancer,GSM4096262,body,14,10.1186/s13059-023-02879-z,PMC9983268,https://vizgen.com/data-release-program/
v1_mouse_brain_s2023_visium,V1_Mouse_Brain_Sagittal_Posterior_Section_2,10X Visium,,GSM4189611,body,14,10.1186/s13059-023-02879-z,PMC9983268,https://www.10xgenomics.com/resources/datasets
humanprostatecan2023_merfish,HumanProstateCancerPatient1_FOV1013,MERFISH,breast cancer,GSM4189611,body,14,10.1186/s13059-023-02879-z,PMC9983268,https://vizgen.com/data-release-program/
v1_mouse_brain_s2023_visium,V1_Mouse_Brain_Sagittal_Posterior_Section_2,10X Visium,,GSM4189612,body,14,10.1186/s13059-023-02879-z,PMC9983268,https://www.10xgenomics.com/resources/datasets
humanprostatecan2023_merfish,HumanProstateCancerPatient1_FOV1013,MERFISH,breast cancer,GSM4189612,body,14,10.1186/s13059-023-02879-z,PMC9983268,https://vizgen.com/data-release-program/
v1_mouse_brain_s2023_visium,V1_Mouse_Brain_Sagittal_Posterior_Section_2,10X Visium,,GSM4189613,body,14,10.1186/s13059-023-02879-z,PMC9983268,https://www.10xgenomics.com/resources/datasets
humanprostatecan2023_merfish,HumanProstateCancerPatient1_FOV1013,MERFISH,breast cancer,GSM4189613,body,14,10.1186/s13059-023-02879-z,PMC9983268,https://vizgen.com/data-release-program/
v1_mouse_brain_s2023_visium,V1_Mouse_Brain_Sagittal_Posterior_Section_2,10X Visium,,GSM4189614,body,14,10.1186/s13059-023-02879-z,PMC9983268,https://www.10xgenomics.com/resources/datasets
humanprostatecan2023_merfish,HumanProstateCancerPatient1_FOV1013,MERFISH,breast cancer,GSM4189614,body,14,10.1186/s13059-023-02879-z,PMC9983268,https://vizgen.com/data-release-program/
v1_mouse_brain_s2023_visium,V1_Mouse_Brain_Sagittal_Posterior_Section_2,10X Visium,,GSM4189615,body,14,10.1186/s13059-023-02879-z,PMC9983268,https://www.10xgenomics.com/resources/datasets
humanprostatecan2023_merfish,HumanProstateCancerPatient1_FOV1013,MERFISH,breast cancer,GSM4189615,body,14,10.1186/s13059-023-02879-z,PMC9983268,https://vizgen.com/data-release-program/
v1_mouse_brain_s2023_visium,V1_Mouse_Brain_Sagittal_Posterior_Section_2,10X Visium,,GSM4364242,body,14,10.1186/s13059-023-02879-z,PMC9983268,https://www.10xgenomics.com/resources/datasets
humanprostatecan2023_merfish,HumanProstateCancerPatient1_FOV1013,MERFISH,breast cancer,GSM4364242,body,14,10.1186/s13059-023-02879-z,PMC9983268,https://vizgen.com/data-release-program/
v1_mouse_brain_s2023_visium,V1_Mouse_Brain_Sagittal_Posterior_Section_2,10X Visium,,GSM4364243,body,14,10.1186/s13059-023-02879-z,PMC9983268,https://www.10xgenomics.com/resources/datasets
humanprostatecan2023_merfish,HumanProstateCancerPatient1_FOV1013,MERFISH,breast cancer,GSM4364243,body,14,10.1186/s13059-023-02879-z,PMC9983268,https://vizgen.com/data-release-program/
v1_mouse_brain_s2023_visium,V1_Mouse_Brain_Sagittal_Posterior_Section_2,10X Visium,,GSM4364244,body,14,10.1186/s13059-023-02879-z,PMC9983268,https://www.10xgenomics.com/resources/datasets
humanprostatecan2023_merfish,HumanProstateCancerPatient1_FOV1013,MERFISH,breast cancer,GSM4364244,body,14,10.1186/s13059-023-02879-z,PMC9983268,https://vizgen.com/data-release-program/
v1_mouse_brain_s2023_visium,V1_Mouse_Brain_Sagittal_Posterior_Section_2,10X Visium,,GSM4364245,body,14,10.1186/s13059-023-02879-z,PMC9983268,https://www.10xgenomics.com/resources/datasets
humanprostatecan2023_merfish,HumanProstateCancerPatient1_FOV1013,MERFISH,breast cancer,GSM4364245,body,14,10.1186/s13059-023-02879-z,PMC9983268,https://vizgen.com/data-release-program/
v1_mouse_brain_s2023_visium,V1_Mouse_Brain_Sagittal_Posterior_Section_2,10X Visium,,singlecell.broadinstitute.org/single_cell/study/SCP815/highly-sensitive-spatial-transcriptomics-at-near-cellular-resolution-with-slide-seqv2,body,14,10.1186/s13059-023-02879-z,PMC9983268,https://www.10xgenomics.com/resources/datasets
humanprostatecan2023_merfish,HumanProstateCancerPatient1_FOV1013,MERFISH,breast cancer,singlecell.broadinstitute.org/single_cell/study/SCP815/highly-sensitive-spatial-transcriptomics-at-near-cellular-resolution-with-slide-seqv2,body,14,10.1186/s13059-023-02879-z,PMC9983268,https://vizgen.com/data-release-program/
visium_spatial_t2023_visium,Visium Spatial Transcriptomics lung dataset,Visium Spatial Gene Expression for FFPE,lung,10.17632/gwjk2cxsf4.1.,body,12,10.1186/s13059-023-03080-y,PMC10588020,https://ega-archive.org/studies/EGAS00001006186
visium_spatial_t2023_visium,Visium Spatial Transcriptomics lung dataset,Visium Spatial Gene Expression for FFPE,lung,10.17632/xb2w7xvs2b.1.,body,12,10.1186/s13059-023-03080-y,PMC10588020,https://ega-archive.org/studies/EGAS00001006186
visium_spatial_t2023_visium,Visium Spatial Transcriptomics lung dataset,Visium Spatial Gene Expression for FFPE,lung,10.5281/zenodo.8039011,body,12,10.1186/s13059-023-03080-y,PMC10588020,https://ega-archive.org/studies/EGAS00001006186
visium_spatial_t2023_visium,Visium Spatial Transcriptomics lung dataset,Visium Spatial Gene Expression for FFPE,lung,10.5281/zenodo.8314652,body,12,10.1186/s13059-023-03080-y,PMC10588020,https://ega-archive.org/studies/EGAS00001006186
visium_spatial_t2023_visium,Visium Spatial Transcriptomics lung dataset,Visium Spatial Gene Expression for FFPE,lung,10.6084/m9.figshare.19333442.,body,12,10.1186/s13059-023-03080-y,PMC10588020,https://ega-archive.org/studies/EGAS00001006186
visium_spatial_t2023_visium,Visium Spatial Transcriptomics lung dataset,Visium Spatial Gene Expression for FFPE,lung,10.6084/m9.figshare.19351781.,body,12,10.1186/s13059-023-03080-y,PMC10588020,https://ega-archive.org/studies/EGAS00001006186
visium_spatial_t2023_visium,Visium Spatial Transcriptomics lung dataset,Visium Spatial Gene Expression for FFPE,lung,10.6084/m9.figshare.19351784.,body,12,10.1186/s13059-023-03080-y,PMC10588020,https://ega-archive.org/studies/EGAS00001006186
visium_spatial_t2023_visium,Visium Spatial Transcriptomics lung dataset,Visium Spatial Gene Expression for FFPE,lung,10.6084/m9.figshare.19351787.,body,12,10.1186/s13059-023-03080-y,PMC10588020,https://ega-archive.org/studies/EGAS00001006186
visium_spatial_t2023_visium,Visium Spatial Transcriptomics lung dataset,Visium Spatial Gene Expression for FFPE,lung,10.6084/m9.figshare.19351796.,body,12,10.1186/s13059-023-03080-y,PMC10588020,https://ega-archive.org/studies/EGAS00001006186
visium_spatial_t2023_visium,Visium Spatial Transcriptomics lung dataset,Visium Spatial Gene Expression for FFPE,lung,10.6084/m9.figshare.22436074.,body,12,10.1186/s13059-023-03080-y,PMC10588020,https://ega-archive.org/studies/EGAS00001006186
visium_spatial_t2023_visium,Visium Spatial Transcriptomics lung dataset,Visium Spatial Gene Expression for FFPE,lung,EGAS00001006186,body,12,10.1186/s13059-023-03080-y,PMC10588020,https://ega-archive.org/studies/EGAS00001006186
visium_spatial_t2023_visium,Visium Spatial Transcriptomics lung dataset,Visium Spatial Gene Expression for FFPE,lung,singlecell.broadinstitute.org/single_cell/study/SCP1052/covid-19-lung-autopsy-samples#study-summary,body,12,10.1186/s13059-023-03080-y,PMC10588020,https://ega-archive.org/studies/EGAS00001006186
mah2022_merfish,U2-OS dataset,MERFISH,bone,zenodo.org/record/3758540,body,3,10.1186/s13059-024-03217-7,PMC11289963,https://figshare.com/articles/dataset/Bento_spatial_AnnData_formatted_datasets/15109236/2
mah2022_merfish,U2-OS dataset,MERFISH,bone,zenodo.org/record/4569086,body,3,10.1186/s13059-024-03217-7,PMC11289963,https://figshare.com/articles/dataset/Bento_spatial_AnnData_formatted_datasets/15109236/2
mah2022_merfish,U2-OS dataset,MERFISH,bone,zenodo.org/records/10815484,body,3,10.1186/s13059-024-03217-7,PMC11289963,https://figshare.com/articles/dataset/Bento_spatial_AnnData_formatted_datasets/15109236/2
bhuva2024_xenium,Human breast cancer Xenium dataset,Xenium,brain,10.5281/zenodo.10946961,body,2,10.1186/s13059-024-03241-7,PMC11025268,https://www.bioconductor.org/packages/release/data/experiment/html/SubcellularSpatialData.html
bhuva2024_xenium,Human breast cancer Xenium dataset,Xenium,brain,10.5281/zenodo.7959786,body,2,10.1186/s13059-024-03241-7,PMC11025268,https://www.bioconductor.org/packages/release/data/experiment/html/SubcellularSpatialData.html
nanostring_geomx2025_geomx_2,NanoString GeoMx DSP Whole Transcriptome Atlas (WTA) dataset,NanoString GeoMx Digital Spatial Profiling (DSP) Whole Transcriptome Atlas (WTA),Liver,GSE171668,body,3,10.1186/s13059-025-03499-5,PMC11907808,
nanostring_cosmx2025_cosmx,NanoString CosMx spatial molecular imager dataset,NanoString CosMx Spatial Molecular Imager,Liver,GSE171668,body,3,10.1186/s13059-025-03499-5,PMC11907808,
nanostring_geomx2025_geomx_2,NanoString GeoMx DSP Whole Transcriptome Atlas (WTA) dataset,NanoString GeoMx Digital Spatial Profiling (DSP) Whole Transcriptome Atlas (WTA),Liver,zenodo.org/records/14541192,body,3,10.1186/s13059-025-03499-5,PMC11907808,
nanostring_cosmx2025_cosmx,NanoString CosMx spatial molecular imager dataset,NanoString CosMx Spatial Molecular Imager,Liver,zenodo.org/records/14541192,body,3,10.1186/s13059-025-03499-5,PMC11907808,
nanostring_geomx2025_geomx_2,NanoString GeoMx DSP Whole Transcriptome Atlas (WTA) dataset,NanoString GeoMx Digital Spatial Profiling (DSP) Whole Transcriptome Atlas (WTA),Liver,zenodo.org/records/14547678,body,3,10.1186/s13059-025-03499-5,PMC11907808,
nanostring_cosmx2025_cosmx,NanoString CosMx spatial molecular imager dataset,NanoString CosMx Spatial Molecular Imager,Liver,zenodo.org/records/14547678,body,3,10.1186/s13059-025-03499-5,PMC11907808,
li2025_spatial_tran,Wheat grain spatiotemporal transcriptomics,Spatial transcriptomics,grain,GSE129695,body,3,10.1186/s13059-025-03569-8,PMC11992740,
li2025_spatial_tran,Wheat grain spatiotemporal transcriptomics,Spatial transcriptomics,grain,figshare.com/articles/dataset/___/28683071,body,3,10.1186/s13059-025-03569-8,PMC11992740,
li2025_spatial_tran,Wheat grain spatiotemporal transcriptomics,Spatial transcriptomics,grain,zenodo.org/records/15110459,body,3,10.1186/s13059-025-03569-8,PMC11992740,
mc_additional_da2025_xenium,"MC (additional data), Merscope, Xenium","Molecular Cartography, Merscope, Xenium",medulloblastoma cryosections (MBEN),10.5281/zenodo.10650749,body,11,10.1186/s13059-025-03624-4,PMC12180266,https://www.ebi.ac.uk/biostudies/bioimages/studies/S-BIAD1093?query=S-BIAD1093
mc_additional_da2025_xenium,"MC (additional data), Merscope, Xenium","Molecular Cartography, Merscope, Xenium",medulloblastoma cryosections (MBEN),10.5281/zenodo.10863259,body,11,10.1186/s13059-025-03624-4,PMC12180266,https://www.ebi.ac.uk/biostudies/bioimages/studies/S-BIAD1093?query=S-BIAD1093
mc_additional_da2025_xenium,"MC (additional data), Merscope, Xenium","Molecular Cartography, Merscope, Xenium",medulloblastoma cryosections (MBEN),10.5281/zenodo.15363514,body,11,10.1186/s13059-025-03624-4,PMC12180266,https://www.ebi.ac.uk/biostudies/bioimages/studies/S-BIAD1093?query=S-BIAD1093
mc_additional_da2025_xenium,"MC (additional data), Merscope, Xenium","Molecular Cartography, Merscope, Xenium",medulloblastoma cryosections (MBEN),10.5281/zenodo.7498081,body,11,10.1186/s13059-025-03624-4,PMC12180266,https://www.ebi.ac.uk/biostudies/bioimages/studies/S-BIAD1093?query=S-BIAD1093
mc_additional_da2025_xenium,"MC (additional data), Merscope, Xenium","Molecular Cartography, Merscope, Xenium",medulloblastoma cryosections (MBEN),10.5281/zenodo.7633998,body,11,10.1186/s13059-025-03624-4,PMC12180266,https://www.ebi.ac.uk/biostudies/bioimages/studies/S-BIAD1093?query=S-BIAD1093
mc_additional_da2025_xenium,"MC (additional data), Merscope, Xenium","Molecular Cartography, Merscope, Xenium",medulloblastoma cryosections (MBEN),10.5281/zenodo.7738996,body,11,10.1186/s13059-025-03624-4,PMC12180266,https://www.ebi.ac.uk/biostudies/bioimages/studies/S-BIAD1093?query=S-BIAD1093
mc_additional_da2025_xenium,"MC (additional data), Merscope, Xenium","Molecular Cartography, Merscope, Xenium",medulloblastoma cryosections (MBEN),GSE239854,body,11,10.1186/s13059-025-03624-4,PMC12180266,https://www.ebi.ac.uk/biostudies/bioimages/studies/S-BIAD1093?query=S-BIAD1093
mc_additional_da2025_xenium,"MC (additional data), Merscope, Xenium","Molecular Cartography, Merscope, Xenium",medulloblastoma cryosections (MBEN),GSE247736,body,11,10.1186/s13059-025-03624-4,PMC12180266,https://www.ebi.ac.uk/biostudies/bioimages/studies/S-BIAD1093?query=S-BIAD1093
mc_additional_da2025_xenium,"MC (additional data), Merscope, Xenium","Molecular Cartography, Merscope, Xenium",medulloblastoma cryosections (MBEN),S-BIAD1093,body,11,10.1186/s13059-025-03624-4,PMC12180266,https://www.ebi.ac.uk/biostudies/bioimages/studies/S-BIAD1093?query=S-BIAD1093
mc_additional_da2025_xenium,"MC (additional data), Merscope, Xenium","Molecular Cartography, Merscope, Xenium",medulloblastoma cryosections (MBEN),S-BIAD825,body,11,10.1186/s13059-025-03624-4,PMC12180266,https://www.ebi.ac.uk/biostudies/bioimages/studies/S-BIAD1093?query=S-BIAD1093
mc_additional_da2025_xenium,"MC (additional data), Merscope, Xenium","Molecular Cartography, Merscope, Xenium",medulloblastoma cryosections (MBEN),S-BIAD826,body,11,10.1186/s13059-025-03624-4,PMC12180266,https://www.ebi.ac.uk/biostudies/bioimages/studies/S-BIAD1093?query=S-BIAD1093
vo2023_visium,medulloblastoma PDX ST dataset,Visium,medulloblastoma,E-MTAB-11720,body,2,10.1186/s13073-023-01185-4,PMC10150495,
vo2023_visium,medulloblastoma PDX ST dataset,Visium,medulloblastoma,GSE118068,body,2,10.1186/s13073-023-01185-4,PMC10150495,
zhang2023_visium,Visium spatial transcriptomics,Visium,Hepatocellular carcinoma,10.5281/zenodo.8210185,body,2,10.1186/s13073-023-01218-y,PMC10506285,
zhang2023_visium,Visium spatial transcriptomics,Visium,Hepatocellular carcinoma,GSE238264,body,2,10.1186/s13073-023-01218-y,PMC10506285,
eurexpress_trans2011_rna_in_situ,Eurexpress transcriptome atlas,RNA in situ hybridization (ISH),"Developing mouse embryo (embryonic day 14.5, E14.5)",E-GEOD-1479,body,1,10.1371/journal.pbio.1000582,PMC3022534,http://www.eurexpress.org
huang2024_merfish,Mouse ovary MERFISH dataset,MERFISH,ovary,10.5281/zenodo.3758540,body,2,10.1371/journal.pbio.3003193,PMC12186953,
huang2024_merfish,Mouse ovary MERFISH dataset,MERFISH,ovary,GSE294534,body,2,10.1371/journal.pbio.3003193,PMC12186953,
rna_seq_and_quan2019_rnaseq_and_l,RNA-Seq and Quantitative Proteome Atlas,RNA-Seq and Liquid chromatography-tandem mass spectrometry (LC-MS/MS),"29 healthy human tissues (adrenal gland, appendix, brain, colon, duodenum, endometrium, esophagus, fallopian tube, fat, gallbladder, heart, kidney, liver, lung, lymph node, ovary, pancreas, placenta, prostate, rectum, salivary gland, small intestine, smooth muscle, spleen, stomach, testis, thyroid, tonsil, urinary bladder)",E-MTAB-2836,body,4,10.15252/msb.20188503,PMC6379049,E-MTAB-2836
proteomics_ms_da2019_liquid_chrom,Proteomics MS data,Liquid chromatography-tandem mass spectrometry (LC-MS/MS),"29 healthy human tissues (adrenal gland, appendix, brain, colon, duodenum, endometrium, esophagus, fallopian tube, fat, gallbladder, heart, kidney, liver, lung, lymph node, ovary, pancreas, placenta, prostate, rectum, salivary gland, small intestine, smooth muscle, spleen, stomach, testis, thyroid, tonsil, urinary bladder)",E-MTAB-2836,body,4,10.15252/msb.20188503,PMC6379049,PXD010154
rna_seq_and_quan2019_rnaseq_and_l,RNA-Seq and Quantitative Proteome Atlas,RNA-Seq and Liquid chromatography-tandem mass spectrometry (LC-MS/MS),"29 healthy human tissues (adrenal gland, appendix, brain, colon, duodenum, endometrium, esophagus, fallopian tube, fat, gallbladder, heart, kidney, liver, lung, lymph node, ovary, pancreas, placenta, prostate, rectum, salivary gland, small intestine, smooth muscle, spleen, stomach, testis, thyroid, tonsil, urinary bladder)",GSE39462,body,4,10.15252/msb.20188503,PMC6379049,E-MTAB-2836
proteomics_ms_da2019_liquid_chrom,Proteomics MS data,Liquid chromatography-tandem mass spectrometry (LC-MS/MS),"29 healthy human tissues (adrenal gland, appendix, brain, colon, duodenum, endometrium, esophagus, fallopian tube, fat, gallbladder, heart, kidney, liver, lung, lymph node, ovary, pancreas, placenta, prostate, rectum, salivary gland, small intestine, smooth muscle, spleen, stomach, testis, thyroid, tonsil, urinary bladder)",GSE39462,body,4,10.15252/msb.20188503,PMC6379049,PXD010154
rna_seq_and_quan2019_rnaseq_and_l,RNA-Seq and Quantitative Proteome Atlas,RNA-Seq and Liquid chromatography-tandem mass spectrometry (LC-MS/MS),"29 healthy human tissues (adrenal gland, appendix, brain, colon, duodenum, endometrium, esophagus, fallopian tube, fat, gallbladder, heart, kidney, liver, lung, lymph node, ovary, pancreas, placenta, prostate, rectum, salivary gland, small intestine, smooth muscle, spleen, stomach, testis, thyroid, tonsil, urinary bladder)",PXD000208,body,4,10.15252/msb.20188503,PMC6379049,E-MTAB-2836
proteomics_ms_da2019_liquid_chrom,Proteomics MS data,Liquid chromatography-tandem mass spectrometry (LC-MS/MS),"29 healthy human tissues (adrenal gland, appendix, brain, colon, duodenum, endometrium, esophagus, fallopian tube, fat, gallbladder, heart, kidney, liver, lung, lymph node, ovary, pancreas, placenta, prostate, rectum, salivary gland, small intestine, smooth muscle, spleen, stomach, testis, thyroid, tonsil, urinary bladder)",PXD000208,body,4,10.15252/msb.20188503,PMC6379049,PXD010154
rna_seq_and_quan2019_rnaseq_and_l,RNA-Seq and Quantitative Proteome Atlas,RNA-Seq and Liquid chromatography-tandem mass spectrometry (LC-MS/MS),"29 healthy human tissues (adrenal gland, appendix, brain, colon, duodenum, endometrium, esophagus, fallopian tube, fat, gallbladder, heart, kidney, liver, lung, lymph node, ovary, pancreas, placenta, prostate, rectum, salivary gland, small intestine, smooth muscle, spleen, stomach, testis, thyroid, tonsil, urinary bladder)",PXD010154,body,4,10.15252/msb.20188503,PMC6379049,E-MTAB-2836
proteomics_ms_da2019_liquid_chrom,Proteomics MS data,Liquid chromatography-tandem mass spectrometry (LC-MS/MS),"29 healthy human tissues (adrenal gland, appendix, brain, colon, duodenum, endometrium, esophagus, fallopian tube, fat, gallbladder, heart, kidney, liver, lung, lymph node, ovary, pancreas, placenta, prostate, rectum, salivary gland, small intestine, smooth muscle, spleen, stomach, testis, thyroid, tonsil, urinary bladder)",PXD010154,body,4,10.15252/msb.20188503,PMC6379049,PXD010154
lin2020_xenium,Xenium-breast,Xenium,breast,E-MTAB-5061,body,11,10.15252/msb.20199389,PMC7306901,https://www.embopress.org/doi/full/10.15252/msb.20199389
lin2020_xenium,Xenium-breast,Xenium,breast,GSE102827,body,11,10.15252/msb.20199389,PMC7306901,https://www.embopress.org/doi/full/10.15252/msb.20199389
lin2020_xenium,Xenium-breast,Xenium,breast,GSE115746,body,11,10.15252/msb.20199389,PMC7306901,https://www.embopress.org/doi/full/10.15252/msb.20199389
lin2020_xenium,Xenium-breast,Xenium,breast,GSE119228,body,11,10.15252/msb.20199389,PMC7306901,https://www.embopress.org/doi/full/10.15252/msb.20199389
lin2020_xenium,Xenium-breast,Xenium,breast,GSE71585,body,11,10.15252/msb.20199389,PMC7306901,https://www.embopress.org/doi/full/10.15252/msb.20199389
lin2020_xenium,Xenium-breast,Xenium,breast,GSE81608,body,11,10.15252/msb.20199389,PMC7306901,https://www.embopress.org/doi/full/10.15252/msb.20199389
lin2020_xenium,Xenium-breast,Xenium,breast,GSE83139,body,11,10.15252/msb.20199389,PMC7306901,https://www.embopress.org/doi/full/10.15252/msb.20199389
lin2020_xenium,Xenium-breast,Xenium,breast,GSE84133,body,11,10.15252/msb.20199389,PMC7306901,https://www.embopress.org/doi/full/10.15252/msb.20199389
lin2020_xenium,Xenium-breast,Xenium,breast,GSE85241,body,11,10.15252/msb.20199389,PMC7306901,https://www.embopress.org/doi/full/10.15252/msb.20199389
lin2020_xenium,Xenium-breast,Xenium,breast,GSE86469,body,11,10.15252/msb.20199389,PMC7306901,https://www.embopress.org/doi/full/10.15252/msb.20199389
lin2020_xenium,Xenium-breast,Xenium,breast,singlecell.broadinstitute.org/single_cell/study/SCP424/single-cell-comparison-pbmc-data,body,11,10.15252/msb.20199389,PMC7306901,https://www.embopress.org/doi/full/10.15252/msb.20199389
scrna_seq_lcmseq2020_marsseq_mcsc,"scRNA-seq, LCMseq, and spatial transcriptomics of human liver tumor and non-malignant tissues","MARS-seq, mcSCRBseq",liver,10.5281/zenodo.4267877,body,5,10.15252/msb.20209682,PMC7746227,GSE146409
scrna_seq_lcmseq2020_marsseq_mcsc,"scRNA-seq, LCMseq, and spatial transcriptomics of human liver tumor and non-malignant tissues","MARS-seq, mcSCRBseq",liver,GSE146409,body,5,10.15252/msb.20209682,PMC7746227,GSE146409
scrna_seq_lcmseq2020_marsseq_mcsc,"scRNA-seq, LCMseq, and spatial transcriptomics of human liver tumor and non-malignant tissues","MARS-seq, mcSCRBseq",liver,GSE39462,body,5,10.15252/msb.20209682,PMC7746227,GSE146409
scrna_seq_lcmseq2020_marsseq_mcsc,"scRNA-seq, LCMseq, and spatial transcriptomics of human liver tumor and non-malignant tissues","MARS-seq, mcSCRBseq",liver,PXD000208,body,5,10.15252/msb.20209682,PMC7746227,GSE146409
scrna_seq_lcmseq2020_marsseq_mcsc,"scRNA-seq, LCMseq, and spatial transcriptomics of human liver tumor and non-malignant tissues","MARS-seq, mcSCRBseq",liver,SRP1,body,5,10.15252/msb.20209682,PMC7746227,GSE146409
xenium_gvhd2024_xenium,Xenium-GVHD,Xenium,salivary gland / tissue microarray,10.17632/MPJZBTFGFR.1,body,5,10.21203/rs.3.rs-4536158/v1,PMC11230516,https://zenodo.org/records/11397609
xenium_gvhd2024_xenium,Xenium-GVHD,Xenium,salivary gland / tissue microarray,10.5061/dryad.pk0p2ngrf,body,5,10.21203/rs.3.rs-4536158/v1,PMC11230516,https://zenodo.org/records/11397609
xenium_gvhd2024_xenium,Xenium-GVHD,Xenium,salivary gland / tissue microarray,10.5281/zenodo.5256256,body,5,10.21203/rs.3.rs-4536158/v1,PMC11230516,https://zenodo.org/records/11397609
xenium_gvhd2024_xenium,Xenium-GVHD,Xenium,salivary gland / tissue microarray,data.mendeley.com/datasets/mpjzbtfgfr/1,body,5,10.21203/rs.3.rs-4536158/v1,PMC11230516,https://zenodo.org/records/11397609
xenium_gvhd2024_xenium,Xenium-GVHD,Xenium,salivary gland / tissue microarray,zenodo.org/records/11397609,body,5,10.21203/rs.3.rs-4536158/v1,PMC11230516,https://zenodo.org/records/11397609
human_post_lvad_2025_visium,Human post-LVAD heart failure by Visium,Visium,heart (heart failure / post-LVAD),zenodo.org/records/6580069,body,1,10.21203/rs.3.rs-4909620/v1,PMC11952649,
human_bladder_ca2025_visiumhd_2,Human bladder cancer by Visium HD,Visium HD,bladder cancer,zenodo.org/records/6580069,body,1,10.21203/rs.3.rs-4909620/v1,PMC11952649,
liu2022_merfish,mouse kidney MERFISH dataset,MERFISH,kidney,10.5281/zenodo.3758540,body,11,10.26508/lsa.202201701,PMC9760489,
liu2023_merfish,mouse liver MERFISH dataset,MERFISH,liver,10.5281/zenodo.3758540,body,11,10.26508/lsa.202201701,PMC9760489,
liu2022_merfish,mouse kidney MERFISH dataset,MERFISH,kidney,10.6084/m9.figshare.19310672.,body,11,10.26508/lsa.202201701,PMC9760489,
liu2023_merfish,mouse liver MERFISH dataset,MERFISH,liver,10.6084/m9.figshare.19310672.,body,11,10.26508/lsa.202201701,PMC9760489,
liu2022_merfish,mouse kidney MERFISH dataset,MERFISH,kidney,10.6084/m9.figshare.19310675.,body,11,10.26508/lsa.202201701,PMC9760489,
liu2023_merfish,mouse liver MERFISH dataset,MERFISH,liver,10.6084/m9.figshare.19310675.,body,11,10.26508/lsa.202201701,PMC9760489,
liu2022_merfish,mouse kidney MERFISH dataset,MERFISH,kidney,10.6084/m9.figshare.19310681.,body,11,10.26508/lsa.202201701,PMC9760489,
liu2023_merfish,mouse liver MERFISH dataset,MERFISH,liver,10.6084/m9.figshare.19310681.,body,11,10.26508/lsa.202201701,PMC9760489,
liu2022_merfish,mouse kidney MERFISH dataset,MERFISH,kidney,10.6084/m9.figshare.19310711.,body,11,10.26508/lsa.202201701,PMC9760489,
liu2023_merfish,mouse liver MERFISH dataset,MERFISH,liver,10.6084/m9.figshare.19310711.,body,11,10.26508/lsa.202201701,PMC9760489,
liu2022_merfish,mouse kidney MERFISH dataset,MERFISH,kidney,10.6084/m9.figshare.19311014.,body,11,10.26508/lsa.202201701,PMC9760489,
liu2023_merfish,mouse liver MERFISH dataset,MERFISH,liver,10.6084/m9.figshare.19311014.,body,11,10.26508/lsa.202201701,PMC9760489,
liu2022_merfish,mouse kidney MERFISH dataset,MERFISH,kidney,10.6084/m9.figshare.19311017.,body,11,10.26508/lsa.202201701,PMC9760489,
liu2023_merfish,mouse liver MERFISH dataset,MERFISH,liver,10.6084/m9.figshare.19311017.,body,11,10.26508/lsa.202201701,PMC9760489,
liu2022_merfish,mouse kidney MERFISH dataset,MERFISH,kidney,10.6084/m9.figshare.20775412.,body,11,10.26508/lsa.202201701,PMC9760489,
liu2023_merfish,mouse liver MERFISH dataset,MERFISH,liver,10.6084/m9.figshare.20775412.,body,11,10.26508/lsa.202201701,PMC9760489,
liu2022_merfish,mouse kidney MERFISH dataset,MERFISH,kidney,10.6084/m9.figshare.20775424.,body,11,10.26508/lsa.202201701,PMC9760489,
liu2023_merfish,mouse liver MERFISH dataset,MERFISH,liver,10.6084/m9.figshare.20775424.,body,11,10.26508/lsa.202201701,PMC9760489,
liu2022_merfish,mouse kidney MERFISH dataset,MERFISH,kidney,10.6084/m9.figshare.20995384.,body,11,10.26508/lsa.202201701,PMC9760489,
liu2023_merfish,mouse liver MERFISH dataset,MERFISH,liver,10.6084/m9.figshare.20995384.,body,11,10.26508/lsa.202201701,PMC9760489,
liu2022_merfish,mouse kidney MERFISH dataset,MERFISH,kidney,figshare.com/projects/MERFISH_mouse_comparison_study/134213,body,11,10.26508/lsa.202201701,PMC9760489,
liu2023_merfish,mouse liver MERFISH dataset,MERFISH,liver,figshare.com/projects/MERFISH_mouse_comparison_study/134213,body,11,10.26508/lsa.202201701,PMC9760489,
scrna_seq_crop_s2024_10x_genomics,scRNA-seq / CROP-seq dataset,10X Genomics Chromium,lung adenocarcinoma cell line (A549),GSE249597,body,1,10.3389/fbinf.2024.1340339,PMC10945021,GSE249597
li2021_visium,Stanford type A aortic dissection spatial transcriptomics dataset,10x Visium,Aortic Tissue,PRJNA730333,body,1,10.3389/fgene.2021.698124,PMC8275070,
boileau2022_visium,Mouse myocardial infarction 10x Visium dataset (Boileau et al.),10x Visium,Heart,10.5281/zenodo.6546361,body,2,10.3389/fgene.2022.912572,PMC9354982,
boileau2022_visium,Mouse myocardial infarction 10x Visium dataset (Boileau et al.),10x Visium,Heart,PRJNA843953,body,2,10.3389/fgene.2022.912572,PMC9354982,
human_bone_marro2023_10x_genomics,human bone marrow single cell reference atlas,10x Genomics,bone marrow,GSE120221,body,23,10.3389/fimmu.2023.1127879,PMC10050687,
human_bone_marro2023_10x_genomics,human bone marrow single cell reference atlas,10x Genomics,bone marrow,GSE128639,body,23,10.3389/fimmu.2023.1127879,PMC10050687,
human_bone_marro2023_10x_genomics,human bone marrow single cell reference atlas,10x Genomics,bone marrow,GSE130430,body,23,10.3389/fimmu.2023.1127879,PMC10050687,
human_bone_marro2023_10x_genomics,human bone marrow single cell reference atlas,10x Genomics,bone marrow,GSE133181,body,23,10.3389/fimmu.2023.1127879,PMC10050687,
human_bone_marro2023_10x_genomics,human bone marrow single cell reference atlas,10x Genomics,bone marrow,GSE135194,body,23,10.3389/fimmu.2023.1127879,PMC10050687,
human_bone_marro2023_10x_genomics,human bone marrow single cell reference atlas,10x Genomics,bone marrow,GSE139324,body,23,10.3389/fimmu.2023.1127879,PMC10050687,
human_bone_marro2023_10x_genomics,human bone marrow single cell reference atlas,10x Genomics,bone marrow,GSE139369,body,23,10.3389/fimmu.2023.1127879,PMC10050687,
human_bone_marro2023_10x_genomics,human bone marrow single cell reference atlas,10x Genomics,bone marrow,GSE159624,body,23,10.3389/fimmu.2023.1127879,PMC10050687,
human_bone_marro2023_10x_genomics,human bone marrow single cell reference atlas,10x Genomics,bone marrow,GSE159929,body,23,10.3389/fimmu.2023.1127879,PMC10050687,
human_bone_marro2023_10x_genomics,human bone marrow single cell reference atlas,10x Genomics,bone marrow,GSE165645,body,23,10.3389/fimmu.2023.1127879,PMC10050687,
human_bone_marro2023_10x_genomics,human bone marrow single cell reference atlas,10x Genomics,bone marrow,GSE166895,body,23,10.3389/fimmu.2023.1127879,PMC10050687,
human_bone_marro2023_10x_genomics,human bone marrow single cell reference atlas,10x Genomics,bone marrow,GSE169426,body,23,10.3389/fimmu.2023.1127879,PMC10050687,
human_bone_marro2023_10x_genomics,human bone marrow single cell reference atlas,10x Genomics,bone marrow,GSE175604,body,23,10.3389/fimmu.2023.1127879,PMC10050687,
human_bone_marro2023_10x_genomics,human bone marrow single cell reference atlas,10x Genomics,bone marrow,GSE179346,body,23,10.3389/fimmu.2023.1127879,PMC10050687,
human_bone_marro2023_10x_genomics,human bone marrow single cell reference atlas,10x Genomics,bone marrow,GSE181989,body,23,10.3389/fimmu.2023.1127879,PMC10050687,
human_bone_marro2023_10x_genomics,human bone marrow single cell reference atlas,10x Genomics,bone marrow,GSE185381,body,23,10.3389/fimmu.2023.1127879,PMC10050687,
human_bone_marro2023_10x_genomics,human bone marrow single cell reference atlas,10x Genomics,bone marrow,GSE188222,body,23,10.3389/fimmu.2023.1127879,PMC10050687,
human_bone_marro2023_10x_genomics,human bone marrow single cell reference atlas,10x Genomics,bone marrow,GSE189460,body,23,10.3389/fimmu.2023.1127879,PMC10050687,
human_bone_marro2023_10x_genomics,human bone marrow single cell reference atlas,10x Genomics,bone marrow,GSE193138,body,23,10.3389/fimmu.2023.1127879,PMC10050687,
human_bone_marro2023_10x_genomics,human bone marrow single cell reference atlas,10x Genomics,bone marrow,GSM4138162,body,23,10.3389/fimmu.2023.1127879,PMC10050687,
human_bone_marro2023_10x_genomics,human bone marrow single cell reference atlas,10x Genomics,bone marrow,GSM4138163,body,23,10.3389/fimmu.2023.1127879,PMC10050687,
human_bone_marro2023_10x_genomics,human bone marrow single cell reference atlas,10x Genomics,bone marrow,GSM4138164,body,23,10.3389/fimmu.2023.1127879,PMC10050687,
human_bone_marro2023_10x_genomics,human bone marrow single cell reference atlas,10x Genomics,bone marrow,GSM5702263,body,23,10.3389/fimmu.2023.1127879,PMC10050687,
chen2023_visium_2,Dataset 6,Visium,brain,GSE209583,body,1,10.3389/fnagi.2023.1306004,PMC10753006,
gse1990662022_visium,GSE199066,Visium Spatial Gene Expression Slides and Reagent Kits (10X Genomics),brain,GSE199066,body,2,10.3389/fnins.2022.1086168,PMC9745188,https://www.ncbi.nlm.nih.gov/geo/query/acc.cgi?acc=GSE199066
gse1990662022_visium,GSE199066,Visium Spatial Gene Expression Slides and Reagent Kits (10X Genomics),brain,GSE199067,body,2,10.3389/fnins.2022.1086168,PMC9745188,https://www.ncbi.nlm.nih.gov/geo/query/acc.cgi?acc=GSE199066
guo2022_unknown,Chinese cabbage leafy head spatial transcriptome dataset,,leafy head / leaves,PRJNA778186,body,1,10.3389/fpls.2021.787826,PMC8770947,
gong2024_stereo,Mouse brain Stereo-seq data (sample C04042E3),Stereo-seq,Brain (Nervous Tissue),CNP0004437,body,2,10.46471/gigabyte.111,PMC10905255,http://116.6.21.110:8090/share/7f5966d8-ca8c-482f-ac43-db5786414897
gong2024_stereo,Mouse brain Stereo-seq data (sample C04042E3),Stereo-seq,Brain (Nervous Tissue),PRJNA1036005,body,2,10.46471/gigabyte.111,PMC10905255,http://116.6.21.110:8090/share/7f5966d8-ca8c-482f-ac43-db5786414897
kras_inhibitor_x2025_xenium,KRAS inhibitor Xenium cancer dataset,Xenium,lung,10.5061/dryad.k0p2ngfcc,body,4,10.64898/2025.12.08.693051,835ee34d-7e61-1014-9d77-f005d2fa416c,
kras_inhibitor_x2025_xenium,KRAS inhibitor Xenium cancer dataset,Xenium,lung,GSE250346,body,4,10.64898/2025.12.08.693051,835ee34d-7e61-1014-9d77-f005d2fa416c,
kras_inhibitor_x2025_xenium,KRAS inhibitor Xenium cancer dataset,Xenium,lung,SRP1,body,4,10.64898/2025.12.08.693051,835ee34d-7e61-1014-9d77-f005d2fa416c,
kras_inhibitor_x2025_xenium,KRAS inhibitor Xenium cancer dataset,Xenium,lung,zenodo.org/records/13883177,body,4,10.64898/2025.12.08.693051,835ee34d-7e61-1014-9d77-f005d2fa416c,
chick_fetal_hear2025_seeker_curio,Chick Fetal Heart Single-Cell and Spatial Transcriptomics Atlas (Seeker / Curio and Split-seq),Seeker (Curio) and Parse Split-seq,Fetal heart,10.5281/zenodo.3555620,body,2,10.64898/2025.12.09.693024,d231c69c-800c-1014-8743-f9704e3d486c,GSE311835
chick_fetal_hear2025_seeker_curio,Chick Fetal Heart Single-Cell and Spatial Transcriptomics Atlas (Seeker / Curio and Split-seq),Seeker (Curio) and Parse Split-seq,Fetal heart,GSE311835,body,2,10.64898/2025.12.09.693024,d231c69c-800c-1014-8743-f9704e3d486c,GSE311835
ge2020_scrnaseq,GSE131498,scRNA-seq,dorsal skin,GSE131498,body,1,10.7150/thno.44306,PMC7359078,
