folder_name,sample,study,dataset_id,data_access_link,species,organism_ontology_term_id,assay,assay_ontology_term_id,tissue,tissue_ontology_term_id,sex,sex_ontology_term_id,age_num,age_unit,age_group,development_stage_ontology_term_id,disease_level1,disease_level2,disease_level3,disease_ontology_term_id_level1,disease_ontology_term_id_level2,disease_ontology_term_id_level3,self_reported_ethnicity_ontology_term_id,source,raw_on_farm,download_url,H&E_on_farm
Xenium_V1_Human_Brain_GBM_FFPE,Xenium Human Brain 2,Xenium Human Brain 2,23,https://www.10xgenomics.com/datasets/ffpe-human-brain-cancer-data-with-human-immuno-oncology-profiling-panel-and-custom-add-on-1-standard,homo_sapiens,NCBITaxon:9606,xenium,EFO:0022615,brain,UBERON:0000955,na,unknown,,,,HsapDv:0000258,cancer,malignant_glioma,glioblastoma,MONDO:0004992,MONDO:0100342,MONDO:0018177,unknown,online,/lustre/scratch126/cellgen/team361/bc8/cytoweave/nichejepa/original_files/Xenium_V1_Human_Brain_GBM_FFPE,https://s3-us-west-2.amazonaws.com/10x.files/samples/xenium/2.0.0/Xenium_V1_Human_Brain_GBM_FFPE/Xenium_V1_Human_Brain_GBM_FFPE_outs.zip,/lustre/scratch126/cellgen/team361/bc8/cytobase/input/H&E/Xenium_V1_Human_Brain_GBM_FFPE_he_image.ome.tif'
Xenium_V1_FFPE_Human_Breast_IDC_Big_1,Xenium Human Breast Cancer 4,FFPE Human Breast using the Entire Sample Area,24,https://www.10xgenomics.com/datasets/ffpe-human-breast-using-the-entire-sample-area-1-standard,homo_sapiens,NCBITaxon:9606,xenium,EFO:0022615,breast,UBERON:0000310,female,PATO:0000383,,,,HsapDv:0000258,cancer,breast_cancer,invasive_ductal_breast_carcinoma,MONDO:0004992,MONDO:0007254,MONDO:0004953,unknown,online,/lustre/scratch126/cellgen/team361/bc8/cytoweave/nichejepa/original_files/Xenium_V1_FFPE_Human_Breast_IDC_Big_1,https://s3-us-west-2.amazonaws.com/10x.files/samples/xenium/1.0.2/Xenium_V1_FFPE_Human_Breast_IDC_Big_1/Xenium_V1_FFPE_Human_Breast_IDC_Big_1_outs.zip,
Xenium_V1_FFPE_Human_Breast_IDC_Big_2,Xenium Human Breast Cancer 4,FFPE Human Breast using the Entire Sample Area,24,https://www.10xgenomics.com/datasets/ffpe-human-breast-using-the-entire-sample-area-1-standard,homo_sapiens,NCBITaxon:9606,xenium,EFO:0022615,breast,UBERON:0000310,female,PATO:0000383,,,,HsapDv:0000258,cancer,breast_cancer,invasive_ductal_breast_carcinoma,MONDO:0004992,MONDO:0007254,MONDO:0004953,unknown,online,/lustre/scratch126/cellgen/team361/bc8/cytoweave/nichejepa/original_files/Xenium_V1_FFPE_Human_Breast_IDC_Big_2,https://s3-us-west-2.amazonaws.com/10x.files/samples/xenium/1.0.2/Xenium_V1_FFPE_Human_Breast_IDC_Big_2/Xenium_V1_FFPE_Human_Breast_IDC_Big_2_outs.zip,
Xenium_V1_FFPE_Human_Breast_IDC_With_Addon,Xenium Human Breast Cancer 3,FFPE Human Breast with Custom Add-on Panel,25,https://www.10xgenomics.com/datasets/ffpe-human-breast-with-custom-add-on-panel-1-standard,homo_sapiens,NCBITaxon:9606,xenium,EFO:0022615,breast,UBERON:0000310,female,PATO:0000383,,,,HsapDv:0000258,cancer,breast_cancer,invasive_ductal_breast_carcinoma,MONDO:0004992,MONDO:0007254,MONDO:0004953,unknown,online,/lustre/scratch126/cellgen/team361/bc8/cytoweave/nichejepa/original_files/Xenium_V1_FFPE_Human_Breast_IDC_With_Addon,https://s3-us-west-2.amazonaws.com/10x.files/samples/xenium/1.0.2/Xenium_V1_FFPE_Human_Breast_IDC_With_Addon/Xenium_V1_FFPE_Human_Breast_IDC_With_Addon_outs.zip,
Xenium_V1_FFPE_Human_Breast_ILC_With_Addon,Xenium Human Breast Cancer 3,FFPE Human Breast with Custom Add-on Panel,25,https://www.10xgenomics.com/datasets/ffpe-human-breast-with-custom-add-on-panel-1-standard,homo_sapiens,NCBITaxon:9606,xenium,EFO:0022615,breast,UBERON:0000310,female,PATO:0000383,,,,HsapDv:0000258,cancer,breast_cancer,invasive_lobular_breast_carcinoma,MONDO:0004992,MONDO:0007254,MONDO:0005051,unknown,online,/lustre/scratch126/cellgen/team361/bc8/cytoweave/nichejepa/original_files/Xenium_V1_FFPE_Human_Breast_ILC_With_Addon,https://cf.10xgenomics.com/samples/xenium/1.0.2/Xenium_V1_FFPE_Human_Breast_ILC_With_Addon/Xenium_V1_FFPE_Human_Breast_ILC_With_Addon_outs.zip,
Xenium_V1_FFPE_Human_Breast_IDC,Xenium Human Breast Cancer 2 - Sample 1,FFPE Human Breast with Pre-designed Panel,26,https://www.10xgenomics.com/datasets/ffpe-human-breast-with-pre-designed-panel-1-standard,homo_sapiens,NCBITaxon:9606,xenium,EFO:0022615,breast,UBERON:0000310,female,PATO:0000383,,,,HsapDv:0000258,cancer,breast_cancer,invasive_ductal_breast_carcinoma,MONDO:0004992,MONDO:0007254,MONDO:0004953,unknown,online,/lustre/scratch126/cellgen/team361/bc8/cytoweave/nichejepa/original_files/Xenium_V1_FFPE_Human_Breast_IDC,https://s3-us-west-2.amazonaws.com/10x.files/samples/xenium/1.0.2/Xenium_V1_FFPE_Human_Breast_IDC/Xenium_V1_FFPE_Human_Breast_IDC_outs.zip,
Xenium_V1_FFPE_Human_Breast_ILC,Xenium Human Breast Cancer 2 - Sample 2,FFPE Human Breast with Pre-designed Panel,26,https://www.10xgenomics.com/datasets/ffpe-human-breast-with-pre-designed-panel-1-standard,homo_sapiens,NCBITaxon:9606,xenium,EFO:0022615,breast,UBERON:0000310,female,PATO:0000383,,,,HsapDv:0000258,cancer,breast_cancer,invasive_lobular_breast_carcinoma,MONDO:0004992,MONDO:0007254,MONDO:0005051,unknown,online,/lustre/scratch126/cellgen/team361/bc8/cytoweave/nichejepa/original_files/Xenium_V1_FFPE_Human_Breast_ILC,https://cf.10xgenomics.com/samples/xenium/1.0.2/Xenium_V1_FFPE_Human_Breast_ILC/Xenium_V1_FFPE_Human_Breast_ILC_outs.zip,
Xenium_V1_FFPE_Human_Breast_IDC_With_Addon_1,Xenium Human Breast Cancer 1,Xenium FFPE Human Breast with Custom Add-on Panel,27,https://www.10xgenomics.com/datasets/xenium-ffpe-human-breast-with-custom-add-on-panel-1-standard,homo_sapiens,NCBITaxon:9606,xenium,EFO:0022615,breast,UBERON:0000310,female,PATO:0000383,,,,HsapDv:0000258,cancer,breast_cancer,invasive_ductal_breast_carcinoma,MONDO:0004992,MONDO:0007254,MONDO:0004953,unknown,online,/lustre/scratch126/cellgen/team361/bc8/cytoweave/nichejepa/original_files/Xenium_V1_FFPE_Human_Breast_IDC_With_Addon_1,https://s3-us-west-2.amazonaws.com/10x.files/samples/xenium/1.3.0/Xenium_V1_FFPE_Human_Breast_IDC_With_Addon/Xenium_V1_FFPE_Human_Breast_IDC_With_Addon_outs.zip,
Xenium_V1_humanLung_Cancer_FFPE,Xenium Human Lung 2,Preview Data: FFPE Human Lung Cancer with Xenium Multimodal Cell Segmentation,28,https://www.10xgenomics.com/datasets/preview-data-ffpe-human-lung-cancer-with-xenium-multimodal-cell-segmentation-1-standard,homo_sapiens,NCBITaxon:9606,xenium,EFO:0022615,lung,UBERON:0002048,na,unknown,,,,HsapDv:0000258,cancer,lung_cancer,lung_adenocarcinoma,MONDO:0004992,MONDO:0008903,MONDO:0005061,unknown,online,/lustre/scratch126/cellgen/team361/bc8/cytoweave/nichejepa/original_files/Xenium_V1_humanLung_Cancer_FFPE,https://cf.10xgenomics.com/samples/xenium/2.0.0/Xenium_V1_humanLung_Cancer_FFPE/Xenium_V1_humanLung_Cancer_FFPE_outs.zip,
Xenium_V1_hLung_cancer_section,Xenium Human Lung 1,Human Lung Cancer Preview Data ,29,https://www.10xgenomics.com/datasets/human-lung-cancer-preview-data-xenium-human-multi-tissue-and-cancer-panel-1-standard,homo_sapiens,NCBITaxon:9606,xenium,EFO:0022615,lung,UBERON:0002048,na,unknown,,,,HsapDv:0000258,cancer,lung_cancer,lung_carcinoma,MONDO:0004992,MONDO:0008903,MONDO:0005138,unknown,online,/lustre/scratch126/cellgen/team361/bc8/cytoweave/nichejepa/original_files/Xenium_V1_hLung_cancer_section,https://cf.10xgenomics.com/samples/xenium/1.5.0/Xenium_V1_hLung_cancer_section/Xenium_V1_hLung_cancer_section_outs.zip,
Xenium_V1_hPancreas_Cancer_Add_on_FFPE,Xenium Human Pancreas 2,Pancreatic Cancer with Xenium Human Multi-Tissue and Cancer Panel,30,https://www.10xgenomics.com/datasets/pancreatic-cancer-with-xenium-human-multi-tissue-and-cancer-panel-1-standard,homo_sapiens,NCBITaxon:9606,xenium,EFO:0022615,pancreas,UBERON:0001264,na,unknown,,,,HsapDv:0000258,cancer,pancreatic_neoplasm,pancreatic_adenocarcinoma,MONDO:0004992,MONDO:0021040,MONDO:0006047,unknown,online,/lustre/scratch126/cellgen/team361/bc8/cytoweave/nichejepa/original_files/Xenium_V1_hPancreas_Cancer_Add_on_FFPE,https://cf.10xgenomics.com/samples/xenium/1.6.0/Xenium_V1_hPancreas_Cancer_Add_on_FFPE/Xenium_V1_hPancreas_Cancer_Add_on_FFPE_outs.zip,
Xenium_V1_hSkin_Melanoma_Base_FFPE,Xenium Human Skin 1,Human Skin Preview Data,31,https://www.10xgenomics.com/datasets/human-skin-preview-data-xenium-human-skin-gene-expression-panel-1-standard,homo_sapiens,NCBITaxon:9606,xenium,EFO:0022615,skin,UBERON:0002097,na,unknown,,,,HsapDv:0000258,cancer,skin_cancer,melanoma,MONDO:0004992,MONDO:0002898,MONDO:0005105,unknown,online,/lustre/scratch126/cellgen/team361/bc8/cytoweave/nichejepa/original_files/Xenium_V1_hSkin_Melanoma_Base_FFPE,https://cf.10xgenomics.com/samples/xenium/1.6.0/Xenium_V1_hSkin_Melanoma_Base_FFPE/Xenium_V1_hSkin_Melanoma_Base_FFPE_outs.zip,
Xeniumranger_V1_hSkin_Melanoma_Add_on_FFPE,Xenium Human Skin 2,Human Skin Preview Data,31,https://www.10xgenomics.com/datasets/human-skin-preview-data-xenium-human-skin-gene-expression-panel-add-on-1-standard,homo_sapiens,NCBITaxon:9606,xenium,EFO:0022615,skin,UBERON:0002097,na,unknown,,,,HsapDv:0000258,cancer,skin_cancer,melanoma,MONDO:0004992,MONDO:0002898,MONDO:0005105,unknown,online,/lustre/scratch126/cellgen/team361/bc8/cytoweave/nichejepa/original_files/Xeniumranger_V1_hSkin_Melanoma_Add_on_FFPE,https://cf.10xgenomics.com/samples/xenium/1.7.0/Xeniumranger_V1_hSkin_Melanoma_Add_on_FFPE/Xeniumranger_V1_hSkin_Melanoma_Add_on_FFPE_outs.zip,
Xenium_V1_hHeart_nondiseased_section_FFPE,Xenium Human Heart 1,Xenium Human Heart 1,32,https://www.10xgenomics.com/datasets/human-heart-data-xenium-human-multi-tissue-and-cancer-panel-1-standard,homo_sapiens,NCBITaxon:9606,xenium,EFO:0022615,heart,UBERON:0000948,na,unknown,,,,HsapDv:0000258,healthy,healthy,healthy,PATO:0000461,PATO:0000461,PATO:0000461,unknown,online,/lustre/scratch126/cellgen/team361/bc8/cytoweave/nichejepa/original_files/Xenium_V1_hHeart_nondiseased_section_FFPE,https://cf.10xgenomics.com/samples/xenium/1.9.0/Xenium_V1_hHeart_nondiseased_section_FFPE/Xenium_V1_hHeart_nondiseased_section_FFPE_outs.zip,
Xenium_V1_hLymphNode_nondiseased_section,Xenium Human Lymph Node 1,Xenium Human Lymph Node 1,33,https://www.10xgenomics.com/datasets/human-lymph-node-preview-data-xenium-human-multi-tissue-and-cancer-panel-1-standard,homo_sapiens,NCBITaxon:9606,xenium,EFO:0022615,lymph node,UBERON:0000029,na,unknown,,,,HsapDv:0000258,healthy,healthy,healthy,PATO:0000461,PATO:0000461,PATO:0000461,unknown,online,/lustre/scratch126/cellgen/team361/bc8/cytoweave/nichejepa/original_files/Xenium_V1_hLymphNode_nondiseased_section,https://cf.10xgenomics.com/samples/xenium/1.5.0/Xenium_V1_hLymphNode_nondiseased_section/Xenium_V1_hLymphNode_nondiseased_section_outs.zip,
Xenium_V1_human_Pancreas_FFPE,Xenium Human Pancreas 3,FFPE Human Pancreas with Xenium Multimodal Cell Segmentation,34,https://www.10xgenomics.com/datasets/ffpe-human-pancreas-with-xenium-multimodal-cell-segmentation-1-standard,homo_sapiens,NCBITaxon:9606,xenium,EFO:0022615,pancreas,UBERON:0001264,na,unknown,,,,HsapDv:0000258,healthy,healthy,healthy,PATO:0000461,PATO:0000461,PATO:0000461,unknown,online,/lustre/scratch126/cellgen/team361/bc8/cytoweave/nichejepa/original_files/Xenium_V1_human_Pancreas_FFPE,https://cf.10xgenomics.com/samples/xenium/2.0.0/Xenium_V1_human_Pancreas_FFPE/Xenium_V1_human_Pancreas_FFPE_outs.zip,
Xenium_V1_hPancreas_nondiseased_section,Xenium Human Pancreas 1,Xenium Human Pancreas 1,35,https://www.10xgenomics.com/datasets/human-pancreas-preview-data-xenium-human-multi-tissue-and-cancer-panel-1-standard,homo_sapiens,NCBITaxon:9606,xenium,EFO:0022615,pancreas,UBERON:0001264,na,unknown,,,,HsapDv:0000258,healthy,healthy,healthy,PATO:0000461,PATO:0000461,PATO:0000461,unknown,online,/lustre/scratch126/cellgen/team361/bc8/cytoweave/nichejepa/original_files/Xenium_V1_hPancreas_nondiseased_section,https://cf.10xgenomics.com/samples/xenium/1.5.0/Xenium_V1_hPancreas_nondiseased_section/Xenium_V1_hPancreas_nondiseased_section_outs.zip,
Xenium_V1_hSkin_nondiseased_section_1_FFPE,Xenium Human Skin 3 - Section 1,Human Skin Data with Xenium Human Multi-Tissue and Cancer Panel,36,https://www.10xgenomics.com/datasets/human-skin-data-xenium-human-multi-tissue-and-cancer-panel-1-standard,homo_sapiens,NCBITaxon:9606,xenium,EFO:0022615,skin,UBERON:0002097,na,unknown,,,,HsapDv:0000258,healthy,healthy,healthy,PATO:0000461,PATO:0000461,PATO:0000461,unknown,online,/lustre/scratch126/cellgen/team361/bc8/cytoweave/nichejepa/original_files/Xenium_V1_hSkin_nondiseased_section_1_FFPE,https://cf.10xgenomics.com/samples/xenium/1.9.0/Xenium_V1_hSkin_nondiseased_section_1_FFPE/Xenium_V1_hSkin_nondiseased_section_1_FFPE_outs.zip,
Xenium_V1_hSkin_nondiseased_section_2_FFPE,Xenium Human Skin 3 - Section 2,Human Skin Data with Xenium Human Multi-Tissue and Cancer Panel,36,https://www.10xgenomics.com/datasets/human-skin-data-xenium-human-multi-tissue-and-cancer-panel-1-standard,homo_sapiens,NCBITaxon:9606,xenium,EFO:0022615,skin,UBERON:0002097,na,unknown,,,,HsapDv:0000258,healthy,healthy,healthy,PATO:0000461,PATO:0000461,PATO:0000461,unknown,online,/lustre/scratch126/cellgen/team361/bc8/cytoweave/nichejepa/original_files/Xenium_V1_hSkin_nondiseased_section_2_FFPE,https://cf.10xgenomics.com/samples/xenium/1.9.0/Xenium_V1_hSkin_nondiseased_section_2_FFPE/Xenium_V1_hSkin_nondiseased_section_2_FFPE_outs.zip,
Xenium_V1_hBoneMarrow_acute_lymphoid_leukemia_section,Xenium Human Bone 1 - Acute Lymphoid Leukemia Bone Marrow,Human Bone and Bone Marrow Data with Custom Add-on Panel,37,https://www.10xgenomics.com/datasets/human-bone-and-bone-marrow-data-with-custom-add-on-panel-1-standard,homo_sapiens,NCBITaxon:9606,xenium,EFO:0022615,bone,UBERON:0002481,na,unknown,,,,HsapDv:0000258,hematopoietic_and_lymphoid_system_neoplasm,leukemia,adult_acute_lymphoblastic_leukemia,MONDO:0002334,MONDO:0005059,MONDO:0003541,unknown,online,/lustre/scratch126/cellgen/team361/bc8/cytoweave/nichejepa/original_files/Xenium_V1_hBoneMarrow_acute_lymphoid_leukemia_section,https://cf.10xgenomics.com/samples/xenium/1.9.0/Xenium_V1_hBoneMarrow_acute_lymphoid_leukemia_section/Xenium_V1_hBoneMarrow_acute_lymphoid_leukemia_section_outs.zip,
Xenium_V1_hBoneMarrow_nondiseased_section,Xenium Human Bone 1 - Non-diseased Bone Marrow,Human Bone and Bone Marrow Data with Custom Add-on Panel,37,https://www.10xgenomics.com/datasets/human-bone-and-bone-marrow-data-with-custom-add-on-panel-1-standard,homo_sapiens,NCBITaxon:9606,xenium,EFO:0022615,bone,UBERON:0002481,na,unknown,,,,HsapDv:0000258,healthy,healthy,healthy,PATO:0000461,PATO:0000461,PATO:0000461,unknown,online,/lustre/scratch126/cellgen/team361/bc8/cytoweave/nichejepa/original_files/Xenium_V1_hBoneMarrow_nondiseased_section,https://cf.10xgenomics.com/samples/xenium/1.9.0/Xenium_V1_hBoneMarrow_nondiseased_section/Xenium_V1_hBoneMarrow_nondiseased_section_outs.zip,
Xenium_V1_hBone_nondiseased_section,Xenium Human Bone 1 - Non-diseased Femur Bone,Human Bone and Bone Marrow Data with Custom Add-on Panel,37,https://www.10xgenomics.com/datasets/human-bone-and-bone-marrow-data-with-custom-add-on-panel-1-standard,homo_sapiens,NCBITaxon:9606,xenium,EFO:0022615,bone,UBERON:0002481,na,unknown,,,,HsapDv:0000258,healthy,healthy,healthy,PATO:0000461,PATO:0000461,PATO:0000461,unknown,online,/lustre/scratch126/cellgen/team361/bc8/cytoweave/nichejepa/original_files/Xenium_V1_hBone_nondiseased_section,https://cf.10xgenomics.com/samples/xenium/1.9.0/Xenium_V1_hBone_nondiseased_section/Xenium_V1_hBone_nondiseased_section_outs.zip,
Xenium_V1_hColon_Non_diseased_Base_FFPE,"Xenium Human Colon 1 - Non-diseased, pre-designed panel",Human Colon Preview Data (Xenium Human Colon Gene Expression Panel),38,https://www.10xgenomics.com/datasets/human-colon-preview-data-xenium-human-colon-gene-expression-panel-1-standard,homo_sapiens,NCBITaxon:9606,xenium,EFO:0022615,colon,UBERON:0001155,na,unknown,,,,HsapDv:0000258,healthy,healthy,healthy,PATO:0000461,PATO:0000461,PATO:0000461,unknown,online,/lustre/scratch126/cellgen/team361/bc8/cytoweave/nichejepa/original_files/Xenium_V1_hColon_Non_diseased_Base_FFPE,https://cf.10xgenomics.com/samples/xenium/1.6.0/Xenium_V1_hColon_Non_diseased_Base_FFPE/Xenium_V1_hColon_Non_diseased_Base_FFPE_outs.zip,
Xenium_V1_hColon_Non_diseased_Add_on_FFPE,"Xenium Human Colon 1 - Non-diseased, pre-designed + add-on panel",Human Colon Preview Data (Xenium Human Colon Gene Expression Panel),38,https://www.10xgenomics.com/datasets/human-colon-preview-data-xenium-human-colon-gene-expression-panel-1-standard,homo_sapiens,NCBITaxon:9606,xenium,EFO:0022615,colon,UBERON:0001155,na,unknown,,,,HsapDv:0000258,healthy,healthy,healthy,PATO:0000461,PATO:0000461,PATO:0000461,unknown,online,/lustre/scratch126/cellgen/team361/bc8/cytoweave/nichejepa/original_files/Xenium_V1_hColon_Non_diseased_Add_on_FFPE,https://cf.10xgenomics.com/samples/xenium/1.6.0/Xenium_V1_hColon_Non_diseased_Add_on_FFPE/Xenium_V1_hColon_Non_diseased_Add_on_FFPE_outs.zip,
Xenium_V1_hColon_Cancer_Base_FFPE,"Xenium Human Colon 1 - Cancer, pre-designed panel",Human Colon Preview Data (Xenium Human Colon Gene Expression Panel),38,https://www.10xgenomics.com/datasets/human-colon-preview-data-xenium-human-colon-gene-expression-panel-1-standard,homo_sapiens,NCBITaxon:9606,xenium,EFO:0022615,colon,UBERON:0001155,na,unknown,,,,HsapDv:0000258,cancer,colorectal_cancer,colon_adenocarcinoma,MONDO:0004992,MONDO:0005575,MONDO:0002271,unknown,online,/lustre/scratch126/cellgen/team361/bc8/cytoweave/nichejepa/original_files/Xenium_V1_hColon_Cancer_Base_FFPE,https://s3-us-west-2.amazonaws.com/10x.files/samples/xenium/1.6.0/Xenium_V1_hColon_Cancer_Base_FFPE/Xenium_V1_hColon_Cancer_Base_FFPE_outs.zip,
Xenium_V1_hColon_Cancer_Add_on_FFPE,"Xenium Human Colon 1 - Cancer, pre-designed + add-on panel",Human Colon Preview Data (Xenium Human Colon Gene Expression Panel),38,https://www.10xgenomics.com/datasets/human-colon-preview-data-xenium-human-colon-gene-expression-panel-1-standard,homo_sapiens,NCBITaxon:9606,xenium,EFO:0022615,colon,UBERON:0001155,na,unknown,,,,HsapDv:0000258,cancer,colorectal_cancer,colon_adenocarcinoma,MONDO:0004992,MONDO:0005575,MONDO:0002271,unknown,online,/lustre/scratch126/cellgen/team361/bc8/cytoweave/nichejepa/original_files/Xenium_V1_hColon_Cancer_Add_on_FFPE,https://s3-us-west-2.amazonaws.com/10x.files/samples/xenium/1.6.0/Xenium_V1_hColon_Cancer_Add_on_FFPE/Xenium_V1_hColon_Cancer_Add_on_FFPE_outs.zip,
Xenium_V1_hKidney_cancer_section,Xenium Human Kidney 1 - Kidney Cancer,Xenium Human Kidney 1,39,https://www.10xgenomics.com/datasets/human-kidney-preview-data-xenium-human-multi-tissue-and-cancer-panel-1-standard,homo_sapiens,NCBITaxon:9606,xenium,EFO:0022615,kidney,UBERON:0002113,na,unknown,,,,HsapDv:0000258,cancer,kidney_cancer,papillary_renal_cell_carcinoma,MONDO:0004992,MONDO:0002367,MONDO:0017884,unknown,online,/lustre/scratch126/cellgen/team361/bc8/cytoweave/nichejepa/original_files/Xenium_V1_hKidney_cancer_section,https://cf.10xgenomics.com/samples/xenium/1.5.0/Xenium_V1_hKidney_cancer_section/Xenium_V1_hKidney_cancer_section_outs.zip,
Xenium_V1_hKidney_nondiseased_section,Xenium Human Kidney 1 - Non-diseased,Xenium Human Kidney 1,39,https://www.10xgenomics.com/datasets/human-kidney-preview-data-xenium-human-multi-tissue-and-cancer-panel-1-standard,homo_sapiens,NCBITaxon:9606,xenium,EFO:0022615,kidney,UBERON:0002113,na,unknown,,,,HsapDv:0000258,healthy,healthy,healthy,PATO:0000461,PATO:0000461,PATO:0000461,unknown,online,/lustre/scratch126/cellgen/team361/bc8/cytoweave/nichejepa/original_files/Xenium_V1_hKidney_nondiseased_section,https://cf.10xgenomics.com/samples/xenium/1.5.0/Xenium_V1_hKidney_nondiseased_section/Xenium_V1_hKidney_nondiseased_section_outs.zip,
Xenium_V1_hLiver_nondiseased_section_FFPE,Xenium Human Liver 1 - Non-diseased,Xenium Human Liver 1,40,https://www.10xgenomics.com/datasets/human-liver-data-xenium-human-multi-tissue-and-cancer-panel-1-standard,homo_sapiens,NCBITaxon:9606,xenium,EFO:0022615,liver,UBERON:0002107,na,unknown,,,,HsapDv:0000258,healthy,healthy,healthy,PATO:0000461,PATO:0000461,PATO:0000461,unknown,online,/lustre/scratch126/cellgen/team361/bc8/cytoweave/nichejepa/original_files/Xenium_V1_hLiver_nondiseased_section_FFPE,https://cf.10xgenomics.com/samples/xenium/1.9.0/Xenium_V1_hLiver_nondiseased_section_FFPE/Xenium_V1_hLiver_nondiseased_section_FFPE_outs.zip,
Xenium_V1_hLiver_cancer_section_FFPE,Xenium Human Liver 1 - Liver Cancer,Xenium Human Liver 1,40,https://www.10xgenomics.com/datasets/human-liver-data-xenium-human-multi-tissue-and-cancer-panel-1-standard,homo_sapiens,NCBITaxon:9606,xenium,EFO:0022615,liver,UBERON:0002107,na,unknown,,,,HsapDv:0000258,cancer,liver_cancer,liver_cancer,MONDO:0004992,MONDO:0002691,MONDO:0002691,unknown,online,/lustre/scratch126/cellgen/team361/bc8/cytoweave/nichejepa/original_files/Xenium_V1_hLiver_cancer_section_FFPE,https://cf.10xgenomics.com/samples/xenium/1.9.0/Xenium_V1_hLiver_cancer_section_FFPE/Xenium_V1_hLiver_cancer_section_FFPE_outs.zip,
Xenium_Preview_Human_Non_diseased_Lung_With_Add_on_FFPE,Xenium Human Lung 1 - Non-diseased,Human Lung Cancer Preview Data,41,https://www.10xgenomics.com/datasets/xenium-human-lung-preview-data-1-standard,homo_sapiens,NCBITaxon:9606,xenium,EFO:0022615,lung,UBERON:0002048,na,unknown,,,,HsapDv:0000258,healthy,healthy,healthy,PATO:0000461,PATO:0000461,PATO:0000461,unknown,online,/lustre/scratch126/cellgen/team361/bc8/cytoweave/nichejepa/original_files/Xenium_Preview_Human_Non_diseased_Lung_With_Add_on_FFPE,https://cf.10xgenomics.com/samples/xenium/1.3.0/Xenium_Preview_Human_Non_diseased_Lung_With_Add_on_FFPE/Xenium_Preview_Human_Non_diseased_Lung_With_Add_on_FFPE_outs.zip,
Xenium_Preview_Human_Lung_Cancer_With_Add_on_2_FFPE,Xenium Human Lung 1 - Lung Cancer,Human Lung Cancer Preview Data,41,https://www.10xgenomics.com/datasets/xenium-human-lung-preview-data-1-standard,homo_sapiens,NCBITaxon:9606,xenium,EFO:0022615,lung,UBERON:0002048,na,unknown,,,,HsapDv:0000258,cancer,lung_cancer,lung_adenocarcinoma,MONDO:0004992,MONDO:0008903,MONDO:0005061,unknown,online,/lustre/scratch126/cellgen/team361/bc8/cytoweave/nichejepa/original_files/Xenium_Preview_Human_Lung_Cancer_With_Add_on_2_FFPE,https://s3-us-west-2.amazonaws.com/10x.files/samples/xenium/1.3.0/Xenium_Preview_Human_Lung_Cancer_With_Add_on_2_FFPE/Xenium_Preview_Human_Lung_Cancer_With_Add_on_2_FFPE_outs.zip,
Xenium_V1_FFPE_Human_Brain_Healthy_With_Addon,Xenium Human Brain 1 - Healthy,Xenium Human Brain Preview Data,42,https://www.10xgenomics.com/datasets/xenium-human-brain-preview-data-1-standard,homo_sapiens,NCBITaxon:9606,xenium,EFO:0022615,brain,UBERON:0000955,na,unknown,,,,HsapDv:0000258,healthy,healthy,healthy,PATO:0000461,PATO:0000461,PATO:0000461,unknown,online,/lustre/scratch126/cellgen/team361/bc8/cytoweave/nichejepa/original_files/Xenium_V1_FFPE_Human_Brain_Healthy_With_Addon,https://cf.10xgenomics.com/samples/xenium/1.3.0/Xenium_V1_FFPE_Human_Brain_Healthy_With_Addon/Xenium_V1_FFPE_Human_Brain_Healthy_With_Addon_outs.zip,
Xenium_V1_FFPE_Human_Brain_Glioblastoma_With_Addon,Xenium Human Brain 1 - Glioblastoma,Xenium Human Brain Preview Data,42,https://www.10xgenomics.com/datasets/xenium-human-brain-preview-data-1-standard,homo_sapiens,NCBITaxon:9606,xenium,EFO:0022615,brain,UBERON:0000955,na,unknown,,,,HsapDv:0000258,cancer,central_nervous_system_cancer,glioblastoma,MONDO:0004992,MONDO:0002714,MONDO:0018177,unknown,online,/lustre/scratch126/cellgen/team361/bc8/cytoweave/nichejepa/original_files/Xenium_V1_FFPE_Human_Brain_Glioblastoma_With_Addon,https://cf.10xgenomics.com/samples/xenium/1.3.0/Xenium_V1_FFPE_Human_Brain_Glioblastoma_With_Addon/Xenium_V1_FFPE_Human_Brain_Glioblastoma_With_Addon_outs.zip,
Xenium_V1_FFPE_Human_Brain_Alzheimers_With_Addon,Xenium Human Brain 1 - Alzheimers,Xenium Human Brain Preview Data,42,https://www.10xgenomics.com/datasets/xenium-human-brain-preview-data-1-standard,homo_sapiens,NCBITaxon:9606,xenium,EFO:0022615,brain,UBERON:0000955,na,unknown,,,,HsapDv:0000258,nervous_system_disorder,neurodegenerative_disease,alzheimer_disease,MONDO:0005071,MONDO:0005559,MONDO:0004975,unknown,online,/lustre/scratch126/cellgen/team361/bc8/cytoweave/nichejepa/original_files/Xenium_V1_FFPE_Human_Brain_Alzheimers_With_Addon,https://cf.10xgenomics.com/samples/xenium/1.3.0/Xenium_V1_FFPE_Human_Brain_Alzheimers_With_Addon/Xenium_V1_FFPE_Human_Brain_Alzheimers_With_Addon_outs.zip,
Xenium_V1_hTonsil_follicular_lymphoid_hyperplasia_section_FFPE,Xenium Human Tonsil 1 - FLH,Xenium Human Tonsil 1,43,https://www.10xgenomics.com/datasets/human-tonsil-data-xenium-human-multi-tissue-and-cancer-panel-1-standard,homo_sapiens,NCBITaxon:9606,xenium,EFO:0022615,tonsil,UBERON:0002372,na,unknown,,,,HsapDv:0000258,immune_system_disorder,lymphoid_system_disorder,pseudolymphoma,MONDO:0005046,MONDO:0044986,MONDO:0043959,unknown,online,/lustre/scratch126/cellgen/team361/bc8/cytoweave/nichejepa/original_files/Xenium_V1_hTonsil_follicular_lymphoid_hyperplasia_section_FFPE,https://s3-us-west-2.amazonaws.com/10x.files/samples/xenium/1.9.0/Xenium_V1_hTonsil_follicular_lymphoid_hyperplasia_section_FFPE/Xenium_V1_hTonsil_follicular_lymphoid_hyperplasia_section_FFPE_outs.zip,
Xenium_V1_hTonsil_reactive_follicular_hyperplasia_section_FFPE,Xenium Human Tonsil 1 - RFH,Xenium Human Tonsil 1,43,https://www.10xgenomics.com/datasets/human-tonsil-data-xenium-human-multi-tissue-and-cancer-panel-1-standard,homo_sapiens,NCBITaxon:9606,xenium,EFO:0022615,tonsil,UBERON:0002372,na,unknown,,,,HsapDv:0000258,immune_system_disorder,lymphoid_system_disorder,pseudolymphoma,MONDO:0005046,MONDO:0044986,MONDO:0043959,unknown,online,/lustre/scratch126/cellgen/team361/bc8/cytoweave/nichejepa/original_files/Xenium_V1_hTonsil_reactive_follicular_hyperplasia_section_FFPE,https://s3-us-west-2.amazonaws.com/10x.files/samples/xenium/1.9.0/Xenium_V1_hTonsil_reactive_follicular_hyperplasia_section_FFPE/Xenium_V1_hTonsil_reactive_follicular_hyperplasia_section_FFPE_outs.zip,
Active-C_2013-019,Xenium Human Spinal Cord MS Active_019,Cellular architecture of evolving neuroinflammatory lesions and multiple sclerosis pathology,44,https://zenodo.org/records/8037425,homo_sapiens,NCBITaxon:9606,xenium,EFO:0022615,spinal_cord,UBERON:0002240,na,unknown,,,,HsapDv:0000258,nervous_system_disorder,autoimmune_disorder_of_the_nervous_system,multiple_sclerosis,MONDO:0005071,MONDO:0002977,MONDO:0005301,unknown,offline,,,
Active-C_2017-100,Xenium Human Spinal Cord MS Active_100,Cellular architecture of evolving neuroinflammatory lesions and multiple sclerosis pathology,44,https://zenodo.org/records/8037425,homo_sapiens,NCBITaxon:9606,xenium,EFO:0022615,spinal_cord,UBERON:0002240,na,unknown,,,,HsapDv:0000258,nervous_system_disorder,autoimmune_disorder_of_the_nervous_system,multiple_sclerosis,MONDO:0005071,MONDO:0002977,MONDO:0005301,unknown,offline,,,
Ctrl-C_2012-071,Xenium Human Spinal Cord MS Ctrl_071,Cellular architecture of evolving neuroinflammatory lesions and multiple sclerosis pathology,44,https://zenodo.org/records/8037425,homo_sapiens,NCBITaxon:9606,xenium,EFO:0022615,spinal_cord,UBERON:0002240,na,unknown,,,,HsapDv:0000258,healthy,healthy,healthy,PATO:0000461,PATO:0000461,PATO:0000461,unknown,offline,,,
Ctrl-C_2017-16,Xenium Human Spinal Cord MS Ctrl_16,Cellular architecture of evolving neuroinflammatory lesions and multiple sclerosis pathology,44,https://zenodo.org/records/8037425,homo_sapiens,NCBITaxon:9606,xenium,EFO:0022615,spinal_cord,UBERON:0002240,na,unknown,,,,HsapDv:0000258,healthy,healthy,healthy,PATO:0000461,PATO:0000461,PATO:0000461,unknown,offline,,,
Inactive-C_2007-069,Xenium Human Spinal Cord MS Inactive_069,Cellular architecture of evolving neuroinflammatory lesions and multiple sclerosis pathology,44,https://zenodo.org/records/8037425,homo_sapiens,NCBITaxon:9606,xenium,EFO:0022615,spinal_cord,UBERON:0002240,na,unknown,,,,HsapDv:0000258,nervous_system_disorder,autoimmune_disorder_of_the_nervous_system,multiple_sclerosis,MONDO:0005071,MONDO:0002977,MONDO:0005301,unknown,offline,,,
Inactive-C_2012-078,Xenium Human Spinal Cord MS Inactive_078,Cellular architecture of evolving neuroinflammatory lesions and multiple sclerosis pathology,44,https://zenodo.org/records/8037425,homo_sapiens,NCBITaxon:9606,xenium,EFO:0022615,spinal_cord,UBERON:0002240,na,unknown,,,,HsapDv:0000258,nervous_system_disorder,autoimmune_disorder_of_the_nervous_system,multiple_sclerosis,MONDO:0005071,MONDO:0002977,MONDO:0005301,unknown,offline,,,
Xenium_Prime_Cervical_Cancer_FFPE,Xenium Human Cervical Cancer (Prime),FFPE Human Cervical Cancer with 5K Human Pan Tissue and Pathways Panel plus 100 Custom Genes,45,https://www.10xgenomics.com/datasets/xenium-prime-ffpe-human-cervical-cancer,homo_sapiens,NCBITaxon:9606,xenium,EFO:0022615,cervix,UBERON:0000002,female,PATO:0000383,,,,HsapDv:0000258,cancer,female_reproductive_organ_cancer,cervical_cancer,MONDO:0004992,MONDO:0001416,MONDO:0002974,unknown,online,/lustre/scratch126/cellgen/team361/bc8/cytoweave/nichejepa/original_files/Xenium_Prime_Cervical_Cancer_FFPE,https://s3-us-west-2.amazonaws.com/10x.files/samples/xenium/3.0.0/Xenium_Prime_Cervical_Cancer_FFPE/Xenium_Prime_Cervical_Cancer_FFPE_outs.zip,
Xenium_Prime_Human_Lymph_Node_Reactive_FFPE,Xenium Human Lymph Node (Prime),Preview Data: FFPE Human Lymph Node with 5K Pan Tissue and Pathways Panel,46,https://www.10xgenomics.com/datasets/preview-data-xenium-prime-gene-expression,homo_sapiens,NCBITaxon:9606,xenium,EFO:0022615,lymph node,UBERON:0000029,na,unknown,,,,HsapDv:0000258,immune_system_disorder,lymphoid_system_disorder,pseudolymphoma,MONDO:0005046,MONDO:0044986,MONDO:0043959,unknown,online,/lustre/scratch126/cellgen/team361/bc8/cytoweave/nichejepa/original_files/Xenium_Prime_Human_Lymph_Node_Reactive_FFPE,https://s3-us-west-2.amazonaws.com/10x.files/samples/xenium/3.0.0/Xenium_Prime_Human_Lymph_Node_Reactive_FFPE/Xenium_Prime_Human_Lymph_Node_Reactive_FFPE_outs.zip,
Xenium_Prime_Human_Ovary_FF,Xenium Human Ovary (Prime),Fresh Frozen Human Ovarian Adenocarcinoma with 5K Human Pan Tissue and Pathways Panel,47,https://www.10xgenomics.com/datasets/xenium-prime-fresh-frozen-human-ovary,homo_sapiens,NCBITaxon:9606,xenium,EFO:0022615,ovary,UBERON:0000992,female,PATO:0000383,,,,HsapDv:0000258,cancer,female_reproductive_organ_cancer,ovarian_adenocarcinoma,MONDO:0004992,MONDO:0001416,MONDO:0002752,unknown,online,/lustre/scratch126/cellgen/team361/bc8/cytoweave/nichejepa/original_files/Xenium_Prime_Human_Ovary_FF,https://s3-us-west-2.amazonaws.com/10x.files/samples/xenium/3.0.0/Xenium_Prime_Human_Ovary_FF/Xenium_Prime_Human_Ovary_FF_outs.zip,
Xenium_Prime_Human_Prostate_FFPE,Xenium Human Prostate (Prime),Preview Data: FFPE Human Prostate Adenocarcinoma with 5K Human Pan Tissue and Pathways Panel,48,https://www.10xgenomics.com/datasets/xenium-prime-ffpe-human-prostate,homo_sapiens,NCBITaxon:9606,xenium,EFO:0022615,prostate,UBERON:0002367,male,PATO:0000384,,,,HsapDv:0000258,cancer,male_reproductive_organ_cancer,prostate_adenocarcinoma,MONDO:0004992,MONDO:0005836,MONDO:0005082,unknown,online,/lustre/scratch126/cellgen/team361/bc8/cytoweave/nichejepa/original_files/Xenium_Prime_Human_Prostate_FFPE,https://cf.10xgenomics.com/samples/xenium/3.0.0/Xenium_Prime_Human_Prostate_FFPE/Xenium_Prime_Human_Prostate_FFPE_outs.zip,
Xenium_Prime_Human_Skin_FFPE,Xenium Human Skin (Prime),Preview Data: FFPE Human Skin Primary Dermal Melanoma with 5K Human Pan Tissue and Pathways Panel,49,https://www.10xgenomics.com/datasets/xenium-prime-ffpe-human-skin,homo_sapiens,NCBITaxon:9606,xenium,EFO:0022615,skin,UBERON:0002097,na,unknown,,,,HsapDv:0000258,cancer,skin_cancer,melanoma,MONDO:0004992,MONDO:0002898,MONDO:0005105,unknown,online,/lustre/scratch126/cellgen/team361/bc8/cytoweave/nichejepa/original_files/Xenium_Prime_Human_Skin_FFPE,https://cf.10xgenomics.com/samples/xenium/3.0.0/Xenium_Prime_Human_Skin_FFPE/Xenium_Prime_Human_Skin_FFPE_outs.zip,
Xenium_Prime_Ovarian_Cancer_FFPE,Xenium Human Ovarian Cancer (Prime),FFPE Human Ovarian Cancer with 5K Human Pan Tissue and Pathways Panel plus 100 Custom Genes,50,https://www.10xgenomics.com/datasets/xenium-prime-ffpe-human-ovarian-cancer,homo_sapiens,NCBITaxon:9606,xenium,EFO:0022615,ovary,UBERON:0000992,female,PATO:0000383,,,,HsapDv:0000258,cancer,female_reproductive_organ_cancer,ovarian_papillary_serous_carcinoma,MONDO:0004992,MONDO:0001416,MONDO:0003874,unknown,online,/lustre/scratch126/cellgen/team361/bc8/cytoweave/nichejepa/original_files/Xenium_Prime_Ovarian_Cancer_FFPE,https://s3-us-west-2.amazonaws.com/10x.files/samples/xenium/3.0.0/Xenium_Prime_Ovarian_Cancer_FFPE/Xenium_Prime_Ovarian_Cancer_FFPE_outs.zip,
Xenium_V1_Human_Colorectal_Cancer_Addon_FFPE,Xenium Human Colorectal Cancer,FFPE Human Colorectal Cancer Data with Human Immuno-Oncology Profiling Panel and Custom Add-on,51,https://www.10xgenomics.com/datasets/ffpe-human-colorectal-cancer-data-with-human-immuno-oncology-profiling-panel-and-custom-add-on-1-standard,homo_sapiens,NCBITaxon:9606,xenium,EFO:0022615,colon,UBERON:0001155,na,unknown,,,,HsapDv:0000258,cancer,colorectal_cancer,colorectal_adenocarcinoma,MONDO:0004992,MONDO:0005575,MONDO:0005008,unknown,online,/lustre/scratch126/cellgen/team361/bc8/cytoweave/nichejepa/original_files/Xenium_V1_Human_Colorectal_Cancer_Addon_FFPE,https://cf.10xgenomics.com/samples/xenium/2.0.0/Xenium_V1_Human_Colorectal_Cancer_Addon_FFPE/Xenium_V1_Human_Colorectal_Cancer_Addon_FFPE_outs.zip,
Xenium_V1_Human_Ductal_Adenocarcinoma_FFPE,Xenium Human Ductal Adenocarcinoma,FFPE Human Pancreatic Ductal Adenocarcinoma Data with Human Immuno-Oncology Profiling Panel,52,https://www.10xgenomics.com/datasets/ffpe-human-ductal-adenocarcinoma-data-with-human-immuno-oncology-profiling-panel-1-standard,homo_sapiens,NCBITaxon:9606,xenium,EFO:0022615,pancreas,UBERON:0001264,na,unknown,,,,HsapDv:0000258,cancer,pancreatic_neoplasm,pancreatic_ductal_adenocarcinoma,MONDO:0004992,MONDO:0021040,MONDO:0005184,unknown,online,/lustre/scratch126/cellgen/team361/bc8/cytoweave/nichejepa/original_files/Xenium_V1_Human_Ductal_Adenocarcinoma_FFPE,https://cf.10xgenomics.com/samples/xenium/2.0.0/Xenium_V1_Human_Ductal_Adenocarcinoma_FFPE/Xenium_V1_Human_Ductal_Adenocarcinoma_FFPE_outs.zip,
Xenium_V1_Human_Lung_Cancer_Addon_FFPE,Xenium Human Lung Cancer,FFPE Human Lung Cancer Data with Human Immuno-Oncology Profiling Panel and Custom Add-on,53,https://www.10xgenomics.com/datasets/ffpe-human-lung-cancer-data-with-human-immuno-oncology-profiling-panel-and-custom-add-on-1-standard,homo_sapiens,NCBITaxon:9606,xenium,EFO:0022615,lung,UBERON:0002048,na,unknown,,,,HsapDv:0000258,cancer,lung_cancer,nonsmall_cell_lung_carcinoma,MONDO:0004992,MONDO:0008903,MONDO:0005233,unknown,online,/lustre/scratch126/cellgen/team361/bc8/cytoweave/nichejepa/original_files/Xenium_V1_Human_Lung_Cancer_Addon_FFPE,https://cf.10xgenomics.com/samples/xenium/2.0.0/Xenium_V1_Human_Lung_Cancer_Addon_FFPE/Xenium_V1_Human_Lung_Cancer_Addon_FFPE_outs.zip,
Xenium_V1_Human_Ovarian_Cancer_Addon_FFPE,Xenium Human Ovarian Cancer,FFPE Human Ovarian Cancer Data with Human Immuno-Oncology Profiling Panel and Custom Add-on,54,https://www.10xgenomics.com/datasets/ffpe-human-ovarian-cancer-data-with-human-immuno-oncology-profiling-panel-and-custom-add-on-1-standard,homo_sapiens,NCBITaxon:9606,xenium,EFO:0022615,ovary,UBERON:0000992,female,PATO:0000383,,,,HsapDv:0000258,cancer,female_reproductive_organ_cancer,ovary_serous_carcinoma,MONDO:0004992,MONDO:0001416,MONDO:0005211,unknown,online,/lustre/scratch126/cellgen/team361/bc8/cytoweave/nichejepa/original_files/Xenium_V1_Human_Ovarian_Cancer_Addon_FFPE,https://cf.10xgenomics.com/samples/xenium/2.0.0/Xenium_V1_Human_Ovarian_Cancer_Addon_FFPE/Xenium_V1_Human_Ovarian_Cancer_Addon_FFPE_outs.zip,
Xenium_Prime_Human_Breast_Cancer_FFPE,Xenium Human Breast Cancer,FFPE Human Breast Cancer with 5K Human Pan Tissue and Pathways Panel plus 100 Custom Genes,81,https://www.10xgenomics.com/datasets/xenium-prime-ffpe-human-breast-cancer,homo_sapiens,NCBITaxon:9606,xenium,EFO:0022615,breast,UBERON:0000310,na,unknown,,,,unknown,cancer,breast_cancer,breast_cancer,MONDO:0004992,MONDO:0007254,MONDO:0007254,unknown,online,,https://s3-us-west-2.amazonaws.com/10x.files/samples/xenium/3.0.0/Xenium_Prime_Breast_Cancer_FFPE/Xenium_Prime_Breast_Cancer_FFPE_outs.zip,
Xenium_Human_Lung_Cancer,Xenium Human Lung Cancer,Post-Xenium Technical Note: Xenium v1 and Xenium Prime 5K for FFPE Human Lung Cancer,82,https://www.10xgenomics.com/datasets/xenium-human-lung-cancer-post-xenium-technote,homo_sapiens,NCBITaxon:9606,xenium,EFO:0022615,lung,UBERON:0002048,na,unknown,,,,unknown,cancer,lung_cancer,lung_adenocarcinoma,MONDO:0004992,MONDO:0008903,MONDO:0005233,unknown,online,,https://cf.10xgenomics.com/samples/xenium/3.0.0/Xenium_V1_Human_Lung_Cancer_FFPE/Xenium_V1_Human_Lung_Cancer_FFPE_outs.zip,
Xenium_Human_Lung_Cancer,Xenium Human Lung Cancer,Post-Xenium Technical Note: Xenium v1 and Xenium Prime 5K for FFPE Human Lung Cancer,82,https://www.10xgenomics.com/datasets/xenium-human-lung-cancer-post-xenium-technote,homo_sapiens,NCBITaxon:9606,xenium,EFO:0022615,lung,UBERON:0002048,na,unknown,,,,unknown,cancer,lung_cancer,lung_adenocarcinoma,MONDO:0004992,MONDO:0008903,MONDO:0005233,unknown,online,,https://s3-us-west-2.amazonaws.com/10x.files/samples/xenium/3.0.0/Xenium_Prime_Human_Lung_Cancer_FFPE/Xenium_Prime_Human_Lung_Cancer_FFPE_outs.zip,
MERSCOPE_Human_Brain_Alzheimer_FF,MERSCOPE Human Brain Alzheimer,MERSCOPE 1000 Plex Data Release,83,https://info.vizgen.com/1000-plex-showcase?submissionGuid=0905e7be-7ce2-4519-804c-d62f824ec377,homo_sapiens,NCBITaxon:9606,merfish,EFO:0008992,brain,UBERON:0000955,na,unknown,,,,unknown,nervous_system_disorder,neurodegenerative_disease,alzheimer_disease,MONDO:0005071,MONDO:0005559,MONDO:0004975,unknown,online,,https://storage.googleapis.com/vz-1k-showcase/human_brain_1k/202309251210_HuBrain-FF-SampleF-RC_VMSC000000/region_0/cell_metadata.csv,
,,,,,,,,,,,,,,,,,,,,,,,,,,,
,,,,,,,,,,,,,,,,,,,,,,,,,,,
MERSCOPE_Human_Breast_Cancer_Patient1,MERSCOPE Human Breast Cancer 1,MERSCOPE FFPE Human Immuno-Oncology Data Release,14,https://info.vizgen.com/ffpe-showcase?submissionGuid=d4f4d370-4578-40fe-99ca-4325d6e2dfd0,homo_sapiens,NCBITaxon:9606,merfish,EFO:0008992,breast,UBERON:0000310,na,unknown,,,,unknown,cancer,breast_cancer,breast_cancer,MONDO:0004992,MONDO:0007254,MONDO:0007254,unknown,offline,,https://storage.googleapis.com/vz-ffpe-showcase/HumanBreastCancerPatient1/cell_by_gene.csv|https://storage.googleapis.com/vz-ffpe-showcase/HumanBreastCancerPatient1/cell_metadata.csv,
MERSCOPE_Human_Colon_Cancer_Patient1,MERSCOPE Human Colon Cancer 1,MERSCOPE FFPE Human Immuno-Oncology Data Release,15,https://info.vizgen.com/ffpe-showcase?submissionGuid=d4f4d370-4578-40fe-99ca-4325d6e2dfd0,homo_sapiens,NCBITaxon:9606,merfish,EFO:0008992,colon,UBERON:0001155,na,unknown,,,,unknown,cancer,colon_cancer,colon_cancer,MONDO:0004992,MONDO:0002032,MONDO:0002032,unknown,offline,,https://storage.googleapis.com/vz-ffpe-showcase/HumanColonCancerPatient1/cell_by_gene.csv|https://storage.googleapis.com/vz-ffpe-showcase/HumanColonCancerPatient1/cell_metadata.csv,
MERSCOPE_Human_Colon_Cancer_Patient2,MERSCOPE Human Colon Cancer 2,MERSCOPE FFPE Human Immuno-Oncology Data Release,15,https://info.vizgen.com/ffpe-showcase?submissionGuid=d4f4d370-4578-40fe-99ca-4325d6e2dfd0,homo_sapiens,NCBITaxon:9606,merfish,EFO:0008992,colon,UBERON:0001155,na,unknown,,,,unknown,cancer,colon_cancer,colon_cancer,MONDO:0004992,MONDO:0002032,MONDO:0002032,unknown,offline,,https://storage.googleapis.com/vz-ffpe-showcase/HumanBreastCancerPatient1/cell_by_gene.csv|https://storage.googleapis.com/vz-ffpe-showcase/HumanBreastCancerPatient1/cell_metadata.csv,
MERSCOPE_Human_Liver_Cancer_Patient1,MERSCOPE Human Liver Cancer 1,MERSCOPE FFPE Human Immuno-Oncology Data Release,16,https://info.vizgen.com/ffpe-showcase?submissionGuid=d4f4d370-4578-40fe-99ca-4325d6e2dfd0,homo_sapiens,NCBITaxon:9606,merfish,EFO:0008992,liver,UBERON:0002107,na,unknown,,,,unknown,cancer,liver_cancer,liver_cancer,MONDO:0004992,MONDO:0002691,MONDO:0002691,unknown,offline,,https://storage.googleapis.com/vz-ffpe-showcase/HumanBreastCancerPatient1/cell_by_gene.csv|https://storage.googleapis.com/vz-ffpe-showcase/HumanBreastCancerPatient1/cell_metadata.csv,
MERSCOPE_Human_Liver_Cancer_Patient2,MERSCOPE Human Liver Cancer 2,MERSCOPE FFPE Human Immuno-Oncology Data Release,16,https://info.vizgen.com/ffpe-showcase?submissionGuid=d4f4d370-4578-40fe-99ca-4325d6e2dfd0,homo_sapiens,NCBITaxon:9606,merfish,EFO:0008992,liver,UBERON:0002107,na,unknown,,,,unknown,cancer,liver_cancer,liver_cancer,MONDO:0004992,MONDO:0002691,MONDO:0002691,unknown,offline,,https://storage.googleapis.com/vz-ffpe-showcase/HumanBreastCancerPatient1/cell_by_gene.csv|https://storage.googleapis.com/vz-ffpe-showcase/HumanBreastCancerPatient1/cell_metadata.csv,
MERSCOPE_Human_Lung_Cancer_Patient1,MERSCOPE Human Lung Cancer 1,MERSCOPE FFPE Human Immuno-Oncology Data Release,17,https://info.vizgen.com/ffpe-showcase?submissionGuid=d4f4d370-4578-40fe-99ca-4325d6e2dfd0,homo_sapiens,NCBITaxon:9606,merfish,EFO:0008992,lung,UBERON:0002048,na,unknown,,,,unknown,cancer,lung_cancer,lung_cancer,MONDO:0004992,MONDO:0008903,MONDO:0008903,unknown,offline,,https://storage.googleapis.com/vz-ffpe-showcase/HumanBreastCancerPatient1/cell_by_gene.csv|https://storage.googleapis.com/vz-ffpe-showcase/HumanBreastCancerPatient1/cell_metadata.csv,
MERSCOPE_Human_Lung_Cancer_Patient2,MERSCOPE Human Lung Cancer 2,MERSCOPE FFPE Human Immuno-Oncology Data Release,17,https://info.vizgen.com/ffpe-showcase?submissionGuid=d4f4d370-4578-40fe-99ca-4325d6e2dfd0,homo_sapiens,NCBITaxon:9606,merfish,EFO:0008992,lung,UBERON:0002048,na,unknown,,,,unknown,cancer,lung_cancer,lung_cancer,MONDO:0004992,MONDO:0008903,MONDO:0008903,unknown,offline,,https://storage.googleapis.com/vz-ffpe-showcase/HumanBreastCancerPatient1/cell_by_gene.csv|https://storage.googleapis.com/vz-ffpe-showcase/HumanBreastCancerPatient1/cell_metadata.csv,
MERSCOPE_Human_Melanoma_Patient1,MERSCOPE Human Melanoma 1,MERSCOPE FFPE Human Immuno-Oncology Data Release,18,https://info.vizgen.com/ffpe-showcase?submissionGuid=d4f4d370-4578-40fe-99ca-4325d6e2dfd0,homo_sapiens,NCBITaxon:9606,merfish,EFO:0008992,skin,UBERON:0000014,na,unknown,,,,unknown,cancer,skin_cancer,melanoma,MONDO:0004992,MONDO:0002898,MONDO:0005105,unknown,offline,,https://storage.googleapis.com/vz-ffpe-showcase/HumanBreastCancerPatient1/cell_by_gene.csv|https://storage.googleapis.com/vz-ffpe-showcase/HumanBreastCancerPatient1/cell_metadata.csv,
MERSCOPE_Human_Melanoma_Patient2,MERSCOPE Human Melanoma 2,MERSCOPE FFPE Human Immuno-Oncology Data Release,18,https://info.vizgen.com/ffpe-showcase?submissionGuid=d4f4d370-4578-40fe-99ca-4325d6e2dfd0,homo_sapiens,NCBITaxon:9606,merfish,EFO:0008992,skin,UBERON:0000014,na,unknown,,,,unknown,cancer,skin_cancer,melanoma,MONDO:0004992,MONDO:0002898,MONDO:0005105,unknown,offline,,https://storage.googleapis.com/vz-ffpe-showcase/HumanBreastCancerPatient1/cell_by_gene.csv|https://storage.googleapis.com/vz-ffpe-showcase/HumanBreastCancerPatient1/cell_metadata.csv,
MERSCOPE_Human_Ovarian_Cancer_Patient1,MERSCOPE Human Ovarian Cancer 1,MERSCOPE FFPE Human Immuno-Oncology Data Release,19,https://info.vizgen.com/ffpe-showcase?submissionGuid=d4f4d370-4578-40fe-99ca-4325d6e2dfd0,homo_sapiens,NCBITaxon:9606,merfish,EFO:0008992,ovary,UBERON:0000992,female,PATO:0000383,,,,unknown,cancer,female_reproductive_organ_cancer,ovarian_cancer,MONDO:0004992,MONDO:0001416,MONDO:0008170,unknown,offline,,https://storage.googleapis.com/vz-ffpe-showcase/HumanBreastCancerPatient1/cell_by_gene.csv|https://storage.googleapis.com/vz-ffpe-showcase/HumanBreastCancerPatient1/cell_metadata.csv,
MERSCOPE_Human_Ovarian_Cancer_Patient2_Slice1,MERSCOPE Human Ovarian Cancer 2-1,MERSCOPE FFPE Human Immuno-Oncology Data Release,19,https://info.vizgen.com/ffpe-showcase?submissionGuid=d4f4d370-4578-40fe-99ca-4325d6e2dfd0,homo_sapiens,NCBITaxon:9606,merfish,EFO:0008992,ovary,UBERON:0000992,female,PATO:0000383,,,,unknown,cancer,female_reproductive_organ_cancer,ovarian_cancer,MONDO:0004992,MONDO:0001416,MONDO:0008170,unknown,offline,,https://storage.googleapis.com/vz-ffpe-showcase/HumanBreastCancerPatient1/cell_by_gene.csv|https://storage.googleapis.com/vz-ffpe-showcase/HumanBreastCancerPatient1/cell_metadata.csv,
MERSCOPE_Human_Ovarian_Cancer_Patient2_Slice2,MERSCOPE Human Ovarian Cancer 2-2,MERSCOPE FFPE Human Immuno-Oncology Data Release,19,https://info.vizgen.com/ffpe-showcase?submissionGuid=d4f4d370-4578-40fe-99ca-4325d6e2dfd0,homo_sapiens,NCBITaxon:9606,merfish,EFO:0008992,ovary,UBERON:0000992,female,PATO:0000383,,,,unknown,cancer,female_reproductive_organ_cancer,ovarian_cancer,MONDO:0004992,MONDO:0001416,MONDO:0008170,unknown,offline,,https://storage.googleapis.com/vz-ffpe-showcase/HumanBreastCancerPatient1/cell_by_gene.csv|https://storage.googleapis.com/vz-ffpe-showcase/HumanBreastCancerPatient1/cell_metadata.csv,
MERSCOPE_Human_Ovarian_Cancer_Patient2_Slice3,MERSCOPE Human Ovarian Cancer 2-3,MERSCOPE FFPE Human Immuno-Oncology Data Release,19,https://info.vizgen.com/ffpe-showcase?submissionGuid=d4f4d370-4578-40fe-99ca-4325d6e2dfd0,homo_sapiens,NCBITaxon:9606,merfish,EFO:0008992,ovary,UBERON:0000992,female,PATO:0000383,,,,unknown,cancer,female_reproductive_organ_cancer,ovarian_cancer,MONDO:0004992,MONDO:0001416,MONDO:0008170,unknown,offline,,https://storage.googleapis.com/vz-ffpe-showcase/HumanBreastCancerPatient1/cell_by_gene.csv|https://storage.googleapis.com/vz-ffpe-showcase/HumanBreastCancerPatient1/cell_metadata.csv,
MERSCOPE_Human_Prostate_Cancer_Patient1,MERSCOPE Human Prostate Cancer 1,MERSCOPE FFPE Human Immuno-Oncology Data Release,20,https://info.vizgen.com/ffpe-showcase?submissionGuid=d4f4d370-4578-40fe-99ca-4325d6e2dfd0,homo_sapiens,NCBITaxon:9606,merfish,EFO:0008992,prostate,UBERON:0002367,male,PATO:0000384,,,,unknown,cancer,male_reproductive_organ_cancer,prostate_cancer,MONDO:0004992,MONDO:0005836,MONDO:0008315,unknown,offline,,https://storage.googleapis.com/vz-ffpe-showcase/HumanBreastCancerPatient1/cell_by_gene.csv|https://storage.googleapis.com/vz-ffpe-showcase/HumanBreastCancerPatient1/cell_metadata.csv,
MERSCOPE_Human_Prostate_Cancer_Patient2,MERSCOPE Human Prostate Cancer 2,MERSCOPE FFPE Human Immuno-Oncology Data Release,20,https://info.vizgen.com/ffpe-showcase?submissionGuid=d4f4d370-4578-40fe-99ca-4325d6e2dfd0,homo_sapiens,NCBITaxon:9606,merfish,EFO:0008992,prostate,UBERON:0002367,male,PATO:0000384,,,,unknown,cancer,male_reproductive_organ_cancer,prostate_cancer,MONDO:0004992,MONDO:0005836,MONDO:0008315,unknown,offline,,https://storage.googleapis.com/vz-ffpe-showcase/HumanBreastCancerPatient1/cell_by_gene.csv|https://storage.googleapis.com/vz-ffpe-showcase/HumanBreastCancerPatient1/cell_metadata.csv,
MERSCOPE_Human_Uterine_Cancer_Patient1,MERSCOPE Human Uterine Cancer 1,MERSCOPE FFPE Human Immuno-Oncology Data Release,21,https://info.vizgen.com/ffpe-showcase?submissionGuid=d4f4d370-4578-40fe-99ca-4325d6e2dfd0,homo_sapiens,NCBITaxon:9606,merfish,EFO:0008992,uterus,UBERON:0000995,female,PATO:0000383,,,,unknown,cancer,female_reproductive_organ_cancer,uterine_cancer,MONDO:0004992,MONDO:0001416,MONDO:0002715,unknown,offline,,https://storage.googleapis.com/vz-ffpe-showcase/HumanBreastCancerPatient1/cell_by_gene.csv|https://storage.googleapis.com/vz-ffpe-showcase/HumanBreastCancerPatient1/cell_metadata.csv,
MERSCOPE_Human_Uterine_Cancer_Patient2_RACostain,MERSCOPE Human Uterine Cancer 2 RACostain,MERSCOPE Protein Co-detection Data Release Showcase,21,https://info.vizgen.com/protein-co-detection-showcase?submissionGuid=5fa89a33-4c40-4471-acd4-4791af6c4840,homo_sapiens,NCBITaxon:9606,merfish,EFO:0008992,uterus,UBERON:0000995,female,PATO:0000383,,,,unknown,cancer,female_reproductive_organ_cancer,uterine_cancer,MONDO:0004992,MONDO:0001416,MONDO:0002715,unknown,offline,,https://storage.googleapis.com/vz-ffpe-showcase/HumanBreastCancerPatient1/cell_by_gene.csv|https://storage.googleapis.com/vz-ffpe-showcase/HumanBreastCancerPatient1/cell_metadata.csv,
MERSCOPE_Human_Uterine_Cancer_Patient2_ROCostain,MERSCOPE Human Uterine Cancer 2 ROCostain,MERSCOPE Protein Co-detection Data Release Showcase,21,https://info.vizgen.com/protein-co-detection-showcase?submissionGuid=5fa89a33-4c40-4471-acd4-4791af6c4840,homo_sapiens,NCBITaxon:9606,merfish,EFO:0008992,uterus,UBERON:0000995,female,PATO:0000383,,,,unknown,cancer,female_reproductive_organ_cancer,uterine_cancer,MONDO:0004992,MONDO:0001416,MONDO:0002715,unknown,offline,,https://storage.googleapis.com/vz-ffpe-showcase/HumanBreastCancerPatient1/cell_by_gene.csv|https://storage.googleapis.com/vz-ffpe-showcase/HumanBreastCancerPatient1/cell_metadata.csv,
MERFISH_Human_Heart,MERFISH Human Heart,Farah_et_al_2024,22,https://datadryad.org/stash/dataset/doi:10.5061/dryad.w0vt4b8vp,homo_sapiens,NCBITaxon:9606,merfish,EFO:0008992,heart,UBERON:0000948,na,unknown,,,,unknown,healthy,healthy,healthy,PATO:0000461,PATO:0000461,PATO:0000461,unknown,offline,,,
CosMx_Human_FFPE_FrontalCortex,CosMx Human Brain 1,Nanostring CosMx SMI Datasets,56,https://nanostring.com/products/cosmx-spatial-molecular-imager/ffpe-dataset/human-frontal-cortex-ffpe-dataset/,homo_sapiens,NCBITaxon:9606,cosmx,EFO:0030029,brain,UBERON:0000955,na,unknown,,,,HsapDv:0000258,healthy,healthy,healthy,PATO:0000461,PATO:0000461,PATO:0000461,unknown,online,,https://smi-public.objects.liquidweb.services/6k_release/flatFiles.zip,
CosMx_Human_FFPE_Liver_Cancer,CosMx Human Liver 2,Nanostring CosMx SMI Datasets,57,https://nanostring.com/products/cosmx-spatial-molecular-imager/ffpe-dataset/human-liver-rna-ffpe-dataset/,homo_sapiens,NCBITaxon:9606,cosmx,EFO:0030029,liver,UBERON:0002107,female,PATO:0000383,65,year,late_adult,HsapDv:0000159,cancer,liver_cancer,liver_cancer,MONDO:0004992,MONDO:0002691,MONDO:0002691,HANCESTRO:0005,offline,,,
CosMx_Human_FFPE_Liver_Normal,CosMx Human Liver 1,Nanostring CosMx SMI Datasets,57,https://nanostring.com/products/cosmx-spatial-molecular-imager/ffpe-dataset/human-liver-rna-ffpe-dataset/,homo_sapiens,NCBITaxon:9606,cosmx,EFO:0030029,liver,UBERON:0002107,male,PATO:0000384,35,year,young_adult,HsapDv:0000129,healthy,healthy,healthy,PATO:0000461,PATO:0000461,PATO:0000461,HANCESTRO:0005,offline,,,
CosMx_Human_FFPE_NSCLC_Lung5_Rep1,CosMx Human Lung NSCLC,Nanostring CosMx SMI Datasets,59,https://nanostring.com/products/cosmx-spatial-molecular-imager/ffpe-dataset/nsclc-ffpe-dataset/,homo_sapiens,NCBITaxon:9606,cosmx,EFO:0030029,lung,UBERON:0002048,na,unknown,,,late_adult,HsapDv:0000227,cancer,lung_cancer,nonsmall_cell_lung_carcinoma,MONDO:0004992,MONDO:0008903,MONDO:0005233,HANCESTRO:0005,online,,https://nanostring-public-share.s3.us-west-2.amazonaws.com/SMI-Compressed/Lung5_Rep1/Lung5_Rep1+SMI+Flat+data.tar.gz,
CosMx_Human_FFPE_NSCLC_Lung5_Rep2,CosMx Human Lung NSCLC,Nanostring CosMx SMI Datasets,59,https://nanostring.com/products/cosmx-spatial-molecular-imager/ffpe-dataset/nsclc-ffpe-dataset/,homo_sapiens,NCBITaxon:9606,cosmx,EFO:0030029,lung,UBERON:0002048,na,unknown,,,late_adult,HsapDv:0000227,cancer,lung_cancer,nonsmall_cell_lung_carcinoma,MONDO:0004992,MONDO:0008903,MONDO:0005233,HANCESTRO:0005,online,,https://nanostring-public-share.s3.us-west-2.amazonaws.com/SMI-Compressed/Lung5_Rep2/Lung5_Rep2+SMI+Flat+data.tar.gz,
CosMx_Human_FFPE_NSCLC_Lung5_Rep3,CosMx Human Lung NSCLC,Nanostring CosMx SMI Datasets,59,https://nanostring.com/products/cosmx-spatial-molecular-imager/ffpe-dataset/nsclc-ffpe-dataset/,homo_sapiens,NCBITaxon:9606,cosmx,EFO:0030029,lung,UBERON:0002048,na,unknown,,,late_adult,HsapDv:0000227,cancer,lung_cancer,nonsmall_cell_lung_carcinoma,MONDO:0004992,MONDO:0008903,MONDO:0005233,HANCESTRO:0005,online,,https://nanostring-public-share.s3.us-west-2.amazonaws.com/SMI-Compressed/Lung5_Rep3/Lung5_Rep3+SMI+Flat+data.tar.gz,
CosMx_Human_FFPE_NSCLC_Lung6,CosMx Human Lung NSCLC,Nanostring CosMx SMI Datasets,59,https://nanostring.com/products/cosmx-spatial-molecular-imager/ffpe-dataset/nsclc-ffpe-dataset/,homo_sapiens,NCBITaxon:9606,cosmx,EFO:0030029,lung,UBERON:0002048,na,unknown,,,late_adult,HsapDv:0000227,cancer,lung_cancer,nonsmall_cell_lung_carcinoma,MONDO:0004992,MONDO:0008903,MONDO:0005233,HANCESTRO:0005,online,,https://nanostring-public-share.s3.us-west-2.amazonaws.com/SMI-Compressed/Lung6/Lung6+SMI+Flat+data.tar.gz,
CosMx_Human_FFPE_NSCLC_Lung9_Rep1,CosMx Human Lung NSCLC,Nanostring CosMx SMI Datasets,59,https://nanostring.com/products/cosmx-spatial-molecular-imager/ffpe-dataset/nsclc-ffpe-dataset/,homo_sapiens,NCBITaxon:9606,cosmx,EFO:0030029,lung,UBERON:0002048,na,unknown,,,late_adult,HsapDv:0000227,cancer,lung_cancer,nonsmall_cell_lung_carcinoma,MONDO:0004992,MONDO:0008903,MONDO:0005233,HANCESTRO:0005,online,,https://nanostring-public-share.s3.us-west-2.amazonaws.com/SMI-Compressed/Lung9_Rep1/Lung9_Rep1+SMI+Flat+data.tar.gz,
CosMx_Human_FFPE_NSCLC_Lung9_Rep2,CosMx Human Lung NSCLC,Nanostring CosMx SMI Datasets,59,https://nanostring.com/products/cosmx-spatial-molecular-imager/ffpe-dataset/nsclc-ffpe-dataset/,homo_sapiens,NCBITaxon:9606,cosmx,EFO:0030029,lung,UBERON:0002048,na,unknown,,,late_adult,HsapDv:0000227,cancer,lung_cancer,nonsmall_cell_lung_carcinoma,MONDO:0004992,MONDO:0008903,MONDO:0005233,HANCESTRO:0005,online,,https://nanostring-public-share.s3.us-west-2.amazonaws.com/SMI-Compressed/Lung9_Rep2/Lung9_Rep2+SMI+Flat+data.tar.gz,
CosMx_Human_FFPE_NSCLC_Lung12,CosMx Human Lung NSCLC,Nanostring CosMx SMI Datasets,59,https://nanostring.com/products/cosmx-spatial-molecular-imager/ffpe-dataset/nsclc-ffpe-dataset/,homo_sapiens,NCBITaxon:9606,cosmx,EFO:0030029,lung,UBERON:0002048,na,unknown,,,late_adult,HsapDv:0000227,cancer,lung_cancer,nonsmall_cell_lung_carcinoma,MONDO:0004992,MONDO:0008903,MONDO:0005233,HANCESTRO:0005,online,,https://nanostring-public-share.s3.us-west-2.amazonaws.com/SMI-Compressed/Lung12/Lung12+SMI+Flat+data.tar.gz,
CosMx_Human_FFPE_NSCLC_Lung13,CosMx Human Lung NSCLC,Nanostring CosMx SMI Datasets,59,https://nanostring.com/products/cosmx-spatial-molecular-imager/ffpe-dataset/nsclc-ffpe-dataset/,homo_sapiens,NCBITaxon:9606,cosmx,EFO:0030029,lung,UBERON:0002048,na,unknown,,,late_adult,HsapDv:0000227,cancer,lung_cancer,nonsmall_cell_lung_carcinoma,MONDO:0004992,MONDO:0008903,MONDO:0005233,HANCESTRO:0005,online,,https://nanostring-public-share.s3.us-west-2.amazonaws.com/SMI-Compressed/Lung13/Lung13+SMI+Flat+data.tar.gz,
CosMx_Human_FFPE_Pancreas,CosMx Human Pancreas,Nanostring CosMx SMI Datasets,60,https://nanostring.com/products/cosmx-spatial-molecular-imager/ffpe-dataset/cosmx-smi-human-pancreas-ffpe-dataset/,homo_sapiens,NCBITaxon:9606,cosmx,EFO:0030029,pancreas,UBERON:0001264,na,unknown,,,,HsapDv:0000258,healthy,healthy,healthy,PATO:0000461,PATO:0000461,PATO:0000461,unknown,directories,,https://smi-public.objects.liquidweb.services/cosmx-wtx/Pancreas-CosMx-WTx-FlatFiles.zip,
GSM7473682,CosMx Human Colon IBD Colonic Mucosa 1 - HC a_non-IBD colon,IBD CosMx NanoString data from colonic mucosa - Garrido-Trigo23,61,https://www.ncbi.nlm.nih.gov/geo/query/acc.cgi?acc=GSE234713,homo_sapiens,NCBITaxon:9606,cosmx,EFO:0030029,colon,UBERON:0001155,female,PATO:0000383,59,year,middle-aged,HsapDv:0000153,healthy,healthy,healthy,PATO:0000461,PATO:0000461,PATO:0000461,unknown,directories,,https://ftp.ncbi.nlm.nih.gov/geo/samples/GSM7473nnn/GSM7473682/suppl/GSM7473682%5FHCa.tar.gz,
GSM7473683,CosMx Human Colon IBD Colonic Mucosa 2 - HC b_non-IBD colon,IBD CosMx NanoString data from colonic mucosa - Garrido-Trigo23,61,https://www.ncbi.nlm.nih.gov/geo/query/acc.cgi?acc=GSE234713,homo_sapiens,NCBITaxon:9606,cosmx,EFO:0030029,colon,UBERON:0001155,female,PATO:0000383,61,year,late_adult,HsapDv:0000155,healthy,healthy,healthy,PATO:0000461,PATO:0000461,PATO:0000461,unknown,directories,,https://ftp.ncbi.nlm.nih.gov/geo/samples/GSM7473nnn/GSM7473683/suppl/GSM7473683%5FHCb.tar.gz,
GSM7473684,CosMx Human Colon IBD Colonic Mucosa 3 - HC c_non-IBD colon,IBD CosMx NanoString data from colonic mucosa - Garrido-Trigo23,61,https://www.ncbi.nlm.nih.gov/geo/query/acc.cgi?acc=GSE234713,homo_sapiens,NCBITaxon:9606,cosmx,EFO:0030029,colon,UBERON:0001155,male,PATO:0000384,69,year,late_adult,HsapDv:0000163,healthy,healthy,healthy,PATO:0000461,PATO:0000461,PATO:0000461,unknown,directories,,https://ftp.ncbi.nlm.nih.gov/geo/samples/GSM7473nnn/GSM7473684/suppl/GSM7473684%5FHCc.tar.gz,
GSM7473685,CosMx Human Colon IBD Colonic Mucosa 4 - UC a_UC colon,IBD CosMx NanoString data from colonic mucosa - Garrido-Trigo23,61,https://www.ncbi.nlm.nih.gov/geo/query/acc.cgi?acc=GSE234713,homo_sapiens,NCBITaxon:9606,cosmx,EFO:0030029,colon,UBERON:0001155,male,PATO:0000384,69,year,late_adult,HsapDv:0000163,digestive_system_disorder,gastroenteritis,ulcerative_colitis,MONDO:0004335,MONDO:0002269,MONDO:0005101,unknown,directories,,https://ftp.ncbi.nlm.nih.gov/geo/samples/GSM7473nnn/GSM7473685/suppl/GSM7473685%5FUCa.tar.gz,
GSM7473686,CosMx Human Colon IBD Colonic Mucosa 5 - UC b_UC colon,IBD CosMx NanoString data from colonic mucosa - Garrido-Trigo23,61,https://www.ncbi.nlm.nih.gov/geo/query/acc.cgi?acc=GSE234713,homo_sapiens,NCBITaxon:9606,cosmx,EFO:0030029,colon,UBERON:0001155,female,PATO:0000383,44,year,middle-aged,HsapDv:0000138,digestive_system_disorder,gastroenteritis,ulcerative_colitis,MONDO:0004335,MONDO:0002269,MONDO:0005101,unknown,directories,,https://ftp.ncbi.nlm.nih.gov/geo/samples/GSM7473nnn/GSM7473686/suppl/GSM7473686%5FUCb.tar.gz,
GSM7473687,CosMx Human Colon IBD Colonic Mucosa 6 - UC c_UC colon,IBD CosMx NanoString data from colonic mucosa - Garrido-Trigo23,61,https://www.ncbi.nlm.nih.gov/geo/query/acc.cgi?acc=GSE234713,homo_sapiens,NCBITaxon:9606,cosmx,EFO:0030029,colon,UBERON:0001155,male,PATO:0000384,40,year,middle-aged,HsapDv:0000134,digestive_system_disorder,gastroenteritis,ulcerative_colitis,MONDO:0004335,MONDO:0002269,MONDO:0005101,unknown,directories,,https://ftp.ncbi.nlm.nih.gov/geo/samples/GSM7473nnn/GSM7473687/suppl/GSM7473687%5FUCc.tar.gz,
GSM7473688,CosMx Human Colon IBD Colonic Mucosa 7 - CD a_CD colon,IBD CosMx NanoString data from colonic mucosa - Garrido-Trigo23,61,https://www.ncbi.nlm.nih.gov/geo/query/acc.cgi?acc=GSE234713,homo_sapiens,NCBITaxon:9606,cosmx,EFO:0030029,colon,UBERON:0001155,male,PATO:0000384,45,year,middle-aged,HsapDv:0000139,digestive_system_disorder,inflammatory_bowel_disease,crohn_disease,MONDO:0004335,MONDO:0005265,MONDO:0005011,unknown,directories,,https://ftp.ncbi.nlm.nih.gov/geo/samples/GSM7473nnn/GSM7473688/suppl/GSM7473688%5FCDa.tar.gz,
GSM7473689,CosMx Human Colon IBD Colonic Mucosa 8 - CD b_CD colon,IBD CosMx NanoString data from colonic mucosa - Garrido-Trigo23,61,https://www.ncbi.nlm.nih.gov/geo/query/acc.cgi?acc=GSE234713,homo_sapiens,NCBITaxon:9606,cosmx,EFO:0030029,colon,UBERON:0001155,female,PATO:0000383,42,year,middle-aged,HsapDv:0000136,digestive_system_disorder,inflammatory_bowel_disease,crohn_disease,MONDO:0004335,MONDO:0005265,MONDO:0005011,unknown,directories,,https://ftp.ncbi.nlm.nih.gov/geo/samples/GSM7473nnn/GSM7473689/suppl/GSM7473689%5FCDb.tar.gz,
GSM7473690,CosMx Human Colon IBD Colonic Mucosa 9 - CD c_CD colon,IBD CosMx NanoString data from colonic mucosa - Garrido-Trigo23,61,https://www.ncbi.nlm.nih.gov/geo/query/acc.cgi?acc=GSE234713,homo_sapiens,NCBITaxon:9606,cosmx,EFO:0030029,colon,UBERON:0001155,female,PATO:0000383,38,year,young_adult,HsapDv:0000132,digestive_system_disorder,inflammatory_bowel_disease,crohn_disease,MONDO:0004335,MONDO:0005265,MONDO:0005011,unknown,directories,,https://ftp.ncbi.nlm.nih.gov/geo/samples/GSM7473nnn/GSM7473690/suppl/GSM7473690%5FCDc.tar.gz,
Xenium_V1_Human_Colon_Cancer_P1_CRC_Add_on_FFPE,Xenium Human Colon Cancer - Sample P1 CRC,Characterization of immune cell populations in the tumor microenvironment of colorectal cancer using high definition spatial profiling,55,https://www.10xgenomics.com/products/visium-hd-spatial-gene-expression/dataset-human-crc,homo_sapiens,NCBITaxon:9606,xenium,EFO:0022615,colon,UBERON:0001155,female,PATO:0000383,72,year,late_adult,HsapDv:0000166,cancer,colorectal_cancer,colorectal_cancer,MONDO:0004992,MONDO:0005575,MONDO:0005575,unknown,directories,,,
Xenium_V1_Human_Colon_Cancer_P2_CRC_Add_on_FFPE,Xenium Human Colon Cancer - Sample P2 CRC,Characterization of immune cell populations in the tumor microenvironment of colorectal cancer using high definition spatial profiling,55,https://www.10xgenomics.com/products/visium-hd-spatial-gene-expression/dataset-human-crc,homo_sapiens,NCBITaxon:9606,xenium,EFO:0022615,colon,UBERON:0001155,male,PATO:0000384,60,year,late_adult,HsapDv:0000154,cancer,colorectal_cancer,colorectal_cancer,MONDO:0004992,MONDO:0005575,MONDO:0005575,unknown,directories,,,
Xenium_V1_Human_Colon_Cancer_P5_CRC_Add_on_FFPE,Xenium Human Colon Cancer - Sample P5 CRC,Characterization of immune cell populations in the tumor microenvironment of colorectal cancer using high definition spatial profiling,55,https://www.10xgenomics.com/products/visium-hd-spatial-gene-expression/dataset-human-crc,homo_sapiens,NCBITaxon:9606,xenium,EFO:0022615,colon,UBERON:0001155,female,PATO:0000383,58,year,middle-aged,HsapDv:0000152,cancer,colorectal_cancer,colorectal_cancer,MONDO:0004992,MONDO:0005575,MONDO:0005575,unknown,directories,,,
Burn_Scar_MU_Interface_Section,Xenium Human Skin Burn Scar Marjolin's Ulcer,Spatial and Single-Cell Transcriptomics Reveal that Oncofetal Reprogramming of Fibroblasts Is Associated with Malignant Degeneration of Burn Scar,62,https://www.ncbi.nlm.nih.gov/geo/query/acc.cgi?acc=GSM7990295,homo_sapiens,NCBITaxon:9606,xenium,EFO:0022615,skin,UBERON:0002097,na,unknown,,,,unknown,cancer,skin_cancer,skin_squamous_cell_carcinoma,MONDO:0004992,MONDO:0002898,MONDO:0002529,unknown,online,,https://www.ncbi.nlm.nih.gov/geo/download/?acc=GSM7990295&format=file&file=GSM7990295%5Foutput%2DXETG00116%5F0005441%5Fmu%5F20231219%5F234011%2Etar%2Egz,
63_region_0,MERFISH Human Liver 1,Intratumoral dendritic cell-CD4+ T helper cell niches enable CD8+ T cell differentiation  following PD-1 blockade in hepatocellular carcinoma,63,https://zenodo.org/records/7758080,homo_sapiens,NCBITaxon:9606,merfish,EFO:0008992,liver,UBERON:0002107,male,PATO:0000384,63,year,late_adult,HsapDv:0000157,cancer,liver_cancer,hepatocellular_carcinoma,MONDO:0004992,MONDO:0002691,MONDO:0007256,HANCESTRO:0005,online,,https://zenodo.org/records/7758080/files/63_region_0_cell_by_gene.csv?download=1|https://zenodo.org/records/7758080/files/63_region_0_cell_metadata.csv?download=1,
122_region_0,MERFISH Human Liver 2,Intratumoral dendritic cell-CD4+ T helper cell niches enable CD8+ T cell differentiation  following PD-1 blockade in hepatocellular carcinoma,63,https://zenodo.org/records/7758080,homo_sapiens,NCBITaxon:9606,merfish,EFO:0008992,liver,UBERON:0002107,na,unknown,,,,unknown,cancer,liver_cancer,hepatocellular_carcinoma,MONDO:0004992,MONDO:0002691,MONDO:0007256,unknown,online,,https://zenodo.org/records/7758080/files/122_region_0_cell_by_gene.csv?download=1|https://zenodo.org/records/7758080/files/122_region_0_cell_metadata.csv?download=1,
122_region_1,MERFISH Human Liver 3,Intratumoral dendritic cell-CD4+ T helper cell niches enable CD8+ T cell differentiation  following PD-1 blockade in hepatocellular carcinoma,63,https://zenodo.org/records/7758080,homo_sapiens,NCBITaxon:9606,merfish,EFO:0008992,liver,UBERON:0002107,na,unknown,,,,unknown,cancer,liver_cancer,hepatocellular_carcinoma,MONDO:0004992,MONDO:0002691,MONDO:0007256,unknown,online,,https://zenodo.org/records/7758080/files/122_region_1_cell_by_gene.csv?download=1|https://zenodo.org/records/7758080/files/122_region_1_cell_metadata.csv?download=1,
1003_region_0,MERFISH Human Liver 4,Intratumoral dendritic cell-CD4+ T helper cell niches enable CD8+ T cell differentiation  following PD-1 blockade in hepatocellular carcinoma,63,https://zenodo.org/records/7758080,homo_sapiens,NCBITaxon:9606,merfish,EFO:0008992,liver,UBERON:0002107,male,PATO:0000384,45,year,middle-aged,HsapDv:0000139,cancer,liver_cancer,hepatocellular_carcinoma,MONDO:0004992,MONDO:0002691,MONDO:0007256,HANCESTRO:0014,online,,https://zenodo.org/records/7758080/files/1003_region_0_cell_by_gene.csv?download=1|https://zenodo.org/records/7758080/files/1003_region_0_cell_metadata.csv?download=1,
1012_region_0,MERFISH Human Liver 5,Intratumoral dendritic cell-CD4+ T helper cell niches enable CD8+ T cell differentiation  following PD-1 blockade in hepatocellular carcinoma,63,https://zenodo.org/records/7758080,homo_sapiens,NCBITaxon:9606,merfish,EFO:0008992,liver,UBERON:0002107,male,PATO:0000384,49,year,middle-aged,HsapDv:0000143,cancer,liver_cancer,hepatocellular_carcinoma,MONDO:0004992,MONDO:0002691,MONDO:0007256,HANCESTRO:0008,online,,https://zenodo.org/records/7758080/files/1012_region_0_cell_by_gene.csv?download=1|https://zenodo.org/records/7758080/files/1012_region_0_cell_metadata.csv?download=1,
1012_region_1,MERFISH Human Liver 6,Intratumoral dendritic cell-CD4+ T helper cell niches enable CD8+ T cell differentiation  following PD-1 blockade in hepatocellular carcinoma,63,https://zenodo.org/records/7758080,homo_sapiens,NCBITaxon:9606,merfish,EFO:0008992,liver,UBERON:0002107,male,PATO:0000384,49,year,middle-aged,HsapDv:0000143,cancer,liver_cancer,hepatocellular_carcinoma,MONDO:0004992,MONDO:0002691,MONDO:0007256,HANCESTRO:0008,online,,https://zenodo.org/records/7758080/files/1012_region_1_cell_by_gene.csv?download=1|https://zenodo.org/records/7758080/files/1012_region_1_cell_metadata.csv?download=1,
1014_region_0,MERFISH Human Liver 7,Intratumoral dendritic cell-CD4+ T helper cell niches enable CD8+ T cell differentiation  following PD-1 blockade in hepatocellular carcinoma,63,https://zenodo.org/records/7758080,homo_sapiens,NCBITaxon:9606,merfish,EFO:0008992,liver,UBERON:0002107,male,PATO:0000384,82,year,late_adult,HsapDv:0000208,cancer,liver_cancer,hepatocellular_carcinoma,MONDO:0004992,MONDO:0002691,MONDO:0007256,HANCESTRO:0008,online,,https://zenodo.org/records/7758080/files/1014_region_0_cell_by_gene.csv?download=1|https://zenodo.org/records/7758080/files/1014_region_0_cell_metadata.csv?download=1,
1014_region_1,MERFISH Human Liver 8,Intratumoral dendritic cell-CD4+ T helper cell niches enable CD8+ T cell differentiation  following PD-1 blockade in hepatocellular carcinoma,63,https://zenodo.org/records/7758080,homo_sapiens,NCBITaxon:9606,merfish,EFO:0008992,liver,UBERON:0002107,male,PATO:0000384,82,year,late_adult,HsapDv:0000208,cancer,liver_cancer,hepatocellular_carcinoma,MONDO:0004992,MONDO:0002691,MONDO:0007256,HANCESTRO:0008,online,,https://zenodo.org/records/7758080/files/1014_region_1_cell_by_gene.csv?download=1|https://zenodo.org/records/7758080/files/1014_region_1_cell_metadata.csv?download=1,
1017_region_0,MERFISH Human Liver 9,Intratumoral dendritic cell-CD4+ T helper cell niches enable CD8+ T cell differentiation  following PD-1 blockade in hepatocellular carcinoma,63,https://zenodo.org/records/7758080,homo_sapiens,NCBITaxon:9606,merfish,EFO:0008992,liver,UBERON:0002107,male,PATO:0000384,71,year,late_adult,HsapDv:0000165,cancer,liver_cancer,hepatocellular_carcinoma,MONDO:0004992,MONDO:0002691,MONDO:0007256,HANCESTRO:0008,online,,https://zenodo.org/records/7758080/files/1017_region_0_cell_by_gene.csv?download=1|https://zenodo.org/records/7758080/files/1017_region_0_cell_metadata.csv?download=1,
1029_region_0,MERFISH Human Liver 10,Intratumoral dendritic cell-CD4+ T helper cell niches enable CD8+ T cell differentiation  following PD-1 blockade in hepatocellular carcinoma,63,https://zenodo.org/records/7758080,homo_sapiens,NCBITaxon:9606,merfish,EFO:0008992,liver,UBERON:0002107,male,PATO:0000384,68,year,late_adult,HsapDv:0000162,cancer,liver_cancer,hepatocellular_carcinoma,MONDO:0004992,MONDO:0002691,MONDO:0007256,HANCESTRO:0008,online,,https://zenodo.org/records/7758080/files/1029_region_0_cell_by_gene.csv?download=1|https://zenodo.org/records/7758080/files/1029_region_0_cell_metadata.csv?download=1,
Visium_HD_Human_Breast_Cancer_Fixed_Frozen,Visium HD Human Breast Cancer Fixed Frozen,"Visium HD Spatial Gene Expression Library, Human Breast Cancer (Fixed Frozen)",64,https://www.10xgenomics.com/datasets/visium-hd-cytassist-gene-expression-human-breast-cancer-fixed-frozen,homo_sapiens,NCBITaxon:9606,visium_hd,EFO:0010961,breast,UBERON:0000310,female,PATO:0000383,76,year,late_adult,HsapDv:0000170,cancer,breast_cancer,invasive_ductal_breast_carcinoma,MONDO:0004992,MONDO:0007254,MONDO:0004953,unknown,,,,
Visium_HD_Human_Breast_Cancer_Fresh_Frozen,Visium HD Human Breast Cancer Fresh Frozen,"Visium HD Spatial Gene Expression Library, Human Breast Cancer (Fresh Frozen)",64,https://www.10xgenomics.com/datasets/visium-hd-cytassist-gene-expression-human-breast-cancer-fresh-frozen,homo_sapiens,NCBITaxon:9606,visium_hd,EFO:0010961,breast,UBERON:0000310,female,PATO:0000383,58,year,middle-aged,HsapDv:0000152,cancer,breast_cancer,invasive_ductal_breast_carcinoma,MONDO:0004992,MONDO:0007254,MONDO:0004953,unknown,,,,
Visium_HD_Human_Colon_Cancer,Visium HD Human Colon Cancer,"Visium HD Spatial Gene Expression Library, Human Colorectal Cancer (FFPE)	",65,https://www.10xgenomics.com/datasets/visium-hd-cytassist-gene-expression-libraries-of-human-crc,homo_sapiens,NCBITaxon:9606,visium_hd,EFO:0010961,colon,UBERON:0001155,male,PATO:0000384,60,year,late_adult,HsapDv:0000154,cancer,colorectal_cancer,colorectal_cancer,MONDO:0004992,MONDO:0005575,MONDO:0005575,unknown,,,,
Visium_HD_Human_Lung_Cancer,Visium HD Human Lung Cancer,"Visium HD Spatial Gene Expression Library, Human Lung Cancer, IF Stained (FFPE)",66,https://www.10xgenomics.com/datasets/visium-hd-cytassist-gene-expression-libraries-of-human-lung-cancer-if,homo_sapiens,NCBITaxon:9606,visium_hd,EFO:0010961,lung,UBERON:0002048,female,PATO:0000383,72,year,late_adult,HsapDv:0000166,cancer,lung_cancer,lung_cancer,MONDO:0004992,MONDO:0008903,MONDO:0008903,unknown,,,,
Visium_HD_Human_Lung_Cancer_Fixed_Frozen,Visium HD Human Lung Cancer Fixed Frozen,"Visium HD Spatial Gene Expression Library, Human Lung Cancer (Fixed Frozen)",66,https://www.10xgenomics.com/datasets/visium-hd-cytassist-gene-expression-human-lung-cancer-fixed-frozen,homo_sapiens,NCBITaxon:9606,visium_hd,EFO:0010961,lung,UBERON:0002048,female,PATO:0000383,79,year,late_adult,HsapDv:0000173,cancer,lung_cancer,lung_adenocarcinoma,MONDO:0004992,MONDO:0008903,MONDO:0005061,unknown,,,,
Visium_HD_Human_Lung_Cancer_HD_Only_Experiment1,Visium HD Human Lung Cancer HD 1,"Visium HD Spatial Gene Expression Libraries, Post-Xenium, Human Lung Cancer (FFPE)	",66,https://www.10xgenomics.com/datasets/visium-hd-cytassist-gene-expression-human-lung-cancer-post-xenium-expt,homo_sapiens,NCBITaxon:9606,visium_hd,EFO:0010961,lung,UBERON:0002048,na,unknown,,,,unknown,cancer,lung_cancer,lung_adenocarcinoma,MONDO:0004992,MONDO:0008903,MONDO:0005061,unknown,,,,
Visium_HD_Human_Lung_Cancer_HD_Only_Experiment2,Visium HD Human Lung Cancer HD 2,"Visium HD Spatial Gene Expression Libraries, Post-Xenium, Human Lung Cancer (FFPE)	",66,https://www.10xgenomics.com/datasets/visium-hd-cytassist-gene-expression-human-lung-cancer-post-xenium-expt,homo_sapiens,NCBITaxon:9606,visium_hd,EFO:0010961,lung,UBERON:0002048,na,unknown,,,,unknown,cancer,lung_cancer,lung_adenocarcinoma,MONDO:0004992,MONDO:0008903,MONDO:0005061,unknown,,,,
Visium_HD_Human_Lung_Cancer_post_Xenium_Prime_5K_Experiment2,Visium HD Human Lung Post 2,"Visium HD Spatial Gene Expression Libraries, Post-Xenium, Human Lung Cancer (FFPE)	",66,https://www.10xgenomics.com/datasets/visium-hd-cytassist-gene-expression-human-lung-cancer-post-xenium-expt,homo_sapiens,NCBITaxon:9606,visium_hd,EFO:0010961,lung,UBERON:0002048,na,unknown,,,,unknown,cancer,lung_cancer,lung_adenocarcinoma,MONDO:0004992,MONDO:0008903,MONDO:0005061,unknown,,,,
Visium_HD_Human_Lung_Cancer_post_Xenium_v1_Experiment1,Visium HD Human Lung Post 1,"Visium HD Spatial Gene Expression Libraries, Post-Xenium, Human Lung Cancer (FFPE)	",66,https://www.10xgenomics.com/datasets/visium-hd-cytassist-gene-expression-human-lung-cancer-post-xenium-expt,homo_sapiens,NCBITaxon:9606,visium_hd,EFO:0010961,lung,UBERON:0002048,na,unknown,,,,unknown,cancer,lung_cancer,lung_adenocarcinoma,MONDO:0004992,MONDO:0008903,MONDO:0005061,unknown,,,,
Visium_HD_Human_Pancreas,Visium HD Human Pancreas,"Visium HD Spatial Gene Expression Library, Human Pancreas (FFPE)",67,https://www.10xgenomics.com/datasets/visium-hd-cytassist-gene-expression-libraries-human-pancreas,homo_sapiens,NCBITaxon:9606,visium_hd,EFO:0010961,pancreas,UBERON:0001264,na,unknown,,,,unknown,healthy,healthy,healthy,PATO:0000461,PATO:0000461,PATO:0000461,unknown,,,,
Visium_HD_Human_Tonsil_Fresh_Frozen,Visium HD Human Tonsil Fresh Frozen,"Visium HD Spatial Gene Expression Library, Human Tonsil (Fresh Frozen)",68,https://www.10xgenomics.com/datasets/visium-hd-cytassist-gene-expression-human-tonsil-fresh-frozen,homo_sapiens,NCBITaxon:9606,visium_hd,EFO:0010961,tonsil,UBERON:0002372,male,PATO:0000384,21,year,young_adult,HsapDv:0000115,immune_system_disorder,lymphoid_system_disorder,pseudolymphoma,MONDO:0005046,MONDO:0044986,MONDO:0043959,unknown,,,,
Visium_HD_Human_Tonsil_Fresh_Frozen_IF,Visium HD Human Tonsil Fresh Frozen IF,"Visium HD Spatial Gene Expression Library, Human Tonsil, IF (Fresh Frozen)",68,https://www.10xgenomics.com/datasets/visium-hd-cytassist-gene-expression-human-tonsil-fresh-frozen-if,homo_sapiens,NCBITaxon:9606,visium_hd,EFO:0010961,tonsil,UBERON:0002372,male,PATO:0000384,21,year,young_adult,HsapDv:0000115,immune_system_disorder,lymphoid_system_disorder,pseudolymphoma,MONDO:0005046,MONDO:0044986,MONDO:0043959,unknown,,,,
spaceranger200_count_47441_CZI_A_KIDsp13768133_GRCh38-2020-A,Visium Human Kidney Pre-HiP-CT,Kidney study?,,,homo_sapiens,NCBITaxon:9606,visium,EFO:0010961,kidney,UBERON:0002113,,,,,,,,,,,,,,,/seq/illumina/runs/47/47441/spaceranger/spaceranger200_count_47441_CZI_A_KIDsp13768133_GRCh38-2020-A,,
spaceranger210_count_47828_CZI_A_KIDsp14110264_GRCh38-2020-A,Visium Human Kidney HiRes Pre-HiP-CT 1,Kidney study?,,,homo_sapiens,NCBITaxon:9606,visium,EFO:0010961,kidney,UBERON:0002113,,,,,,,,,,,,,,,/seq/illumina/runs/47/47828/spaceranger/spaceranger210_count_47828_CZI_A_KIDsp14110264_GRCh38-2020-A,,
spaceranger210_count_47828_CZI_A_KIDsp14110265_GRCh38-2020-A,Visium Human Kidney HiRes Pre-HiP-CT 2,Kidney study?,,,homo_sapiens,NCBITaxon:9606,visium,EFO:0010961,kidney,UBERON:0002113,,,,,,,,,,,,,,,/seq/illumina/runs/47/47828/spaceranger/spaceranger210_count_47828_CZI_A_KIDsp14110265_GRCh38-2020-A,,
spaceranger210_count_47828_CZI_A_KIDsp14110266_GRCh38-2020-A,Visium Human Kidney LoRes Pre-HiP-CT 1,Kidney study?,,,homo_sapiens,NCBITaxon:9606,visium,EFO:0010961,kidney,UBERON:0002113,,,,,,,,,,,,,,,/seq/illumina/runs/47/47828/spaceranger/spaceranger210_count_47828_CZI_A_KIDsp14110266_GRCh38-2020-A,,
spaceranger210_count_47828_CZI_A_KIDsp14110267_GRCh38-2020-A,Visium Human Kidney LoRes Pre-HiP-CT 2,Kidney study?,,,homo_sapiens,NCBITaxon:9606,visium,EFO:0010961,kidney,UBERON:0002113,,,,,,,,,,,,,,,/seq/illumina/runs/47/47828/spaceranger/spaceranger210_count_47828_CZI_A_KIDsp14110267_GRCh38-2020-A,,
spaceranger210_count_48183_CZI_A_KIDsp14524205_GRCh38-2020-A,Pre-HiP-CT Visium (FFPE) (AT002/K292-run3),Kidney study?,,,homo_sapiens,NCBITaxon:9606,visium,EFO:0010961,kidney,UBERON:0002113,,,,,,,,,,,,,,,/seq/illumina/runs/48/48183/spaceranger/spaceranger210_count_48183_CZI_A_KIDsp14524205_GRCh38-2020-A,,
spaceranger210_count_48183_CZI_A_KIDsp14524206_GRCh38-2020-A,Pre-HiP-CT Visium (PFPE) (AT002/K292-run3),Kidney study?,,,homo_sapiens,NCBITaxon:9606,visium,EFO:0010961,kidney,UBERON:0002113,,,,,,,,,,,,,,,/seq/illumina/runs/48/48183/spaceranger/spaceranger210_count_48183_CZI_A_KIDsp14524206_GRCh38-2020-A,,
spaceranger210_count_48183_CZI_A_KIDsp14524207_GRCh38-2020-A,Pre-imaging without x-ray (S1_pre-CT) Visium (AT002/K292-run3),Kidney study?,,,homo_sapiens,NCBITaxon:9606,visium,EFO:0010961,kidney,UBERON:0002113,,,,,,,,,,,,,,,/seq/illumina/runs/48/48183/spaceranger/spaceranger210_count_48183_CZI_A_KIDsp14524207_GRCh38-2020-A,,
spaceranger210_count_48183_CZI_A_KIDsp14524208_GRCh38-2020-A,HiP-CT Hi-res (S2.1_HiRes) Visium (AT002/K292-run3),Kidney study?,,,homo_sapiens,NCBITaxon:9606,visium,EFO:0010961,kidney,UBERON:0002113,,,,,,,,,,,,,,,/seq/illumina/runs/48/48183/spaceranger/spaceranger210_count_48183_CZI_A_KIDsp14524208_GRCh38-2020-A,,
spaceranger210_count_48958_Kid_HipCT_Sp14795842_GRCh38-2020-A,Pre-HiP-CT & Pre-imaging without x-ray pre-CT Visium (AT003/K335-run4),Kidney study?,,,homo_sapiens,NCBITaxon:9606,visium,EFO:0010961,kidney,UBERON:0002113,,,,,,,,,,,,,,,/seq/illumina/runs/48/48958/spaceranger/spaceranger210_count_48958_Kid_HipCT_Sp14795842_GRCh38-2020-A,,
spaceranger210_count_48958_Kid_HipCT_Sp14795843_GRCh38-2020-A,LoRes HiP-CT & AZ-CKD-AC61 (AT003/K335-run4),Kidney study?,,,homo_sapiens,NCBITaxon:9606,visium,EFO:0010961,kidney,UBERON:0002113,,,,,,,,,,,,,,,/seq/illumina/runs/48/48958/spaceranger/spaceranger210_count_48958_Kid_HipCT_Sp14795843_GRCh38-2020-A,,
spaceranger210_count_48958_Kid_HipCT_Sp14795844_GRCh38-2020-A,HiRes HiP-CT (AT003/K335-run4),Kidney study?,,,homo_sapiens,NCBITaxon:9606,visium,EFO:0010961,kidney,UBERON:0002113,,,,,,,,,,,,,,,/seq/illumina/runs/48/48958/spaceranger/spaceranger210_count_48958_Kid_HipCT_Sp14795844_GRCh38-2020-A,,
spaceranger210_count_47441_CZI_A_KIDsp13768136_GRCh38-2020-A,,Kidney study?,,,homo_sapiens,NCBITaxon:9606,visium,EFO:0010961,,,,,,,,,,,,,,,,,,,
spaceranger210_count_48784_HCA_AZ_CKD_Sp14708838_GRCh38-2020-A,,Kidney study?,,,homo_sapiens,NCBITaxon:9606,visium,EFO:0010961,,,,,,,,,,,,,,,,,,,
spaceranger210_count_48183_HCA_AZ_CKD_Sp14524301_GRCh38-2020-A,,Kidney study?,,,homo_sapiens,NCBITaxon:9606,visium,EFO:0010961,,,,,,,,,,,,,,,,,,,
spaceranger210_count_48183_HCA_AZ_CKD_Sp14524304_GRCh38-2020-A,,Kidney study?,,,homo_sapiens,NCBITaxon:9606,visium,EFO:0010961,,,,,,,,,,,,,,,,,,,
spaceranger210_count_48958_Kid_HipCT_Sp14795843_GRCh38-2020-A,,Kidney study?,,,homo_sapiens,NCBITaxon:9606,visium,EFO:0010961,,,,,,,,,,,,,,,,,,,
spaceranger210_count_49439_HCA_AZ_CKD_Sp15020852_GRCh38-2020-A,,Kidney study?,,,homo_sapiens,NCBITaxon:9606,visium,EFO:0010961,,,,,,,,,,,,,,,,,,,
spaceranger210_count_49439_HCA_AZ_CKD_Sp15020853_GRCh38-2020-A,,Kidney study?,,,homo_sapiens,NCBITaxon:9606,visium,EFO:0010961,,,,,,,,,,,,,,,,,,,
Xenium-Ranger_AC19-K292-Control-Pre-HiP-CT_Run-XETG00155_output,Xenium Human Kidney internal 1,Xenium Human Kidney from Menna,79,,homo_sapiens,NCBITaxon:9606,xenium,EFO:0022615,kidney,UBERON:0002113,,,,,,,,,,,,,,directories,,,
Xenium-Ranger_AC19-K292-HiRes_Run-XETG00155_output,Xenium Human Kidney internal 2,Xenium Human Kidney from Menna,79,,homo_sapiens,NCBITaxon:9606,xenium,EFO:0022615,kidney,UBERON:0002113,,,,,,,,,,,,,,directories,,,
Xenium-Ranger_AC36-K310-CKD_Run-XETG00155_output,Xenium Human Kidney internal 3,Xenium Human Kidney from Menna,79,,homo_sapiens,NCBITaxon:9606,xenium,EFO:0022615,kidney,UBERON:0002113,,,,,,,,,,,,,,directories,,,
Xenium-Ranger_AC42-K316-CKD_Run-XETG00155_output,Xenium Human Kidney internal 4,Xenium Human Kidney from Menna,79,,homo_sapiens,NCBITaxon:9606,xenium,EFO:0022615,kidney,UBERON:0002113,,,,,,,,,,,,,,directories,,,
Xenium_V1_mFemur_formic_acid_24hrdecal_section,Xenium Mouse Bone 1 - 10% Formic acid,Mouse Bone Data with Custom Add-on Panel,5,https://www.10xgenomics.com/datasets/mouse-bone-data-with-custom-add-on-panel-1-standard,mus_musculus,NCBITaxon:10090,xenium,EFO:0022615,bone,UBERON:0002481,na,unknown,,,,MmusDv:0000110,healthy,healthy,healthy,PATO:0000461,PATO:0000461,PATO:0000461,unknown,,/lustre/scratch126/cellgen/team361/bc8/cytoweave/nichejepa/original_files/Xenium_V1_mFemur_formic_acid_24hrdecal_section,https://cf.10xgenomics.com/samples/xenium/1.9.0/Xenium_V1_mFemur_formic_acid_24hrdecal_section/Xenium_V1_mFemur_formic_acid_24hrdecal_section_outs.zip,
Xenium_V1_mFemur_EDTA_3daydecal_section,Xenium Mouse Bone 1 - 0.5M EDTA,Mouse Bone Data with Custom Add-on Panel,5,https://www.10xgenomics.com/datasets/mouse-bone-data-with-custom-add-on-panel-1-standard,mus_musculus,NCBITaxon:10090,xenium,EFO:0022615,bone,UBERON:0002481,na,unknown,,,,MmusDv:0000110,healthy,healthy,healthy,PATO:0000461,PATO:0000461,PATO:0000461,unknown,,,,
Xenium_V1_mFemur_EDTA_PFA_3daydecal_section,Xenium Mouse Bone 1 - 15% EDTA/0.4% PFA,Mouse Bone Data with Custom Add-on Panel,5,https://www.10xgenomics.com/datasets/mouse-bone-data-with-custom-add-on-panel-1-standard,mus_musculus,NCBITaxon:10090,xenium,EFO:0022615,bone,UBERON:0002481,na,unknown,,,,MmusDv:0000110,healthy,healthy,healthy,PATO:0000461,PATO:0000461,PATO:0000461,unknown,,,,
Xenium_V1_FF_Mouse_Brain_MultiSection_1,Xenium Mouse Brain 2 - Replicate 1,Fresh Frozen Mouse Brain Replicates,6,https://www.10xgenomics.com/datasets/fresh-frozen-mouse-brain-replicates-1-standard,mus_musculus,NCBITaxon:10090,xenium,EFO:0022615,brain,UBERON:0000955,na,unknown,,,,MmusDv:0000110,healthy,healthy,healthy,PATO:0000461,PATO:0000461,PATO:0000461,unknown,online,/lustre/scratch126/cellgen/team361/bc8/cytoweave/nichejepa/original_files/Xenium_V1_FF_Mouse_Brain_MultiSection_1,https://cf.10xgenomics.com/samples/xenium/1.0.2/Xenium_V1_FF_Mouse_Brain_MultiSection_1/Xenium_V1_FF_Mouse_Brain_MultiSection_1_outs.zip,
Xenium_V1_FF_Mouse_Brain_MultiSection_2,Xenium Mouse Brain 2 - Replicate 2,Fresh Frozen Mouse Brain Replicates,6,https://www.10xgenomics.com/datasets/fresh-frozen-mouse-brain-replicates-1-standard,mus_musculus,NCBITaxon:10090,xenium,EFO:0022615,brain,UBERON:0000955,na,unknown,,,,MmusDv:0000110,healthy,healthy,healthy,PATO:0000461,PATO:0000461,PATO:0000461,unknown,online,/lustre/scratch126/cellgen/team361/bc8/cytoweave/nichejepa/original_files/Xenium_V1_FF_Mouse_Brain_MultiSection_2,https://cf.10xgenomics.com/samples/xenium/1.0.2/Xenium_V1_FF_Mouse_Brain_MultiSection_2/Xenium_V1_FF_Mouse_Brain_MultiSection_2_outs.zip,
Xenium_V1_FF_Mouse_Brain_MultiSection_3,Xenium Mouse Brain 2 - Replicate 3,Fresh Frozen Mouse Brain Replicates,6,https://www.10xgenomics.com/datasets/fresh-frozen-mouse-brain-replicates-1-standard,mus_musculus,NCBITaxon:10090,xenium,EFO:0022615,brain,UBERON:0000955,na,unknown,,,,MmusDv:0000110,healthy,healthy,healthy,PATO:0000461,PATO:0000461,PATO:0000461,unknown,online,/lustre/scratch126/cellgen/team361/bc8/cytoweave/nichejepa/original_files/Xenium_V1_FF_Mouse_Brain_MultiSection_3,https://cf.10xgenomics.com/samples/xenium/1.0.2/Xenium_V1_FF_Mouse_Brain_MultiSection_3/Xenium_V1_FF_Mouse_Brain_MultiSection_3_outs.zip,
Xenium_V1_FF_Mouse_Brain_Coronal,Xenium Mouse Brain 1 - Full,Fresh Frozen Mouse Brain for Xenium Explorer Demo,7,https://www.10xgenomics.com/datasets/fresh-frozen-mouse-brain-for-xenium-explorer-demo-1-standard,mus_musculus,NCBITaxon:10090,xenium,EFO:0022615,brain,UBERON:0000955,na,unknown,,,,MmusDv:0000110,healthy,healthy,healthy,PATO:0000461,PATO:0000461,PATO:0000461,unknown,online,/lustre/scratch126/cellgen/team361/bc8/cytoweave/nichejepa/original_files/Xenium_V1_FF_Mouse_Brain_Coronal,https://cf.10xgenomics.com/samples/xenium/1.0.2/Xenium_V1_FF_Mouse_Brain_Coronal/Xenium_V1_FF_Mouse_Brain_Coronal_outs.zip,
Xenium_V1_mouse_Colon_FF,Xenium Mouse Colon 1,Fresh Frozen Mouse Colon with Xenium Multimodal Cell Segmentation,8,https://www.10xgenomics.com/datasets/fresh-frozen-mouse-colon-with-xenium-multimodal-cell-segmentation-1-standard,mus_musculus,NCBITaxon:10090,xenium,EFO:0022615,colon,UBERON:0001155,na,unknown,,,,MmusDv:0000110,healthy,healthy,healthy,PATO:0000461,PATO:0000461,PATO:0000461,unknown,online,/lustre/scratch126/cellgen/team361/bc8/cytoweave/nichejepa/original_files/Xenium_V1_mouse_Colon_FF,https://cf.10xgenomics.com/samples/xenium/2.0.0/Xenium_V1_mouse_Colon_FF/Xenium_V1_mouse_Colon_FF_outs.zip,
Xenium_V1_mouse_pup,Xenium Mouse Pup 1,Whole Mouse Pup Preview Data (Xenium Mouse Tissue Atlassing Panel),9,https://www.10xgenomics.com/datasets/mouse-pup-preview-data-xenium-mouse-tissue-atlassing-panel-1-standard,mus_musculus,NCBITaxon:10090,xenium,EFO:0022615,multicellular_organism,UBERON:0000468,na,unknown,,,,MmusDv:0000110,healthy,healthy,healthy,PATO:0000461,PATO:0000461,PATO:0000461,unknown,online,/lustre/scratch126/cellgen/team361/bc8/cytoweave/nichejepa/original_files/Xenium_V1_mouse_pup,https://s3-us-west-2.amazonaws.com/10x.files/samples/xenium/1.6.0/Xenium_V1_mouse_pup/Xenium_V1_mouse_pup_outs.zip,
Xenium_V1_FFPE_TgCRND8_17_9_months,Xenium Mouse Alzheimers Over Time - TgCRND8 17.9 months,Xenium In Situ Analysis of Alzheimer's Disease Mouse Model Brain Coronal Sections from One Hemisphere Over a Time Course,10,https://www.10xgenomics.com/datasets/xenium-in-situ-analysis-of-alzheimers-disease-mouse-model-brain-coronal-sections-from-one-hemisphere-over-a-time-course-1-standard,mus_musculus,NCBITaxon:10090,xenium,EFO:0022615,brain,UBERON:0000955,na,unknown,17,month,middle_aged,MmusDv:0000088,nervous_system_disorder,neurodegenerative_disease,alzheimer_disease,MONDO:0005071,MONDO:0005559,MONDO:0004975,unknown,online,,https://cf.10xgenomics.com/samples/xenium/1.4.0/Xenium_V1_FFPE_TgCRND8_17_9_months/Xenium_V1_FFPE_TgCRND8_17_9_months_outs.zip,
Xenium_V1_FFPE_TgCRND8_2_5_months,Xenium Mouse Alzheimers Over Time - TgCRND8 2.5 months,Xenium In Situ Analysis of Alzheimer's Disease Mouse Model Brain Coronal Sections from One Hemisphere Over a Time Course,10,https://www.10xgenomics.com/datasets/xenium-in-situ-analysis-of-alzheimers-disease-mouse-model-brain-coronal-sections-from-one-hemisphere-over-a-time-course-1-standard,mus_musculus,NCBITaxon:10090,xenium,EFO:0022615,brain,UBERON:0000955,na,unknown,2,month,young_adult,MmusDv:0000062,nervous_system_disorder,neurodegenerative_disease,alzheimer_disease,MONDO:0005071,MONDO:0005559,MONDO:0004975,unknown,online,,https://cf.10xgenomics.com/samples/xenium/1.4.0/Xenium_V1_FFPE_TgCRND8_2_5_months/Xenium_V1_FFPE_TgCRND8_2_5_months_outs.zip,
Xenium_V1_FFPE_TgCRND8_5_7_months,Xenium Mouse Alzheimers Over Time - TgCRND8 5.7 months,Xenium In Situ Analysis of Alzheimer's Disease Mouse Model Brain Coronal Sections from One Hemisphere Over a Time Course,10,https://www.10xgenomics.com/datasets/xenium-in-situ-analysis-of-alzheimers-disease-mouse-model-brain-coronal-sections-from-one-hemisphere-over-a-time-course-1-standard,mus_musculus,NCBITaxon:10090,xenium,EFO:0022615,brain,UBERON:0000955,na,unknown,5,month,young_adult,MmusDv:0000069,nervous_system_disorder,neurodegenerative_disease,alzheimer_disease,MONDO:0005071,MONDO:0005559,MONDO:0004975,unknown,online,,https://cf.10xgenomics.com/samples/xenium/1.4.0/Xenium_V1_FFPE_TgCRND8_5_7_months/Xenium_V1_FFPE_TgCRND8_5_7_months_outs.zip,
Xenium_V1_FFPE_wildtype_13_4_months,Xenium Mouse Alzheimers Over Time - Wild type 13.4 months,Xenium In Situ Analysis of Alzheimer's Disease Mouse Model Brain Coronal Sections from One Hemisphere Over a Time Course,10,https://www.10xgenomics.com/datasets/xenium-in-situ-analysis-of-alzheimers-disease-mouse-model-brain-coronal-sections-from-one-hemisphere-over-a-time-course-1-standard,mus_musculus,NCBITaxon:10090,xenium,EFO:0022615,brain,UBERON:0000955,na,unknown,13,month,middle_aged,MmusDv:0000084,nervous_system_disorder,neurodegenerative_disease,alzheimer_disease,MONDO:0005071,MONDO:0005559,MONDO:0004975,unknown,online,,https://cf.10xgenomics.com/samples/xenium/1.4.0/Xenium_V1_FFPE_wildtype_13_4_months/Xenium_V1_FFPE_wildtype_13_4_months_outs.zip,
Xenium_V1_FFPE_wildtype_2_5_months,Xenium Mouse Alzheimers Over Time - Wild type 2.5 months,Xenium In Situ Analysis of Alzheimer's Disease Mouse Model Brain Coronal Sections from One Hemisphere Over a Time Course,10,https://www.10xgenomics.com/datasets/xenium-in-situ-analysis-of-alzheimers-disease-mouse-model-brain-coronal-sections-from-one-hemisphere-over-a-time-course-1-standard,mus_musculus,NCBITaxon:10090,xenium,EFO:0022615,brain,UBERON:0000955,na,unknown,2,month,young_adult,MmusDv:0000062,nervous_system_disorder,neurodegenerative_disease,alzheimer_disease,MONDO:0005071,MONDO:0005559,MONDO:0004975,unknown,online,,https://cf.10xgenomics.com/samples/xenium/1.4.0/Xenium_V1_FFPE_wildtype_2_5_months/Xenium_V1_FFPE_wildtype_2_5_months_outs.zip,
Xenium_V1_FFPE_wildtype_5_7_months,Xenium Mouse Alzheimers Over Time - Wild type 5.7 months,Xenium In Situ Analysis of Alzheimer's Disease Mouse Model Brain Coronal Sections from One Hemisphere Over a Time Course,10,https://www.10xgenomics.com/datasets/xenium-in-situ-analysis-of-alzheimers-disease-mouse-model-brain-coronal-sections-from-one-hemisphere-over-a-time-course-1-standard,mus_musculus,NCBITaxon:10090,xenium,EFO:0022615,brain,UBERON:0000955,na,unknown,5,month,young_adult,MmusDv:0000069,nervous_system_disorder,neurodegenerative_disease,alzheimer_disease,MONDO:0005071,MONDO:0005559,MONDO:0004975,unknown,online,,https://cf.10xgenomics.com/samples/xenium/1.4.0/Xenium_V1_FFPE_wildtype_5_7_months/Xenium_V1_FFPE_wildtype_5_7_months_outs.zip,
Xenium_Prime_Mouse_Pup_FFPE,Xenium Mouse Pup 2,Whole Mouse Pup (FFPE) with 5K Mouse Pan Tissue and Pathways Panel and Snap25a/Snap25b Add-o,11,https://www.10xgenomics.com/datasets/xenium-prime-ffpe-neonatal-mouse,mus_musculus,NCBITaxon:10090,xenium,EFO:0022615,multicellular_organism,UBERON:0000468,na,unknown,1,day,nursing,MmusDv:0000036,healthy,healthy,healthy,PATO:0000461,PATO:0000461,PATO:0000461,unknown,,,,
Xenium_Prime_Mouse_Brain_Coronal_FF,Xenium Mouse Brain 3,Fresh Frozen Mouse Brain Hemisphere with 5K Mouse Pan Tissue and Pathways Panel,12,https://www.10xgenomics.com/datasets/xenium-prime-fresh-frozen-mouse-brain,mus_musculus,NCBITaxon:10090,xenium,EFO:0022615,brain,UBERON:0000955,na,unknown,,,,,healthy,healthy,healthy,PATO:0000461,PATO:0000461,PATO:0000461,unknown,,,,
CosMx_Mouse_FFPE_CoronalHippocampusCortex,CosMx Mouse Brain 1,CosMx SMI Mouse Brain FFPE Dataset,74,https://nanostring.com/products/cosmx-spatial-molecular-imager/ffpe-dataset/cosmx-smi-mouse-brain-ffpe-dataset/,mus_musculus,NCBITaxon:10090,cosmx,EFO:0030058,brain,UBERON:0000955,na,unknown,,,,MmusDv:0000110,healthy,healthy,healthy,PATO:0000461,PATO:0000461,PATO:0000461,unknown,online,,https://smi-public.objects.liquidweb.services/Quarter%20Brain.zip,
CosMx_Mouse_FFPE_CoronalHemisphere,CosMx Mouse Brain 2,CosMx SMI Mouse Brain FFPE Dataset,74,https://nanostring.com/products/cosmx-spatial-molecular-imager/ffpe-dataset/cosmx-smi-mouse-brain-ffpe-dataset/,mus_musculus,NCBITaxon:10090,cosmx,EFO:0030058,brain,UBERON:0000955,na,unknown,,,,MmusDv:0000110,healthy,healthy,healthy,PATO:0000461,PATO:0000461,PATO:0000461,unknown,online,,https://smi-public.objects.liquidweb.services/Half%20%20Brain%20simple%20%20files%20.zip,
Visium_HD_Mouse_Brain,VisiumHD Mouse Brain,"Visium HD Spatial Gene Expression Library, Mouse Brain (FFPE)",,https://www.10xgenomics.com/datasets/visium-hd-cytassist-gene-expression-libraries-of-mouse-brain-he,mus_musculus,NCBITaxon:10090,visium_hd,EFO:0010961,brain,UBERON:0000955,male,PATO:0000384,8,week,young_adult,MmusDv:0000154,healthy,healthy,healthy,PATO:0000461,PATO:0000461,PATO:0000461,unknown,,,,
Visium_HD_Mouse_Brain_Fixed_Frozen,VisiumHD Mouse Brain Fixed Frozen,"Visium HD Spatial Gene Expression Library, Mouse Brain (Fixed Frozen)",,https://www.10xgenomics.com/datasets/visium-hd-cytassist-gene-expression-mouse-brain-fixed-frozen,mus_musculus,NCBITaxon:10090,visium_hd,EFO:0010961,brain,UBERON:0000955,male,PATO:0000384,8,week,young_adult,MmusDv:0000154,healthy,healthy,healthy,PATO:0000461,PATO:0000461,PATO:0000461,unknown,,,,
Visium_HD_Mouse_Brain_Fresh_Frozen,VisiumHD Mouse Brain Fresh Frozen,"Visium HD Spatial Gene Expression Library, Mouse Brain (Fresh Frozen)",,https://www.10xgenomics.com/datasets/visium-hd-cytassist-gene-expression-mouse-brain-fresh-frozen,mus_musculus,NCBITaxon:10090,visium_hd,EFO:0010961,brain,UBERON:0000955,male,PATO:0000384,8,week,young_adult,MmusDv:0000154,healthy,healthy,healthy,PATO:0000461,PATO:0000461,PATO:0000461,unknown,,,,
Visium_HD_Mouse_Embryo,VisiumHD Mouse Embryo,"Visium HD Spatial Gene Expression Library, Mouse Embryo (FFPE)",,https://www.10xgenomics.com/datasets/visium-hd-cytassist-gene-expression-libraries-of-mouse-embryo,mus_musculus,NCBITaxon:10090,visium_hd,EFO:0010961,embryo,UBERON:0000922,male,PATO:0000384,15,day,fetal,MmusDv:0000032,healthy,healthy,healthy,PATO:0000461,PATO:0000461,PATO:0000461,unknown,,,,
Visium_HD_Mouse_Kidney,VisiumHD Mouse Kidney,"Visium HD Spatial Gene Expression Library, Mouse Kidney (FFPE)",,https://www.10xgenomics.com/datasets/visium-hd-cytassist-gene-expression-libraries-of-mouse-kidney,mus_musculus,NCBITaxon:10090,visium_hd,EFO:0010961,kidney,UBERON:0002113,male,PATO:0000384,8,week,young_adult,MmusDv:0000154,healthy,healthy,healthy,PATO:0000461,PATO:0000461,PATO:0000461,unknown,,,,
Visium_HD_Mouse_Lung_Fresh_Frozen,VisiumHD Mouse Lung Fresh Frozen,"Visium HD Spatial Gene Expression Library, Mouse Lung (Fresh Frozen)",,https://www.10xgenomics.com/datasets/visium-hd-cytassist-gene-expression-mouse-lung-fresh-frozen,mus_musculus,NCBITaxon:10090,visium_hd,EFO:0010961,lung,UBERON:0002048,male,PATO:0000384,8,week,young_adult,MmusDv:0000154,healthy,healthy,healthy,PATO:0000461,PATO:0000461,PATO:0000461,unknown,,,,
Visium_HD_Mouse_Small_Intestine,VisiumHD Mouse Small Intestine,"Visium HD Spatial Gene Expression Library, Mouse Small Intestine (FFPE)",,https://www.10xgenomics.com/datasets/visium-hd-cytassist-gene-expression-libraries-of-mouse-intestine,mus_musculus,NCBITaxon:10090,visium_hd,EFO:0010961,intestine,UBERON:0000160,male,PATO:0000384,8,week,young_adult,MmusDv:0000154,healthy,healthy,healthy,PATO:0000461,PATO:0000461,PATO:0000461,unknown,,,,
MERFISH_Mouse_Brain,MERFISH Mouse Brain,Yao_et_al_2023,0,https://github.com/AllenInstitute/abc_atlas_access/blob/main/descriptions/MERFISH-C57BL6J-638850.md,mus_musculus,NCBITaxon:10090,merfish,EFO:0008992,brain,UBERON:0000955,male,PATO:0000384,na,,na,unknown,healthy,healthy,healthy,PATO:0000461,PATO:0000461,PATO:0000461,unknown,,,,
STARmapPLUS_Mouse_Brain,STARmapPLUS Mouse Brain Mouse A,STARmap PLUS CNS Mouse Atlas,1,https://singlecell.broadinstitute.org/single_cell/ study/SCP1830; https://doi.org/10.5281/zenodo.8327576,mus_musculus,NCBITaxon:10090,starmap_plus,EFO:0030000,cns,UBERON:0001017,male,PATO:0000384,10,week,young_adult,MmusDv:0000156,healthy,healthy,healthy,PATO:0000461,PATO:0000461,PATO:0000461,unknown,,,,
STARmapPLUS_Mouse_Brain,STARmapPLUS Mouse Brain Mouse B,STARmap PLUS CNS Mouse Atlas,1,https://singlecell.broadinstitute.org/single_cell/ study/SCP1830; https://doi.org/10.5281/zenodo.8327576,mus_musculus,NCBITaxon:10090,starmap_plus,EFO:0030000,cns,UBERON:0001017,female,PATO:0000383,12,week,young_adult,MmusDv:0000158,healthy,healthy,healthy,PATO:0000461,PATO:0000461,PATO:0000461,unknown,,,,
STARmapPLUS_Mouse_Brain,STARmapPLUS Mouse Brain Mouse C,STARmap PLUS CNS Mouse Atlas,1,https://singlecell.broadinstitute.org/single_cell/ study/SCP1830; https://doi.org/10.5281/zenodo.8327576,mus_musculus,NCBITaxon:10090,starmap_plus,EFO:0030000,cns,UBERON:0001017,female,PATO:0000383,14,week,young_adult,MmusDv:0000160,healthy,healthy,healthy,PATO:0000461,PATO:0000461,PATO:0000461,unknown,,,,
SS2_Tangetal,Slide-seq Brain Cell Data ,Slide-seq Brain Cell Data ,13,https://docs.braincelldata.org/downloads/index.html,mus_musculus,NCBITaxon:10090,slideseqv2,EFO:0030062,brain,UBERON:0000955,na,unknown,,,,,healthy,healthy,healthy,PATO:0000461,PATO:0000461,PATO:0000461,unknown,,,,
STARmapPlus_Mouse_Zhuang,STARmapPLUS Mouse Zhuang,A molecularly defined and spatially resolved cell atlas of the whole mouse brain,70,https://doi.brainimagelibrary.org/doi/10.35077/act-bag,mus_musculus,NCBITaxon:10090,starmap_plus,EFO:0030000,brain,UBERON:0000955,male,PATO:0000384,8,week,young_adult,MmusDv:0000154,healthy,healthy,healthy,PATO:0000461,PATO:0000461,PATO:0000461,unknown,,,,
MERFISH_Mouse_Brain_Combined,MERFISH Mouse Brain Combined,Spatially Resolved Single-cell Translatomics at Molecular Resolution,71,https://singlecell.broadinstitute.org/single_cell/study/SCP1835/spatially-resolved-single-cell-translatomics-at-molecular-resolution#study-visualize,mus_musculus,NCBITaxon:10090,merfish,EFO:0008992,brain,UBERON:0000955,male,PATO:0000384,,,,,healthy,healthy,healthy,PATO:0000461,PATO:0000461,PATO:0000461,unknown,,,,
STARmapPlus_Mouse_Zeng_younger,STARmapPLUS Mouse Zeng younger,,72,,mus_musculus,NCBITaxon:10090,starmap_plus,EFO:0030000,brain,UBERON:0000955,male,PATO:0000384,8,,,,nervous_system_disorder,neurodegenerative_disease,alzheimer_disease,MONDO:0005071,MONDO:0005559,MONDO:0004975,unknown,,,,
STARmapPlus_Mouse_Zeng_young,STARmapPLUS Mouse Zeng ,,73,,mus_musculus,NCBITaxon:10090,starmap_plus,EFO:0030000,brain,UBERON:0000955,male,PATO:0000384,13,,,,,,,,,,,,,,
STARmap-ISS_sample_W11,STARMAP Human Placenta W11,Spatial multiomic landscape of the human placenta at molecular resolution,75,https://zenodo.org/records/10981713,homo_sapiens,NCBITaxon:9606,starmap,EFO:0030000,placenta,UBERON:0001987,male,PATO:0000384,11,week,fetal,HsapDv:0000198,healthy,healthy,healthy,PATO:0000461,PATO:0000461,PATO:0000461,unknown,online,,https://zenodo.org/records/10981713/files/STARmap-ISS_sample_W11_cell_metadata.csv?download=1|https://zenodo.org/records/10981713/files/STARmap-ISS_sample_W11_raw_expression.csv?download=1,
STARmap-ISS_sample_W7,STARMAP Human Placenta W7,Spatial multiomic landscape of the human placenta at molecular resolution,75,https://zenodo.org/records/10981713,homo_sapiens,NCBITaxon:9606,starmap,EFO:0030000,placenta,UBERON:0001987,female,PATO:0000383,7,week,embryonic,HsapDv:0000029,healthy,healthy,healthy,PATO:0000461,PATO:0000461,PATO:0000461,unknown,online,,https://zenodo.org/records/10981713/files/STARmap-ISS_sample_W7_cell_metadata.csv?download=1|https://zenodo.org/records/10981713/files/STARmap-ISS_sample_W7_raw_expression.csv?download=1,
STARmap-ISS_sample_W8-2,STARMAP Human Placenta W8-2,Spatial multiomic landscape of the human placenta at molecular resolution,75,https://zenodo.org/records/10981713,homo_sapiens,NCBITaxon:9606,starmap,EFO:0030000,placenta,UBERON:0001987,male,PATO:0000384,8,week,embryonic,HsapDv:0000030,healthy,healthy,healthy,PATO:0000461,PATO:0000461,PATO:0000461,unknown,online,,https://zenodo.org/records/10981713/files/STARmap-ISS_sample_W8-2_cell_metadata.csv?download=1|https://zenodo.org/records/10981713/files/STARmap-ISS_sample_W8-2_raw_expression.csv?download=1,
STARmap-ISS_sample_W9,STARMAP Human Placenta W9,Spatial multiomic landscape of the human placenta at molecular resolution,75,https://zenodo.org/records/10981713,homo_sapiens,NCBITaxon:9606,starmap,EFO:0030000,placenta,UBERON:0001987,female,PATO:0000383,9,week,fetal,HsapDv:0000197,healthy,healthy,healthy,PATO:0000461,PATO:0000461,PATO:0000461,unknown,online,,https://zenodo.org/records/10981713/files/STARmap-ISS_sample_W9_cell_metadata.csv?download=1|https://zenodo.org/records/10981713/files/STARmap-ISS_sample_W9_raw_expression.csv?download=1,
1837C,Xenium Human Brain Caudate putamen,Mats & Sergio Xenium,76,https://drive.google.com/drive/folders/1ThH8j3GLY6qT8uqlHsuxzXYbReu_7GTP,homo_sapiens,NCBITaxon:9606,xenium,EFO:0022615,brain,UBERON:0000955,na,unknown,,,,,healthy,healthy,healthy,PATO:0000461,PATO:0000461,PATO:0000461,unknown,offline,,,
1837P,Xenium Human Brain Caudate putamen,Mats & Sergio Xenium,76,https://drive.google.com/drive/folders/1ThH8j3GLY6qT8uqlHsuxzXYbReu_7GTP,homo_sapiens,NCBITaxon:9606,xenium,EFO:0022615,brain,UBERON:0000955,na,unknown,,,,,healthy,healthy,healthy,PATO:0000461,PATO:0000461,PATO:0000461,unknown,offline,,,
1886C,Xenium Human Brain Caudate putamen,Mats & Sergio Xenium,76,https://drive.google.com/drive/folders/1ThH8j3GLY6qT8uqlHsuxzXYbReu_7GTP,homo_sapiens,NCBITaxon:9606,xenium,EFO:0022615,brain,UBERON:0000955,na,unknown,,,,,healthy,healthy,healthy,PATO:0000461,PATO:0000461,PATO:0000461,unknown,offline,,,
1886P,Xenium Human Brain Caudate putamen,Mats & Sergio Xenium,76,https://drive.google.com/drive/folders/1ThH8j3GLY6qT8uqlHsuxzXYbReu_7GTP,homo_sapiens,NCBITaxon:9606,xenium,EFO:0022615,brain,UBERON:0000955,na,unknown,,,,,healthy,healthy,healthy,PATO:0000461,PATO:0000461,PATO:0000461,unknown,offline,,,
1893C,Xenium Human Brain Caudate putamen,Mats & Sergio Xenium,76,https://drive.google.com/drive/folders/1ThH8j3GLY6qT8uqlHsuxzXYbReu_7GTP,homo_sapiens,NCBITaxon:9606,xenium,EFO:0022615,brain,UBERON:0000955,na,unknown,,,,,healthy,healthy,healthy,PATO:0000461,PATO:0000461,PATO:0000461,unknown,offline,,,
1893P,Xenium Human Brain Caudate putamen,Mats & Sergio Xenium,76,https://drive.google.com/drive/folders/1ThH8j3GLY6qT8uqlHsuxzXYbReu_7GTP,homo_sapiens,NCBITaxon:9606,xenium,EFO:0022615,brain,UBERON:0000955,na,unknown,,,,,healthy,healthy,healthy,PATO:0000461,PATO:0000461,PATO:0000461,unknown,offline,,,
5730C,Xenium Human Brain Caudate putamen,Mats & Sergio Xenium,76,https://drive.google.com/drive/folders/1ThH8j3GLY6qT8uqlHsuxzXYbReu_7GTP,homo_sapiens,NCBITaxon:9606,xenium,EFO:0022615,brain,UBERON:0000955,na,unknown,,,,,healthy,healthy,healthy,PATO:0000461,PATO:0000461,PATO:0000461,unknown,offline,,,
5730P,Xenium Human Brain Caudate putamen,Mats & Sergio Xenium,76,https://drive.google.com/drive/folders/1ThH8j3GLY6qT8uqlHsuxzXYbReu_7GTP,homo_sapiens,NCBITaxon:9606,xenium,EFO:0022615,brain,UBERON:0000955,na,unknown,,,,,healthy,healthy,healthy,PATO:0000461,PATO:0000461,PATO:0000461,unknown,offline,,,
1264C,Xenium Human Brain Caudate putamen,Mats & Sergio Xenium,76,https://drive.google.com/drive/folders/1ThH8j3GLY6qT8uqlHsuxzXYbReu_7GTP,homo_sapiens,NCBITaxon:9606,xenium,EFO:0022615,brain,UBERON:0000955,na,unknown,,,,,nervous_system_disorder,central_nervous_system_disorder,parkinson_disease,MONDO:0005071,MONDO:0002602,MONDO:0005180,unknown,offline,,,
1264P,Xenium Human Brain Caudate putamen,Mats & Sergio Xenium,76,https://drive.google.com/drive/folders/1ThH8j3GLY6qT8uqlHsuxzXYbReu_7GTP,homo_sapiens,NCBITaxon:9606,xenium,EFO:0022615,brain,UBERON:0000955,na,unknown,,,,,nervous_system_disorder,central_nervous_system_disorder,parkinson_disease,MONDO:0005071,MONDO:0002602,MONDO:0005180,unknown,offline,,,
1310C,Xenium Human Brain Caudate putamen,Mats & Sergio Xenium,76,https://drive.google.com/drive/folders/1ThH8j3GLY6qT8uqlHsuxzXYbReu_7GTP,homo_sapiens,NCBITaxon:9606,xenium,EFO:0022615,brain,UBERON:0000955,na,unknown,,,,,nervous_system_disorder,central_nervous_system_disorder,parkinson_disease,MONDO:0005071,MONDO:0002602,MONDO:0005180,unknown,offline,,,
1310P,Xenium Human Brain Caudate putamen,Mats & Sergio Xenium,76,https://drive.google.com/drive/folders/1ThH8j3GLY6qT8uqlHsuxzXYbReu_7GTP,homo_sapiens,NCBITaxon:9606,xenium,EFO:0022615,brain,UBERON:0000955,na,unknown,,,,,nervous_system_disorder,central_nervous_system_disorder,parkinson_disease,MONDO:0005071,MONDO:0002602,MONDO:0005180,unknown,offline,,,
1816C,Xenium Human Brain Caudate putamen,Mats & Sergio Xenium,76,https://drive.google.com/drive/folders/1ThH8j3GLY6qT8uqlHsuxzXYbReu_7GTP,homo_sapiens,NCBITaxon:9606,xenium,EFO:0022615,brain,UBERON:0000955,na,unknown,,,,,nervous_system_disorder,central_nervous_system_disorder,parkinson_disease,MONDO:0005071,MONDO:0002602,MONDO:0005180,unknown,offline,,,
1816P,Xenium Human Brain Caudate putamen,Mats & Sergio Xenium,76,https://drive.google.com/drive/folders/1ThH8j3GLY6qT8uqlHsuxzXYbReu_7GTP,homo_sapiens,NCBITaxon:9606,xenium,EFO:0022615,brain,UBERON:0000955,na,unknown,,,,,nervous_system_disorder,central_nervous_system_disorder,parkinson_disease,MONDO:0005071,MONDO:0002602,MONDO:0005180,unknown,offline,,,
5331C,Xenium Human Brain Caudate putamen,Mats & Sergio Xenium,76,https://drive.google.com/drive/folders/1ThH8j3GLY6qT8uqlHsuxzXYbReu_7GTP,homo_sapiens,NCBITaxon:9606,xenium,EFO:0022615,brain,UBERON:0000955,na,unknown,,,,,nervous_system_disorder,central_nervous_system_disorder,parkinson_disease,MONDO:0005071,MONDO:0002602,MONDO:0005180,unknown,offline,,,
5331P,Xenium Human Brain Caudate putamen,Mats & Sergio Xenium,76,https://drive.google.com/drive/folders/1ThH8j3GLY6qT8uqlHsuxzXYbReu_7GTP,homo_sapiens,NCBITaxon:9606,xenium,EFO:0022615,brain,UBERON:0000955,na,unknown,,,,,nervous_system_disorder,central_nervous_system_disorder,parkinson_disease,MONDO:0005071,MONDO:0002602,MONDO:0005180,unknown,offline,,,
human_spinal_chord_active,Human_Multiple_schlerosis_spinal_chord,Mats & Sergio Xenium,1006,,homo_sapiens,NCBITaxon:9606,xenium,EFO:0022615,spinal_cord,UBERON:0002240,na,unknown,,,middle_aged,,nervous_system_disorder,autoimmune_disorder_of_the_nervous_system,multiple_sclerosis,MONDO:0005071,MONDO:0002977,MONDO:0005301,,,,,
human_spinal_chord_inactive,Human_Multiple_schlerosis_spinal_chord,Mats & Sergio Xenium,1006,https://drive.google.com/drive/folders/1ThH8j3GLY6qT8uqlHsuxzXYbReu_7GTP,homo_sapiens,NCBITaxon:9606,xenium,EFO:0022615,spinal_cord,UBERON:0002240,na,unknown,,,middle_aged,,nervous_system_disorder,autoimmune_disorder_of_the_nervous_system,multiple_sclerosis,MONDO:0005071,MONDO:0002977,MONDO:0005301,,,,,
realmouse_1,mouse_coronal_brain,Mats & Sergio Xenium,,https://drive.google.com/drive/folders/1ThH8j3GLY6qT8uqlHsuxzXYbReu_7GTP,mus_musculus,NCBITaxon:10090,xenium,EFO:0022615,brain,UBERON:0000955,na,unknown,,,,,,,,,,,,,,,
realmouse_2,mouse_coronal_brain,Mats & Sergio Xenium,,https://drive.google.com/drive/folders/1ThH8j3GLY6qT8uqlHsuxzXYbReu_7GTP,mus_musculus,NCBITaxon:10090,xenium,EFO:0022615,brain,UBERON:0000955,na,unknown,,,,,,,,,,,,,,,
realmouse_3,mouse_coronal_brain,Mats & Sergio Xenium,,https://drive.google.com/drive/folders/1ThH8j3GLY6qT8uqlHsuxzXYbReu_7GTP,mus_musculus,NCBITaxon:10090,xenium,EFO:0022615,brain,UBERON:0000955,na,unknown,,,,,,,,,,,,,,,
realmouse_4,mouse_coronal_brain,Mats & Sergio Xenium,,https://drive.google.com/drive/folders/1ThH8j3GLY6qT8uqlHsuxzXYbReu_7GTP,mus_musculus,NCBITaxon:10090,xenium,EFO:0022615,brain,UBERON:0000955,na,unknown,,,,,,,,,,,,,,,
breast_Xenium_no_exp_qc,Xenium TCR,Mats & Sergio Xenium,1003,,homo_sapiens,NCBITaxon:9606,xenium,EFO:0022615,breast,,,,,,,,,,,,,,,,,,
NSCLC_healthy_lymph_node,Xenium TCR,Mats & Sergio Xenium,1004,,homo_sapiens,NCBITaxon:9606,xenium,EFO:0022615,lymph node,UBERON:0000029,,,,,,,,,,,,,,,,,
NSCLC_PT,Xenium TCR,Mats & Sergio Xenium,1005,,homo_sapiens,NCBITaxon:9606,xenium,EFO:0022615,,,,,,,,,,,,,,,,,,,
CM008_annotated,CARTANA Human Reproductive Tract Late Female 1,ISS CARTANA by Valentina,78,,homo_sapiens,NCBITaxon:9606,cartana,na,female_reproductive_system,UBERON:0000474,female,PATO:0000383,15,week,fetal,HsapDv:0000052,healthy,healthy,healthy,PATO:0000461,PATO:0000461,PATO:0000461,unknown,offline,,,
CM013_annotated,CARTANA Human Reproductive Tract Late Female 2,ISS CARTANA by Valentina,78,,homo_sapiens,NCBITaxon:9606,cartana,na,female_reproductive_system,UBERON:0000474,female,PATO:0000383,17,week,fetal,HsapDv:0000054,healthy,healthy,healthy,PATO:0000461,PATO:0000461,PATO:0000461,unknown,offline,,,
CM015_annotated,CARTANA Human Reproductive Tract Late Female 3,ISS CARTANA by Valentina,78,,homo_sapiens,NCBITaxon:9606,cartana,na,female_reproductive_system,UBERON:0000474,female,PATO:0000383,15,week,fetal,HsapDv:0000052,healthy,healthy,healthy,PATO:0000461,PATO:0000461,PATO:0000461,unknown,offline,,,
CM016_annotated,CARTANA Human Reproductive Tract Late Female 4,ISS CARTANA by Valentina,78,,homo_sapiens,NCBITaxon:9606,cartana,na,female_reproductive_system,UBERON:0000474,female,PATO:0000383,13,week,fetal,HsapDv:0000050,healthy,healthy,healthy,PATO:0000461,PATO:0000461,PATO:0000461,unknown,offline,,,
CM018_annotated,CARTANA Human Reproductive Tract Late Female 5,ISS CARTANA by Valentina,78,,homo_sapiens,NCBITaxon:9606,cartana,na,female_reproductive_system,UBERON:0000474,female,PATO:0000383,13,week,fetal,HsapDv:0000050,healthy,healthy,healthy,PATO:0000461,PATO:0000461,PATO:0000461,unknown,offline,,,
CM017_annotated,CARTANA Human Reproductive Tract Late Male 1,ISS CARTANA by Valentina,78,,homo_sapiens,NCBITaxon:9606,cartana,na,male_reproductive_system,UBERON:0000079,male,PATO:0000384,16,week,fetal,HsapDv:0000053,healthy,healthy,healthy,PATO:0000461,PATO:0000461,PATO:0000461,unknown,offline,,,
CM019_annotated,CARTANA Human Reproductive Tract Late Male 2,ISS CARTANA by Valentina,78,,homo_sapiens,NCBITaxon:9606,cartana,na,male_reproductive_system,UBERON:0000079,male,PATO:0000384,16,week,fetal,HsapDv:0000053,healthy,healthy,healthy,PATO:0000461,PATO:0000461,PATO:0000461,unknown,offline,,,
CM007_annotated,CARTANA Human Reproductive Tract Early 1,ISS CARTANA by Valentina,78,,homo_sapiens,NCBITaxon:9606,cartana,na,reproductive_system,UBERON:0000990,na,unknown,18,carnegie,fetal,HsapDv:0000025,healthy,healthy,healthy,PATO:0000461,PATO:0000461,PATO:0000461,unknown,offline,,,
CM009_annotated,CARTANA Human Reproductive Tract Early 2,ISS CARTANA by Valentina,78,,homo_sapiens,NCBITaxon:9606,cartana,na,reproductive_system,UBERON:0000990,na,unknown,19,carnegie,fetal,HsapDv:0000026,healthy,healthy,healthy,PATO:0000461,PATO:0000461,PATO:0000461,unknown,offline,,,
CM011_annotated,CARTANA Human Reproductive Tract Early 3,ISS CARTANA by Valentina,78,,homo_sapiens,NCBITaxon:9606,cartana,na,male_reproductive_system,UBERON:0000079,male,PATO:0000384,9,week,fetal,HsapDv:0000046,healthy,healthy,healthy,PATO:0000461,PATO:0000461,PATO:0000461,unknown,offline,,,
CM020_annotated,CARTANA Human Reproductive Tract Early 4,ISS CARTANA by Valentina,78,,homo_sapiens,NCBITaxon:9606,cartana,na,male_reproductive_system,UBERON:0000079,male,PATO:0000384,10,week,fetal,HsapDv:0000047,healthy,healthy,healthy,PATO:0000461,PATO:0000461,PATO:0000461,unknown,offline,,,
Xenium Human Skin (Lloyd),Xenium Human Skin,Beacon Data from Lloyd Steele,1000,,,,,,,,,,,,,,,,,,,,,,,,
Xenium Human Brain (Koen),Xenium Human Brain,GBM Data by Koen from Omer's Lab,1002,,,,,,,,,,,,,,,,,,,,,,,,
,,,,,,,,,,,,,,,,,,,,,,,,,,,
,Visium Mouse Brain 15,Visium Mouse Brain 15,,https://www.10xgenomics.com/datasets/multiomic-integration-neuroscience-application-note-visium-for-ffpe-plus-immunofluorescence-alzheimers-disease-mouse-model-brain-coronal-sections-from-one-hemisphere-over-a-time-course-1-standard,mus_musculus,NCBITaxon:10090,visium,EFO:0010961,brain,UBERON:0000955,,unknown,,,,MmusDv:0000110,alzheimers,,,MONDO:0004975,,MONDO:0004975,unknown,,,,
,Visium Human Brain 4,Visium Human Brain 4,,https://www.10xgenomics.com/datasets/human-glioblastoma-whole-transcriptome-analysis-1-standard-1-2-0,homo_sapiens,NCBITaxon:9606,visium,EFO:0010966,brain,UBERON:0000955,,unknown,,,,HsapDv:0000258,cancer,,,MONDO:0001657,,MONDO:0001657,unknown,,,,
,Visium Mouse Brain 17,Visium Mouse Brain 17,,https://www.10xgenomics.com/datasets/mouse-brain-section-coronal-1-standard,homo_sapiens,NCBITaxon:9606,visium,EFO:0010967,brain,UBERON:0000955,,unknown,,,,HsapDv:0000258,cancer,,,MONDO:0001657,,MONDO:0001657,unknown,,,,
,Visium Human Brain 5,Visium Human Brain 5,,https://www.10xgenomics.com/datasets/human-brain-cancer-11-mm-capture-area-ffpe-2-standard,homo_sapiens,NCBITaxon:9606,visium,EFO:0010968,brain,UBERON:0000955,,unknown,,,,HsapDv:0000258,cancer,,,MONDO:0001657,,MONDO:0001657,unknown,,,,
,Visium Human Brain 6,Visium Human Brain 6,,https://www.10xgenomics.com/datasets/gene-and-protein-expression-library-of-human-glioblastoma-cytassist-ffpe-2-standard,homo_sapiens,NCBITaxon:9606,visium,EFO:0010969,brain,UBERON:0000955,,unknown,,,,HsapDv:0000258,cancer,,,MONDO:0001657,,MONDO:0001657,unknown,,,,
,Visium Human Breast 6,Visium Human Breast 6,,https://www.10xgenomics.com/datasets/invasive-ductal-carcinoma-stained-with-fluorescent-cd-3-antibody-1-standard-1-2-0,homo_sapiens,NCBITaxon:9606,visium,EFO:0010970,breast,UBERON:0000310,,unknown,,,,HsapDv:0000258,cancer,,,MONDO:0007254,,MONDO:0007254,unknown,,,,
,Visium Human Breast 7,Visium Human Breast 7,,https://www.10xgenomics.com/datasets/human-breast-cancer-ductal-carcinoma-in-situ-invasive-carcinoma-ffpe-1-standard-1-3-0,homo_sapiens,NCBITaxon:9606,visium,EFO:0010971,breast,UBERON:0000310,,unknown,,,,HsapDv:0000258,cancer,,,MONDO:0007254,,MONDO:0007254,unknown,,,,
,Visium Human Breast 8,Visium Human Breast 8,,https://www.10xgenomics.com/datasets/human-breast-cancer-visium-fresh-frozen-whole-transcriptome-1-standard,homo_sapiens,NCBITaxon:9606,visium,EFO:0010972,breast,UBERON:0000310,,unknown,,,,HsapDv:0000258,cancer,,,MONDO:0007254,,MONDO:0007254,unknown,,,,
,Visium Human Breast 9,Visium Human Breast 9,,https://www.10xgenomics.com/datasets/fresh-frozen-visium-on-cytassist-human-breast-cancer-probe-based-whole-transcriptome-profiling-2-standard,homo_sapiens,NCBITaxon:9606,visium,EFO:0010973,breast,UBERON:0000310,,unknown,,,,HsapDv:0000258,cancer,,,MONDO:0007254,,MONDO:0007254,unknown,,,,
,Visium Human Breast 10,Visium Human Breast 10,,https://www.10xgenomics.com/datasets/gene-and-protein-expression-library-of-human-breast-cancer-cytassist-ffpe-2-standard,homo_sapiens,NCBITaxon:9606,visium,EFO:0010974,breast,UBERON:0000310,,unknown,,,,HsapDv:0000258,cancer,,,MONDO:0007254,,MONDO:0007254,unknown,,,,
,Visium Human Cervix 1,Visium Human Cervix 1,,https://www.10xgenomics.com/datasets/human-cervical-cancer-1-standard,homo_sapiens,NCBITaxon:9606,visium,EFO:0010975,cervix,UBERON:0000002,,unknown,,,,HsapDv:0000258,cancer,,,MONDO:0002974,,MONDO:0002974,unknown,,,,
,Visium Human Colon 1,Visium Human Colon 1,,https://www.10xgenomics.com/datasets/human-colorectal-cancer-whole-transcriptome-analysis-1-standard-1-2-0,homo_sapiens,NCBITaxon:9606,visium,EFO:0010976,colon,UBERON:0001155,,unknown,,,,HsapDv:0000258,cancer,,,MONDO:0021063,,MONDO:0021063,unknown,,,,
,Visium Human Colon 2,Visium Human Colon 2,,https://www.10xgenomics.com/datasets/human-colorectal-cancer-11-mm-capture-area-ffpe-2-standard,homo_sapiens,NCBITaxon:9606,visium,EFO:0010977,colon,UBERON:0001155,,unknown,,,,HsapDv:0000258,cancer,,,MONDO:0021063,,MONDO:0021063,unknown,,,,
,Visium Human Intestine 1,Visium Human Intestine 1,,https://www.10xgenomics.com/datasets/human-intestine-cancer-1-standard,homo_sapiens,NCBITaxon:9606,visium,EFO:0010978,intestine,UBERON:0000160,,unknown,,,,HsapDv:0000258,cancer,,,MONDO:0005814,,MONDO:0005814,unknown,,,,
,Visium Human Kidney 1,Visium Human Kidney 1,,https://cellxgene.cziscience.com/collections/f7cecffa-00b4-4560-a29a-8ad626b8ee08,homo_sapiens,NCBITaxon:9606,visium,EFO:0010979,kidney,UBERON:0002113,,unknown,,,,HsapDv:0000258,cancer,,,MONDO:0002367,,MONDO:0002367,unknown,,,,
,Visium Human Lung 2,Visium Human Lung 2,,https://www.10xgenomics.com/datasets/human-lung-cancer-ffpe-2-standard,homo_sapiens,NCBITaxon:9606,visium,EFO:0010980,lung,UBERON:0002048,,unknown,,,,HsapDv:0000258,cancer,,,MONDO:0008903,,MONDO:0008903,unknown,,,,
,Visium Human Ovary 1,Visium Human Ovary 1,,https://www.10xgenomics.com/datasets/human-ovarian-cancer-whole-transcriptome-analysis-stains-dapi-anti-pan-ck-anti-cd-45-1-standard-1-2-0,homo_sapiens,NCBITaxon:9606,visium,EFO:0010981,ovary,UBERON:0000992,,unknown,,,,HsapDv:0000258,cancer,,,MONDO:0008170,,MONDO:0008170,unknown,,,,
,Visium Human Ovary 2,Visium Human Ovary 2,,https://www.10xgenomics.com/datasets/human-ovarian-cancer-1-standard,homo_sapiens,NCBITaxon:9606,visium,EFO:0010982,ovary,UBERON:0000992,,unknown,,,,HsapDv:0000258,cancer,,,MONDO:0008170,,MONDO:0008170,unknown,,,,
,Visium Human Ovary 3,Visium Human Ovary 3,,https://www.10xgenomics.com/datasets/human-ovarian-cancer-11-mm-capture-area-ffpe-2-standard,homo_sapiens,NCBITaxon:9606,visium,EFO:0010983,ovary,UBERON:0000992,,unknown,,,,HsapDv:0000258,cancer,,,MONDO:0008170,,MONDO:0008170,unknown,,,,
,Visium Human Prostate 1,Visium Human Prostate 1,,https://www.10xgenomics.com/datasets/human-prostate-cancer-adenocarcinoma-with-invasive-carcinoma-ffpe-1-standard-1-3-0,homo_sapiens,NCBITaxon:9606,visium,EFO:0010984,prostate,UBERON:0002367,,unknown,,,,HsapDv:0000258,cancer,,,MONDO:0008315,,MONDO:0008315,unknown,,,,
,Visium Human Prostate 3,Visium Human Prostate 3,,https://www.10xgenomics.com/datasets/human-prostate-cancer-adjacent-normal-section-with-if-staining-ffpe-1-standard-1-3-0,homo_sapiens,NCBITaxon:9606,visium,EFO:0010985,prostate,UBERON:0002367,,unknown,,,,HsapDv:0000258,cancer,,,MONDO:0008315,,MONDO:0008315,unknown,,,,
,Visium Human Prostate 5,Visium Human Prostate 5,,https://www.10xgenomics.com/datasets/human-prostate-cancer-adjacent-normal-section-with-if-staining-ffpe-1-standard,homo_sapiens,NCBITaxon:9606,visium,EFO:0010986,prostate,UBERON:0002367,,unknown,,,,HsapDv:0000258,cancer,,,MONDO:0008315,,MONDO:0008315,unknown,,,,
,Visium Human Skin 1,Visium Human Skin 1,,https://www.10xgenomics.com/datasets/human-melanoma-if-stained-ffpe-2-standard,homo_sapiens,NCBITaxon:9606,visium,EFO:0010987,skin,UBERON:0002097,,unknown,,,,HsapDv:0000258,cancer,,,MONDO:0002898,,MONDO:0002898,unknown,,,,
,Visium Human Brain 1,Visium Human Brain 1,,https://www.10xgenomics.com/datasets/adult-human-brain-1-cerebral-cortex-unknown-orientation-stains-anti-gfap-anti-nfh-1-standard-1-1-0,homo_sapiens,NCBITaxon:9606,visium,EFO:0010988,brain,UBERON:0000955,,unknown,,,,HsapDv:0000258,healthy,,,PATO:0000461,,PATO:0000461,unknown,,,,
,Visium Human Brain 2,Visium Human Brain 2,,https://www.10xgenomics.com/datasets/adult-human-brain-2-cerebral-cortex-unknown-orientation-stains-anti-snap-25-anti-nfh-1-standard-1-1-0,homo_sapiens,NCBITaxon:9606,visium,EFO:0010989,brain,UBERON:0000955,,unknown,,,,HsapDv:0000258,healthy,,,PATO:0000461,,PATO:0000461,unknown,,,,
,Visium Human Brain 3,Visium Human Brain 3,,https://www.10xgenomics.com/datasets/human-cerebellum-whole-transcriptome-analysis-1-standard-1-2-0,homo_sapiens,NCBITaxon:9606,visium,EFO:0010990,brain,UBERON:0000955,,unknown,,,,HsapDv:0000258,healthy,,,PATO:0000461,,PATO:0000461,unknown,,,,
,Visium Human Brain 4,Visium Human Brain 4,,https://www.10xgenomics.com/datasets/human-cerebellum-targeted-neuroscience-panel-1-standard,homo_sapiens,NCBITaxon:9606,visium,EFO:0010991,brain,UBERON:0000955,,unknown,,,,HsapDv:0000258,healthy,,,PATO:0000461,,PATO:0000461,unknown,,,,
,Visium Human Breast 1,Visium Human Breast 1,,https://cellxgene.cziscience.com/collections/4195ab4c-20bd-4cd3-8b3d-65601277e731,homo_sapiens,NCBITaxon:9606,visium,EFO:0010992,breast,UBERON:0000310,,unknown,,,,HsapDv:0000258,healthy,,,PATO:0000461,,PATO:0000461,unknown,,,,
,Visium Human Breast 1,Visium Human Breast 1,,https://www.10xgenomics.com/datasets/human-breast-cancer-block-a-section-1-1-standard-1-0-0,homo_sapiens,NCBITaxon:9606,visium,EFO:0010993,breast,UBERON:0000310,,unknown,,,,HsapDv:0000258,healthy,,,PATO:0000461,,PATO:0000461,unknown,,,,
,Visium Human Breast 2 ,Visium Human Breast 2 ,,https://www.10xgenomics.com/datasets/human-breast-cancer-block-a-section-2-1-standard-1-0-0,homo_sapiens,NCBITaxon:9606,visium,EFO:0010994,breast,UBERON:0000310,,unknown,,,,HsapDv:0000258,healthy,,,PATO:0000461,,PATO:0000461,unknown,,,,
,Visium Human Breast 3,Visium Human Breast 3,,https://www.10xgenomics.com/datasets/human-breast-cancer-block-a-section-1-1-standard-1-1-0,homo_sapiens,NCBITaxon:9606,visium,EFO:0010995,breast,UBERON:0000310,,unknown,,,,HsapDv:0000258,healthy,,,PATO:0000461,,PATO:0000461,unknown,,,,
,Visium Human Breast 4,Visium Human Breast 4,,https://www.10xgenomics.com/datasets/human-breast-cancer-block-a-section-2-1-standard-1-1-0,homo_sapiens,NCBITaxon:9606,visium,EFO:0010996,breast,UBERON:0000310,,unknown,,,,HsapDv:0000258,healthy,,,PATO:0000461,,PATO:0000461,unknown,,,,
,Visium Human Breast 5,Visium Human Breast 5,,https://www.10xgenomics.com/datasets/human-breast-cancer-whole-transcriptome-analysis-1-standard-1-2-0,homo_sapiens,NCBITaxon:9606,visium,EFO:0010997,breast,UBERON:0000310,,unknown,,,,HsapDv:0000258,healthy,,,PATO:0000461,,PATO:0000461,unknown,,,,
,Visium Human Colon 1,Visium Human Colon 1,,https://cellxgene.cziscience.com/collections/60358420-6055-411d-ba4f-e8ac80682a2e,homo_sapiens,NCBITaxon:9606,visium,EFO:0010998,colon,UBERON:0001155,,unknown,,,,HsapDv:0000258,healthy,,,PATO:0000461,,PATO:0000461,unknown,,,,
,Visium Human Colon 3,Visium Human Colon 3,,https://www.10xgenomics.com/datasets/visium-cytassist-gene-expression-libraries-of-post-xenium-human-colon-cancer-ffpe-using-the-human-whole-transcriptome-probe-set-2-standard,homo_sapiens,NCBITaxon:9606,visium,EFO:0010999,colon,UBERON:0001155,,unknown,,,,HsapDv:0000258,healthy,,,PATO:0000461,,PATO:0000461,unknown,,,,
,Visium Human Heart Atlas,Visium Human Heart Atlas,,https://cellxgene.cziscience.com/collections/3116d060-0a8e-4767-99bb-e866badea1ed,homo_sapiens,NCBITaxon:9606,visium,EFO:0011000,heart,UBERON:0000948,,unknown,,,,HsapDv:0000258,healthy,,,PATO:0000461,,PATO:0000461,unknown,,,,
,Visium Human Heart 1,Visium Human Heart 1,,https://cellxgene.cziscience.com/collections/8191c283-0816-424b-9b61-c3e1d6258a77,homo_sapiens,NCBITaxon:9606,visium,EFO:0011001,heart,UBERON:0000948,,unknown,,,,HsapDv:0000258,healthy,,,PATO:0000461,,PATO:0000461,unknown,,,,
,Visium Human Heart 1,Visium Human Heart 1,,https://www.10xgenomics.com/datasets/human-heart-1-standard-1-0-0,homo_sapiens,NCBITaxon:9606,visium,EFO:0011002,heart,UBERON:0000948,,unknown,,,,HsapDv:0000258,healthy,,,PATO:0000461,,PATO:0000461,unknown,,,,
,Visium Human Heart 2,Visium Human Heart 2,,https://www.10xgenomics.com/datasets/human-heart-1-standard-1-1-0,homo_sapiens,NCBITaxon:9606,visium,EFO:0011003,heart,UBERON:0000948,,unknown,,,,HsapDv:0000258,healthy,,,PATO:0000461,,PATO:0000461,unknown,,,,
,Visium Human Kidney 2,Visium Human Kidney 2,,https://www.10xgenomics.com/datasets/human-kidney-11-mm-capture-area-ffpe-2-standard,homo_sapiens,NCBITaxon:9606,visium,EFO:0011004,kidney,UBERON:0002113,,unknown,,,,HsapDv:0000258,healthy,,,PATO:0000461,,PATO:0000461,unknown,,,,
,Visium Human Liver 1,Visium Human Liver 1,,https://cellxgene.cziscience.com/collections/0c8a364b-97b5-4cc8-a593-23c38c6f0ac5,homo_sapiens,NCBITaxon:9606,visium,EFO:0011005,liver,UBERON:0002107,,unknown,,,,HsapDv:0000258,healthy,,,PATO:0000461,,PATO:0000461,unknown,,,,
,Visium Human Lung 1,Visium Human Lung 1,,https://cellxgene.cziscience.com/collections/c1241244-b22d-483d-875b-75699efb9f3c,homo_sapiens,NCBITaxon:9606,visium,EFO:0011006,lung,UBERON:0002048,,unknown,,,,HsapDv:0000258,healthy,,,PATO:0000461,,PATO:0000461,unknown,,,,
,Visium Human Lung 3,Visium Human Lung 3,,https://www.10xgenomics.com/datasets/human-lung-cancer-11-mm-capture-area-ffpe-2-standard,homo_sapiens,NCBITaxon:9606,visium,EFO:0011007,lung,UBERON:0002048,,unknown,,,,HsapDv:0000258,healthy,,,PATO:0000461,,PATO:0000461,unknown,,,,
,Visium Human Lymph Node 1,Visium Human Lymph Node 1,,https://www.10xgenomics.com/datasets/human-lymph-node-1-standard-1-0-0,homo_sapiens,NCBITaxon:9606,visium,EFO:0011008,lymph node,UBERON:0000029,,unknown,,,,HsapDv:0000258,healthy,,,PATO:0000461,,PATO:0000461,unknown,,,,
,Visium Human Lymph Node 2,Visium Human Lymph Node 2,,https://www.10xgenomics.com/datasets/human-lymph-node-1-standard-1-1-0,homo_sapiens,NCBITaxon:9606,visium,EFO:0011009,lymph node,UBERON:0000029,,unknown,,,,HsapDv:0000258,healthy,,,PATO:0000461,,PATO:0000461,unknown,,,,
,Visium Human Placenta 1,Visium Human Placenta 1,,https://cellxgene.cziscience.com/collections/e2c257e7-6f79-487c-b81c-39451cd4ab3c,homo_sapiens,NCBITaxon:9606,visium,EFO:0011010,placenta,UBERON:0001987,,unknown,,,,HsapDv:0000258,healthy,,,PATO:0000461,,PATO:0000461,unknown,,,,
,Visium Human Prostate 2,Visium Human Prostate 2,,https://www.10xgenomics.com/datasets/normal-human-prostate-ffpe-1-standard-1-3-0,homo_sapiens,NCBITaxon:9606,visium,EFO:0011011,prostate,UBERON:0002367,,unknown,,,,HsapDv:0000258,healthy,,,PATO:0000461,,PATO:0000461,unknown,,,,
,Visium Human Prostate 4,Visium Human Prostate 4,,https://www.10xgenomics.com/datasets/human-prostate-cancer-acinar-cell-carcinoma-ffpe-1-standard,homo_sapiens,NCBITaxon:9606,visium,EFO:0011012,prostate,UBERON:0002367,,unknown,,,,HsapDv:0000258,healthy,,,PATO:0000461,,PATO:0000461,unknown,,,,
,Visium Human Skin 1,Visium Human Skin 1,,https://cellxgene.cziscience.com/collections/34f12de7-c5e5-4813-a136-832677f98ac8,homo_sapiens,NCBITaxon:9606,visium,EFO:0011013,skin,UBERON:0002097,,unknown,,,,HsapDv:0000258,healthy,,,PATO:0000461,,PATO:0000461,unknown,,,,
,Visium Human Spinal Cord 1,Visium Human Spinal Cord 1,,https://www.10xgenomics.com/datasets/human-spinal-cord-whole-transcriptome-analysis-stains-dapi-anti-snap-25-anti-gfap-anti-myelin-cn-pase-1-standard-1-2-0,homo_sapiens,NCBITaxon:9606,visium,EFO:0011014,spinal cord,UBERON:0002240,,unknown,,,,HsapDv:0000258,healthy,,,PATO:0000461,,PATO:0000461,unknown,,,,
,Visium Human Tonsil 1,Visium Human Tonsil 1,,https://www.10xgenomics.com/datasets/gene-protein-expression-library-of-human-tonsil-cytassist-ffpe-2-standard,homo_sapiens,NCBITaxon:9606,visium,EFO:0011015,tonsil,UBERON:0002372,,unknown,,,,HsapDv:0000258,healthy,,,PATO:0000461,,PATO:0000461,unknown,,,,
,Visium Human Tonsil 2,Visium Human Tonsil 2,,https://www.10xgenomics.com/datasets/visium-cytassist-gene-and-protein-expression-library-of-human-tonsil-with-add-on-antibodies-h-e-6-5-mm-ffpe-2-standard,homo_sapiens,NCBITaxon:9606,visium,EFO:0011016,tonsil,UBERON:0002372,,unknown,,,,HsapDv:0000258,healthy,,,PATO:0000461,,PATO:0000461,unknown,,,,
,Visium Mouse Brain 1,Visium Mouse Brain 1,,https://www.10xgenomics.com/datasets/mouse-brain-section-coronal-1-standard-1-0-0,mus_musculus,NCBITaxon:10090,visium,EFO:0010961,brain,UBERON:0000955,,unknown,,,,MmusDv:0000110,healthy,,,PATO:0000461,,PATO:0000461,unknown,,,,
,Visium Mouse Brain 2,Visium Mouse Brain 2,,https://www.10xgenomics.com/datasets/mouse-brain-serial-section-1-sagittal-anterior-1-standard-1-0-0,mus_musculus,NCBITaxon:10090,visium,EFO:0010961,brain,UBERON:0000955,,unknown,,,,MmusDv:0000110,healthy,,,PATO:0000461,,PATO:0000461,unknown,,,,
,Visium Mouse Brain 3,Visium Mouse Brain 3,,https://www.10xgenomics.com/datasets/mouse-brain-serial-section-1-sagittal-posterior-1-standard-1-0-0,mus_musculus,NCBITaxon:10090,visium,EFO:0010961,brain,UBERON:0000955,,unknown,,,,MmusDv:0000110,healthy,,,PATO:0000461,,PATO:0000461,unknown,,,,
,Visium Mouse Brain 4,Visium Mouse Brain 4,,https://www.10xgenomics.com/datasets/mouse-brain-serial-section-2-sagittal-anterior-1-standard-1-0-0,mus_musculus,NCBITaxon:10090,visium,EFO:0010961,brain,UBERON:0000955,,unknown,,,,MmusDv:0000110,healthy,,,PATO:0000461,,PATO:0000461,unknown,,,,
,Visium Mouse Brain 5,Visium Mouse Brain 5,,https://www.10xgenomics.com/datasets/mouse-brain-serial-section-2-sagittal-posterior-1-standard-1-0-0,mus_musculus,NCBITaxon:10090,visium,EFO:0010961,brain,UBERON:0000955,,unknown,,,,MmusDv:0000110,healthy,,,PATO:0000461,,PATO:0000461,unknown,,,,
,Visium Mouse Brain 6,Visium Mouse Brain 6,,https://www.10xgenomics.com/datasets/adult-mouse-brain-section-1-coronal-stains-dapi-anti-neu-n-1-standard-1-1-0,mus_musculus,NCBITaxon:10090,visium,EFO:0010961,brain,UBERON:0000955,,unknown,,,,MmusDv:0000110,healthy,,,PATO:0000461,,PATO:0000461,unknown,,,,
,Visium Mouse Brain 7,Visium Mouse Brain 7,,https://www.10xgenomics.com/datasets/adult-mouse-brain-section-2-coronal-stains-dapi-anti-gfap-anti-neu-n-1-standard-1-1-0,mus_musculus,NCBITaxon:10090,visium,EFO:0010961,brain,UBERON:0000955,,unknown,,,,MmusDv:0000110,healthy,,,PATO:0000461,,PATO:0000461,unknown,,,,
,Visium Mouse Brain 8,Visium Mouse Brain 8,,https://www.10xgenomics.com/datasets/mouse-brain-section-coronal-1-standard-1-1-0,mus_musculus,NCBITaxon:10090,visium,EFO:0010961,brain,UBERON:0000955,,unknown,,,,MmusDv:0000110,healthy,,,PATO:0000461,,PATO:0000461,unknown,,,,
,Visium Mouse Brain 9,Visium Mouse Brain 9,,https://www.10xgenomics.com/datasets/mouse-brain-serial-section-1-sagittal-anterior-1-standard-1-1-0,mus_musculus,NCBITaxon:10090,visium,EFO:0010961,brain,UBERON:0000955,,unknown,,,,MmusDv:0000110,healthy,,,PATO:0000461,,PATO:0000461,unknown,,,,
,Visium Mouse Brain 10,Visium Mouse Brain 10,,https://www.10xgenomics.com/datasets/mouse-brain-serial-section-1-sagittal-posterior-1-standard-1-1-0,mus_musculus,NCBITaxon:10090,visium,EFO:0010961,brain,UBERON:0000955,,unknown,,,,MmusDv:0000110,healthy,,,PATO:0000461,,PATO:0000461,unknown,,,,
,Visium Mouse Brain 11,Visium Mouse Brain 11,,https://www.10xgenomics.com/datasets/mouse-brain-serial-section-2-sagittal-posterior-1-standard-1-1-0,mus_musculus,NCBITaxon:10090,visium,EFO:0010961,brain,UBERON:0000955,,unknown,,,,MmusDv:0000110,healthy,,,PATO:0000461,,PATO:0000461,unknown,,,,
,Visium Mouse Brain 12,Visium Mouse Brain 12,,https://www.10xgenomics.com/datasets/mouse-brain-serial-section-2-sagittal-posterior-1-standard-1-1-0,mus_musculus,NCBITaxon:10090,visium,EFO:0010961,brain,UBERON:0000955,,unknown,,,,MmusDv:0000110,healthy,,,PATO:0000461,,PATO:0000461,unknown,,,,
,Visium Mouse Brain 13,Visium Mouse Brain 13,,https://www.10xgenomics.com/datasets/adult-mouse-brain-ffpe-1-standard-1-3-0,mus_musculus,NCBITaxon:10090,visium,EFO:0010961,brain,UBERON:0000955,,unknown,,,,MmusDv:0000110,healthy,,,PATO:0000461,,PATO:0000461,unknown,,,,
,Visium Mouse Brain 14,Visium Mouse Brain 14,,https://www.10xgenomics.com/datasets/adult-mouse-brain-if-stained-ffpe-1-standard-1-3-0,mus_musculus,NCBITaxon:10090,visium,EFO:0010961,brain,UBERON:0000955,,unknown,,,,MmusDv:0000110,healthy,,,PATO:0000461,,PATO:0000461,unknown,,,,
,Visium Mouse Brain 16,Visium Mouse Brain 16,,https://www.10xgenomics.com/datasets/adult-mouse-olfactory-bulb-1-standard,mus_musculus,NCBITaxon:10090,visium,EFO:0010961,brain,UBERON:0000955,,unknown,,,,MmusDv:0000110,healthy,,,PATO:0000461,,PATO:0000461,unknown,,,,
,Visium Mouse Brain 18,Visium Mouse Brain 18,,https://www.10xgenomics.com/datasets/mouse-brain-serial-section-2-sagittal-posterior-1-standard,mus_musculus,NCBITaxon:10090,visium,EFO:0010961,brain,UBERON:0000955,,unknown,,,,MmusDv:0000110,healthy,,,PATO:0000461,,PATO:0000461,unknown,,,,
,Visium Mouse Brain 19,Visium Mouse Brain 19,,https://www.10xgenomics.com/datasets/mouse-brain-serial-section-2-sagittal-anterior-1-standard,mus_musculus,NCBITaxon:10090,visium,EFO:0010961,brain,UBERON:0000955,,unknown,,,,MmusDv:0000110,healthy,,,PATO:0000461,,PATO:0000461,unknown,,,,
,Visium Mouse Brain 20,Visium Mouse Brain 20,,https://www.10xgenomics.com/datasets/adult-mouse-olfactory-bulb-1-standard-1,mus_musculus,NCBITaxon:10090,visium,EFO:0010961,brain,UBERON:0000955,,unknown,,,,MmusDv:0000110,healthy,,,PATO:0000461,,PATO:0000461,unknown,,,,
,Visium Mouse Brain 21,Visium Mouse Brain 21,,https://www.10xgenomics.com/datasets/mouse-brain-coronal-section-1-ffpe-2-standard,mus_musculus,NCBITaxon:10090,visium,EFO:0010961,brain,UBERON:0000955,,unknown,,,,MmusDv:0000110,healthy,,,PATO:0000461,,PATO:0000461,unknown,,,,
,Visium Mouse Brain 22,Visium Mouse Brain 22,,https://www.10xgenomics.com/datasets/mouse-brain-coronal-section-2-ffpe-2-standard,mus_musculus,NCBITaxon:10090,visium,EFO:0010961,brain,UBERON:0000955,,unknown,,,,MmusDv:0000110,healthy,,,PATO:0000461,,PATO:0000461,unknown,,,,
,Visium Mouse Brain 23,Visium Mouse Brain 23,,https://www.10xgenomics.com/datasets/aggregate-of-mouse-brain-sections-visium-fresh-frozen-whole-transcriptome-1-standard,mus_musculus,NCBITaxon:10090,visium,EFO:0010961,brain,UBERON:0000955,,unknown,,,,MmusDv:0000110,healthy,,,PATO:0000461,,PATO:0000461,unknown,,,,
,Visium Mouse Brain 24,Visium Mouse Brain 24,,https://www.10xgenomics.com/datasets/aggregate-of-mouse-brain-sections-cytassist-for-ffpe-2-standard,mus_musculus,NCBITaxon:10090,visium,EFO:0010961,brain,UBERON:0000955,,unknown,,,,MmusDv:0000110,healthy,,,PATO:0000461,,PATO:0000461,unknown,,,,
,Visium Mouse Brain 25,Visium Mouse Brain 25,,https://www.10xgenomics.com/datasets/adult-mouse-brain-coronal-section-visium-ff-1-standard,mus_musculus,NCBITaxon:10090,visium,EFO:0010961,brain,UBERON:0000955,,unknown,,,,MmusDv:0000110,healthy,,,PATO:0000461,,PATO:0000461,unknown,,,,
,Visium Mouse Brain 26,Visium Mouse Brain 26,,https://www.10xgenomics.com/datasets/fresh-frozen-visium-on-cytassist-mouse-brain-probe-based-whole-transcriptome-profiling-2-standard,mus_musculus,NCBITaxon:10090,visium,EFO:0010961,brain,UBERON:0000955,,unknown,,,,MmusDv:0000110,healthy,,,PATO:0000461,,PATO:0000461,unknown,,,,
,Visium Mouse Brain 27,Visium Mouse Brain 27,,https://www.10xgenomics.com/datasets/fixed-frozen-visium-on-cytassist-mouse-brain-probe-based-whole-transcriptome-profiling-2-standard,mus_musculus,NCBITaxon:10090,visium,EFO:0010961,brain,UBERON:0000955,,unknown,,,,MmusDv:0000110,healthy,,,PATO:0000461,,PATO:0000461,unknown,,,,
,Visium Mouse Brain 28,Visium Mouse Brain 28,,https://www.10xgenomics.com/datasets/fresh-frozen-visium-on-cytassist-mouse-brain-probe-based-whole-transcriptome-profiling-2-standard-1,mus_musculus,NCBITaxon:10090,visium,EFO:0010961,brain,UBERON:0000955,,unknown,,,,MmusDv:0000110,healthy,,,PATO:0000461,,PATO:0000461,unknown,,,,
,Visium Mouse Brain 29,Visium Mouse Brain 29,,https://www.10xgenomics.com/datasets/ffpe-visium-on-cytassist-mouse-brain-probe-based-whole-transcriptome-profiling-2-standard,mus_musculus,NCBITaxon:10090,visium,EFO:0010961,brain,UBERON:0000955,,unknown,,,,MmusDv:0000110,healthy,,,PATO:0000461,,PATO:0000461,unknown,,,,
,Visium Mouse Brain 30,Visium Mouse Brain 30,,https://www.10xgenomics.com/datasets/adult-mouse-brain-coronal-section-fresh-frozen-1-standard,mus_musculus,NCBITaxon:10090,visium,EFO:0010961,brain,UBERON:0000955,,unknown,,,,MmusDv:0000110,healthy,,,PATO:0000461,,PATO:0000461,unknown,,,,
,Visium Mouse Brain 31,Visium Mouse Brain 31,,https://www.10xgenomics.com/datasets/preservation-method-comparison-on-visium-cytassist-ffpe-mouse-brain-sagittal-11-mm-capture-area-2-standard,mus_musculus,NCBITaxon:10090,visium,EFO:0010961,brain,UBERON:0000955,,unknown,,,,MmusDv:0000110,healthy,,,PATO:0000461,,PATO:0000461,unknown,,,,
,Visium Mouse Brain 32,Visium Mouse Brain 32,,https://www.10xgenomics.com/datasets/preservation-method-comparison-on-visium-cytassist-fresh-frozen-mouse-brain-sagittal-11-mm-capture-area-2-standard,mus_musculus,NCBITaxon:10090,visium,EFO:0010961,brain,UBERON:0000955,,unknown,,,,MmusDv:0000110,healthy,,,PATO:0000461,,PATO:0000461,unknown,,,,
,Visium Mouse Brain 33,Visium Mouse Brain 33,,https://www.10xgenomics.com/datasets/preservation-method-comparison-on-visium-cytassist-fixed-frozen-mouse-brain-sagittal-11-mm-capture-area-2-standard,mus_musculus,NCBITaxon:10090,visium,EFO:0010961,brain,UBERON:0000955,,unknown,,,,MmusDv:0000110,healthy,,,PATO:0000461,,PATO:0000461,unknown,,,,
,Visium Mouse Brain 34,Visium Mouse Brain 34,,https://www.10xgenomics.com/datasets/visium-cytassist-gene-expression-libraries-of-post-xenium-mouse-brain-ff-using-the-mouse-whole-transcriptome-probe-set-2-standard,mus_musculus,NCBITaxon:10090,visium,EFO:0010961,brain,UBERON:0000955,,unknown,,,,MmusDv:0000110,healthy,,,PATO:0000461,,PATO:0000461,unknown,,,,
,Visium Mouse Embryo 1,Visium Mouse Embryo 1,,https://www.10xgenomics.com/datasets/mouse-embryo-11-mm-capture-area-ffpe-2-standard,mus_musculus,NCBITaxon:10090,visium,EFO:0010961,development,,,unknown,,,,MmusDv:0000110,healthy,,,PATO:0000461,,PATO:0000461,unknown,,,,
,Visium Mouse Embryo 2,Visium Mouse Embryo 2,,https://www.10xgenomics.com/datasets/visium-cytassist-mouse-embryo-11-mm-capture-area-ffpe-2-standard,mus_musculus,NCBITaxon:10090,visium,EFO:0010961,development,,,unknown,,,,MmusDv:0000110,healthy,,,PATO:0000461,,PATO:0000461,unknown,,,,
,Visium Mouse Kidney 1,Visium Mouse Kidney 1,,https://www.10xgenomics.com/datasets/mouse-kidney-section-coronal-1-standard-1-0-0,mus_musculus,NCBITaxon:10090,visium,EFO:0010961,kidney,UBERON:0002113,,unknown,,,,MmusDv:0000110,healthy,,,PATO:0000461,,PATO:0000461,unknown,,,,
,Visium Mouse Kidney 2,Visium Mouse Kidney 2,,https://www.10xgenomics.com/datasets/mouse-kidney-section-coronal-1-standard-1-1-0,mus_musculus,NCBITaxon:10090,visium,EFO:0010961,kidney,UBERON:0002113,,unknown,,,,MmusDv:0000110,healthy,,,PATO:0000461,,PATO:0000461,unknown,,,,
,Visium Mouse Kidney 2,Visium Mouse Kidney 2,,https://www.10xgenomics.com/datasets/adult-mouse-kidney-ffpe-1-standard-1-3-0,mus_musculus,NCBITaxon:10090,visium,EFO:0010961,kidney,UBERON:0002113,,unknown,,,,MmusDv:0000110,healthy,,,PATO:0000461,,PATO:0000461,unknown,,,,
,Visium Mouse Tissue Microarray 1,Visium Mouse Tissue Microarray 1,,https://www.10xgenomics.com/datasets/mouse-tissue-microarray-in-3x3-layout-with-1-mm-edge-to-edge-spacing-ffpe-2-standard,mus_musculus,NCBITaxon:10090,visium,EFO:0010961,mixed,,,unknown,,,,MmusDv:0000110,healthy,,,PATO:0000461,,PATO:0000461,unknown,,,,
,Visium Mouse Tissue Microarray 2,Visium Mouse Tissue Microarray 2,,https://www.10xgenomics.com/datasets/mouse-tissue-microarray-in-5x5-layout-with-1-mm-edge-to-edge-spacing-ffpe-2-standard,mus_musculus,NCBITaxon:10090,visium,EFO:0010961,mixed,,,unknown,,,,MmusDv:0000110,healthy,,,PATO:0000461,,PATO:0000461,unknown,,,,
,Visium Mouse Tissue Microarray 3,Visium Mouse Tissue Microarray 3,,https://www.10xgenomics.com/datasets/mouse-tissue-microarray-in-3x3-layout-with-2-mm-edge-to-edge-spacing-ffpe-2-standard,mus_musculus,NCBITaxon:10090,visium,EFO:0010961,mixed,,,unknown,,,,MmusDv:0000110,healthy,,,PATO:0000461,,PATO:0000461,unknown,,,,
,Visium Human Heart 2,Visium Human Heart 2,,https://cellxgene.cziscience.com/collections/8191c283-0816-424b-9b61-c3e1d6258a77,homo_sapiens,NCBITaxon:9606,visium,EFO:0011057,heart,UBERON:0000948,,unknown,,,,HsapDv:0000258,myocardial infection,,,MONDO:0024643,,MONDO:0024643,unknown,,,,
,Visium Human Liver 2,Visium Human Liver 2,,https://cellxgene.cziscience.com/collections/0c8a364b-97b5-4cc8-a593-23c38c6f0ac5,homo_sapiens,NCBITaxon:9606,visium,EFO:0011058,liver,UBERON:0002107,,unknown,,,,HsapDv:0000258,primary sclerosing cholangitis,,,MONDO:0013433,,MONDO:0013433,unknown,,,,
,,,,,homo_sapiens,NCBITaxon:9606,visium,EFO:0011059,kidney,UBERON:0002113,,unknown,,,,HsapDv:0000258,unknown,,,unknown,,unknown,unknown,,,,
,,,,,mus_musculus,NCBITaxon:10090,slideseqv2,EFO:0030062,spleen,UBERON:0002106,,unknown,,,,MmusDv:0000110,healthy,,,PATO:0000461,,PATO:0000461,unknown,,,,
,,,,,homo_sapiens,NCBITaxon:9606,slideseqv2,EFO:0030062,kidney,UBERON:0002113,,unknown,,,,HsapDv:0000258,"healthy, disease",,,PATO:0000461,,PATO:0000461,unknown,,,,
,,,,,mus_musculus,NCBITaxon:10090,slideseqv2,EFO:0030062,kidney,UBERON:0002113,,unknown,,,,MmusDv:0000110,"healthy, disease",,,PATO:0000461,,PATO:0000461,unknown,,,,
,,,,,homo_sapiens,NCBITaxon:9606,slideseqv2,EFO:0030062,kidney,UBERON:0002113,,unknown,,,,HsapDv:0000258,unknown,,,unknown,,unknown,unknown,,,,
,,,,,homo_sapiens,NCBITaxon:9606,slideseqv2,EFO:0030062,mixed,,,unknown,,,,HsapDv:0000258,unknown,,,unknown,,unknown,unknown,,,,
,,,,https://cellxgene.cziscience.com/collections/d74b6979-efba-47cd-990a-9d80ccf29055,mus_musculus,NCBITaxon:10090,slideseqv2,EFO:0030062,development,,,unknown,,,,MmusDv:0000110,unknown,,,unknown,,unknown,unknown,,,,
,seqFISH Mouse Organogenesis,seqFISH Mouse Organogenesis,,https://crukci.shinyapps.io/SpatialMouseAtlas/,mus_musculus,NCBITaxon:10090,seqfish,EFO:0008991,development,,,unknown,,,,MmusDv:0000110,healthy,,,PATO:0000461,,PATO:0000461,unknown,,,,
,,,,,,,,,,,,,,,,,,,,,,,,,,,
,,,,,,,,,,,,,,,,,,,,,,,,,,,
,MERFISH Whole Brain Mouse Atlas,MERFISH Whole Brain Mouse Atlas,,"https://cellxgene.cziscience.com/
collections/0cca8620-8dee-45d0-aef5-23f032a5cf09; https://knowledge.brain-map.org/data/5C0201JSVE04WY6DMVC/ explore; https://alleninstitute.github.io/abc_atlas_access/descriptions/Zhuang-ABCA-1.html; https://alleninstitute.github.io/abc_atlas_access/descriptions/Zhuang-ABCA-2.html; https://alleninstitute.github.io/ abc_atlas_access/descriptions/Zhuang-ABCA-3.html; https://allenin- stitute.github.io/abc_atlas_access/descriptions/Zhuang-ABCA-4.html",mus_musculus,NCBITaxon:10090,merfish,EFO:0008992,brain,UBERON:0000955,,unknown,,,,MmusDv:0000110,healthy,,,PATO:0000461,,PATO:0000461,unknown,,,,
,MERFISH Mouse Primary Motor Cortex,MERFISH Mouse Primary Motor Cortex,,https://doi.brainimagelibrary.org/ https://doi.org/10.35077/g.21,mus_musculus,NCBITaxon:10090,merfish,EFO:0008992,brain,UBERON:0000955,,unknown,,,,MmusDv:0000110,healthy,,,PATO:0000461,,PATO:0000461,unknown,,,,
,,,,,mus_musculus,NCBITaxon:10090,merfish,EFO:0008992,retina,UBERON:0000966,,unknown,,,,MmusDv:0000110,healthy,,,PATO:0000461,,PATO:0000461,unknown,,,,
,MERFISH Mouse Aging Atlas,MERFISH Mouse Aging Atlas,,https://cellxgene.cziscience.com/collections/31937775-0602-4e52-a799-b6acdd2bac2e,mus_musculus,NCBITaxon:10090,merfish,EFO:0008992,brain,UBERON:0000955,,unknown,,,,MmusDv:0000110,healthy (aging),,,PATO:0000461,,PATO:0000461,unknown,,,,
,,MERFISH Mouse Brain Aging,2000,https://zenodo.org/records/13883177,,,,,,,,,,,,,,,,,,,,,,,
,,,,,mus_musculus,NCBITaxon:10090,merfish,EFO:0008992,brain,UBERON:0000955,,unknown,,,,MmusDv:0000110,injury,,,MONDO:0043510,,MONDO:0043510,unknown,,,,
,,,,https://vizgen.com/data-release-program/,homo_sapiens,NCBITaxon:9606,merfish,EFO:0008992,breast,UBERON:0000310,,unknown,,,,HsapDv:0000258,unknown,,,unknown,,unknown,unknown,,,,
,,,,https://vizgen.com/data-release-pr  ogram/,homo_sapiens,NCBITaxon:9606,merfish,EFO:0008992,colon,UBERON:0001155,,unknown,,,,HsapDv:0000258,unknown,,,unknown,,unknown,unknown,,,,
,,,,https://vizgen.com/data-release-pr  ogram/,homo_sapiens,NCBITaxon:9606,merfish,EFO:0008992,liver,UBERON:0002107,,unknown,,,,HsapDv:0000258,unknown,,,unknown,,unknown,unknown,,,,
,,,,https://vizgen.com/data-release-pr  ogram/,homo_sapiens,NCBITaxon:9606,merfish,EFO:0008992,lung,UBERON:0002048,,unknown,,,,HsapDv:0000258,unknown,,,unknown,,unknown,unknown,,,,
,,,,https://vizgen.com/data-release-program/,homo_sapiens,NCBITaxon:9606,merfish,EFO:0008992,ovary,UBERON:0000992,,unknown,,,,HsapDv:0000258,unknown,,,unknown,,unknown,unknown,,,,
,,,,https://vizgen.com/data-release-program/,homo_sapiens,NCBITaxon:9606,merfish,EFO:0008992,prostate,UBERON:0002367,,unknown,,,,HsapDv:0000258,unknown,,,unknown,,unknown,unknown,,,,
,,,,https://vizgen.com/data-release-program/,homo_sapiens,NCBITaxon:9606,merfish,EFO:0008992,skin,UBERON:0002097,,unknown,,,,HsapDv:0000258,unknown,,,unknown,,unknown,unknown,,,,
,,,,https://vizgen.com/data-release-program/,homo_sapiens,NCBITaxon:9606,merfish,EFO:0008992,uterus,UBERON:0000995,,unknown,,,,HsapDv:0000258,unknown,,,unknown,,unknown,unknown,,,,
,,,,,mus_musculus,NCBITaxon:10090,merfish,EFO:0008992,brain,UBERON:0000955,,unknown,,,,MmusDv:0000110,unknown,,,unknown,,unknown,unknown,,,,
,,,,,mus_musculus,NCBITaxon:10090,merfish,EFO:0008992,brain,UBERON:0000955,,unknown,,,,MmusDv:0000110,unknown,,,unknown,,unknown,unknown,,,,
,,,,,mus_musculus,NCBITaxon:10090,merfish,EFO:0008992,brain,UBERON:0000955,,unknown,,,,MmusDv:0000110,unknown,,,unknown,,unknown,unknown,,,,
,,,,,mus_musculus,NCBITaxon:10090,merfish,EFO:0008992,brain,UBERON:0000955,,unknown,,,,MmusDv:0000110,unknown,,,unknown,,unknown,unknown,,,,
,,,,https://vizgen.com/data-release-program/,mus_musculus,NCBITaxon:10090,merfish,EFO:0008992,brain,UBERON:0000955,,unknown,,,,MmusDv:0000110,unknown,,,unknown,,unknown,unknown,,,,
,,,,,mus_musculus,NCBITaxon:10090,merfish,EFO:0008992,brain,UBERON:0000955,,unknown,,,,MmusDv:0000110,unknown,,,unknown,,unknown,unknown,,,,
,,,,,mus_musculus,NCBITaxon:10090,merfish,EFO:0008992,brain,UBERON:0000955,,unknown,,,,MmusDv:0000110,unknown,,,unknown,,unknown,unknown,,,,
MERFISH_Human_Liver_ext,MERFISH Healthy & Fibrotic Human Liver,MERFISH Healthy & Fibrotic Human Liver,80,https://datadryad.org/stash/dataset/doi:10.5061/dryad.37pvmcvsg,homo_sapiens,,merfish,,liver,,,,,,,,,,,,,,,,,,
Xenium_Human_Colon_ext,Xenium Human Colon,Carlos Talavera Xenium data,1001,,homo_sapiens,,,,,,,,,,,,,,,,,,,,,,
Xenium_Human_Kidney_ext,Xenium Human Kidney,Daniyal Xenium data,1007,,homo_sapiens,,,,,,,,,,,,,,,,,,,,,,
,,Adam Boxall Xenium Whole Embryo Data,1008,,,,,,,,,,,,,,,,,,,,,,,,
,,,,,,,,,,,,,,,,,,,,,,,,,,,
,Visium HD Human Colon,Visium HD Human Colon,,https://www.10xgenomics.com/datasets/visium-hd-cytassist-gene-expression-libraries-of-human-crc,homo_sapiens,NCBITaxon:9606,visium_hd,EFO:0010961,colon,UBERON:0001155,,unknown,,,,HsapDv:0000258,cancer,,,MONDO:0021063,,MONDO:0021063,unknown,,,,
,Visium HD Human Lung,Visium HD Human Lung,,https://www.10xgenomics.com/datasets/visium-hd-cytassist-gene-expression-libraries-of-human-lung-cancer-if,homo_sapiens,NCBITaxon:9606,visium_hd,EFO:0010962,lung,UBERON:0002048,,unknown,,,,HsapDv:0000258,cancer,,,MONDO:0008903,,MONDO:0008903,unknown,,,,
,Visium HD Mouse Brain,Visium HD Mouse Brain,,https://www.10xgenomics.com/datasets/visium-hd-cytassist-gene-expression-libraries-of-mouse-brain-he,mus_musculus,NCBITaxon:10090,visium_hd,EFO:0010961,brain,UBERON:0000955,,unknown,,,,MmusDv:0000110,healthy,,,PATO:0000461,,PATO:0000461,unknown,,,,
,Visium HD Mouse Small Intestine,Visium HD Mouse Small Intestine,,https://www.10xgenomics.com/datasets/visium-hd-cytassist-gene-expression-libraries-of-mouse-intestine,mus_musculus,NCBITaxon:10090,visium_hd,EFO:0010961,small intestine,UBERON:0002108,,unknown,,,,MmusDv:0000110,healthy,,,PATO:0000461,,PATO:0000461,unknown,,,,
,Visium Mouse Brain 15,Visium Mouse Brain 15,,https://www.10xgenomics.com/datasets/multiomic-integration-neuroscience-application-note-visium-for-ffpe-plus-immunofluorescence-alzheimers-disease-mouse-model-brain-coronal-sections-from-one-hemisphere-over-a-time-course-1-standard,mus_musculus,NCBITaxon:10090,visium,EFO:0010961,brain,UBERON:0000955,,unknown,,,,MmusDv:0000110,alzheimers,,,MONDO:0004975,,MONDO:0004975,unknown,,,,
,Visium Human Brain 4,Visium Human Brain 4,,https://www.10xgenomics.com/datasets/human-glioblastoma-whole-transcriptome-analysis-1-standard-1-2-0,homo_sapiens,NCBITaxon:9606,visium,EFO:0010966,brain,UBERON:0000955,,unknown,,,,HsapDv:0000258,cancer,,,MONDO:0001657,,MONDO:0001657,unknown,,,,
,Visium Mouse Brain 17,Visium Mouse Brain 17,,https://www.10xgenomics.com/datasets/mouse-brain-section-coronal-1-standard,homo_sapiens,NCBITaxon:9606,visium,EFO:0010967,brain,UBERON:0000955,,unknown,,,,HsapDv:0000258,cancer,,,MONDO:0001657,,MONDO:0001657,unknown,,,,
,Visium Human Brain 5,Visium Human Brain 5,,https://www.10xgenomics.com/datasets/human-brain-cancer-11-mm-capture-area-ffpe-2-standard,homo_sapiens,NCBITaxon:9606,visium,EFO:0010968,brain,UBERON:0000955,,unknown,,,,HsapDv:0000258,cancer,,,MONDO:0001657,,MONDO:0001657,unknown,,,,
,Visium Human Brain 6,Visium Human Brain 6,,https://www.10xgenomics.com/datasets/gene-and-protein-expression-library-of-human-glioblastoma-cytassist-ffpe-2-standard,homo_sapiens,NCBITaxon:9606,visium,EFO:0010969,brain,UBERON:0000955,,unknown,,,,HsapDv:0000258,cancer,,,MONDO:0001657,,MONDO:0001657,unknown,,,,
,Visium Human Breast 6,Visium Human Breast 6,,https://www.10xgenomics.com/datasets/invasive-ductal-carcinoma-stained-with-fluorescent-cd-3-antibody-1-standard-1-2-0,homo_sapiens,NCBITaxon:9606,visium,EFO:0010970,breast,UBERON:0000310,,unknown,,,,HsapDv:0000258,cancer,,,MONDO:0007254,,MONDO:0007254,unknown,,,,
,Visium Human Breast 7,Visium Human Breast 7,,https://www.10xgenomics.com/datasets/human-breast-cancer-ductal-carcinoma-in-situ-invasive-carcinoma-ffpe-1-standard-1-3-0,homo_sapiens,NCBITaxon:9606,visium,EFO:0010971,breast,UBERON:0000310,,unknown,,,,HsapDv:0000258,cancer,,,MONDO:0007254,,MONDO:0007254,unknown,,,,
,Visium Human Breast 8,Visium Human Breast 8,,https://www.10xgenomics.com/datasets/human-breast-cancer-visium-fresh-frozen-whole-transcriptome-1-standard,homo_sapiens,NCBITaxon:9606,visium,EFO:0010972,breast,UBERON:0000310,,unknown,,,,HsapDv:0000258,cancer,,,MONDO:0007254,,MONDO:0007254,unknown,,,,
,Visium Human Breast 9,Visium Human Breast 9,,https://www.10xgenomics.com/datasets/fresh-frozen-visium-on-cytassist-human-breast-cancer-probe-based-whole-transcriptome-profiling-2-standard,homo_sapiens,NCBITaxon:9606,visium,EFO:0010973,breast,UBERON:0000310,,unknown,,,,HsapDv:0000258,cancer,,,MONDO:0007254,,MONDO:0007254,unknown,,,,
,Visium Human Breast 10,Visium Human Breast 10,,https://www.10xgenomics.com/datasets/gene-and-protein-expression-library-of-human-breast-cancer-cytassist-ffpe-2-standard,homo_sapiens,NCBITaxon:9606,visium,EFO:0010974,breast,UBERON:0000310,,unknown,,,,HsapDv:0000258,cancer,,,MONDO:0007254,,MONDO:0007254,unknown,,,,
,Visium Human Cervix 1,Visium Human Cervix 1,,https://www.10xgenomics.com/datasets/human-cervical-cancer-1-standard,homo_sapiens,NCBITaxon:9606,visium,EFO:0010975,cervix,UBERON:0000002,,unknown,,,,HsapDv:0000258,cancer,,,MONDO:0002974,,MONDO:0002974,unknown,,,,
,Visium Human Colon 1,Visium Human Colon 1,,https://www.10xgenomics.com/datasets/human-colorectal-cancer-whole-transcriptome-analysis-1-standard-1-2-0,homo_sapiens,NCBITaxon:9606,visium,EFO:0010976,colon,UBERON:0001155,,unknown,,,,HsapDv:0000258,cancer,,,MONDO:0021063,,MONDO:0021063,unknown,,,,
,Visium Human Colon 2,Visium Human Colon 2,,https://www.10xgenomics.com/datasets/human-colorectal-cancer-11-mm-capture-area-ffpe-2-standard,homo_sapiens,NCBITaxon:9606,visium,EFO:0010977,colon,UBERON:0001155,,unknown,,,,HsapDv:0000258,cancer,,,MONDO:0021063,,MONDO:0021063,unknown,,,,
,Visium Human Intestine 1,Visium Human Intestine 1,,https://www.10xgenomics.com/datasets/human-intestine-cancer-1-standard,homo_sapiens,NCBITaxon:9606,visium,EFO:0010978,intestine,UBERON:0000160,,unknown,,,,HsapDv:0000258,cancer,,,MONDO:0005814,,MONDO:0005814,unknown,,,,
,Visium Human Kidney 1,Visium Human Kidney 1,,https://cellxgene.cziscience.com/collections/f7cecffa-00b4-4560-a29a-8ad626b8ee08,homo_sapiens,NCBITaxon:9606,visium,EFO:0010979,kidney,UBERON:0002113,,unknown,,,,HsapDv:0000258,cancer,,,MONDO:0002367,,MONDO:0002367,unknown,,,,
,Visium Human Lung 2,Visium Human Lung 2,,https://www.10xgenomics.com/datasets/human-lung-cancer-ffpe-2-standard,homo_sapiens,NCBITaxon:9606,visium,EFO:0010980,lung,UBERON:0002048,,unknown,,,,HsapDv:0000258,cancer,,,MONDO:0008903,,MONDO:0008903,unknown,,,,
,Visium Human Ovary 1,Visium Human Ovary 1,,https://www.10xgenomics.com/datasets/human-ovarian-cancer-whole-transcriptome-analysis-stains-dapi-anti-pan-ck-anti-cd-45-1-standard-1-2-0,homo_sapiens,NCBITaxon:9606,visium,EFO:0010981,ovary,UBERON:0000992,,unknown,,,,HsapDv:0000258,cancer,,,MONDO:0008170,,MONDO:0008170,unknown,,,,
,Visium Human Ovary 2,Visium Human Ovary 2,,https://www.10xgenomics.com/datasets/human-ovarian-cancer-1-standard,homo_sapiens,NCBITaxon:9606,visium,EFO:0010982,ovary,UBERON:0000992,,unknown,,,,HsapDv:0000258,cancer,,,MONDO:0008170,,MONDO:0008170,unknown,,,,
,Visium Human Ovary 3,Visium Human Ovary 3,,https://www.10xgenomics.com/datasets/human-ovarian-cancer-11-mm-capture-area-ffpe-2-standard,homo_sapiens,NCBITaxon:9606,visium,EFO:0010983,ovary,UBERON:0000992,,unknown,,,,HsapDv:0000258,cancer,,,MONDO:0008170,,MONDO:0008170,unknown,,,,
,Visium Human Prostate 1,Visium Human Prostate 1,,https://www.10xgenomics.com/datasets/human-prostate-cancer-adenocarcinoma-with-invasive-carcinoma-ffpe-1-standard-1-3-0,homo_sapiens,NCBITaxon:9606,visium,EFO:0010984,prostate,UBERON:0002367,,unknown,,,,HsapDv:0000258,cancer,,,MONDO:0008315,,MONDO:0008315,unknown,,,,
,Visium Human Prostate 3,Visium Human Prostate 3,,https://www.10xgenomics.com/datasets/human-prostate-cancer-adjacent-normal-section-with-if-staining-ffpe-1-standard-1-3-0,homo_sapiens,NCBITaxon:9606,visium,EFO:0010985,prostate,UBERON:0002367,,unknown,,,,HsapDv:0000258,cancer,,,MONDO:0008315,,MONDO:0008315,unknown,,,,
,Visium Human Prostate 5,Visium Human Prostate 5,,https://www.10xgenomics.com/datasets/human-prostate-cancer-adjacent-normal-section-with-if-staining-ffpe-1-standard,homo_sapiens,NCBITaxon:9606,visium,EFO:0010986,prostate,UBERON:0002367,,unknown,,,,HsapDv:0000258,cancer,,,MONDO:0008315,,MONDO:0008315,unknown,,,,
,Visium Human Skin 1,Visium Human Skin 1,,https://www.10xgenomics.com/datasets/human-melanoma-if-stained-ffpe-2-standard,homo_sapiens,NCBITaxon:9606,visium,EFO:0010987,skin,UBERON:0002097,,unknown,,,,HsapDv:0000258,cancer,,,MONDO:0002898,,MONDO:0002898,unknown,,,,
,Visium Human Brain 1,Visium Human Brain 1,,https://www.10xgenomics.com/datasets/adult-human-brain-1-cerebral-cortex-unknown-orientation-stains-anti-gfap-anti-nfh-1-standard-1-1-0,homo_sapiens,NCBITaxon:9606,visium,EFO:0010988,brain,UBERON:0000955,,unknown,,,,HsapDv:0000258,healthy,,,PATO:0000461,,PATO:0000461,unknown,,,,
,Visium Human Brain 2,Visium Human Brain 2,,https://www.10xgenomics.com/datasets/adult-human-brain-2-cerebral-cortex-unknown-orientation-stains-anti-snap-25-anti-nfh-1-standard-1-1-0,homo_sapiens,NCBITaxon:9606,visium,EFO:0010989,brain,UBERON:0000955,,unknown,,,,HsapDv:0000258,healthy,,,PATO:0000461,,PATO:0000461,unknown,,,,
,Visium Human Brain 3,Visium Human Brain 3,,https://www.10xgenomics.com/datasets/human-cerebellum-whole-transcriptome-analysis-1-standard-1-2-0,homo_sapiens,NCBITaxon:9606,visium,EFO:0010990,brain,UBERON:0000955,,unknown,,,,HsapDv:0000258,healthy,,,PATO:0000461,,PATO:0000461,unknown,,,,
,Visium Human Brain 4,Visium Human Brain 4,,https://www.10xgenomics.com/datasets/human-cerebellum-targeted-neuroscience-panel-1-standard,homo_sapiens,NCBITaxon:9606,visium,EFO:0010991,brain,UBERON:0000955,,unknown,,,,HsapDv:0000258,healthy,,,PATO:0000461,,PATO:0000461,unknown,,,,
,Visium Human Breast 1,Visium Human Breast 1,,https://cellxgene.cziscience.com/collections/4195ab4c-20bd-4cd3-8b3d-65601277e731,homo_sapiens,NCBITaxon:9606,visium,EFO:0010992,breast,UBERON:0000310,,unknown,,,,HsapDv:0000258,healthy,,,PATO:0000461,,PATO:0000461,unknown,,,,
,Visium Human Breast 1,Visium Human Breast 1,,https://www.10xgenomics.com/datasets/human-breast-cancer-block-a-section-1-1-standard-1-0-0,homo_sapiens,NCBITaxon:9606,visium,EFO:0010993,breast,UBERON:0000310,,unknown,,,,HsapDv:0000258,healthy,,,PATO:0000461,,PATO:0000461,unknown,,,,
,Visium Human Breast 2 ,Visium Human Breast 2 ,,https://www.10xgenomics.com/datasets/human-breast-cancer-block-a-section-2-1-standard-1-0-0,homo_sapiens,NCBITaxon:9606,visium,EFO:0010994,breast,UBERON:0000310,,unknown,,,,HsapDv:0000258,healthy,,,PATO:0000461,,PATO:0000461,unknown,,,,
,Visium Human Breast 3,Visium Human Breast 3,,https://www.10xgenomics.com/datasets/human-breast-cancer-block-a-section-1-1-standard-1-1-0,homo_sapiens,NCBITaxon:9606,visium,EFO:0010995,breast,UBERON:0000310,,unknown,,,,HsapDv:0000258,healthy,,,PATO:0000461,,PATO:0000461,unknown,,,,
,Visium Human Breast 4,Visium Human Breast 4,,https://www.10xgenomics.com/datasets/human-breast-cancer-block-a-section-2-1-standard-1-1-0,homo_sapiens,NCBITaxon:9606,visium,EFO:0010996,breast,UBERON:0000310,,unknown,,,,HsapDv:0000258,healthy,,,PATO:0000461,,PATO:0000461,unknown,,,,
,Visium Human Breast 5,Visium Human Breast 5,,https://www.10xgenomics.com/datasets/human-breast-cancer-whole-transcriptome-analysis-1-standard-1-2-0,homo_sapiens,NCBITaxon:9606,visium,EFO:0010997,breast,UBERON:0000310,,unknown,,,,HsapDv:0000258,healthy,,,PATO:0000461,,PATO:0000461,unknown,,,,
,Visium Human Colon 1,Visium Human Colon 1,,https://cellxgene.cziscience.com/collections/60358420-6055-411d-ba4f-e8ac80682a2e,homo_sapiens,NCBITaxon:9606,visium,EFO:0010998,colon,UBERON:0001155,,unknown,,,,HsapDv:0000258,healthy,,,PATO:0000461,,PATO:0000461,unknown,,,,
,Visium Human Colon 3,Visium Human Colon 3,,https://www.10xgenomics.com/datasets/visium-cytassist-gene-expression-libraries-of-post-xenium-human-colon-cancer-ffpe-using-the-human-whole-transcriptome-probe-set-2-standard,homo_sapiens,NCBITaxon:9606,visium,EFO:0010999,colon,UBERON:0001155,,unknown,,,,HsapDv:0000258,healthy,,,PATO:0000461,,PATO:0000461,unknown,,,,
,Visium Human Heart Atlas,Visium Human Heart Atlas,,https://cellxgene.cziscience.com/collections/3116d060-0a8e-4767-99bb-e866badea1ed,homo_sapiens,NCBITaxon:9606,visium,EFO:0011000,heart,UBERON:0000948,,unknown,,,,HsapDv:0000258,healthy,,,PATO:0000461,,PATO:0000461,unknown,,,,
,Visium Human Heart 1,Visium Human Heart 1,,https://cellxgene.cziscience.com/collections/8191c283-0816-424b-9b61-c3e1d6258a77,homo_sapiens,NCBITaxon:9606,visium,EFO:0011001,heart,UBERON:0000948,,unknown,,,,HsapDv:0000258,healthy,,,PATO:0000461,,PATO:0000461,unknown,,,,
,Visium Human Heart 1,Visium Human Heart 1,,https://www.10xgenomics.com/datasets/human-heart-1-standard-1-0-0,homo_sapiens,NCBITaxon:9606,visium,EFO:0011002,heart,UBERON:0000948,,unknown,,,,HsapDv:0000258,healthy,,,PATO:0000461,,PATO:0000461,unknown,,,,
,Visium Human Heart 2,Visium Human Heart 2,,https://www.10xgenomics.com/datasets/human-heart-1-standard-1-1-0,homo_sapiens,NCBITaxon:9606,visium,EFO:0011003,heart,UBERON:0000948,,unknown,,,,HsapDv:0000258,healthy,,,PATO:0000461,,PATO:0000461,unknown,,,,
,Visium Human Kidney 2,Visium Human Kidney 2,,https://www.10xgenomics.com/datasets/human-kidney-11-mm-capture-area-ffpe-2-standard,homo_sapiens,NCBITaxon:9606,visium,EFO:0011004,kidney,UBERON:0002113,,unknown,,,,HsapDv:0000258,healthy,,,PATO:0000461,,PATO:0000461,unknown,,,,
,Visium Human Liver 1,Visium Human Liver 1,,https://cellxgene.cziscience.com/collections/0c8a364b-97b5-4cc8-a593-23c38c6f0ac5,homo_sapiens,NCBITaxon:9606,visium,EFO:0011005,liver,UBERON:0002107,,unknown,,,,HsapDv:0000258,healthy,,,PATO:0000461,,PATO:0000461,unknown,,,,
,Visium Human Lung 1,Visium Human Lung 1,,https://cellxgene.cziscience.com/collections/c1241244-b22d-483d-875b-75699efb9f3c,homo_sapiens,NCBITaxon:9606,visium,EFO:0011006,lung,UBERON:0002048,,unknown,,,,HsapDv:0000258,healthy,,,PATO:0000461,,PATO:0000461,unknown,,,,
,Visium Human Lung 3,Visium Human Lung 3,,https://www.10xgenomics.com/datasets/human-lung-cancer-11-mm-capture-area-ffpe-2-standard,homo_sapiens,NCBITaxon:9606,visium,EFO:0011007,lung,UBERON:0002048,,unknown,,,,HsapDv:0000258,healthy,,,PATO:0000461,,PATO:0000461,unknown,,,,
,Visium Human Lymph Node 1,Visium Human Lymph Node 1,,https://www.10xgenomics.com/datasets/human-lymph-node-1-standard-1-0-0,homo_sapiens,NCBITaxon:9606,visium,EFO:0011008,lymph node,UBERON:0000029,,unknown,,,,HsapDv:0000258,healthy,,,PATO:0000461,,PATO:0000461,unknown,,,,
,Visium Human Lymph Node 2,Visium Human Lymph Node 2,,https://www.10xgenomics.com/datasets/human-lymph-node-1-standard-1-1-0,homo_sapiens,NCBITaxon:9606,visium,EFO:0011009,lymph node,UBERON:0000029,,unknown,,,,HsapDv:0000258,healthy,,,PATO:0000461,,PATO:0000461,unknown,,,,
,Visium Human Placenta 1,Visium Human Placenta 1,,https://cellxgene.cziscience.com/collections/e2c257e7-6f79-487c-b81c-39451cd4ab3c,homo_sapiens,NCBITaxon:9606,visium,EFO:0011010,placenta,UBERON:0001987,,unknown,,,,HsapDv:0000258,healthy,,,PATO:0000461,,PATO:0000461,unknown,,,,
,Visium Human Prostate 2,Visium Human Prostate 2,,https://www.10xgenomics.com/datasets/normal-human-prostate-ffpe-1-standard-1-3-0,homo_sapiens,NCBITaxon:9606,visium,EFO:0011011,prostate,UBERON:0002367,,unknown,,,,HsapDv:0000258,healthy,,,PATO:0000461,,PATO:0000461,unknown,,,,
,Visium Human Prostate 4,Visium Human Prostate 4,,https://www.10xgenomics.com/datasets/human-prostate-cancer-acinar-cell-carcinoma-ffpe-1-standard,homo_sapiens,NCBITaxon:9606,visium,EFO:0011012,prostate,UBERON:0002367,,unknown,,,,HsapDv:0000258,healthy,,,PATO:0000461,,PATO:0000461,unknown,,,,
,Visium Human Skin 1,Visium Human Skin 1,,https://cellxgene.cziscience.com/collections/34f12de7-c5e5-4813-a136-832677f98ac8,homo_sapiens,NCBITaxon:9606,visium,EFO:0011013,skin,UBERON:0002097,,unknown,,,,HsapDv:0000258,healthy,,,PATO:0000461,,PATO:0000461,unknown,,,,
,Visium Human Spinal Cord 1,Visium Human Spinal Cord 1,,https://www.10xgenomics.com/datasets/human-spinal-cord-whole-transcriptome-analysis-stains-dapi-anti-snap-25-anti-gfap-anti-myelin-cn-pase-1-standard-1-2-0,homo_sapiens,NCBITaxon:9606,visium,EFO:0011014,spinal cord,UBERON:0002240,,unknown,,,,HsapDv:0000258,healthy,,,PATO:0000461,,PATO:0000461,unknown,,,,
,Visium Human Tonsil 1,Visium Human Tonsil 1,,https://www.10xgenomics.com/datasets/gene-protein-expression-library-of-human-tonsil-cytassist-ffpe-2-standard,homo_sapiens,NCBITaxon:9606,visium,EFO:0011015,tonsil,UBERON:0002372,,unknown,,,,HsapDv:0000258,healthy,,,PATO:0000461,,PATO:0000461,unknown,,,,
,Visium Human Tonsil 2,Visium Human Tonsil 2,,https://www.10xgenomics.com/datasets/visium-cytassist-gene-and-protein-expression-library-of-human-tonsil-with-add-on-antibodies-h-e-6-5-mm-ffpe-2-standard,homo_sapiens,NCBITaxon:9606,visium,EFO:0011016,tonsil,UBERON:0002372,,unknown,,,,HsapDv:0000258,healthy,,,PATO:0000461,,PATO:0000461,unknown,,,,
,Visium Mouse Brain 1,Visium Mouse Brain 1,,https://www.10xgenomics.com/datasets/mouse-brain-section-coronal-1-standard-1-0-0,mus_musculus,NCBITaxon:10090,visium,EFO:0010961,brain,UBERON:0000955,,unknown,,,,MmusDv:0000110,healthy,,,PATO:0000461,,PATO:0000461,unknown,,,,
,Visium Mouse Brain 2,Visium Mouse Brain 2,,https://www.10xgenomics.com/datasets/mouse-brain-serial-section-1-sagittal-anterior-1-standard-1-0-0,mus_musculus,NCBITaxon:10090,visium,EFO:0010961,brain,UBERON:0000955,,unknown,,,,MmusDv:0000110,healthy,,,PATO:0000461,,PATO:0000461,unknown,,,,
,Visium Mouse Brain 3,Visium Mouse Brain 3,,https://www.10xgenomics.com/datasets/mouse-brain-serial-section-1-sagittal-posterior-1-standard-1-0-0,mus_musculus,NCBITaxon:10090,visium,EFO:0010961,brain,UBERON:0000955,,unknown,,,,MmusDv:0000110,healthy,,,PATO:0000461,,PATO:0000461,unknown,,,,
,Visium Mouse Brain 4,Visium Mouse Brain 4,,https://www.10xgenomics.com/datasets/mouse-brain-serial-section-2-sagittal-anterior-1-standard-1-0-0,mus_musculus,NCBITaxon:10090,visium,EFO:0010961,brain,UBERON:0000955,,unknown,,,,MmusDv:0000110,healthy,,,PATO:0000461,,PATO:0000461,unknown,,,,
,Visium Mouse Brain 5,Visium Mouse Brain 5,,https://www.10xgenomics.com/datasets/mouse-brain-serial-section-2-sagittal-posterior-1-standard-1-0-0,mus_musculus,NCBITaxon:10090,visium,EFO:0010961,brain,UBERON:0000955,,unknown,,,,MmusDv:0000110,healthy,,,PATO:0000461,,PATO:0000461,unknown,,,,
,Visium Mouse Brain 6,Visium Mouse Brain 6,,https://www.10xgenomics.com/datasets/adult-mouse-brain-section-1-coronal-stains-dapi-anti-neu-n-1-standard-1-1-0,mus_musculus,NCBITaxon:10090,visium,EFO:0010961,brain,UBERON:0000955,,unknown,,,,MmusDv:0000110,healthy,,,PATO:0000461,,PATO:0000461,unknown,,,,
,Visium Mouse Brain 7,Visium Mouse Brain 7,,https://www.10xgenomics.com/datasets/adult-mouse-brain-section-2-coronal-stains-dapi-anti-gfap-anti-neu-n-1-standard-1-1-0,mus_musculus,NCBITaxon:10090,visium,EFO:0010961,brain,UBERON:0000955,,unknown,,,,MmusDv:0000110,healthy,,,PATO:0000461,,PATO:0000461,unknown,,,,
,Visium Mouse Brain 8,Visium Mouse Brain 8,,https://www.10xgenomics.com/datasets/mouse-brain-section-coronal-1-standard-1-1-0,mus_musculus,NCBITaxon:10090,visium,EFO:0010961,brain,UBERON:0000955,,unknown,,,,MmusDv:0000110,healthy,,,PATO:0000461,,PATO:0000461,unknown,,,,
,Visium Mouse Brain 9,Visium Mouse Brain 9,,https://www.10xgenomics.com/datasets/mouse-brain-serial-section-1-sagittal-anterior-1-standard-1-1-0,mus_musculus,NCBITaxon:10090,visium,EFO:0010961,brain,UBERON:0000955,,unknown,,,,MmusDv:0000110,healthy,,,PATO:0000461,,PATO:0000461,unknown,,,,
,Visium Mouse Brain 10,Visium Mouse Brain 10,,https://www.10xgenomics.com/datasets/mouse-brain-serial-section-1-sagittal-posterior-1-standard-1-1-0,mus_musculus,NCBITaxon:10090,visium,EFO:0010961,brain,UBERON:0000955,,unknown,,,,MmusDv:0000110,healthy,,,PATO:0000461,,PATO:0000461,unknown,,,,
,Visium Mouse Brain 11,Visium Mouse Brain 11,,https://www.10xgenomics.com/datasets/mouse-brain-serial-section-2-sagittal-posterior-1-standard-1-1-0,mus_musculus,NCBITaxon:10090,visium,EFO:0010961,brain,UBERON:0000955,,unknown,,,,MmusDv:0000110,healthy,,,PATO:0000461,,PATO:0000461,unknown,,,,
,Visium Mouse Brain 12,Visium Mouse Brain 12,,https://www.10xgenomics.com/datasets/mouse-brain-serial-section-2-sagittal-posterior-1-standard-1-1-0,mus_musculus,NCBITaxon:10090,visium,EFO:0010961,brain,UBERON:0000955,,unknown,,,,MmusDv:0000110,healthy,,,PATO:0000461,,PATO:0000461,unknown,,,,
,Visium Mouse Brain 13,Visium Mouse Brain 13,,https://www.10xgenomics.com/datasets/adult-mouse-brain-ffpe-1-standard-1-3-0,mus_musculus,NCBITaxon:10090,visium,EFO:0010961,brain,UBERON:0000955,,unknown,,,,MmusDv:0000110,healthy,,,PATO:0000461,,PATO:0000461,unknown,,,,
,Visium Mouse Brain 14,Visium Mouse Brain 14,,https://www.10xgenomics.com/datasets/adult-mouse-brain-if-stained-ffpe-1-standard-1-3-0,mus_musculus,NCBITaxon:10090,visium,EFO:0010961,brain,UBERON:0000955,,unknown,,,,MmusDv:0000110,healthy,,,PATO:0000461,,PATO:0000461,unknown,,,,
,Visium Mouse Brain 16,Visium Mouse Brain 16,,https://www.10xgenomics.com/datasets/adult-mouse-olfactory-bulb-1-standard,mus_musculus,NCBITaxon:10090,visium,EFO:0010961,brain,UBERON:0000955,,unknown,,,,MmusDv:0000110,healthy,,,PATO:0000461,,PATO:0000461,unknown,,,,
,Visium Mouse Brain 18,Visium Mouse Brain 18,,https://www.10xgenomics.com/datasets/mouse-brain-serial-section-2-sagittal-posterior-1-standard,mus_musculus,NCBITaxon:10090,visium,EFO:0010961,brain,UBERON:0000955,,unknown,,,,MmusDv:0000110,healthy,,,PATO:0000461,,PATO:0000461,unknown,,,,
,Visium Mouse Brain 19,Visium Mouse Brain 19,,https://www.10xgenomics.com/datasets/mouse-brain-serial-section-2-sagittal-anterior-1-standard,mus_musculus,NCBITaxon:10090,visium,EFO:0010961,brain,UBERON:0000955,,unknown,,,,MmusDv:0000110,healthy,,,PATO:0000461,,PATO:0000461,unknown,,,,
,Visium Mouse Brain 20,Visium Mouse Brain 20,,https://www.10xgenomics.com/datasets/adult-mouse-olfactory-bulb-1-standard-1,mus_musculus,NCBITaxon:10090,visium,EFO:0010961,brain,UBERON:0000955,,unknown,,,,MmusDv:0000110,healthy,,,PATO:0000461,,PATO:0000461,unknown,,,,
,Visium Mouse Brain 21,Visium Mouse Brain 21,,https://www.10xgenomics.com/datasets/mouse-brain-coronal-section-1-ffpe-2-standard,mus_musculus,NCBITaxon:10090,visium,EFO:0010961,brain,UBERON:0000955,,unknown,,,,MmusDv:0000110,healthy,,,PATO:0000461,,PATO:0000461,unknown,,,,
,Visium Mouse Brain 22,Visium Mouse Brain 22,,https://www.10xgenomics.com/datasets/mouse-brain-coronal-section-2-ffpe-2-standard,mus_musculus,NCBITaxon:10090,visium,EFO:0010961,brain,UBERON:0000955,,unknown,,,,MmusDv:0000110,healthy,,,PATO:0000461,,PATO:0000461,unknown,,,,
,Visium Mouse Brain 23,Visium Mouse Brain 23,,https://www.10xgenomics.com/datasets/aggregate-of-mouse-brain-sections-visium-fresh-frozen-whole-transcriptome-1-standard,mus_musculus,NCBITaxon:10090,visium,EFO:0010961,brain,UBERON:0000955,,unknown,,,,MmusDv:0000110,healthy,,,PATO:0000461,,PATO:0000461,unknown,,,,
,Visium Mouse Brain 24,Visium Mouse Brain 24,,https://www.10xgenomics.com/datasets/aggregate-of-mouse-brain-sections-cytassist-for-ffpe-2-standard,mus_musculus,NCBITaxon:10090,visium,EFO:0010961,brain,UBERON:0000955,,unknown,,,,MmusDv:0000110,healthy,,,PATO:0000461,,PATO:0000461,unknown,,,,
,Visium Mouse Brain 25,Visium Mouse Brain 25,,https://www.10xgenomics.com/datasets/adult-mouse-brain-coronal-section-visium-ff-1-standard,mus_musculus,NCBITaxon:10090,visium,EFO:0010961,brain,UBERON:0000955,,unknown,,,,MmusDv:0000110,healthy,,,PATO:0000461,,PATO:0000461,unknown,,,,
,Visium Mouse Brain 26,Visium Mouse Brain 26,,https://www.10xgenomics.com/datasets/fresh-frozen-visium-on-cytassist-mouse-brain-probe-based-whole-transcriptome-profiling-2-standard,mus_musculus,NCBITaxon:10090,visium,EFO:0010961,brain,UBERON:0000955,,unknown,,,,MmusDv:0000110,healthy,,,PATO:0000461,,PATO:0000461,unknown,,,,
,Visium Mouse Brain 27,Visium Mouse Brain 27,,https://www.10xgenomics.com/datasets/fixed-frozen-visium-on-cytassist-mouse-brain-probe-based-whole-transcriptome-profiling-2-standard,mus_musculus,NCBITaxon:10090,visium,EFO:0010961,brain,UBERON:0000955,,unknown,,,,MmusDv:0000110,healthy,,,PATO:0000461,,PATO:0000461,unknown,,,,
,Visium Mouse Brain 28,Visium Mouse Brain 28,,https://www.10xgenomics.com/datasets/fresh-frozen-visium-on-cytassist-mouse-brain-probe-based-whole-transcriptome-profiling-2-standard-1,mus_musculus,NCBITaxon:10090,visium,EFO:0010961,brain,UBERON:0000955,,unknown,,,,MmusDv:0000110,healthy,,,PATO:0000461,,PATO:0000461,unknown,,,,
,Visium Mouse Brain 29,Visium Mouse Brain 29,,https://www.10xgenomics.com/datasets/ffpe-visium-on-cytassist-mouse-brain-probe-based-whole-transcriptome-profiling-2-standard,mus_musculus,NCBITaxon:10090,visium,EFO:0010961,brain,UBERON:0000955,,unknown,,,,MmusDv:0000110,healthy,,,PATO:0000461,,PATO:0000461,unknown,,,,
,Visium Mouse Brain 30,Visium Mouse Brain 30,,https://www.10xgenomics.com/datasets/adult-mouse-brain-coronal-section-fresh-frozen-1-standard,mus_musculus,NCBITaxon:10090,visium,EFO:0010961,brain,UBERON:0000955,,unknown,,,,MmusDv:0000110,healthy,,,PATO:0000461,,PATO:0000461,unknown,,,,
,Visium Mouse Brain 31,Visium Mouse Brain 31,,https://www.10xgenomics.com/datasets/preservation-method-comparison-on-visium-cytassist-ffpe-mouse-brain-sagittal-11-mm-capture-area-2-standard,mus_musculus,NCBITaxon:10090,visium,EFO:0010961,brain,UBERON:0000955,,unknown,,,,MmusDv:0000110,healthy,,,PATO:0000461,,PATO:0000461,unknown,,,,
,Visium Mouse Brain 32,Visium Mouse Brain 32,,https://www.10xgenomics.com/datasets/preservation-method-comparison-on-visium-cytassist-fresh-frozen-mouse-brain-sagittal-11-mm-capture-area-2-standard,mus_musculus,NCBITaxon:10090,visium,EFO:0010961,brain,UBERON:0000955,,unknown,,,,MmusDv:0000110,healthy,,,PATO:0000461,,PATO:0000461,unknown,,,,
,Visium Mouse Brain 33,Visium Mouse Brain 33,,https://www.10xgenomics.com/datasets/preservation-method-comparison-on-visium-cytassist-fixed-frozen-mouse-brain-sagittal-11-mm-capture-area-2-standard,mus_musculus,NCBITaxon:10090,visium,EFO:0010961,brain,UBERON:0000955,,unknown,,,,MmusDv:0000110,healthy,,,PATO:0000461,,PATO:0000461,unknown,,,,
,Visium Mouse Brain 34,Visium Mouse Brain 34,,https://www.10xgenomics.com/datasets/visium-cytassist-gene-expression-libraries-of-post-xenium-mouse-brain-ff-using-the-mouse-whole-transcriptome-probe-set-2-standard,mus_musculus,NCBITaxon:10090,visium,EFO:0010961,brain,UBERON:0000955,,unknown,,,,MmusDv:0000110,healthy,,,PATO:0000461,,PATO:0000461,unknown,,,,
,Visium Mouse Embryo 1,Visium Mouse Embryo 1,,https://www.10xgenomics.com/datasets/mouse-embryo-11-mm-capture-area-ffpe-2-standard,mus_musculus,NCBITaxon:10090,visium,EFO:0010961,development,,,unknown,,,,MmusDv:0000110,healthy,,,PATO:0000461,,PATO:0000461,unknown,,,,
,Visium Mouse Embryo 2,Visium Mouse Embryo 2,,https://www.10xgenomics.com/datasets/visium-cytassist-mouse-embryo-11-mm-capture-area-ffpe-2-standard,mus_musculus,NCBITaxon:10090,visium,EFO:0010961,development,,,unknown,,,,MmusDv:0000110,healthy,,,PATO:0000461,,PATO:0000461,unknown,,,,
,Visium Mouse Kidney 1,Visium Mouse Kidney 1,,https://www.10xgenomics.com/datasets/mouse-kidney-section-coronal-1-standard-1-0-0,mus_musculus,NCBITaxon:10090,visium,EFO:0010961,kidney,UBERON:0002113,,unknown,,,,MmusDv:0000110,healthy,,,PATO:0000461,,PATO:0000461,unknown,,,,
,Visium Mouse Kidney 2,Visium Mouse Kidney 2,,https://www.10xgenomics.com/datasets/mouse-kidney-section-coronal-1-standard-1-1-0,mus_musculus,NCBITaxon:10090,visium,EFO:0010961,kidney,UBERON:0002113,,unknown,,,,MmusDv:0000110,healthy,,,PATO:0000461,,PATO:0000461,unknown,,,,
,Visium Mouse Kidney 2,Visium Mouse Kidney 2,,https://www.10xgenomics.com/datasets/adult-mouse-kidney-ffpe-1-standard-1-3-0,mus_musculus,NCBITaxon:10090,visium,EFO:0010961,kidney,UBERON:0002113,,unknown,,,,MmusDv:0000110,healthy,,,PATO:0000461,,PATO:0000461,unknown,,,,
,Visium Mouse Tissue Microarray 1,Visium Mouse Tissue Microarray 1,,https://www.10xgenomics.com/datasets/mouse-tissue-microarray-in-3x3-layout-with-1-mm-edge-to-edge-spacing-ffpe-2-standard,mus_musculus,NCBITaxon:10090,visium,EFO:0010961,mixed,,,unknown,,,,MmusDv:0000110,healthy,,,PATO:0000461,,PATO:0000461,unknown,,,,
,Visium Mouse Tissue Microarray 2,Visium Mouse Tissue Microarray 2,,https://www.10xgenomics.com/datasets/mouse-tissue-microarray-in-5x5-layout-with-1-mm-edge-to-edge-spacing-ffpe-2-standard,mus_musculus,NCBITaxon:10090,visium,EFO:0010961,mixed,,,unknown,,,,MmusDv:0000110,healthy,,,PATO:0000461,,PATO:0000461,unknown,,,,
,Visium Mouse Tissue Microarray 3,Visium Mouse Tissue Microarray 3,,https://www.10xgenomics.com/datasets/mouse-tissue-microarray-in-3x3-layout-with-2-mm-edge-to-edge-spacing-ffpe-2-standard,mus_musculus,NCBITaxon:10090,visium,EFO:0010961,mixed,,,unknown,,,,MmusDv:0000110,healthy,,,PATO:0000461,,PATO:0000461,unknown,,,,
,Visium Human Heart 2,Visium Human Heart 2,,https://cellxgene.cziscience.com/collections/8191c283-0816-424b-9b61-c3e1d6258a77,homo_sapiens,NCBITaxon:9606,visium,EFO:0011057,heart,UBERON:0000948,,unknown,,,,HsapDv:0000258,myocardial infection,,,MONDO:0024643,,MONDO:0024643,unknown,,,,
,Visium Human Liver 2,Visium Human Liver 2,,https://cellxgene.cziscience.com/collections/0c8a364b-97b5-4cc8-a593-23c38c6f0ac5,homo_sapiens,NCBITaxon:9606,visium,EFO:0011058,liver,UBERON:0002107,,unknown,,,,HsapDv:0000258,primary sclerosing cholangitis,,,MONDO:0013433,,MONDO:0013433,unknown,,,,
,,,,,homo_sapiens,NCBITaxon:9606,visium,EFO:0011059,kidney,UBERON:0002113,,unknown,,,,HsapDv:0000258,unknown,,,unknown,,unknown,unknown,,,,
